IMAGE #,SPEAKER 1,SPEAKER 2,SPEAKER 1,SPEAKER 2,SPEAKER 1
7451,Abantu mutanda bali mucikulwa basano  nabeminina elo umo  naikala  pa cipuna kabili umo pali aba mutanda mwanakashi ,"Ee cine walanda , umwanakashi naiminina kabili naikata icisoselo ku kuboko kwakwe ukwa kukulyo kabili aleimba",Bushe  naumona ukutila abaume batatu nafwala amajacketi aya  beka ayamakumbi makumbi nama shati yabuta mukati?,Nimbona nabakwata nama banjo ayo balelisha ilyo umwanakashi aleimba kabili baliteka ne mishishi ku mitwe yabo,Elo kabili kuli babili abaume abafwele  fye amashati yabuta kabili bena tabalelisha ama banjo lelo balelisha umo alelisha ingoma elyo umbi alelisha piyano
7452,Abantu cinelubali bali ku cifulo icilemoneka kwati cisonkano pa nshita yakasuba ,Bushe aba banaksahi beminine nabakwata ifyola ku minwe balecita nshi?,Balelolesha ifili pa ntanshi yabo ifi mu mumulu ifikwete amalangi ayapusana pusana ,Cipalile kwati na baume bekele pa cipuna ku kukulyo nabena baletamba ifili mu mumulu kabili nabaposako amano bonse ,"Cine, nimbona na bambi balelanshanyako fimo nabaleshitisha balemoneka kwati pali efyo balefwaya ukushita"
7453,Abanakashi babili nabeminina mu muputule wa mu nganda  babili kabili balemoneka na basansamuka sana,"Cine , maka maka uli ufwele ka siketi ka jinis naka shati kafitulukila ena nayasama naku kanwa  kabili aletota ","Cine , nimumona kabili naisala amenso elo uyu umbi uli kukuso ena namwentula fye kabili nafwala ilaya ","Namoneka ubusaka, nakwata ne cintu kukuboko kwa kukuso icafitta naucimona ?","Ee , nakwata kamela kabili cilemoneka alefwaya ukukopako bamo abali ku lubali lumbi muli uyu muputule"
7454,Umuntu naikala eka pa mulu wa lupili kabili napapa ne ichola mu numa yakwe ,Ndemona amenshi makasa mumbali ya ulupili  apekele uyu mwaume ,Elo naumona ukuti pakati ka ulu  lupili palifonka kabili tapali amenshi makasa pena?,"Nimbona , ni pa milandu wakuti ni pa cibansa apa apafonka kabili pali naka lindi ka menshi kukuso kwa cibansa ","Ala nshacipamona apa pali amenshi , cilemoneka ka mumana akanono akapangika te ka lindi iyo pantu amenshi nayafula ayalimo"
7455,Abaume basano nabafwala ifyakufwala ifyapalana ifyafita umwapita ilangi lyakashika,Nabafwala no tusote utwafita ku mutwe yabo kabili abali ku numa babili baleesha ukudonsa intambo,Ninshi aba babili baledonsela intambo bakakile kuli ci mashini ?,Tabalefwaya  ci mashini balekunkulusha cilesela bwangu pa mishili pakuti ci onaika ,Ci mashini  nacikwata amawilo yane elo pa kati pali icifuti icikalamba icafita kwati cakulwilako inkondo
7456,Imbwa yakashikila naiminina pa mabwe  ileikunta amenshi pa mubili ,Nga ninshi ileikuntila amenshi muli uyu musango?,Yafuma mu menshi elo cipalile kwati ni mumumana ifumine ,Ninshi walandila ati ni mumumana pantu ine ndemona kwati nimuchishiba ?,"Ni pa mulandu wa mabwe ayo ndemona panshi , aya mabwe teti yabe mumbali ya cishiba kuti yabafye mumbali ya mumana"
7457,Abantu basano nabekala mwi tenti lyabuta kabili  bonse balemwentula ,Abanakashi bali batatu elo nabekala pa ntanshi lyena  abali ku numa  baume babili  abekele ,Bushe naumona ati abanakashi bali kukulyo nabapalana nabali pakati afwele ifyafita?,"Nimbona, cilemoneka kwati ni abali kukulyo eba banyina elo abali pakati ebana  babo","cine,bonse capamo balemoneka kwati lupwa lumo fye pantu nabapalana bonse"
7458,Abaume basano nabeminina munshi ya icimuti mucitelelwe pa nshita ya kasuba,"Aba baume bali kukulyo no mulumendo uli kukuso balelolesha ifili pe tebulo , finshi filipo?",Pali utwakuteyelako icangalo capalana na dlafuti icakucimfyanya abantu babili,Emulandu wine balelolekesha no kutontonkanya sana pakutila bengateya bwino,"Ee, cine wasosa elo bambi abaume batatu bena tabaleteya baleishafye nabeminina"
7459,Abantu mutanda bali mwi shitolo ilikalamba kabili balecita ifyapusana pusana ,"cine, abanakashi bafwele akaputula bali no mwana wabo kabili pali efyo balebula mufuriji ","Nimbamona naine ,elo ku ntanshi yabo kuli abaleisa na tuloli iyo balefwaya ukubikamo ifyo balashita",elo kuli na bambi abakwete tuloli abeminine abafwele ifyafita nama silipa ku molu yabo,"Cine, bena tuloli yaba nababikamo ifintu, elo ku numa yabo kuli ifipepala ifyo balembelepo imitengo wa fyo baleshitisha"
7460,Umwanakashi na nina pali kabalwe umukalamba uo balembelepo ati wakushitisha  ,Alecita inshi pali uyu kabalwe anininepo uo balembelepo ati wakushitisha?,Aleensha kabalwe pakutila engabutusha ingombe ili pa ntanshi yakwe ,"Cine, elo nimbona bakabalwe na bambi kuli ici cifulo abalebutuka pa lubansa ","Ee, cilemoneka kwati balabomfya bakabalwe ukusesha ingombe pakutila shingaya uko shifwile ukuba"
7461,Imbwa shibili shilebutuka pa lubansa kabili nabashifimba na ma masiki pa kanwa,"Nga ninshi bashifimbile muli uyu musango pa kanwa , teti shipwilile?", Ni pa mulandu wakuti shileteya Icangalo ica lubilo ico babutusha imbwa elo teti shipwilile ,Mulandu nshi walandila ukuti teti shipwilile pantu ndemona kwati tashilepema bwino?,Pantu ama masiki nayakwata utupunda utwakupusha umwela pa ntashi na mumbali 
7462,Akamwana akakashana nakeminina pa cibumbili apa mena ifyani keka ,Kachilaenda ukufuma ku mpela ya cibumbili mumbali umushili ifyani kabili kachilaesha na maka ukukana pona panshi,"Cine, eco kachitile amaboko ifyo pakutila kaleenda mu nshila ya lungatana",Bushe naumona ico kakwete ku minwe icikwete icakukupikapo ica kashikilila?,Cilenoneka kwati ni kapu ya kunwinamo amenshi ayamalangi kabili ayalowa ayo bashitisha nelyo ukupanga pa nganda 
7463,Abaume abakalamba nabafwala ijakiti nama galashi kabili nabekata pa mona ,Bushe mulandu nshi bekatile pa mona wabo muli uyu musango kwati tabalefwaya ukupema?,Baletesemuna kwati nabakwata icifine nangula pali ifibengile mu mona wabo ifyo bapemeneko mu nshila,"Cine walanda , limbi pali ifili mumwela ifilebakola, elo bali mupepi na motoka ilepita iye langi lyamutuntula  ",Elo iyi motoka isenda abantu pantu nabalembapo amashiwi ayalelangilila ukuti yakusendelamo abantu abalipila 
7464,Abantu batatu bali pa lunkoto  pa nshita yakasuba kabili b umo naikala elyo babili nabeminina  ,"Cine, uwikele panshi mwana umunono umwaume ulelilila umupila ukalamba uli no mwana umwinine","cine,umwana eminine natambika umupila pakutila umwana umunono uwikele apoke aleke ukulila ",Nga abo abeminine ku numa wa aba bana abafwele akaputula akakwata amalangi ayengi balecita nshi?,Nabeminina baletamba aba bana baleangala kabili cipalile kwati eba bawishi ba aba bana abaleangala elo balikwata ubupipi ubwingi kumolu
7465,Abaume abakalamba nabeminina panse baleipika fimo pali pani ikalamba ifilemoneka bwino,Nga nshi balecita neyi nsalu bekete kuminwe elo kabili yanshi iyi nsalu bakwete?,Insalu bakwete ni apuloni iyo kabili baibomfya pa kwipika pakutila ifyakulya tafisabukile ku fyalufwala ,"cine wasosa , elo balefwaya ukufwala kabili nabafwala ishati lya makumbi makumbi nabakwata ne nkoloko ",Ndemona ne linga ilyo bapenta ilangi lyamakumbi makumbi kabili kwaliba namaluba ayamena ayasuma
7466,Ibumba lyabantu nabalongana  pamo ku cibansa kabili bambi bali pakati ya cibansa bambi nabekala mumbali ya cibansa ,Aba abali pakati ka cibansa balecita nshi kabili mulandu nshi bafwalile amashati ya buta no tuputula twabutulukila?,"Nabeminina , bambi balelanshanya elyo bambi balefwaya ukukumbatana elyo bambi balepanta bola pa cibansa beka ",Kwati bacilateya umupila kabili elo bapwisha nangula elo balatendeka ukuteya umupila uwakucimfyana,Efyo ndemona naine ati balayamba ukuteya umupila pantu abantu nabekala balelolela ukuti batampeko
7467,Ibumba lya bantu bali kucifulo cimo pa nshita ya kasuba kabili balecita ifyapusana pusana ,Bushe umwanakashi no mwaume abafwele ifyabuta baleangala nangula balelwa?,Baleteya icangalo icakalati icaba kwati mulelwa ulubuli eco bekalile no kukumbatana muli uyu musango,"walungika,Ku numa yabo kuli na bantu abakalamba abekele panshi baletusha elo bambi nabeminina ","Ee, kulemoneka kwati nikucifulo uko abantu baya mukuleshesha icitendwe pantu kuli abantu abengi abaliko"
7468,Banakulu bantu nabafwala ikoti iyafita na jinisi ya makumbi makumbi ne shati ilyakashikila ,Naumona ati pali ifyo bakwete ku minwe ifyo bafumishe muchola icili pantanshi yabo ?,Nabakwata icintu icakupangilako iciunda ngamwapishapo akapala akamuti ,"Cine, balitemwa ukulisha ici cintu bakwete ku minwe pantu nabatekanya ilyo balelisha ico bakwete ","Elo nawishiba, aba banakashi bekele mushitesheni umo bananinina ishitima "
7469,Umwana umukashana ali ne mbwa iyabuta iyakwata amafufu ayengi ayatikama kabili beminine panse ,Baleangala bonse panse elo apo baleangalila pali imyotoka shibili imo yabakapokola elyo imbi ya pa nganda,"Cine, cipalile kwati aba fyashi ba mwana mwanakashi nibakapokola kabili ebensha iyi motoka",Ine nacilatontonkanya kwati limbi bakapokola nabatandala fye kabili ebeshile namotoka,Kuti caba nge fyo fine kabili uyu mwana umukashana nafwala insokoshi ishabuta tutu isho aleangala nashena panse
7470,Abaume abakalamba nabafwala ifyakufwala ifyakaba ifyatikama kabili nabafwala na nakasote namagalashi ,Aba baume balebasa icimpanshanya ca muntu ukubombfya cimashini icatwa sana ,Bushe balipanga ukubomfya icimuti ico batema nangula finshi alebomfya ukubasa icimpashanya ?,Alebomfya icimuti ico batema kabili balepanga bwino ici cimpanshanya nabaposako amano sana,Elo ici cimpashanya bakacibika pa nganda pa lunkoto pantu abengi apo batemwa ukubika 
7471,Umwana umwanakashi alebutuka ku lulamba wa bemba kabili kalikwata imishishi ishabutulukila ,"Ee, elo ukubutulukila kwa kaena kulemoneka kwati ya mutuntula pantu nayaka sana",Bushe naumona ati nafwala akaputula ne shati ili shakwata amaboko kabili nakatambalika amaboko ?,"Nimbona , alemomeka kwati natemwa sana ukuba ku lulamba lwa bemba nangula kulemoneka ukwatalala sana ","Cine, kwaliba na mabwe ayengi mu mbali ya bemba kabili aya mabwe yanono yanono kabili yalifita "
7472,umwana umwanakashi napapa sana pantu nayasama ku kanwa uku ninshi alelolesha pa kuboko kwakwe,Cishishi nshi icili pa kuboko kwakwe ukwa kukuso icilemwenda pa kuboko kwakwe?,cikonkote icakatapa katapa icikalamba nga nshi icakwata amolu mutanda ayasalangana ,"Cine,alemoneka kwati aletina ici cikonkote, bushe ulemonapo shani aletina nangula iyo?",Taletina iyo pantu ngana nacikunta nangula ukubutuka  pakutila  cipone panshi cileke ukumwenda pa mubili
7473,Abantu mutanda nabakolongana pamo kabili  mu muputule umo kabili ,Ni cinshi icili pe tebulo ico balelolesha kabili mulandu nshi umwanakashi emishe amaboko ?,Ici  cangalo bacilateya icakutantamika utu tumapulanga utunono kabili cilemoneka kwati uyu mwanakashi ewa cimfya ,"Efyo capala kwena,naumfwa bwino sana, abaletamba nabo balesambililako ifya kuteya ici cangalo ","Cine , bambi bapaposeleko amano iyo baletinika fye amalamya yabo apo bekele"
7474,Umwaume no mwanakashi aba buta inkanda nabeminina babili kabili balemwentula ilyo balekopa icikope,Umwaume aliteka imyenfu ishingi sana kabili alikwata imishishi ishingi ishafita ishatelela kabili alikwata no bupipi ku maboko,"Nimbona, ubupipi butali ubwalala elo bulemoneka pa mulandu wakuti napeta ishati ilyabuta  ku maboko","Cine,elo aba babili bafwele ifyakufwala fyakwata amalangi yamo yene kwati ifyo bafwala uko babomba bonse  ","Efyo cipalile kwena, pantu umwaume nafwala ishati lya buta tuutu ne capamulu icafita elo umwanakashi afwele ishati lya buta elo na siketi ya fita"
7475,Abanakashi abaina nabafwala icimpompo  icakashikila ne fyakumakasa ifyakwata amawilo ayakashikila ,Mulandu nshi bafwalile insapato ishafita  ishakwata amawilo ne cimpompo icakashikila  kumutwe?,Baleshelela mucikulwa umuli  abantu abaleshelela  na balebatamba ilyo baleshelela panshi apa kashikila,"Cine, naumona ifyo ifyafita ifyo bafwele pamakufi yabo , kabili ninshi bafifwalile pa makufi?",Fima padi fyapamakufi kabili bafifwalile pakuti beicena pa makufi nga bapona panshi ilyo baletelela  muli icichikulwa
7476,Abaume babili bali mucikulwa umufitile kabili nabakwata ifisoselo ku minwe yabo,Bushe balelanda nangula baleimba mufisoselo ifi bakwete ku minwe yabo ?,Baleimba elo kabili umwaume ali kukuso alesonta kwi ibumba lya bantu abalekutika ku lwimbo baleimba ,Waishiba shani ukuti kuli ibumba lya bantu pantu nshilemonapo abantu abalekutika ?,Ilingi line kulaba abantu abalekutika nga kuli abaleimba pa cisebele kwati ifi baleimba aba babili 
7477,Abanakashi babili nabakumbatana kabili kwati balekopwa icikope,Uli kukuso nakwata inembo ku kuboko kwa kukulyo mupepi necipeya cakwe,Naumona ati bonse babili balikwata imishishi ishitali ishafita kabili tabashikakile iyo shilelela pa fipeya?,Ee nabamoneka bwino kabili uli kukulyo nafwala ishati lyamakumbi makumbi ilishakwata amaboko,"Cine, uli kukuso ena nafwala ishati ilyafita kabili tamangile ibatani lyapamulu"
7478,Abantu batatu nabeminina pa bulalo mupepi na mabwato yabili kabili  abali pa ntanshi nabakwata ibuku kuminwe,Elo aba bali kunuma kukulyo nababika amaboko mumatumba ya mwi toloshi lyabo kabili nabafwala na kasote ,Bambi  abaume bali kukuso kunuma nabashintilisha kwi pulanga ilili pa bulalo betushako panono kabili bena tababikile amaboko mumatumba,"Bushe naumona ifili akatalamukila na pa bulalo apo beminine aba baume batatu,ni finshi?","Ni mpili ishitali ishaba  pa mumana , limbi eko balefwaya ukuya nama bwato yabo limbi palifye ifyo balelolela apa beminine "
7479,Umwaume alelwisha ukunina ulupili eka pa nshita yakasuba  kabili nafwala nakasote ,"Elo akasote afwele kakupikula fye ukubomfya kotoni , elo nakwata utwabuta kutukondo twakwe","Bushe twanshi utu abikile ku tukondo twakwe, kabili ninshi abikile ku tukondo tubili?",Ndemona kwati nakwata utulonda ku tukondo nangula atubikilekofye pakutila eicena pakunina ulupili,kwati limbi nakwata fye utulonda ku maboko yakwe pantu nga cakuti afwele pakutila eicena nga cibika ku kutukondo tonse
7480,Umwaume wa buta inkanda nafwala akaputula ka kashikila kabili ali mu menshi mucishiba,Nabika ukuboko kwa kukuso mu menshi kabili naimya amolu yakwe mumulu kwati alefwaya ukwelela mumwela,mumbali ya cishiba muli ifimuti ifyashunguluka ifitali ifyakwata amabula  ayengi ,"Cine , uyu muntu alemoneka aleipakisha ukuba mu menshi kumonafye  nefyo alemoneka pa menso","walungika , elo uyu mwaume mutali kumumwenafye ku molu yakwe pantu yalemomeka ayatali sana"
7481,Umulumendo wacaice naikala nalela ka pushi akafita pama tanta yakwe,Waishiba shani ukuti ni kapushi kali pa matanta yakwe pantu tapali ifilemoneka?,Ni pa mulandu wakuti nakwata akabotolo umuli umukaka ako alenwisha ka pushi akamwana ,"Namona, kanyina ka kwa pushi kuti kaba ako akali mukabokoshi kukulyo ",Ee Kuti kaba pantu kalemoneka akakulu pa kamwana eco kuti kaba elo futi limbi nakalwala eco kalefililwa ukonsha akamwana 
7482,Abanakashi  babili nabekala panshi balepenta amala yabo elo bali buta inkanda aba babili,Nga waishiba shani ukuti aba banakashi pantu tabalemoneka ifinso fyabo iyo maboko fye?,Ni co abanakashi ebapentafye amaboko yabo elo kabili abalepenta umunabo balemoneka ati banakashi ,"Cine,elo cilemoneka kwati encito babomba aba banakashi bafwele icabuta pantu balepenta busaka busaka ","Cine, balitemwa incito babomba aba banakashi kabili balomfwa bwino pantu balemoneka ati balemwentula "
7483,Imbwa shitatu nabashikakila kuco umwana ekelepo kabili shileenda pa menshi makasa na baume abamo ,Abaume ababene balemoneka abakalamba sana kabili nabafwala ifyakufwala ifyakashikila ne cisote ku mutwe ,"Cine bakalamba sana , imbwa ili pa ntanshi yalifita elyo ishili ku numa shalibutulukila shonse","Nishimona shonse shalikwta amafufu, nomba bushe imbwa ishi eshileensha aba babili pa menshi makasa?",Efyo cipalile mwandi pantu amakasa yabo tayanyatile pa menshi makasa lelo kwati banyantile paco umwana ekelepo
7484,Abantu nabekala mu cikulwa umo balila ifyakufwala nabekala ,Aba babili abafwele ifyafita nabekatana imwe elo umwaume nafwala indaminwe ku kuboko ,"Cine, bafwile balyupana aba babili ,bushe naumona ukuti bonse abekele muli ici cikulwa baleikala umwaume no mwanakashi capwa","Nimbona, kuti baba balyupana bonse fye nangula bamo elobaleishibana ","Cine, elo bambi balelanshanyako fimo elo bambi baleleya no kulanshanyako ilyo bali muli icikulwa "
7485,Abantu batatu bali pakati mwi linga elo kunse ye linga kuli abantu abeminine ,Bushe finshi balecita aba bantu batatu abali mwi linga  efilelenga abantu ukubatamba?,Umwanakashi naikala mu cintu icapala motoka elo no mwaume aleisala umo  umwanakashi ekele ,Ninshi balefwaya ukwesha nga yalabomba nangula tayabombe,Cine balefwaya abantu baletamba bakese shita ngabayamba ukushitisha iyi mashini
7486,"Abaume ikumi bali mukati ke linga , babili bali pali kabalwe elyo abashala bali pali kabalwe ",Abashili pali ba kabalalwe bali babili babili elo nabekata abo bali nabo pa numa yabo,Elo bonse nabakwata ifimbombo ku minwe ifyafita kabili balebutuka ,"Cine, elo kunse ye linga kuli ibumba lya bantu abekele baletamba abali mwi linga ",Cilemoneka balebasambilishako fimo abali mwi linga elo kabili ni pa kapokola 
7487,Abantu babili bali mwi linga elo ibumba lya bantu nabekala mumbali ye linga  baletamba abali mwi linga ,Bushe ninshi uyu mwaume alalile mwi linga kabili ninshi uyu umbi aleponena icamutwe?,Ni pa mulandu wakuti balelwa icangalo icalubuli elo uyu ulele panshi nabamuma sana ,"Cine, alemoneka kwati nafwa lelo tafwile pantu icangalo fye baleangala ","Ee,ca cine tekuti bepayane mu cangalo ica musango uyu pantu baleagalako fye"
7488,Abantu batatu balecofa incinga kabili baleensesha mumpanga mukashila akali pa kati ya fimuti ,"Cine, nabafwala ne fyakufwala ifyo bafwala ilyo baleteya icangalo icakucimfyana icakucofa incinga ","Ee, elo bonse nabafwala ne fisote ifyapala icimpompo na magalapushi ku minwe ayakubacingilia ilyo baleensha incinga",Cifwile tacili icayanguka ukwensha incinga mu mpanga pantu mwaliba sana amabwe ne fimuti ,"ca cine wasosa, eco umwaume uli pa ntanshi alemonekela ifi pamenso kwati amabwe ne fimuti filemucilinganya ilyo aleensha incinga"
7489,Abantu batatu nabeminina panse elo nabasalangana balelolelako fimo ,Naumona ifyo uli kukukulyo afwele ne fyo alecita?,Nimumona elo nafwala ishati ilyakashikila elo na kasote elo nakwata ne cipepala ku minwe yakwe ,"Cine, akatalamukila napo bali kuli ibumba lya bantu abalepita kabili balelola ukwapusana ",Bambi pali aba nabeminina elyo bambi baleenda kwati nabacelwa uko baleya 
7490,Ibumba lya bantu balepita pa musebo kabili balelola ukwapusana ,Bushe naumumona umwanakashi uli pa ntanshi ufwele ishati lyamakumbi makumbi ?,"Nimumona , nakwata akapulashitiki yabili ayamutuntula ku minwe elo kabili aleendesha",Nakwata akachola akabutulukila ako apapile pa cipeya icakukuso,Elo ali nabanakashi abali kunuma yakwe abafwele itoloshi ilyabutulukila abalelolesha kukulyo
7491,Umwana umwaume nanina pa cakushelelapo icakwata amawilo,Nafwala icampepo  makumbi makumbi kabili aleshelela pa musebo,kulubali lyakukuso kwakwe kuli imyotoka shibili isho beminike panse ya cikulwa,Elo akatalamukila napali uyu mwana pali abaume abalepita balelola kumo,cilemoneka baleya ku nganda ayali ku kulyo kwabo ayakwata imitanto ishabuta 
7492,umukashana naiminina ku lulamba lwa bemba  elyo nakwata nakwata insalu ishingi ishalekana lekana ,Finshi alecita neshi nsalu ishalekana ku minwe yakwe ku lulamba lwa bemba ?,Alepitamo ukushitisha ku bantu abeshile ku lulamba lwa bemba mukulesha icitendwe,Kuli umuntu uwiminine ku numa yakwe ufwele ishati ilyabuta napapa nakachola munuma ,Elo kunuma ya uyu mwaume kuli utupuna utwingi uto babika pa lulamba lwa bemba 
7493,Abaume abakalamba nabekala pakati kamusebo kabili balikwata imishishi ishitali ishakwata imfwi,Bushe ulemona kwati finshi balecita apa bekele mupepi nakabokoshi umuli ifintu?,Ine ndemona kwati balelisha akalimba nangula baleimba pantu cilemoneka kwati kalimba akali mukabokoshi ,Ifyo  cipalile pantu abanakashi baleisa kunuma yabo balekutika kufyo balecita kabili balemoneka kwati balebapundilila ,"Cine, abo banakashi abafwele ishati lya katapa katapa bena balepitafye  tabaposeleko na mano kufilecitika ku numa yabo"
7494,Abantu mutanda bali mumuputule ukalamba balecita ifyalekana lekana ,Bambi balebomba pama kompyuta yabo elo bambi balelanshanyako fimo apo beminine ,Elo abali akatalamukila abafwele ijakiti ilya butulukila  nabeminina baletamba ifili pe tebulo,Bushe naumona ukutila abafwele ishati lyafita nabakwata amakompyuta yabili pe tebulo?,"Nimbona, bakwete iyikulu ne inono sana iyo basenda na muchola nga pali uko baleya "
7495,Ibumba lya bantu nabeminina mupepi no mumana kabili nabanyanta pa menshi makasa,Bonse nafwala ifyampepo ukufumishako fye umwanakashi uwiminine pakati,Elo bushe uyu mwanakashi alefula nangula alefwala ifyakufwala fyakwe?,Alefwala ishati pa mulu we ishati ilyafita ilyo afwele elo nafwala insapato ishafita ,Kukulyo kuli abantu abafuleme kabili pali ifyo balecita apa bafuleme 
7496,Abaume bane nabafwala ifyabuta pa mubili wabo onse bashikekofye pa menso wabo ,"Cine, nabafwala ama gulapushi aya makumbi makumbi aya pulashitiki ",Mulandu nshi bafwalile amagalafushi nefi fyabuta pa mubili  wabo?,Baleesha ukuicingilila kuma kemiko ayengaba muli uyu muputule ayenga kwata ukuleta ubusanso,Nimbona balebombelako pali fimo ekyo kuli na mashini ayapusana pusana muli uyu muputule
7497,Umwaume nafwala ifyakufwala ifyafita kabili alikwata inembo ku maboko yakwe,Nimbona nakwata banjo iyakwata ilangi lyamutuntula iyo alelisha  ninshi natekanya ,"Ee, elo pantanshi yakwe pali icisoselo cilemoneka kwati alatendeka ukwimba mu cisoselo ","walungika , ali mu cikulwa umo balisha inyimbo ishipanga sana ichongo ","Efyo cipalile,kunuma yakwe kuli ifilimba ifikalamba ifyafita ifyo balebomfya ukulishishako inyimbo"
7498,Bakabalwe basano  balebutuka mulubansa pa nshita ya kasuba ,Naumona ati pali abantu abanine pali ba kabalwe abalecimfyana mu cangalo ici?,"Nimbona, uninine pali kabalwe uli pa ntanshi alemoneka kwati alefwaya ukupona panshi ","Ee , naikatisha intambo pakutila epona panshi elo kabili tapali umuntu uninine pali kabalwe ali kukuso ku ntanshi ","Nshacimona ati tapali umuntu, afwile bapona pantu balebutukisha sana aba bakabalwe"
7499,Abanakashi abakalamba nabafwala akatambala ne laya kabili bali nakamukashana kafwele ishati lya  buta tutu ,Ninshi balecita pa menso ya uyu mwana wikele pa ntashi yabo ?,"Cine , elo uyu mwana alikwata imishishi ishafita ishitali nga nshi isha yemba ukumona","Ninshimona naine, elo abanakashi abakalamba nababika amagalashi pamutwe wabo ayo bacifwala","Ninjamona, elo ndemona abantu abekele kwati balelolela ukubapenta pa menso nabena "
7500,Imbwa yabuta tutu pa cifuba elyo no kubutulukila umubili onse naikala mumuputule wa mu nganda,Naikwata umushipi wa tushimbi mumukoshi kabili naifumya ululimi panse kwati nayumfwa insala ,"cine, elo ikele mupepi ne mbale ishabwa ishili ku kukuso ishakashikila mukati no kubutulukila ku nse ",Ndemona kwati bali mukuipela ifyakulya abaiteka pantu imbwa naipekanya ukutendeka ukulya,"walungika , pantu naiposako sana amano kufile citika ku ntanshi yaiko kwati kuli umuntu alebula ifyakulya "
7501,Abana babili abafwele ifyakufwala ifyapalana baleensha incinga ,Elo cila muntu nakwata incinga iyakwata amawilo yabili ku numa ,Elo baleensha incinga shabo umwaba ifibumbili fitatu ,"Nimbona ,kwati elo balesambilila ukwensha incinga pantu abaishiba ukucofa bensha ishakwata iwilo limo kunuma","Cine walanda, tabalaishiba sana ukwensha incinga elo baleensha panono"
7502,Abanakashi nabekala pa utupuna utwa mutuntula kabili ku numa yabo kuli icipampa ,Umo pali aba alebelenga elo uyu ulo kukuso aletinika kompyuta yakwe,"Elo futi, uli kukuso nafwala amagalashi elo nafwala ne cimpepo  icafitulukila ne toloshi","Bushe naumona imendela iyili pe tebulo iyakwata amalangi ,iya makumbi makumbi elo neya mutuntula ?",Ninjimona elo kabili bonse babili nabasoka sana amano kufyo balecita 
7503,Umwaume ufwela ifyakufwala fya makumbi makumbi ne capamulu icakashikila naikala panse,Nga mulandu nshi afukamine panshi nakotamika ne cinso?,Ni pa mulandu wakuti alepepa ku cifulo uko baya mukupepelako,Elo nauma ati alisunga imyenfu ishingi elo kabili nafwala ne citambala ku mutwe wakwe,"Nimbona, elo tafukeme pa maloba nangula pa mushili lelo nabanshikapo insalu "
7504,Umwaume aleenda mukashila kabili nafwala suti iyabutulukila ne cisote,Nafwala namagalashi no mushipi uwafita mumusana we tiloshi lyakwe,Alepita mumbali ya musebo mupepi ne myotoka ishitanteme mukulungatana," Cine na shitantama mukulungatana , elo nashiminina shonse tapali abaleensha nangu imo",Elo kumpela yakashila umulepita uy mwaume nakwikala abaume babili abalelanshanyako fimo 
7505,Abantu batatu nabeminina mu muputule  ukalamba kabili nabafwala ifyakufwala fya ama langi yamo yene ,Bafwele amashati ayafita elo nama toloshi ayabutulukila  elo umo pali aba mwaume,Bushe naumona ati umwanakashi uloleshe icanuma nakwata lamya ku kutwi?,"Elo naimona  iyabuta , alelandako nabamo pali lamya wake elyo natekanya ",Umwaume uli kukuso nafwalamo ishati mukati ye shati ilyafita elo umukashana uli kukulyo alelanshyanyako fimo no muntu umbi
7506,Abantu basano nabekala mu ndeke ili mumwela kabili balecita ifyalekana ilyo bakele mundeke,Nimbona bawishi nabalela umwana wabo umwanakashi kabili pali ifyo balemutotosha mu matwi yakwe,"Cine,aka mwana kalemoneka nakafulwa kwati takalefwaya ukumfwa ifyo balekeba ","cine, bambi abali ku kukulyo kwabo nabalala elo abakalile  kwi windo baletamba pa nse ye window",Walungika kabili abekele kukuso yaba wishi nabalala nabena kabili abafwele icabuta nabashintilila pa kubeya kwabo bekele nabo afwele icafita
7507,Umuntu nainina pa mutanto utali uwakashikila ,Bushe ninshi aninine pa mutanto ulwalepa uyu musango?,Alepimako fimo efyo alefwaya ukubombelapo pa cibumba pa mulu,"Ee, elo kabili ici cikulwa alebompelapo nacikwata insolokoto shibili ishikalamba ",Cine elo ifyo alepima fili mupepi ne nsolokoto shibili ishaisalika
7508,Abaume babili nabeminina mu muputule umo bondapila abantu ukupitila muku balepula no kubabila pa mubili,"Ee ,cine walanda apa bali baleesha ukusanga ubwafya uyu muntu alele apa akwete pakutila babombelepo",Nabafwala ne fyakuicingilila pa mubili elo napa menso yabo pakutila tabenga lenga umulwele akwata infekisheni ,"walungika, nauimona inyali ilesanika palu bali balebombelapo ulusanike sana?","Nimbona, ilebafwa ukumwenekesha ilyo balebombelapo pa mulwele "
7509,Ibumba lya bantu nabalongana pamo kucifulo kumo uko bekele ,Bekele pa nshi kwati pali fimo ifyo balelolela pa nshita yalucelo ,Elyo kukulyo kuli inyali iyakile mu cintu ica magalashi  elo pali umwanakashi ulepita,Elo akatalamukila napekele aba bantu kuli icikulwa icilemoneka kwati ni nganda  ,"Ninjimona naine,elo kabili ili mupepi no musebo elo ne fimuti ifitali sana "
7510,Abaume abakalamba nabeminina ku ntanshi ye bumba lya bantu balelondolako fimo,Bushe finshi balelondolola kuli ili ibumba lya bantu abekele ku kukulyo mumuputule?,Balelondolola ifili pali plojekita  pa cibumba kabili balesambilisha abana besukulu,Ku numa yabo kuli kula bokisi iya makumbi makumbi iyo basungilamo fimo,Elo pe tebulo lyabo pali kompuyuta na plojekita ifyo balebomfya ukufundilako 
7511,Abaume babili abakalamba nabafwala ama suti aya buta tutu na magalashi ayafita ,Elo nabeminina kabili nabemya amaboko yabo mumulu uli kukuso emishe ukwa kukulyo kabili uli kukulyo emishe uwa kukuso ,"cine, elo naumona ilfyomwaume ali  kukuso akwete ku minwe yakwe mulu combo ?","Nimbona, muli juci iyo alenwa  kabili naisula mulu combo elo umunankwe ena takwete ","Cine wasosa,elo beminine panse inshita ya bushiku ku numa yabo kuli icibi kabili nacisalika"
7512,Abanakashi babili nabekala munshi ya icimuti  kabili bali nakamwana akaputula ,Bushe naumona ukuti abanakashi bamo abaina bekele pa cimuti icalambalala panshi?,"Nimbona , aba bambi bekele pa nshi apo banshikile insalu pa nshi apo bekele",Elo balemoneka kwati bachiya mukutushako kabili bacisenda ifyakulya pantu ndemona fulasiki iya silfere pa cimuti ,"Cine, pali nakachola ako balongelemo ifyakulya ifyo bacisenda ati baleya mukulya kuli ici cifulo beleko"
7513,Bawishi no mwana nabafwala amashati yamakumbi makumbi kabili bonse balelolesha kukuso kwabo,Bawishi balemoneka aba dabwa elo umwana alemwenta sana naikata na bawishi pakuboko,"Cine , bena bawishi nabalela umwana elo nabamwikata pa lufummo lwakwe ",Bushe naumona umwana takwata imishishi mumutwe wakwe nangu shimo?,"Nimbona, shikakula nga ayamba ukukula nankwe elo musuma  uyu mwana umunono "
7514,Banakulu nabafwala ifyakufwala ifyamakumbi makumbi ne campepo icakashikila ,Elo nabasendako fimo ku kuboko kwabo ukwa kukuso icapala ibuku,Elo baleculuka umus ebo aba ba mayo elo balipofye beka takuli abantu abalepita,"cine,kulepitafye imyotoka ku numa yabo ishingi nga nshi","Ee, elo bena balemoneka kwati pali uko baleya elyo nabacelwa sana emulandu baleedesha "
7515,Umulumendo wacaice naikala kabili nakwata ne fyakulya ku kuboko kwa kukulyo,Nafwala ishati ilyamutuntula elyo ne toloshi ilyafita pa mubili wakwe,Bushe naumona ati tali eka kuli umunankwe ufwele jinisi yamakumbi makumbi ,"Elo namumona , alefwaisha ukwangala no munakwe nomba umunankwe alelya","Cine,elo umunakwe alelya ifyakulya ifyapala inkoko iyo bapomba mucipepala "
7516,Umwana umunono umwankashi aleenda pa musebo elo kabili nafwala ilaya ,Naisalako na menso ilyo aleenda elyo kabili aleenda kwati bakalamba ,"Nimumona , alemeka pa menso kwati bakalamba ","Cine, naikatako naku mishishi shakwe pa kwenda ","Akatalamukila napo ali, pali abanakashi abalepita beka kabili nabafwala siketi ya fita"
7517, Akakashana abalumendo bali mu muputule wa mu nganda  kabili nabakwata ifilubi ifingi sana  s,Bushe  naumona ukuti balebomfya ifilubi ukubutilako kwati bantu ,Akakashana nakeminina nakafwala itoloshi naka shati elo kalelolesha ku cibumba,Akalumendo kena nakekala kaleangasha utulibi utuli pe tebulo ,"Cine, balikwata na ubusanshi ubo balalikamo umwana umunono ubwa buta tutu"
7518,Ibumba ili nono lili ku cifulo cimo mupepi no mumana kabili balecita ifyalekana lekana ,Ninshi walandila ati ku cifulo ici cili mupepi no mumana pantu takulemonekapo amenshi?,Ni pa mulandu wakuti ku kulyo kumpela kuli ubwato ubukalamba nga nshi ,"Eya walungika,nshacilabumona ubu bwato , nacilama kwati lishitolo ilyo bapanga Ngo bwato","Awe, elo bamo kuli icicifulo balelanshanyako elo bambi baletamba aba baume  abaina abeminine mwi tenti"
7519,Imbwa shibili nashikala pa fyani shileangala sheka pa nshita ya kasuba,Iyili kukulyo yalibuta tutu elo iyili kukuso yalibuta pa mubili elo yafita ku mutwe waiko,"Cine , iyabuta naikwata akamupila aka mutuntula mu kanwa ako taleifwaya ukupela iyinankwe",Elo iyili kukuso naimya amolu mumuli elo nayasama ku kanwa kwati ilefwaya ukusuma iyi nankwe,Elo shonse shibili imbwa nashikwata amakola mu mukoshi shaiko
7520,Umwaume nafwala ishati lyamakumbi makumbi ne cisote icabutulukila ,Naikala kabili nashinta mu nshiku epo ekele pa cibumbili ,Nabika amolu yakwe mu fyani ifyalepa emo anyantile amolu yakwe ,Kabili apo ekele nabikapo isaka ilyabuta pakutila itoloshi lilamba,Nakwata ifilemusakamika sana emulandu ekalile nashinta na munshiku sana 
7521,Ibumba lyabantu nabalongana capamo mucikulwa kabili bambi nabekala elo bambi nabeminina ,Bushe finshi aba banakashi afwele amalaya ayafita  balecita ku ntanshi uko beminine?,Baleimba inyimbo isho balebelenga mu ma buku ayo bakwete ku minwe yabo,Abekele mwi bumba balekutikisha ifyo baleimba bwino inyimbo ,Elo kunuma ya aba banakashi kuli icipampa icilelangilila ukuti kuli icibi icakubomfya ukufuma epela
7522,Umwana umunono umulumendo ali ku lulamba lwa bemba eka elo afwele fye akaputula akafita ,Naiminina alelolela amabimbi ayaleisa kuli ena ayali pa menshi ,Alemoneka kwati alefwaya ukubutuka amabimbi ngayapalamina mupepi napo ali ,Akatalamukila no lulamba lwa bemba kuli ulupili ulukalamba ululemoneka kwati lwalifika mumakubi ,"Cine, efyo kulemoneka elo ni pa nshita ya cungulo elo mwana umulumendo ali kuli bemba"
7523,Umwana umulumendo naiminina pa menshi elo naposa ukulu kwakwe ukwa kukuso mumulu,Elo afwele akaputula ka jinisi naka shati akamakumbi makumbi ,Naumfwa bwino ukuba mu menshi elyo kabili  aleipakisha nga nshi ilyo aleyangala mu menshi ,Umumana wakaena wipi sana elo taulefika mumakufi ya uyu mwana ,"Cine , tawalepa sana kabili namenshi teyengi sana ayalimo"
7524,Ibumba lya bantu  bali mucikulwa kabili baleshana inyimbo ishilelila ,Abanakashi bali muli ici cikulwa bafwele insapato ishitali ilyo baleshana,Elo naumona ukuti abaume nabacepa ukucila abanakashi muli ici cikulwa ?,"Ee , nimbona , abanakashi bamo bafwele amalaya elo bambi bafwele  amatoloshi",Bonse fye uku baleipakisha sana ukushana kabili balitemwa ulwimbo ululelila 
7525,Abanakashi abakalamba abakwata imfwi ku mitwe yabo nabakaka icampepo mu musana wabo,Nabekata pulemu yamwana iyafitulukila kukuboko kwabo ukwakukulyo,Elo apabeminine baletamba imyotoka ishakwangasha abaice ishaikatana pamo umwakwangalila,"Cine, balemoneka kwati balelolela umwana abwele uko ele pakutila ese anine muli pulemu yakwe",Elo ici umuli imyotoka ca baice cilashinguluka ngabaninamo abana mu myotoka shilimo
7526,Abakashana babili nabalala panshi apo banshike insalu baleontela akasuba ,"Ee, naumona ifyo bafwele pa mubili wabo ilyo baleontela akasuba ?","Ee nimbona, nabafwala utuputula no twanka mabelele utwamalangi yamo yene",Nga ninshi baleontela akasuba ifi ukwabula ukufwala ?,Balefwaya ukuya mukusamba mumana nha bapwisha ukonta kasuba elyo kabili nabashinga ifyakuba cingilila ukupya naka suba
7527,Umwana umunono nafwala ilaya ilyabuta tutu kabili nakwata akamuseke akakwete amaluba ," Mulandu nshi kafwalile muli uyu musango , kuli icila uko kele nangula shani?",Ni pa mulandu wakuti nika nabwinga akanono kabili kele ku bwinga na bafyashi bakako ,Ku numa yakako kuli abantu abeminine mupepi no mwinshi abalelanshanyako fimo,"Cine, balelolelako bamo abantu ukwisa kuli icila ca bwinga ubuliko pali ubu bushiku "
7528,Ibumba lya bantu nabekala kunse ye linga ku cibansa baletamba abaleteya icangalo ,Bushe cangalo ca musango nshi baleteya aba bantu bali pa cibansa icikalamba ?,Baleteya icangalo icakupepeka umuntu ukwete umupila pakutila bengamupoka umupila no kumucimfya,kanshi balaba ku mbali shibili ilyo baleteya icangalo ici pantu nabafwala ifya malangi ayapusana ,"Cine , bambi bafwele ifyakashikila no tuputula utwa buta elo bambi bafwele utuputula  utwa makumbi makumbi na ma shati ya buta"
7529,Umwaume uwabuta inkanda nafwala ishati ilyabutulukila elyo ne cisote nama galashi ayafita pa menso ,Naikata isabi ilinono kukuboko kwakwe ukwa kukuso  ilyo afuma mukuloba mu menshi ,Bushe acilabomfya inshi ukulobelako isabi lyakwe pantu akwete fye isabi kukuboko kwakwe?,Achilabomfya indobo yakwe iyo abikile mumbali ya bwato anininemo ubwa buta tutu,Natemwa ukwikata ili isabi pantu alemwentula ilyo alelilolesha isabi ililemoneka ilya silfere
7530,Umwanakashi naiminina mupepi no mumana kabili alelolesha ku mumana nafwala amagalashi,Nafwala ne campepo elo nasenda naka chola kukuboko kwa kukuso akanono,"Ee , pali eko aleya nomba acimininako pakutila atusheko panono",Bushe naumona ati umumana ukalamba elyo kuli ne fikulwa mumbali yamumana?,"Nimbona , ulemoneka bwino sana elo pali notuma bimbi utunono pa mumana wakaena"
7531,Umulumendo wacaice nafwala kaputula iya mutuntula kabili nafwala akasote  alemoneka nabomba,Acingila mu menshi elo afumamo elo nakabili alefwaya ukubwelelamo nakabili emulandu wine atolokele," Cine, natolokela mu muulu sana kabili nayasama ku kanwa naikata nakumutwe wakwe",Akatalamukila napali uyu mulumendo kuli impili ishitali kabili shaba mumbali ya mumana,Muli ne fimuti mumbali ya mumana ifyamena kabili no mumana wine teukulu sana 
7532,Abana abaume babili nabeminina mucipi cipi kabili nabemya utukondo tubili mumulu,Elo aba bana balemwentula kwati balebakopa icikope ,Nabafwala ifyampepo bonse babili nakutalala sana kuli ici cifulo ,Elo balikwata imishishi ishafita ishatelela sana kabili balikwata amenso ayanono ,Balipalana aba bana kuti baba ni bamunyina abekala pa nganda imo
7533,Umulumendo nanina kukashimbi elo alemoneka kwati alefwaya ukupona ,Elo abantu bamushungulwike baletamba efyo alecita elo baleseka ifyo alecita ,"Cine, umwanakashi ali kunuma ya uyu mwaume nakwata ibotolo ku minwe kwakuso kwakwe","Ee , no mwaume uwikele mupepi nakwata ibotolo ku minwe nankwe ilyabwalwa",Kuli no mwanakashi ku kulyo udabwile sana ilyo aletamba ifyo uyu mwaume alecita  ku kashimbi
7534,Ibumba lya bantu abengi bali pa ncinga elo kabili nabafwala ifimpompo ku mitwe yabo,Elo naumona ati nabafwala ifyakufwala ifyapalana fipusene amalangi ,"nimbona , bambi bafwele ifyakufwala ifya fita , elo bambi  ifyamakumbi makumbi bambi ifyakashikila ","Ee,nabakwata namagalashi pa menso nabadindisha amanambala kumaboko elo naku matanta yabo","Ee, nabakwata amanambala ayapusana elo ici cangalo cakucimfyana ukwensha incinga ico bateya abantu "
7535,Imbwa iyabuta tutu namabala ya butulukila kumutwe na pamusana ,Iyi imbwa iletoloka pa cipuna apali amapilo yabili ayakalamba sana,"Cine, nayololoka sana ilyo iletoloka kabili ilemoneka iyitali sana u",Elo amapilo iletoloka imo yalibutulukila elo iyi imbi yalifitulukila ,"Eya, imyali yamuli uyu muputule tawakile sana mulemoneka umwafita panono "
7536,Abaume nabafwala akaputula kafita ne shati ilya shati lya makumbi makumbi ,Ninshi alecita pa apa eminine kabili ninshi ili mupepi ne ncinga ishi shibili?,Alepompa incinga yakwe elo mupepi ne  ncinga kuli motoka iyafita ilemoneka iyipya ,"Cine, naibeka sana elo kabili kukulyo yamwaume kuli motoka iyabuta iyiminine ","Ee, ili mupepi ne fimuti ifyakatapa katapa ifyamena mumbali ya musebo "
7537,Abaume abakalamba nabafwala ishati ne toloshi ilyamutuntula kabili nabakaka umushipi wafita mumusana,Balelungisha ko fimo pamulu wa mutenge wa nganda elyo kabili nabaposako amano  kufyo balecita ,Elo balifye beka ilyo balecita ifi elo ifi bafwele fyakufwala fyakubombelamo  incito shapala ifyo balecita,Ku lubali lwa kukuso kuli ne cikulwa na cimbi icalepa sana  kabili pali ne fimuti ifitali pa ntanshi yacikulwa ,Nakwata icapala pensulo mwitumba lyakukuso  kabili kuli na fimbi ifyo abikile mwi tumba lyakunuma yetoloshi
7538,Bawishi no mwana bali mumuputule uwa mu nganda kabili baleangala babili,Nomba kwangala kwa musango nshi ukwakuposa umwana mumulu teti apone panshi ?,Teti apone panshi uyu mwana pantu bawishi balamwanka nabateya amaboko yabo pakutila bamwanke,Umwana alemwentula taletina ukupona nacetekela ukutila ba wishi balamwanka.Bushe ulemonamo inshi mu nganda?,Muli icipuna ku kukulyo elo kukuso kuli fani ne luba lya fyani ifitali mukona ya muputule elo fani ili mupepi ne nsolokoto
7539,Abaume abakalamba  nabeminina beka mukashila kabili nababika ukuboko kwabo pa mpumi,Naumona ati nabafwala  icampepo icafituilukila elyo nakasote akafita kumutwe?,"Nimbona, kabili naiminina mupepi ne cimuti icikalamba sana cimbi cili mwi linga umo cilekulila","Cine wasosa , akatalamukila nepo bali pali amayanda ayapalana kabili ayatitinkana sana",Apa beminine balelolesha ku ntanshi yabo balefwaya ukumwenekesha ukobalelola 
7540,"Imbwa shibili , iyikalamba ne inono shileangala pa lunkoto ulwa katapa katapa ","Ee, imbwa ikalamba naiminina pa mulu ya inankwe kabili iyili pa ntanshi ilefwaya ukusunka iyi nankwe","Efyo cipalile, iyikalamba naikwata umushipi wa tushimbi kabili yalifitilila sana  ",Iyili pa nshi yena yalifitulukila kabili nayasama ku kanwa elyo shileangala ne nankwe,Iyafita nayo ilemoneka iyafuka nga nshi kwati tailefwaya ukwangala nelyo ukucena neyi nankwe
7541,Umwana umulumendo umunono naiminina mupepi ne cakocelakopo inama eka,Alepilibula ifyo baleoca ukubomfya icakupilibwilako ifyakulya  icikalamba  ,"Cine walanda , alemoneka alishiba ukupilibula ifi fyakulya ifilepya alicengela sana","Nimbona , taletina no kupya iyo pantu balimusambilisha ifyakucita ","Elo tafwele insapato iyo , alifye na makasa nanyanta pa lunkoto apali icakocelako inama"
7542,Umwana umulumendo nafwala amataki  ne ishati ilyasankanamo ilangi ilyabuta elo neyakashikila nelyafita ,Uyu mwana aletoloka ukufuma pa cibumbili icikwete amenshi mukati ayalesansilisha ukufuma pa mulu ,Cine alekopwa icikope emulandu wine aletolokela muli uyu musango mumulu,ku numa yakwe kuli akashimbi akakwata inyali iyo babikako pakutila palebuta ubushiku ,"Cine, abantu abengi balitemwa ukwikala pa cibumbili nga baisa kuli ici cifulo "
7543,Umwaume nakwata icicisoselo ku kuboko kwakwe ico apalamike kwi bumba lya bantu,"Cine, aleimba ulwimbo ulo alefwaya bonse abantu  balekutikako kabili baleimbako nabena",Nabomfwa bwino sana pantu bamo baleimyako amaboko mumulu ilyo baleimba inyimbo bonse ,Bushe naumona ati kuli abalemukopa ukubomfya amakamela yabo ayo bakwete ?,Ni mbonapo umukashana umo uli kukulyo ukwete kamela yakwe iya makumbi makumbi 
7544,Abana babili abakashana bali ku cibansa balelanshyanako fimo ,"Uli kukuso nafwala amagalashi , ne campepo icakaba elo alikwata ne mishishi ishafita ",Uli kukuso ena nafwala icampepo icafita icakashikipa elo alikwata imishishi isha bulondi,"Cine, elo bonse babili nabaka amapafu ku mutwe yabo elo  nabeminina ku cibansa pa nshita ya kasuba ",Elo beminine mupepi na cigole ico bengishamo umupila  ngabaleteya bola kabili kulemoneka abantu abaleteya umupila
7545,Ibumba lya bantu  bali panse kabili balemoneka abansansa sana  ,Bushe aba banakashi bali pa ntanshi umo ufwele ishati lyakashikila elo umbi ilyamutuntula  balecita ninshi?,Aba bakashana baleshana  elo balemwentula bonse nabatemwa nga nshi bonse aba bantu balongene pamo ,"Abali ku numa yabo baleendafye bena elyo kabili balemwentula , nabomfwa bwino sana ",Ibumba lyonse lilemomeka ilya nsansa elo kabili bonse balelola kumo kwine ukuli icila
7546,Umwaume umukalamba naiminina pa lupili eka kabili nafwala akaputula ne campepo icafita,Alelolesha ku ntanshi yakwe ukuli impili ishitali ishikwete ifyani ne fimuti ifingi nga nshi,Bushe naumona ifyo kulemoneka bwino uku kucifulo ali uko eminine?,"Nimbona , kusuma sana kabili kuti kwalenga waumfwa bwino namasakamika yapwako ","cine, emulandu wine uyu mwaume elile kuli ici cifulo pantu aleufwako umutima ukwikala nangula ukutalala"
7547,Abaume babili bali panse pa nshita ya cungulo bushiku ,Bushe naumona ati umo naiminina pa mulu elo umbi aleshelelela pa capacakushelelako ?,"Nimbona , naima pa mu mulu  neco aleshelelako icakwata amawilo kabili naimiya ukuboko kwakwe mumulu",Elo naumona ati ukuboko kwakulyo naikata ku  cakushelelako cakwe pakutila cipona panshi nga ,cine pantu kuti afilwa ukushelela bwino nga capona panshi kabili no mwine kuti aicena ngati aponye icakunyantapo
7548,Abanakashi abakalamba no mulumendo nabekala mumuputule ukalamba kabili baleteya icangalo,"Bushe talebasepafye uyu mulumendo ici cangalo baleteya, pantu bakote aleteya nabo elo limbi tabamwenekesha? ","Tabasepe iyo , pantu eulebalangisha ifya kuteya ici cangalo elo nateka umutima ilyo alebasambilisha  ","cine walanda ,napoosako amano kufyo balecita pakutila engabafwa ngabalufyana",Elo muli ici cikulwa basungilamo abantu abakalamba abafilwa ukuisakamana pa mulandu wakuti nabakota sana
7549,Ibumba lya bali pa chulu nabafwala ifyakubafwilishako ukusamba ifyakashikila,Bushe balatolokela mu menshi bonse kwati ni yu umwaume ali mu menshi?,"Ee, balatolokela mo pantu bamo pali aba beminine pa lupili balefwaya ukutolokela mu menshi  ",elo naumona ukutila bonse baice abali kuli ici cifulo kabili balemoneka kwati beshile ukusambilila ukusamba mu mumana?,"Cine baice , nomba abali mu menshi bakalamba pantu abaice teti baleya beka ukwamusango uyu kulafwaika kuli abakulu "
7550,Abantu bane nabeminina mupepi nama tebulo ayobatantikepo ifisabo ifyalekana lekana,Ninshi abaume abafwele ifyafita abeminine mupepi nabanakashi balecita apo beminine?,Balelonga ama apele mu kabokoshi ako bakwete cilemoneka baleshita fyonse ifyo balelonga,"cine, abanakashi bafwele ishati lyakashikila baleshita amapele nabena kabili nabakwata akachola akanono.",Abaleshitisha aya ama apele balelolesha abalesala ifisabo pakutila benga poka impiya ngabapwisha ukusala
7551,Abanakashi babili umo uwafita inkanda elo umbi uwafita inkanda bali mumuputule ,uwabuta inkanda naikala kabili nakwata amapepala pe tebulo elo nakwata na peni,ngo uyu mwanakashi  uwafita inkanda ena alecita nshi  pe tebulo naiminina?,Aleitululako fimo mu twapala ulukombo twamagashi  ututali  kwati balesambililako fimo ,"Cine, pali ifyo  balebelenga ifyobalefwaisha ukwishiba emulandu wine baleesheshako fimo"
7552,Umwanakashi nanina pa ncinga kabili naima ku ntanshi incinga yakayena ,"Ninshi acitile ifi incinga anininepo , bushe tapone panshi aicene?","Awe tapone , alishiba ifyakucita pakutila taponene panshi","Namoneka fye , elo umwanakashi nafwala ishati ilyafitulukila ne toloshi ilya jinisi ","Cine, elo ali mupepi ne cibumba icitali ico bapenta ilangi ilyafitulukila kabili mumbali mwalimena utumaluba "
7553,Umwana umunono Umwanakashi nafwala ifyakufwala ifya makumbi makumbi  ifyapala suti,Elo balimubeya imishishi shakwe shonse elo tabashamo nangu shimo pantu ali no lupala,"nimbona naine, elo naiminina fye eka mukashila mupepi nakalubi akabaswa ","Elo tali eka uyu mwana pantu kuli abekele kukulyo abo alinankwe , taumwene ukuboko kukulyo ?","Elo nakumona, umuntu wakaena ekele nafisama kumbali ya cibumbili kabili umwana uko acifuma ilyo talaiminina "
7554,"Imbwa shibili shilebutuka ulubilo pa fyani pa nshita ya kasuba , imo naitangila elo imbi naishalila ","cine, imo naibutulukila elo imbi naibuta tutu elo shonse nashasama kukanwa ",Bushe shilebutuka pa mulandu wakweba ati shileangala fye nangula shilebutukila kumo?,"Shileangala fye tashileyapo nangu kumo , shileumfwa fye bwino ukwangala pa lunkoto ","Cine, nashitemwa sana kumonafye efyo shilebutuka pa lunkoto ulwauma na kasuba "
7555,Umwana umunono Umwanakashi nafwala akalilaya akanono kabili alepita pa menshi ,Nga mulandu nshi uyu mwana alepitila pa menshi mucifulo cakuti apete pa musebo?,Epo acilafwaya ukupita fye pantu abaice balitemwa ukwangala sana mu menshi ayaikalila pa musebo ,"cine,nakafwala ne nsapato isha makumbi makumbi isha pulashitiki  kabili nakomfwa bwino ukucita ifi ",Nimbona kalelola ukushili amenshi capala kwati katendwa ukwangala mu menshi kalefwaya ukuya ku nganda
7556,Umwana umulumendo nasunsumana kabili nakwata akalishitima nakamotoka uto  aleyangasha ,Nga nipesa alepisha akalishitima kakwe akamakumbi makumbi ako akwete ku kuboko kwa kukuso?,Ninyanji iyakwangasha abaice iyabutulukila elo cipalile kwati talefwaya ukwangasha ,"cinshi walandila ifi, alemoneka ali no bulanda pamenso kwati nabamufulwisha kuli bamo","cine , elo nafwala ishati ilyasankanamo ilangi lyamakumbi makumbi elyo neya katapa katapa "
7557,Imbwa shitatu shilebutuka pa cibansa kabili nashifwala amashati aya malangi  ayapusana ,"Nimbona, imo naifwala ilya makumbi , imbi iya katapa katapa kabili yimbi ifwele iyamakumbi makumbi ",Bushe shileibutukila fye nangula pali umuntu uleshitungulula uko shilebutukila ?,"Awe , kuli umuntu uleshitungulula pantu kunuma kuli ukuboko kwa muntu uleshitungulula  ","Elo kuli no mutanto ukwete amalangi ayabili, ku lubali lumo kuli iyamakumbi makumbi elo kumbi kuli iyakashikila "
7558,Umwanakashi  uwabuta inkanda nafwala icampepo ica makumbi makumbi ne cisote icamakumbi makumbi,Nakwata no lukombo ulwamakumbi makumbi kabili alenwa ti nangula kofi iyakaba ,Ninshi walandila ati alenwa ti nangula kofi iyakaba pantu nshilemonapo icushi ukufuka mu lukombo?,"Ico nalandila ifi, ni co pa menso wakwe pa lemoneka kwati natekanya pa kunwa pakuti epya","Cine, elo naumfwa impepo kabili naikala mukali tenti ako bemike akafitulukila bali kucifulo ukwatala sana"
7559,Abaume abakalamba nabafwala ijackiti elo kabili nabekala pakapuna balecitako fimo,"Nimbona , balepala no kuteta amakalota pe tebulo kabili abantu nababa shingauluka kwi bumba lyabantu","Naumona ati balelondolwela abantu ifyo balecita ,elo abantu nabaposako amano kufyo balecita ?","Nimbona , cilemoneka kwati baleshitisha utusolobelo utwakubomfya ukupalilako amakalota  emulandu wine balelondolwela ","cine, kabili abantu nabaposako amano bambi balashita ifisolobelo ifyo baleshitisha aba baume abakalamba"
7560,Ibwa shitatu shili pa cibansa icikalamba kabili nashibungana pamo ,Ni yisa imbwa ilemonekapo ikalamba sana pali shonse shitatu ishilongene pamo?,Iyakashikila aile monekapo iyikulu kabili imo yalifita elo imbi yalibuta namabala ya fita ,"Iyakashikila ilemoneka kwati naikalipa pa menso, naumona ifyo ilelolesha iya fita ?","Nimbona, cine wasosa elo shonse nashikwata imishipi mumukoshi shashiko"
7561,Umwaume umukalamba naiminina pa lunkoto apali amabula nafwala icampepo elo necisote ku mutwe ,Finshi alecita na cimashini ico apapile mu numa yakwe icilemoneka ukufina  sana?,"Alewamya pa lunkoto pakutila afumyepo amabula ayaponene palunkoto , cimashini ecilekolonganika aya mabula pamo","Cine, natekanya sana ilyo alewamya pantu talefwaya ibula nangu limo lishale kunuma ilyo alewamya",Nachimwangushishako incito ci mashini cakaena pantu ngacilabomfya icipyango elo nagachi kokola 
7562,Umwana umwanakashi naikala mupepi ne citanki icakwata amagalashi  ,Bushe mulandu nshi ekalile mupepi ne citanki icakwata amagalashi  eka?,Aletamba isabi ilili mu menshi uku ninshi alenwako fimo  ifili mulukombo ,Nomba taletina ukutila kutilyatobeka igalashi elo afwa nangula anwina ?,"Awe, igalashi lyalikosa sana eico teti litobeke , elo abantu bengi besa mukutamba ifinama ifyaba mu menshi "
7563,Umwana umwaume  umulumendo aletoloka pa twakunyantapo utwamutuntula ,"Twanshi utu utuli pa menshi, kabili ninshi alenyantilapo nangula ukutolokelapo?",Twakumwafwa ukweleela pa menshi ayali mucishiba elo kabili aleangala emulandu wine aletolokela ,"Namona,amenshi yalefuma mu mutupunda utuli mutwamutuntula utuli pa menshi",Ee elo amenshi yalemoneka ayabuta busaka busaka elo aya makumbi makumbi
7564,Umwaume nafwala  ishati ilyabuta ne toloshi lya jinisi  kabili ali ne mbwa ,Nimumona aleenda ne mbwa iyabutulukila iyakwata amafufu elo bushiku ubu balepitana ,Bushe naumona ati balimupepi ne ncinga ishikwete umo balonga ifiyapala ifibokoshi?,Nishimona incinga kabili ifibokoshi fyalikashikila kabili abene baishi ncinga bene beshitolo ilili ku kukuso,"Cine balashibomfya ukutwalilako abantu ifyo bashitisha muli ili shitolo, elyo nabashisha panse mukashila"
7565,Umwaume alepita mupepi ne cipampa icikalamba apali icinama icakwata ameno ayatwa ,Alepita mumbali ye linga ilyo bapanga ukubomfya amapulanga elo kabili icipampa caba pe linga ,Elo naumona ati ukulelola umwaume kuli icikulwa icapala shitolo ico bashitishamo ifisolobelo,nomba waishiba shani ati bashitishamo ifisolobelo muli ili shitolo ililemoneka ku ntanshi?,Nimbona icipampa icili pamulu wa cibumba ico balembapo ukutila balashitishamo ifisobele
7566,Abantu  mutanda baleculuka umusebo kabili balelola kulubali lumo lwine,Batatu pali aba bantu nabasenda amapulashitiki elyo bamo nabemya umwana kabili nabafwala ifyampepo,"Cine, nakutalala sana ku ncende babelele elo balepita mupepi napa banki umo abantu basungila ndalama ","Eya, ibelele kukuso kwabo , elo kabili kukulyo kwabo kuli ne myotoka ishingi nashiminina shilelolela inshita ikwane iyakupita","cine, elo pali ne milini ishabuta ishabuta isho abantu bapitapo nga baleculuka umusebo apalepita abantu"
7567,Umuntu ali pa menshi makasa eka alemoneka alenina ulupili ulwakwata amenshi makasa,"Elo alifye eka, taletina ukupona pali ulu lupili nangula ukufwa?",cilemoneka takwata umwenso elo alibelela ukunina ulupili eka  kabili alishiba ifyakucita pakutila epona panshi,Bushe nimpili shilya ishilemoneka panshi akatalamukila napo uyu mwaume aminine?,"Ee, nimpili ishakwata amenshi makasa  pa mulu elo nakasuba nakaya kaleingila kwati ni pa nshita ya cungulo "
7568,Umwaume napa ichola munuma yakwe kabili nafwala ne koti lyabutulukila ,Elo kabili nafwala ne toloshi lya jinisi ilya makumbi makumbi na majombo ayafita,"cine, nomba nikwisa aleya uyu mwaume pantu akashila nakapelela elo kuli amenshi ku ntanshi eko aleya ?",Cilemoneka kwati alefwaya fye ukufika apa pelele akashila epela pantu takwete ubwato ubwakupitila pa menshi ,"walungika, pali fye efo aleya mukucita pa mpela ya mumana alabweluluka nga acita ifyo akonkele"
7569,Umwanakashi naikala pa kompyuta  kabili nakwata tochi pampumi yakwe iyo alebomfya ukumwenako fimo ,"Cine, aleibomfya ukumwenekesha ifyo alebelenga pa cipepala ico akwete pa ntanshi yakwe pw tebulo ",Elo kabili naumona ifyo akwete pe tebulo ifyo asalangenye busali busali apo abikile kompyuta yakwe?,"Ninfimona , pali umuti na phone elyo na  kakyuleta ne cipepala icakwataa ifikope na kabotolo",Ndemona kwati pali  ifyebo ifyo alefwailikishako pa muti uli pe tebulo apo talayamba ukunwa nangula ukubomfya
7570,Umulumendo nanyata pa cakushelelelapo cakwe kabili ali mucikulwa icikwete cibumba ca makumbi makumbi,Uyu mwaume nafwala ishati ilyabuta tutu ne toloshi lyamakumbi makumbi ilya jinisi,"Ee, elo pa cibumba palemoneka icinshingwa cakwe ninshi aleshelela pa cakushelelapo cakwe","Cine, elo ali eka ilyo aleshelepa muli icikulwa kabili namufita mucikulwa ca kaena",Amanyali yabo tayakishe sana emulandu mulemoneka ifi umwafita 
7571,Abaume babili bali mumumana ukwete amabimbi ayakalamba ku numa yabo kabili nabatemwa ukowa,Nimbona umo pali aba ali mu menshi elo umbi nalala pa cakushelelapo icakashikila icileleela pa mumana ,"Ee, nimumona naine, elo nakwata nama galashi akapulashitiki ayo bafwala ngabalesamba mu menshi pa mumana nangula mucishiba ",Elo tayabikile pa menso awe  abikilefye pa mpumi alayafwala nga aingila mu menshi ilyo alatendeka ukowa ,Kunuma yabo kuli ne linga ilya neti ilyo babikako ilyo babika pakutila abantu belapulamo ilyo baleowa kuli iyi ncende yamumana kunse ye linga 
7572,Abaume abakalamba nabekala muli motoka beka kabili nabafwala amagalashi ayo babomfya ukumwenako,"Ee, cilemoneka tabamwenekesha sana emulandu bafwalile  aya magalashi kabili baleensha motoka bekelemo ",Bushe balefwaya ukwiminika  motoka baleensha nangula balepita fye mumusebo waba mupepi ne linga lya mapulanga?,Ndemona kwati balepita fye mumusebo pantu nabaposako amano ukulolekesha uko baleya  eco nalandila ifi ,"Namoma , limbi balefwaya ukusha inkalata mu kabokoshi akamakumbi amakumbi ako babikamo inkalata elo namotoka baleensha ilemoneka kwati iyo babomfya ukucitilako ifi"
7573,Abaume babili bali mucikulwa umwafita kabili uli kukuso aleimba ulwimbo ne mishipa nashima mumukoshi,"cine, nashima na ku mutwe wakwe elo alemoneka nabipa sana ilyo aleimba ulwimbo muli ici cikulwa ",Bushe naikata icisoselo nangula eminininefye ukwabula ukwikatako icisoselo ?,"Naikatako kuli cisoselo ilyo aleimba, elo naumona uli kukulyo ifyo alecita nankwe muli icicikulwa amenine?",Alelisha banjo iyo akobeke mumukoshi wakwe kabili nankwe aleimbako ulwimbo ulo balelisha kabili bonse balemoneka baleipakisha ukwimba 
7574,Umwana ufwele nafwala ifyakufwala ifyafita kabili nafwala icimpompo icikukulu ku mutwe,Naikala alemoneka kwati alefwaya ukupona apo ekele muli ka motoka akanono aka makumbi makumbi ,"Nimumona ,naikatilila alefwaya ukupona panshi, bushe muntu ulya uwikele ku ntanshi ya motoka ulemoneka kwati nakontama?",Ee muntu kabili uyu muntu euleensha motoka ya makumbi makumbi elo nafwala ne cimpompo ku mutwe wakwe icafita,"cine, baleangala icangalo icakucimfyana icakwensha imyotoka  elo no yu mwaume uli kunuma alemoneka kwati aleenshako iyi motoka"
7575,Ba namayo babili nabekala panse apali imyotoka ishakwata amalangi ayakashikila sana ,Balemoneka kwati bali panse ye shitolo pa nshita yakasuba elo pali ifyo balefwaya ukucita,Ninshi walandila ati pali ifyo balefwaya ukucita tali beminine fye?,Cilemoneka balefwaya ukulengela ku numa ya motoka pantu naisuka ku numa ili kukuso,"ca cine, kwati pali ifyo balefwaya ukufumya ifintu ifilimo nangula ukulungishako fimo "
7576,shitata umo ifi ali panse mu nshita yakasuba,na fwala ifyakufwala elo nabikapo nacimbi ica ku cingilila kufiko elo pakutila eilamfya,na iminina mupepi na umulilo nalimo pali ifyo ale oca,"pali ishimbi isha pusana pusana isho cilepla ale oca, kabili limbi encito yakwe iyi ine",shitata uyu alemoneka umukuluko mu myaka elo icnto alecita iyi yintu yakosa saana
7577,kemba wa nyimbo ale imba inyimbo ku ntasnhi ya ncende imo,nakwata na cimo ico ale imbilamo elo naka sote akanono mumjtwe,kuli ici tunshi tunshi icikalamba apali amshiwi icakile kunuma yakwe,amaboko yabantu eyalemonekafye,paliko na ifya katapa katapa na ifya kashikila
7578,ifinama fibili file lwa,nafiboomba noku boomba kwati filelwa mukamana nangula ukuli amenshi,cimo nacikata icinankwe pacibeya cilefwaya ukusuma,kwena ifinama ifi filemoneka ifyakalipa saana filetinya noku tinya,ncende ifnama ifi filiko kuli na ifingaba ulupili ukwete ba bumbwe na ifimenwa
7579,imbwa shibili shile angala pafyani mukasuba.,Pali motoka Pali ne cinama icilemoneka nge ng'ombe iyaume iya kalipa.,pafyani epo shile angalila pali amabula yauma ayaponee ukufuma ku cimuti icili mupepei,babikile motoka apo babika nga mwafika kumo elyo baiminina pa cibi lubali.,"akatalamukila, kuli ilinga lya tushimbi namawaya elo kunuma yelinga kulemoneka iffimuti"
7580,abakashana bali mumbali yamusebo umwendela imyotoka,bali abakontama pa fisolobelo fyabo nalimo bale bomba incito.,ufwele ikoti lya butuluka ale sonta na ukuboko kwakukulyo nalimo pali ifyo ale langisha umunankwe,"shi tata uyo uli pakati, nafwala  inkoloko pa kuboko ukwa kukuso",bali mupepi nokwaba ama tuuka na icanji yafisama
7581,abana babili baleangala ku ncende ya kwangalilako.,balesekelela cilemoneka nabatemwa kabili baleipakisha akashita kasuma.,,bonse babili nabekata ku minyololo pakutila bepona ilyo baleangala pa mimpelwa.,panshi paliko utufyani utunono utwafumba elyo na mabula nalimo ayaponene ku fimuti Fili Pali iyi ncende.
7582,"banamayo babili bale butuka uk ncende imo ifi, nabafwala na ifyakufwala ifya pusana ifyakubutukilamo", umulumendo naiminina pa cakwangaliliamo pa menshi,umo nafwala ka kaputula aka katapaktapa elo na ishati lya buuta nama taki,ntambo shonse nashikakililwa ku bwato ubunono.,ku ncende kulemoneka nakamana akashingulukilwa nailinga lya konkil na utushimbi
7583,umwana umunono umwanakashi ali ku cende ukuli ulubansa,cilemoneka kwati bale toloka pacakutolokapo ilyo bale angala.,nafwala itoloshi lya makumbi makumbi na ishati lya muntuntula kabili na insapato isha buuta,abakashana abanono bomse babili bala imya ko nama boko ilyo baletoloka elyo na imishishi cile ululuka ku mwela.,kuliko na molu yabantu ayalemoneka kunuma yakwe
7584,Imbwa ile angala ubwangalo ubwakwikata umupila,kucifulo ukuli imbwa kuli na amenshi makasa. ,naikwata na umushipi uyo baibikile mumukoshi.,Ili mupepi nokusuma akamupila akanono,iyi imbwa naikwata amasako aya butulukila elo naya buuta kumucila
7585,abantu abengi bali pacimbaya mbaya icapa ncanci baleya  ku ncende isha pusana,"ale itila imbwa amenshi ayalefuma ku itumbo, elo imbwa ilenwa amenshi ayalefuma ku itumbo.",pali umwaume ulemoneka uwasakamana saana nafwala namagalashi ayakumwenako ,"imbwa naikwata na umushipi wafita mumukoshi, lelo kumbali ku kulyo ya imbwa kuli ifilimwa na mabwe.","ehe nincimona,aikumbata elo naikata napakanwa ngafilya abantu bekata nga unfwa fimo ifya basakamika"
7586,kateya umo uwa bwanagalo bwakuposa umupila wa buuta ale angala,"icola ico akobeke pa kubiye kwa ku kuso nacilepuka, cimbi icola naimya kukuboko kwa ku kulyo.",kateya ali na umwefu elo nafwala nakasote aka makumbi makumbi apali fimo ifya kashika,"sweta shitata afwele ili iyalamba, pamo na insapato isho afwele, nalimo balya abatabakwata inganda yakwikalamo. ",kulemoneka ili mu nshita ya kasuba 
7587,abaume bane na namayo umo bali mukati yafipalile nga inganda,"naba mwentula nalimo pali uyo uli kuntashi yabo ulekopa icikope cabo, ku ncende bali kuli na akamana.","bonse fye abaume nababika fimo mumjutwe, umo icitambala ca fita, umbi icisote ca butulukila elo umbi icisote ca katapa katapa",bonse abaume naba ipaka na ifyakufwala ifyo ifilingile ukufwlikwa paku nina ulupili.,"batatu abume balemoneka pali ifyo bale tamba, elo umbi ale pekanya fimo ifyakulya"
7588,banamayo babili abakwete imishishi sha palana nabekala patu shimbi uto ba imika pa mbali ya musebo,pa ntanshi yabo pali shitataumo uwikel nankwe paka shimbi aka ena na peteka naukulu,"na mayo uwakwambila, ale moneka uwaina pali bonse nafwala ifyakufwala fya buuta ukwambilafye ku nsapats  elo nafwala na amagalashi ya fita","uwankonkapo namayo ena afwele siketi iyipi, na ishati lya makumbi makumbi ",katwishi bwino bwino ku ncende bali  lelo kulemonekako nga pa ntanshi ya cikulwa ica nsolokoto
7589,abantu aba pusana pusana pali ku ncende ukuli umusebo nama tuuka,na ikata na icakukopelako ifikope nalimo alekopa ico ico alelolesha.,kuliko na umuntu ukle enda pa ntasnhi yabo ufwele kaputula na ishati lya buuta kabili naka sote,kuli abantu abapusana pusana uko ku ncende ali namayo,ku ncende iyi ku fikulwa ifya pusana bali byalikako na ifimenwa na amaluba
7590,umwana umulumendo ale anagala ku ncemde imo ifi,ishi imbwa shili ishapusana pusana ilyo  na umusango uyo uwapusana pusana.,"kwena tacishibikwe bwino bwino ico ale angalilapo, kuti cabafye ati umupaipi wa menshi naitulika",Imbwa shibili shileloleshanya elo imbi ilelolesha kumbi.,kwena ncende yonse kucifulo ici naiboomba
7591,shitata babili na namayo umo bale enda mukashila mu nshita yakasuba,imo na ipona panshi elo na yasama nalimo ilelila kubukali bwakupona.,paliko nashitata umo uwiminine alelolesha kunuma yakwe nalimo pali abamwitile nagla pali fimo ifyo ale lolesha,imbwa ilya iyi ponene panshi nayi fwala umushipi mumukoshi.,kuntasnhi kuliko imyotoka ishile pita kabili nashimo isho beminike ku kuso
7592,aba bomfi babili bali ku ncende ilemoneka nga factory eko ba bombela,kuntanshi uko baloleshe kuli namayo uyo uwiminine pa cisebele ca kulandila po,umo ale bombela ukuli icipoto icikalamba elo nafwala na ifyakufwala ifikulu ifi yafimulingile bwino saana,abana batatu pamo na bashitata abo abali pa cisebele naba fimbana ica ku icingilila ku mfula.,cilemoneka balapamgako ifyakulya ku ncemde iyi elo kuliko na ici pampa ici pa ntanshi apali ifilengwa fya tomato
7593,umushilika ali ku ncende imo ifi  nafwal na ifyakufwala bashilika bafwala,"mucibansa muli na maluba aya kashika na ya muntutula, mucibansa muli na ifimuti ifikalamba fitatu. ",nafwala na inkoloko pakuboko kwa kukulyo,"imbwa ili namasako ya kashikila, elo naya fita kumbali ya matwi yakwe",naposako saana amano kufyo ale cita
7594,umwana umwaume alepluka ku ntambo imo ifi,ishi imbwa nimbwa shafita kabili nashikwata namsako yafita,awe kwena talemoneka na umwenso ilyo ale peluka alemoneka na uwansansa,shitatu imbwa shili isha asama kunwa kabili na indimi shaiko shili panse,kuliko abantu abekel panshi nabale enda akatalmukila ka mwana uyu
7595,abana abanakshi batatu bali ku ncende ukuli imicanga,mumbali yakanwa ya uyu umwana pali ifi palile nga ifyakulya nangula ifyakunwa ifya kashika.,umbi afwele ilaya lya makumbi makumbi elo ewu sekelele nasana ukucila abankwe naimya namaboko,cipalile kwati uyu mwana ali mucende umo emo ba ikipila ifyakulya,akatalmukila kulemoneka bemba apali namabimbi elo na umuntu uwiminine pa micanga
7596,umulumendo umo ali pe tebulo lya buuta  pali fimo ifyo ale cita,ali ku ncende ukwaba ifimenwa ifingi elo ifyapusana pusana.,ni nshita yakasuba kabili na icinshingwa ca tebulo cilemoneka mupepi,shitata afwele ica mpepo ici kulu elo nacimufimba kumutwe kabili pacipuna ekele pali icola icakusendelamo ifintu,kuliko abantu abale pita ku ncende uku kwini ali
7597,abantu batatu bali pa ntanshi ya cifulo uko bashitisha ifyakulya,tafwele ishati kabili afwelefye kaputula wa buta namakanifa ya fita,"shitata nafwala nama galshi aykumwenako, elo nakwata na imishishi sha mwfi, naputika na imilomo shakwe",ali uwakakiwa na intambo pamo na ifyakulikilako intambo mumusana iyaku mucingilila ukupona.,kulemoneka bantu abekele pa cipuna ca konkili apatali
7598,umwaume ale anagala ubwangalo pali bemba,"uyu mwana afwele ishati yakashikila na iya mutuntula kabili ili namalembo, lelo nafwala na itoloshi lya buta",tafwele ishati afwelefye kaputula elo nakwata na imishi ishitali isha musfishi,"ali na imishishi ishipi elo na amenso ya bluu, kabili na amatobo ayakulu",paliko abambibi ayanono pa menshi ya bremba
7599,abantu batatu apali abume babili na umwanakshi umo nabekala panshi,"ku ncende ali kuli amalinga ayengi aya pusana mubukulu na ubunono, ayepi kabili nayatali",namayo afwele icsote ca buuta kaputula elo na nselengeti kabili naikata na ibotolo lya menshi,"afwele na insokoshi isha bluu na insapato isha buta, kabili naimya namaboko mumulu ilyo aletoloka",capala kwati bacil la neda elo banaka nomba baletusha eico na tambalala noku tambalala
7600,aba shilika batatu bale ipekanya ukuya ukuntu kumo ifi,na imya na imbeketi ya bluu nalimo pali ifyo aleya mukusenda,pali na umbi ule lengela kunuma yabo kukuso nalimo alefwaya ukumona nga kuli abantu,kuli abantu bambi abali mu ncende ali abo abeshile mukumona ululamba,beminine mumbali ya cikulwa ica fita ifi elo paliko na ica buuta kunuma yabo
7601,"ibumba lya bantu ilekopw ifikope, balipo abengi","balemoneka nga aka bungo ka bwangalo beta ati ""cricket"" nabekata a ifilubi",bekete ifilubi ifyo bapela nga wawinapo cimo,balemoneka kwati bali ku cibansa bateyelamo amangalo aya pusana pusana,beminine mumbali ya cikulwa ica fita ifi elo paliko na ica buuta kunuma yabo
7602,namayo ali kuncende yabuuta ifi ale enda naikata na lamya,"kunuma yakwe kuli abantu abengi abale cita ifya pusana pusana, bamo bali aba ikala elo bambi nabeminina","kuli bantu abeminine kunuma yakwe lelo, tabalemoneka bwin saana","nafwala ama skiyo ayatali elo nabika na ica kufumya imishishi pacinso mu mutwe, kabili afwele ishati iya kashikila ",kuli ici kulwa cimo ica buuta na ica butulukila icikwte nsolokoto ishingi
7603,umwaume aleteya ubwangalo bwa tenis,afwele ifyakufwala ifilingile ukufwalillwa paku teya ulubilo lwa ma honda,"nafwala ishati lya kashikila na kaputula ya buuta elo na icisote ca buuta, nakakosa ka buuta akansalu","uyu umuntu ali uwa bengelela mu mwela pamo na Honda yakwe, lelo naikatilila apakwikala na apa kupindululako.",kunuma yakwe kuli ilinga lya fita na ici pamapa nangula imendela
7604,ibumba ya bantu a bengi bali mucikulwa bambi nabekala bambi nabeminina,"naikwata amasako ya buta na ifibala ifya fita, kabili pali na ama bula ayabima pa fyani.",cilemoneka aba abantu tabkwete ukwakwila eico babatulika ku ncemde iyi,"imbwa naifwala na umu shipi wafita mumukoshi, elo intambo ya mushipi nawima mumulu nalimo pali ule ipindulula.",bambi nabashintilisha pafyola fyabo ukutila benga kwata ukwa shintilishapo umtwe iyo balele
7605,abantu babalili bali ku ncende yafita ifi nabekala,imbwa imo na itangila mulubilo  elo imbi naishalila kunuma ,umuliumendo nfawal ishati lya buuta elo nakwata imishishi ishipi,nashifwala na icintu icifimbike kukanwa nalimo ca ku chingilila ko  imbwa uku suma ishinankwe,pali itebulo apa ifipepela na pulastiko iya mintutunla
7606,umwana umwaume aleteya ubwangalo bwaku panata umupila namolu,imbwa naikata icakwangasha mukanwa ilyo ilebutuka.,ale teyala pa lubansa ulwa fumba ukwete icani icisuma saana,kuli aka linga akanono kabili aka ipi aka malata kumbali ya aka akamulonga,kunam yakwe kuli na ilinga lya ifimenwa ifyo fa sunga bwino
7607,imbwa shibil isha fita shile butuka ku ncende imo ifi,alelisha ng'oma na ifimuti ifyo ba kalisha ba ngoma ba bomfya ukulisha ngoma.,takuli nagu cimo icimenwq ica muntuntula icilemoneka kulifye maluba aya kashika apatali,kuli ifimuti ku ncende ali kabili na ilinga ya mapulanga kunuma yakwe,tafishibikwe nga ksaba nangula kacelo pantu akasuba takasanike
7608,abantu abengi bali kucifulo uko bepika,"afwele kaputula yafita umupitile amabula ya icuungwa na umuntuntula, kabili tafwele ishati nangula insapato.",pali banamyo aba fwele ifyakufwala fimo fine abale pala kwati bale langish abantu ifya kucita,naimya na amaboko ilyo aletolokela pa menshi yakamana.,pantu pali ifingi ifyo ba bomfya ukwipikilako ifyakulya beta ati keke
7609,umuntu ulemonekafye amolu na icifuba ali npanse ilyo ile loka infula,muli na ifipalile nga ibulangeti ya masako ya buta na pilo ya icuungwa.,cilemoneka uyu namyo ashitish amaluba mwi tenti iyo emininemo,umo umwana afwele ishati iya katapa katapa elo umbi afwele ishati ya makumbi makumbi umo umupitile ifilengwa fyanama,cilemoneka ku ncende uku ni maliket elo bala shitishako nafimbi mu matuuka
7610,imbwa iletoloka icakutolokapo ica bwangalo bwa kucinfyana,"ici icaku tolokelapo naba ci shila imilaini isha katapa katapa, ishakashika, isha umuntutula na isha makumbi makumbi.","iyi imbwa naikwata amasako ya buta kabili naya fita, muki na ifibala fya brown.",na imya amolu yonse mumu ilyo Iletoloka pacakutolokapo mu bwangalo bwa kucinfyany.,kuli abantu ku ncende ya kucinfyanya aba ikele pafipuna iylo bambi naba iminina
7611,abaana fine bale angala pa tumfukumfuku twa meshi utulefuma panshi,apo epo bale angalila pa tumfukumfuku twa meshi pa palile nga mu tauni nangula mu musumba,babili abaana bali aba sunsumana elo bambi nabeminina. ,"pabaana, pali abanakashi batatu na umwaume umo. uyu umwame afwelefye itoloshi, nayo iya fita.",aba abaana babili abeminine balemoneka nalimo baletoloka pa tumfukumfuku twa menshi
7612,imbwa iikulu kabili iya ina ile enda kulubali lwa lulamba,naifwala umushipi wafita mumukoshi waiko,imbwa iyi ikwete amasako ya butuluka,iyi imbwa ile moneka iya languluka pamenso,kulubali kwa lulamba kuli na utumenshi utunono
7613,"ba shitata fisano bali mukati ya cikulwa ca bwalwa, kabili bamo nabafwala elo bambi ama shati","bashitata babili bekele ku itebulo iya beka ile langa ifi pasho fyabo, kabili na ici pasho ca shitata uyo uwiminine mupepi yabo.","shitata umo uyo uwikele ku itebulo ya beka naikata igalashi ya bwalwa, kabili ali na umutwe walupala ",kunuma ya bashitata abekele kwi tebulo yabeka kuli ici tunshitunshi icikalamba apali ifikope.,kumulu ya mutenge ya cikulwa ca bwalwa kuli amalaiti ayalesanika mukat ya cikulwa ici
7614,umwanakshi na umukote namayo bali mumusebo,"afwele ishati ya buta apali icilengo na itoloshi  yakashika, lelo ifyakufwala afwele nafibomba.",umukote namayo nafwala ishati lya buuta elo abikapo na icampepo ica kashika,na imya amaboko mumulu kabili naisala na amenso ilyo ale angala nokubutuka pa tumfukumfuku.,kuliko imyotoka sha muntutuntuka ishilepita mumusebo
7615,shitata na umukashan bali mukati ya tuuka balemona ifyakufwala,"afwele ica mpepo ica kashika, itoloshi ya kaki nama taki, kabili alemoneka uwa temwa",kwena tapali ifinga tweba ati uyu mwanakashi aba eba wishi limbi shitata uyu eshilefye bukushita ifyakwe,naikata ifyakwikatilako icishelelemuko nalimo ale ipekanya uku shelelela,paliko namaboko ya muntu umbi uwingaba umwanakshi limbi ewishile na shitata uyu
7616,umwana umulumendo aletolokela pa menshi kuca koowelako insamfi,imbwa ili ukupalile nga ulubansa lwa nganda,kwena ku ncende uku kusuma saana elo kulemoneka ukwabusaka saana futi,"kuli ilangi ya ifimenwa, lelo kuli iyo yine ilangi nakushintilishwa amapulanga na itebulo ",kuli namabi abali mucishiba ici ico umwan uyu alefwaya ukutolokoelamo
7617,abantu abengi apafulile abanakashi bali ku ncend eimo if,naitoloka mumulu nalimo yachila tolokela akamupila eko ikete mukanwa yaiko,pali umo ukwte imishishi ishabuuta elo nafwala naifyakufwala ifya buuta namaskiyo,"palubansa pali ntambo iya ku kanikila po ifyakufwala, pa ntambo ba baanikapo utusalu twa makumbi makumbi ",pali umukashan ule pala kwati pali fimo ifyo alefwaya muli pulastiki eyo ekete
7618,umukashana aleteya ubwangalo bwa tennis mu nshiuta yakasuba,"kulupili kuli amabwe, ifimenwa, ifyani, ifimuti na iloba ya buta",nafwala siketi yakatapa kaapa iyipi saana elo na nselengeti lya kashuka,"ng'ombe naiponya na umutwe, kabili namasengo yaiko yalemoneka nalimo ilefways ukuuma imbwa.",ali kucibansa ukutakuli nagu umbi limbi ale teya na eka ubwangalo ubu
7619,imbwa iya buta namabala aya fita naiminina mumulu.,iloleshe ku kuso uku lefumina akamupila akanono aka katapa katapa,"ili ku ncende ukwa fyani, kabili kuli na ifimuti fibili ku ncende ukokwine pamo na amapoto ya maluba ",kuli imyotoka ishikepita kumbali ukupelele ifyani  kabili kulibna icikulwa icikalamba,"ku mpela wa lubansa lwa fyani, kuli ilangi iyapangwa na ifimuti fya malata"
7620,"motoka ya muntuntula ili pafyani, kumbali uko motoka ili, kuli icilangi nbantu kunuma yaciko",iwindo  ya uyu motoka nawisuka kabili namutakanya ali namukati ya motoka.,namutakanya na ikata ibotolo ya cakunwa elo nafumya umutwe wakwe pe windo,itaila imo ya kunuma ya motoka ile funya ichushi nalimo ilepya,"namutakanya uli mu motoka alelolesha itaila ilefumya icushi, nalimo ali uwa sakamana"
7621,shitata umo umufyashi alemoneka na kolwa,bushe ninshi walandila ifi?,"nimbona amenso naya kashika elo naya shibatila, kwena nga takolelwe ninshi napepa ifyamba",nafwala icampepo ica fita na ishati ya buuta tamangile ama batani,ni nshita yamushiku kabili nakufita noku fita
7622,abantu aba pusana pusana bali ku ncende imo ifi,babili balashana a afwele ifisote ifitafimonwa monwa nalimo baleya ukuntu mukusefya,pali shitata uwa ina ule enda  na senda naka cola naicaku fimbana infula nga ileloka,kuliko na motoko ikalamba ile enda mumusebo elo lubali kuli icskuposelamo ifi soso ,paliko na shitata ufwele amagalashi yafita eko na banamayo abapusana pusana imyaka
7623,kuli ncende imo ukuli ubulalao ukalba apale pita na imyotoka,kuliko na ifikulwa ifilemoneka apatali,pa menshi paliko na akabwato umuli abantu babili abalemoneka nga shitata elo na namayo ,"namayo nakwata na imishishi ishi kulu icshikemoneka, lelo aba babili tablemoneka pa menso","katwishi nga kamana aka nangula bemba pantu amenshi kwena yengi, lelo bemba a eyeshadow saana ukuba amenshi aya"
7624,umwana ifwele ifyakufwala ifya kufwala fyamalangu ayengi naimina pali ifyo ale lengela,naikata kamo ifi aka kashika muminwe,"nakaka akantu kapene ilyaya eyo afwele, nakwata imishishi ishipi ishalingama bwino",iminwe sha kukulyo nashikashika nalimo paciba fimo ifya kashika ifyo acilaikata,katwishi ifyamu senda amano ifyo ale tamba pakalunda ka linga iyi iya mbao
7625,umwana umunono ali kumbali yamusebo naikata imendele ya calo America,"kwena takwete imishishi ishingi mumutwe, elo shintu sha buuta",nafwala nselengeti ya buuta apali imeendele nga iyi ekete,alemoneka kwati acila sunkanya imendele yakena,kunuma yakwe lubali na epo eminine pali amenshi ayale kunkuluka
7626,umukashana umuwaice nafwala ama galashi yakumwenako  elo alitula napakanwa,nafwala nsenlegeti ya buuta elo taifwele na bwino pantu akamukati kalemoneka,naikala pacipuna elo aletinika na lamya iya kashikila,alemoneka ifyo afwele kunshi finu ifipi pantu ama tanta yonse yalifye panse,icinshingwa cakwe cilemoneka pa cibumba na pacipuna ekele
7627,namayo umukoloci umukote saana naikala pa cimuti ica pona ica uma,"ale ceka isabi, lelo kwena isabi ilemoneka ikalamba elo nakwata na umulopa we sabi kumaboko","nafwala ama jombo yalamaba na icampepo icikwete ica kufimba kumutwe, nafimba nakumutwe",pali isabi naimbi iyo talati ukuputula iyo abikile panshi pali nafimo ifyo alebomfya ukuteta,katwishi efyo alelolesha lelo alemoneka aleposako saana amano kuli iffyo fine
7628,umwanakashi umo namayo naikala ku ncende ilemoneka nga ubulalo,pali inshimbi sihngi ukukwine,kuli na bemba ulemoneka apatali,namayo alemoneka uwalanguluka,nafwala ishati ya makumbi makumbi na itoloshi yaifyo fine
7629,ibuumba lya bantu bali panse bale tamba fimo,pali babili ablelwa umo tafwele noku fwala,"pali abantu bapusana pusana pali ibuumba iyi, pali banamyo, abana abafyashi na abalumendo",kuliko ituuka ili kunuma apali ishina iya kashika,panse bali pali ulukonto usuma uwa pangwa bwino uwa konkili
7630,abalashana babili bali panse nabakumbatana balesekelela ,"umwanakashi umo nakwata imishishi isha pombana elo ishitali, nafwala ishati lya buuta elo nalosha umubili kuli uwo alekumbata",uwo alekumbata afwele ishati lya kashikila elo nafwala na icosote kumutwe nalimo cilia ba fwala abemsha ncinga,"bonse babibili balelolesha kumtamshi yabo nalimo balekopwa ifikope,",kunuma yabo kuki na abantu abengi ayalemoneka aba kwete ncinga
7631,inumba lya bantu nabeminina panse mu nshita yakasuba munshi ya cimuti ,icimuti beminine mumshi kwena tacikwete namabula ayengi  lelo cipela icintelelwe icikulu kuli aba abantu ,"ku ncende bali kuli na bakapokola, babili bale bika na ntambo ya muntuntula ekeeba ati ibumba iyi taifwile ukuculapo pali iyi ntambo","pali imyotoka shibili imo naisuka na ifibi nalimo mwa fuma abantu, kwena tacishibikwe ifho abantu aba beshile mukucita",abengi abantu pali ibumba iyi nabikumbata elo balemoneka abasakamana nalimo pali fimo ificitike ifibi
7632,bashitata bali kucibansa ca katapa katapa ica fumba bwino,"kwena icibamsa ici cilemoneka bwino, elo nokulundapo ifimenwa ifili mupepi na ifuimuti fyonse filemoifya yemba", umo shiyata nafwala ifyakufwala ifyabutuluka mumimonekele na sunsumana alelosha ku ntanshi yakwe nalimo pi ifo alemona ,umo shitata katwishi nga fimshi alelwosha ukucita pantu na fulamo ukulu komo na amaboko yonsw yali panshi lelo naimya ukulu kumo mumulu ,"umbi ena eminine fye nafwala na ifya buuta na ifya kashika, na insapato ishikulu kabili naka sote"
7633,bakateya bamupila wa sompa baletaya ubwangalo ,balikucibansa cakuteyalamo amangalo elo icani nacikwata imishilwa sha buuta,bakateya bali fine naba fwala ifyakufwala fimo fine amashati ya kashika na utuputula twa makumbi makumbi ,umo ena afwele ifyakufwala fya muntuntula elo cipalile kwati ewukwete umupila elo abanankwe balefwaya ukumupoka,bakateya abalone nabakwta amatanta ayakulu aya ina
7634,shitata namayo umo uwa onda nabeminina kumbali yamusebo.,namayo nafwala icampempo ica mpapa ya fita elo na itoloshi iya makumbi makumbi ,shitata ena afwele icampempo icikwete amalangi yabiki elo nankwe itoloshi,"ni nshita ya busbiku kabili amalaiyi nayaka nokwaka ku ncende baliko, pali na motoka ilepita nayo nayaka ama laiti",pantanshi yabo lubali lwa musebo kuli icikulwa icikulu icikwete amawindo nalaiti nayaka
7635,shitata umo ifi naiminina,naitoloka pa cintu ica butuluka,nafwala ijaketi naka tambala kamumukoshi,ilemoneka yanakashi ukulingana namabele yali pamala,cipalile kwati pali fimo ifyo ale landa ifyo abeantu beshile mukumfwa
7636,aba bomfi ba shitata nabeminina pamulu ya ncemde imo fi,ncende balikk kwena ile pala ubulalo ulya baiminka pamu wamusebo pakuti abanti balepita umusebo bwino,nafwala ifyakufwala ifya kufwala ifya kashika  umupitile imishilwa ya silvele  namashiwipo,shitata uli kukulyo ale landa na umubiye nafwala nama galashi ya fita lelo aya biking pamutwe,ku ntamfu ya ncende iyi kulemoneka ifikulwa ifingi nalimo niku kalale
7637,namayo umukoloci nakwata imishi isha buuta nganshi ,nafwala ishati lya maboko ayatali elo napamulu nsenlegeti ya kashika ,alemoneka ali kumbali yamusebo elo alefwaya ukutoloka umusebo ,limbi eico alelolesha na ku kulyo kwakwe mukutila amone bwino imyotoka ishilepita,kuli abantu nabambi ebo nabo ndemona balefwaya ukutoloma umusebo nga namayo umu koloci uyu.
7638,ibumba lya bantu nabeminina nalimo pali ifyo baletamba,pali umulumendo umo uwiminine naikata na ama boko mumusana elo nafwala na umunyololo mu mumukoshi uwa makumbi makumbi,"palimo na namayo uwiminine na umwana umunono nafwala nama galashi aya kumwenako , umwana namayo emishe nabika na icikumo mulanwa","pali na umbi namayo uwo nankwe naimya umwana, lelo umwana uyu mumuluko panono,nankwe nafwala ama galashi ",kwena katwishi ibumba iyi ifyo iletamba pantu bonsefyw ukwambila kubana nabapapa
7639,abana batatu nabekala panshi akasuba kale ba sanika napa menso,"umo nacita kwati na sunsumana nangula na fukama pa kulu kumo,afweke naka lilaya ka buuta aka mishilwa nakwata na imishishi sha pombana",umbi ulemonekapo umu kalamaba ena afwele ishati lya kashikila na itoloshi naleta amakufi pacifuba  elo naikata amolu,"umukulu uyu wine alemonak napapa, kwena katwishi efyo amwene ifyamupapisha umusanago utu","ulipo umunono saana nalolesha naku kuso kwakwe, kunuma yabana aba kuli abmutu abengi abeminine lelo moli yabofhe ayalemoneka"
7640,abantu batatu balefuma ku ncdnde imo baleya ku ncende imbi,pali ba shitata babili na namayo umo,shitata umo afwele ikoti na icitambala ca mumukoshi ica kashika nakwapila na icola cafita elo naimya alapepela,"ku ncende balefuma kuli icikulaa ca butuluka elo na imyotoka ishileya na ishile ingila, kukiko na ifimuti",icibi ico abantu pamo na imyotoka shilebonfya ukwingila nokufuma ca pangwa na utu shimbi namawaya
7641,namayo naiminina mukashila abantu bapita,"nafwala ifyakufwala ifya dabwisha, siketi umutali na icampempo  ca buuta icikalamba ","elo pali na cimo afimbile ku mutwe kwati citambala ca fita, lelo tacikakile na bwino saana",pqli fimo ifyo ekete muminwe nalimo efyo aleshitisha,"kunuma yakwe kuli umukoloci uwiminine nakwata na ifintu ifingi efyo ekete muminwe, naimya nakacola ka kashika"
7642,umukashana naiminina ku ncdnde ukuli ifimuti ifingi ,naiminina pa ntanshi ya fingaba inganda iya muntuntula ,panshi palukonto pali amabula ayengi ayapona panshi ayabola naua uma,afwele ishati yamaboko ayepi iya fita namaluba ya buuta elo itoloshi kabili na insapato,"cilemoneka emo ali nimupanga,elo ifimuti ifingi fikemoneka  namabula ya muntuntula "
7643,shitata umukoloci ale shana ku ncende imo.isuma ifi,ali mukati yacikulaa elontali eka iyo ali nabantu bambi abalemonska lubali,"shitata uyu kwena ifyo alecita fyakupapusha elo tafilingile na imysks yakwe, aleshana napanduka noku panduka",nafwala ishati na inkwela na itoloshi yafita kabili na insapato shafita,alemoneka uwa nsansa saana pakucita ifyo alecita alelolesha nabantu  ikyo alesekelela 
7644,shitata umo naikala pacipuna ca konkili.,nafwala ishati ikalamabako panono iya buuta elo nafwala na icisote ca makumbi makumbi pamo na itoloshi,naikata lamia muminwe elo nabika nafintu mumatwi ifyakunfwilako inimbo ishaba pali lamya ,"kunuma yakwe kuli banamyou na umwan umwaume uwikele mupepi nankwe, pakati ya cipuna bali byalika amaluba na icimuti. ",shitata uyu nakwata naicila umo along ele fimo nakaka nokukakapo nalimo fintu aci shita
7645,"shitata umo ifi ali ku ncende ukuli amabwe ayengi, elo na imicanga",shitata wakaena eminine pa nsalu yabuta elo pali na utumabwe utunono utwingi uto apatwile pabili,cilemoneka eshile mutola amabwe aya pakuti aleya mukushitisha,"tafwele ne insapato afwelefye kaputula na ishati lya lamba, nakasote ka fita akakufwala nga nakutalala",pali icintu cimo ica mapulanga apali na sefa iyo ndemona abomfya uku gumya amabwe ayanono
7646,abana apali abaume nabanakashi bali ku Katie bale angala,"nabafwala ifyakufwala ifya pusana ifya sendamilamo, abengi bafwele ifya buuta lelo umo afwele itoloshi ya kashika dlo na nsenlegeti ya katapakatapa ",bale angala na ifintu ifyakushitinlishapo umutwe nga walala  cipalile kwati bale iuma na ifintu ififine,"kuliko na icilengwa ico ba kobeka ku cibumba elo kuli na insolokoto na ena ili ku cibumba, kabili na ica ku sambilamo amaboko panshi","abana aba bena tabomfwa pantu baletolokela apakulala, umbi napona na panshi elo umnankwe alemuma"
7647,ba kemba ba nyimbo babili nabeminina mumusebo bale imba,"  kwena ifyo bafwele nafipala filya ifi fwala ba kapokola,pali shitata na namyo, namayo naikata na icitabo kaati epali amashiwi ya nyimbo ale imba","kuli na imbi umuntu,shitata nankwe uwiminine na ba kemba ulelisha cimo ifi eco ekete neminwe shonse shibili","mumusebo beminine mulepita nabantu, kwena tabalepala ukuposako amano kufyo bakemba aba bale imba","ba kemba beminine pa ntanshi yama tuuka, ku kuso kwabo kuli na ituuka umuli icilubi ica pala umulumendo ico bafwikile ifya kufwala"
7648,ba shitata babili bali panse yafipalile nga inganda  munshi ya cimuti,"nabafwala ifyakufwala ify aka, ifi kwena nisanlu fye elo ba fimba mushinla ile moneka bwino, nabafwala na ndyato umbi isha kashika umbi isha buuta",pa mwinshi wa nganda balipo pali ifilubi fibili ifipalile nga lesa wama Hindu ,"kucibi napeminina umuntu ufwele kaputula ya kaki, elo ishati na insapsha buuta",inganda iyi ilemoneka bwino balibyalika ifimenwa na amaluba mumbali ya nganda na pa ntanshi
7649,imbwa iya onda iya fituluka  ile enda,kwena imbwa iyi ilemoneka iya lwala nalimo ili pakufwa,"naikwata amatwi aya tali elo ikemoneka iyitali, naifwsla na umushipi mumukoshi ",imbwa yakaens ile enda pamulu wa cimuti icapona icikulu ,ilemoneka ili mupanga pantu kuli ifimuti ifingi na ifimenwa ifingi 
7650,umukashana naikala pacipuna cimo ifi na peteka namolu,icipuna ekelepo cilemoneka ica pangwa na konkili elo cintu ca fita,"kunuma yakwe kuki amashiwi pacibumba aya fita, yafishibikwe bwino bwino efyo yake sosa",umukashana uyu na fwala nsenlegeti ya buuta apali ifi lengwa naka siketi akepi kabili na ndyato,icibumba icili kunuma yakwe caliphate elo tacilemoneka bwino kuliko nacimbi icipuna icilenoneka 
7651,abana babili abafishi  nabeminina nalimo pali ifyo baletamba,"pali umulumendo na umwanakashi, umwanakashi eulipo umunono","umwaume ena afwele ifilemoneka nga icampempo ica makumbi makumbi,  alibeya na imishishi mumbali ya mutwe ","pali namayo uwiminine kunuma yabana aba nao mufishi, ena naoeteka namaboko nakwata na icola ico ekete ics fita","kwena namayo uyu alemoneka uwaina elo nakwata imiishipi saana, cilemoneka bonse aba balelolesha ifili ku ntanshi yabo"
7652,ibumba lya bantu ili mukati yacikulwa bali mu ncende sha pusana ,icikulwa ici cilemoneka ca pangwa na utumipila utwa buuta unwinding elo tumo tutu twa beka,pali cimo icilenoneka nga akalupili ba panga akakutolokelapo ba kensha at ncinga nangula honda,ifi wa sosa kuti fyaba pantu pali na Honda apali nomuntu bonse bali mumulu kwati bafuma mukutoloka pamo ,"abantu bambi bali pamulu elo bbi panshi, kuliko nacimo ica fita ici putike nalimo ngati apone uli mumulu kuti aponena pa cintu ici cine"
7653,"kensha wa honda natoloka mumulu na honda yakwe, nalimo afuma mukutoloka pali cimo",pali cimo ica putika icikulu ica fita nalimo epo kensha uyu afwile uku ponena,ku ncende kensha uyu ale angalila kuli abantu abengi abekele ku ncende isha pusana ,icikuulwa balimo campaigns na ifipalile utumpilavtwa buuta utwingi  kabili natwisusha icibumba na mutenge ,ici cikulwa cikemoneka nalimo cilia bateyelamo amangalo ya pusana pusana
7654,ifyakulya fya nama ifyakushitisha nabafiku ku ntambo ,pali umwaume ufwele akasote  na ishati lya buta, kuli amabotolo ayengi ayo ba tantika kunuma yakwe nalimo yakushitisha,icikulwa ici cilemoneka nalimo cilia bashitisha ifyakulya na ifyakunwa,pali na ifipepala ba kambatike ku cimuti cimo ifi ica shimbi
7655,abantu abengi abapusana pusana bali ku cifulo cimo ifi,"pali icikulwa icikalamba ngashi, nacikwats na amashiwi aya muntuntula ayakulu ",pamulu yacikulwa pa mituplwa umo pali na fimo ifya makumbi makumbi unwalwilala abantu,pali babili aba koloci abalemoneka abapalana abanakshi nabafwala na ama shati ya buuta ayspalana ,icikulwa ici cilemoneka ca pangwa kwati ni  elo paliko ns icipampa apali amashiwi 
7656,kensha umo nangula namutekenya ali pamusebo,cilemoneka yacilaloka pantu umushili na umisebo nau bomba lelo akasuba naka balika,niku kalale uku kabili kuli igikukwa ifitali na ifikalamba elo na ifipalile nga ma tuuka ,muli na ishimbi sha malaiti na ifipampa ifikwete amashiwi eyo nana mutekenya bafwile baposako amano,kensha ali pa ncinga lelo kuli na kamo eko aka kulika ku ncinga akakwikalo abantu 
7657,shitata umo nafwala ijaketi nangula intilefye suiti,ale landa pali lamia elo nasekelela nolu sekelela.,nakwata fwaka iyo ekete kuminwe,alasuba nakabalika pamti na icinshingwa cilemoneka mupepi yakwe,kuli ifimenwa namaluba ayelekula kunuma ya linga lya konkili
7658,umwana umulumendo umufishi ali ku ncende imo ifi,nafwala ishati lya muntuntula apali na ifipemdwa mamashiwi elo itoloshi na insapato sha kashika,ku ntanshi yakwe kuli ilinga lyama waya elo kunuma yakwe kuli icipuna ca pangwa na konkili,"impunda imo ile enda na lubali lwakwe, kunuma ya langi kuli icipampa ico balembele uktikla takuli ukwingila mu mashiwi ya kashika",impumda imbi ili kumuma ya langi elo kuli na imyotoka isho baimika kunuma na kwena 
7659,"shitata umo ali mu menshi, teshibikwe nga nimu ca koowelamo insamfi nangula akamana","ine mukumona kwandi, mdemona ali muca koowelamo insamfi pantu nafika pamshi lelo tapali iloba elo amenshi nayabuya tayakwete ifiko",shitata alemoneka kwati ale nwina pantu nashibatikila nala menso elo akanwa nakesuka, afwe kaputula yamakumbi makumbi yeka yeka icakutila ati imishishi sha pa cifuba shilemoneka nokumoneka,imishishi shakwe shintu sha finta elo shile elela kwati shilya ishili mukwapa
7660,"umukashana naikala panshi pa lunkoto uwapangwa bwino, ",ku ntanshi yakwe kuli ncinga baiminika epo abantu ba sungila ncinga nga bafika ku ncende iyi. ncinga sha ka ena shintu sha fita nashikashikako napanono,"kunuma ya mukashana uyu kuli ifintu ba imika ifya kwikalamo abantu ifibacingilila ku myengelele ya kasuba, cimo ca muntuntula elo cimbi ca makumbi makumbi ","cilepala ku cende uku ni kuli bemba elo ku cifulo umukashana ekele niku lubali lwa bemba, natila ifi pantu nimona umucanga na bemba ku ntamfu",pamucanaga bali kulapo na utumayanda utunono utwa buuta utukwete imitenge ya fita
7661,shitata umufishi naikala pacipuna nafimbana na insalu ya kashika,pali na umbi shitata uli pa ntanshi yakwe ukonteme ale beya shitata umwefu,"shitata uwikele  naisala na menso nalimo aleshipula, kwena imishishi shakwe nabashibeya mumusango usuma saana","kabeya wamishishi na fwala ifyakufwala fya buuta nakwata na icimbayambaya ica ku bomfya ukubeyelako imishishi, mu minwe umbi muli akasakulo akanono akafita",mu cikulwa bali muli icibumba ca buuta kuli na ifyo bskamtikeko ifi kwete ifi lengwa
7662,"ci motoka ici kalamba cili mwibala,  nacikwata imipeto ikulu kuntashi nakunuma","ici ci motoka cilwetefye ncende apa kwikala namutekenya eka, nacikwata na nsolokoto ikulu pakuti ule ensha ale mona bwino ",nacikwata na utuma laiti utuli ku ntanshi elo na cimo Ica kashika icikete kuli motoka kunuma,cile pala kwati ici ci motoka eco ba kalima ba bomfya ukosombwelako ifi sabo fyabo eico icili kunuma cile finish na icushi panti cile bomba,"ifisabo cilesombola fyali uma, lelo lubali kulemoneka ifimenwa kabili na ifimuti iya yemba ifya katapa katapa "
7663,aba bomfi babili bali ku ncende imo ilemoneka nga ncanji ,kwena naine ndemona kwati nvende iti ni canji elo aba bomfi aba beshile muku lungisha  fimo ifili ku mu tenge wa ncemde iyi,"aba bomfi aba nabnina pali cimo ifi ica pangwa na ishimbi na mapulanga, nafwala na ifyakufwala fya kashika na utusotr utwa ku ba chingilila ku ma sanso","kuli nabambi aba bomfi abali ku ncemde iyi ine, nabo naba fwala ifyakufwala ifi palile aba abali pamulu","icibumba ca cifulo baliko, cilemoneka tacapwililika, elo limbi aba bomfi aba eba lepwilikisha ulukula, kuliko nama laiti ayakile ku mutenge "
7664,akabwa akepi aknono kali panse mu nshita yakasuba ,"kalemoneka akatali umubili, lelo amolu yena yepi saana",kalemoneka aka shibatikila amenso yo kalebutka,nakakwata namasako aya buta ifi elo namaywi ayakulu ayatali noku ba,kalebutukila pa fyani elo lunali kulemoneka na icibumba 
7665,namayo umo naikala pamulu yacintu ica pangws nakonkili icingaba icibumba nangula icipuna,"nafwala ishati lyamaboko ayepi iya fita elo na itoloshi,  ali tula amatwi kabili nafwala nama skiyo, abikapo nama galashi yafita","imishishi shakwe shipi lelo, teshipi saana, shalinganafye, elo shinti sha fita, mukumona namayo uyu alina umubili","lubali lwakwe kuli abakashana abekele pafipuna, balemoneka baice elo nabakwata imishishi ishitali, ku ntanshi yabo kuli shitata umukoloci ",namayo uwikele nakwata icola ca fita elo nakacola ka muntuntula akakusendelamo amakwebo bashita mwi tuuka
7666,motoka iya buta ile enda pakati ya musebo kulalale,lubali lwa motoka elo kumbali yamusebo pali namayo uwikele pa cipuna ica pangwa na mbao na nshimbi isha pangwa nga ama pindo,"lubali kumbi, kumbali ya musebo kuli icikulwa icilwete amawindo ayengi kabili, citali nokuba, palikonna icilubi ico ba imika pa ntanshi ya cikulwa ici","ukufumyako motoka, kuliko na Honda iyapusanako iya buuta, pali na namutekenya uke ensha  ifwele icakufwala ca kashika ",ukulindapo kuli na motoka naimbi ili pa musebo elo lubali lwa motoka iyi kuli cimuti ca shimbi ica pangwa bwino icilenoneka bwino
7667,inumba lya bantu abengi bali mucikulwa ica buuta ifi.,"kwena nabasalangana mu ncemde isha pusana kabiki balecita na ifintu ifya pusana, lelo abengi bali pa (Stairs)","bambi balefuma ku ncende ukuli icibi naba tantama ba le enda pa ma (stairs) aya leya ku mulu, elo abakashana nabfwala ifyakufwala fimo fine, nabo abaume nabafwala ifya palana","icikulwa ici kwena cikalamba elo nacikwata imiputulwa ishingi umo umo abantu balimo, imiputulwa imo ili pamulo imbi panshi ","kuli ibumba lya banakashi batatu abekele padipuna bale lanshyanya, kuliko na ifipampa ifyo bakambatika mufibumba"
7668,umulumendo ali ku ncende imo ali pa ncinga yakwe,natoloka na icinga mumulu elo ncimga yakwe intu yafita imipeto elo umubili untu wa katapa katapa ,uyu umulumendo afwele ifyakufwala fya fita nakasote aka fita eko apilibilwe kunuma,"ali pa ntanshi yacikulwa icisuma ifi, kuno yakwe kuli ama baluni ya makumbi makumbi na aya kashikila, plaiko na ifimuti fibili","plaiko na ifimenwa ifyo ba byalika mu fintu fya konkili, pali na icipampa epo balemle ati bale pela ifyakulya kwabula ukulipila"
7669,"banamayo abakoloci bale toloka umusebo, nabekatana nokwikatana amaboko","namayao umo afwele icampempo icitali ica makumbi makumbi elo na itoloshi yapalanako, nafwala na insapato sha buuta",umbi namayo afwele ishati lya kashikila na icampempo ica makumbi makumbi makumbi  elo nabitiloshi lya fita na insapato ishapalana,"kuliko na icilubi ca kwa koswe ulemoneka nalimo ali lwala,  nacikwata menso ya lashika, kuliko na icimuti ica pa musebo icebe bamamutelenya ukwiminina nangula ukusela ","cikemo uku ku ncende niku kalale, kuliko na ama tuuka ayalemoneka, lubali kuli na motoka iyo beminike"
7670,shitata ulemoneka nga ubomba na mbao ale bomba,"nafwala itoloshi lya fita ishati lya buuta na nsenlegeti lya fita, kabili nakasote nako aka fita, nafwala na umushipi ukwete umunyololo","nakwata na ico alebomfya ukuputwilako amapulanga ilyo ali ku ncende iyi, lwena naposako namano kufyo ale cita",kulemoneka amapulanga ayengi elo na ifyakulembelako paci pepala mumatumba ya toloshi shitata afwele,"kuliko icimuti ica ma sambo ayatali mupepi yakwe, elo shitata na kontama nokubkontama "
7671,umwanakashi ali panse naiminina mucibwendo ca konkili mu nshita yakasuba,"eminine fye pa mwishi wa bwendo,  na shintilishako na ku cibumba, icibwendo alimo nacipala cilya icipisha amenshi panshi ya mushili","ifyakufwala afwele fili fye nama langi yabili, makumbi makumbi na iya kashika, afwele itoloshi na ishati ya maboko ayepi",nakwata na icola icapalana amalangi naifyo afwele,nakwata na utucola emishe tulya utu balongamo amkwebo eyo washita kwi tuuka
7672,imbwa yakwata amasako ya fita naya buuta ilebutuka mu mabala,amabala ilebutukamo yakulu pantu kuli ulubansa ukulu na ifisabo ifingi ifilemonela nga icimena,"imbwa naikwata amasako ayatali ayabeka bwino, naitolpka noku toloka nalimo iletoloka ifisabo ifili mwibala iyi ",kuli ifimuti ifinono ifili mupepi na ibala imbwa ilimo na ifili ukutali ifingi kwati nimpanga,ili mu nshita ya kasuba muli na makumbi mumulu
7673,"imbwa iya buuta ili ku cifulo cimo ifi, ikwete fye sako yafita ku mutwe","kucifulo ili ulubansa lwa cani, icani cilemoneka namatipa nalimo icende iyi yali boomba boomba",lubali lwa mbwa kuli abantu abeminine kunuma ya ntambo ya muntuntula abo abale pala beshile muku tamba ifyo imbwa  ilecita,"intambo iyi baibikako pakuti abantu becila mumyendele yabo ukucila inatmbo yaka ena, kuliko na ama tenti ayo beminike kunumba yabantu","imbwa naikata akamupila aka papatala kukanwa, cilepala kwati eifi efyo abantu baletamba"
7674,bakasuklu abengi nabekala mucikulwa ca ma sambililo bale sambilila,"bonse nabafwala ifyakufwala ifya palana  ifyo bakasuklu bafwala, amashati yabuuta nama toloshi ya fita elo bonse balaskulu bali na imishishi sha fita","kuli na kafundisha uli ku ntanshi ya cikulwa ca ma sambililo ule funda, ni namayo ufwele icampempo ica makumbi makumbi nakwata nama galashi yakumwenako","ku ntanshi ya cikulwa ici kuli ico ba kafundisha ba bomfya uku lemba nga bale funda, kufibumba fyacikulwa ici kuli ifipepala na ifipampa  ifyo ba kambatika",bakasuklu nabekala pa tupuna utwa pangwa na mbao kabili nama tebulo yene ya pangwa na mbao notushimbi
7675,umulumendo naikala pa cipuna ca fita ali pa ntanshi ya ntanshi ya kompyuta ,"nafwala ishati lya buuta elo imishishi shakwe nashi salanganakon panono, pali efyo asomeke ku kutwi ifi palile nga pensulo, nafwala nakakosa ka nsalu ya fita pakuboko kwaku kulyo ","ale moneka ali mukati ya offeshi, elo ale bomba noku bomba, ale tinplate na como pe tebulo ifile langisha pali kompyuta",pa ntanshi yakwe pali na icntu ba panga na ipulanga eponba someke ifipepala ifingi,kuli na utulimba utunono na icimbayambaya ba bomfya ukufunishako ampepa yapali Kompyuta 
7676,namayo ali nabana batatu ku ncende imo ifi na tambalala pansalu ya buuta,"pali abana aba batatu pali, akanya akalele pa nsalu ya buuta nako, umwana umunono umwaume elo na umulumendo ","bonse ukwambilafye kuli namayo nabwakata imishishi isha buuta, kwena kuti caba ati namayo uyu bana bakwe aba ali nabo","umwana umunono na fukama pamo na umulumendo bonse balelolesha akanya aka lele pa nsalu, umulumendo na tandika na ukuboko ale ikata akanya pa mala","namayo na umulumendo cilepala tabafwele amashati, namayo alesonta na akanya alesekelela noku sekelela"
7677,shitata ba mwefu ali mukati ya motoka ale ensha,afwele ishati lya makumbi makumbi na aka some aka buuta akalemonela nga mpapa ya cinama,cilemoneka nabutusha motoka pantu panse tapalemoneka na bwino saana,nabika ukuboko kwaku kulyo pa cakwensheshako motoka elo kumbi ukuboko nashintilishapo umutwe,alemoneka naposako saana amano kufyo alecita pantu alelolesha fye kuntashi yakwe
7678,umwana umwaume umunono alemoneka jwati natoloka mumulu ,ku ncende ali kwena takwishibikwe bwino saana ,cinshi ca lenga ukuti ulande ifi?,na landa ifi pantu kulifye icibumba ica makumbi makumbi ,"umwana uyu imishishi nashima namumulu mulamdu waku toloka athletes,  ishati afwele naikwata na utumishilwa twa makumbi makumbi "
7679,umuntu upalile nga umwaume na tambalalala pa caani,"nafwala ishati lya fita na itoloshi lya makumbi makumbi, alenwa nafimo ifili bukabotolo",ku ncende ali kulemoneka bwino saana kuli na icaani ica fumba bwino,"kunuma yakwe kuli nama yanda yabili aya pangwa na mbao, tule moneka bwino elo natukwata na nsolokoto isha beka","kunuma ya nganda ishi kuli na ulupili apalekula ifimuti ifikwete amaluba ya fumba , filemoneka ifya buuta fimbi"
7680,"abaume babili balelwa kucifulo cimo ifi, baleteya ubwangalo bwakucimfyana amaaka","nabafwala amakaputla bonse elo na ifyakufwala kuminwe ifyo bafwala nga baleteya ubwangalo bwa kucinfyanya amaaka, umo ifya kashika na umbi ifya fita",umbi umwaume nabamuponya nokumuponya uponene panshi alelwisha ukulesha umunankwe ati amume,cinshi ca lenga ukuti ulande ifi?,alemoneka naposako saana amano kufyo alecita pantu alelolesha fye kuntashi yakwe
7681,abantu aba pusana pusana bali kucifulo cimo ifi bale cita ifyapusana pusana,"bushe naumona ati abafulile apa bantu abakoloci banamayo naba shitata, abengi nabwkwata na imfwi mumishishi, bamo nabakwata na umucene","pali abali nabengu abafwele ifsote ifya malang yapusana pusana, bomse nabafwala na ifya mpempo ","ndemona ifipuna ifyakwta imipeto fibili filya ifo abalema bekalapo, pali nababili ababikile fimo pafipuna epo bekele nokwikala","abengi abakoloci uku nabakwat utucola uto belele nato, bambi nabeminina balelolesha ifyo aba nabo baleteya amangalo ayapusana"
7682,ba shitata babili nabeminina pali ifyo balelolesha ,"bonse nabafwala amashati yamaboko ayepi nama tayi, kabili nabakobeka na utumishili twa buta utukwete ama lembo mumikoshi ","bonse kabili nabekata ifyakunwa ku minwe, umo naikata nafwaka alesonta nala kumo ku ntanshi yakwe",shitata umbi alelolekehsa ukuntu shitata uyu ale sontelela mukutila amone ifyo umubiye alemulangisha,"pali icibi ca mabao kunuma yabo elo na iwindo lubali, Pacific pali na icipamapa cimo ifi"
7683,bashitata babili bali ukulemoneka nga mpanga,"bonse nabafwala ama kaputula ya buuta elo namashati yamboko ayepi, babikapo na utusoye uta buuta, lelo umofye ewufwele amagalshi yafita","shitata umo napapika umwana pacifuba elo naikata namolu ya mwana apapile, futi alelolesha ku ntanshi yakwe nalimo paili ifyo amwene","shitata umbi ena abikile umwana wakww pafipeya naikata na ibotolo ya menshi mu minwe, umwana nashintilisha na amaboko pamutwe waba wishi ","kunuma yabo kuli impili isha mabwe ayakalamba elo kucifuko bali kuli ifimenwa na ifyani, kuliko na amaluba yaya muntuntula ayalekula ayanono"
7684,shitata umufishi naikala panshi pa fyani,nakwata na panga iyo alebomfya ukuteta icisabo cimo ifi,shitata uyu tafwele na ishati afwele fye kaputula ya makumbi makumbi na indya yalangi imo ine,ku ncende ali kuli ifimuti ifitali ifyo ndemona ekulefuma ifisabo ifi,"balificingilia nokufi chingilila na ilinga lya mawaya, lelo pali na icibala apali ifisabo ifi ifingi"
7685,"umukashana ali kucifulo cimo ukwafita, kulemonekako na ichushi panono",ali pantanshi ya (microphone) cipalile kwati nikemba wa nyimbo ale imba,"nakwta imishishi sha butulukila ishi tali bwino, elo afwele ishati iya maluba maluba ",pali ico ekete muminwe icipalile banjo ico apalile ale lisha nacikatilila pa cifuba ,alelolesha kumulu ilyo ale imba nailmo ebo ale imbila bali kumulu 
7686,bakepika ba fyakulya baleipika bale ipika ifyakulya uko bashitisha ifyakulya ,umo kepika ali petebulo apali inama naikata na icela icakucekelako,bambi nabo balecita ifyapusana pusana kabili bale pekanya ifyakulya ifya kushitisha  ku cifulo ici,pali abantu abekele bashitata babili abeshile mukushita ifuakulya ku ncende iyi ine,bonse bakepika nabafwala ifyakufwala fya buta Nauru some twa buuta
7687,shitata naiminina ku nstamshi ya cifulo cimo ale landa,kwati shitata uyu ni kafundusha elo ale funda,ico nasosela ifi nipantu ali mucikulwa umo bakasikulu ba sambilila ,"namona nomba, pali ica buta cimo ifi ico ale lembapo bali namashiwi yamo na ifipendwa,  kuli na inkoloko pa cibumba elo naikata na icipepa muminwe",shitata uyu afwele ishati lya kashika itiloshi yafita nama galshi aya kumwenako 
7688,abakoloci batatu nabeminkna mumati yacikulwa ,"pali abaume babili na umwanakashi umo, abaume bafwele ama suti elo namayo ena afwele ijaketi lya katap katapa",shitata umo umufishi nakwaya na icipepa ca butuluka muminwe alelolesha na umubiye ilyo ale landa,cilemoneka ifyo shitata ule landa ale landa fyamano saana pantu ababiye nabaposako saana amano,namayo unukoloci nakwata imishishi isha buuta ishipi elo nafwala nama skiyo
7689,umwana umwaume alikucifulo como ifi nasekelela ,"nafwala icampempo na itoloshi lya makumbi makumbi, nafwala nama taki ",kuli intambo ishingi isha kashika na isha makumbi  makumbi isho ba kobeke kumo,kunuma yamwe kuki abantu abeminine umo nakwata na icakufimba ifinfula nga ileloka,nafwala umushi wa fita pacifuba na pa fibeya kabimi na icosete ica kumu chingilila ku ma sanso 
7690,shitata na namayo bali panse nabekala patu puna utwa buuta,shitata nafwala icisote ca kashika amagalshi yafita na ishati apali iclembo cimo ifi,"namayo ena agwele ifyakufwala fya fita elo nama galashi nayo ayafita, imishishi nasho shintu sha fita","shitata nakwata fimo ifyakunwa muli kapu elete ku minwe, pali na inkoloko pa kuboko kwa kuso","bali kunuma ya nganda palubansa, kuli na inganda, na ifimenwa ifilekulwa kumbali ya nganda"
7691,bkabalwe abali fine ba enda kumbali yamusebo ,nabakwata imishipi ku kanwa isha kashika na ifuntj panuma apekala abantu nga balefwaya uku nina kabalwe ,pali umwaume uninine pali kabalwe uki ku nstamshi nalimo ni kacema waba kabalwe,kuliko ifimuti na impili ishilemoneka lubali lwa ba kabalwe naumusebo,"cilepala ku cende uku ni kuli bemba elo ku cifulo umukashana ekele niku lubali lwa bemba, natila ifi pantu nimona umucanga na bemba ku ntamfu"
7692,unukoloci umo ali mukashila abantu bendelamo lubali laa musebo,naiakata utupepala mu minwe nalimo aleshitisha nangula ale eba abantu abale pita fimo,"nakwata imishishi sha mfwi ja umwefu wa mfwi, nafwala icampempo ica fita na iyoloshi ya fituluka, pali na ifidundumene mwitumba yakwe","pa ntanshi yamukoloci pali ifo ba tantike ifyo baleshitisha, nabafitantika mu nshila isuma saana icakuti na umuntu kuti ate mwa ukushitapo",umukoloci eminine pa cikulwa ica fita elo kuli ifikulwa nafimbi lu ndende uku
7693,umuntu umo ifi ali pali bembaj bwato,ubwato aliml kwena unono elo wipi icakuti mwinga ingilafye umuntu umo,mulinakapuna epo ekele elo pali namashi yamo ayalembeke pa bwato na nsenlegeti afwele,"nsenlegeti afwele yintu yakumwafa ukananwina ngati apone paenshi, nafwala na icisote ica kumucingilia ky ma sanso","lubali lwa bemba kulemoneka amayamda ayakulwa pa mpili, pali na amabimbi ayanono pa menshi"
7694,namayo umo ali mukati yacikulwa,nafwala ishati lya maboko ayatali na akalufwa aka lashika aklufwala nga uleipika elo taulefwaya ulambe,"na sonteka ukuboko kunama yakwe elo cilepala kwati ale landa, pali fimo ifyo ale sonta","ifintu ale sonta, kwena mukate, cipalile ali mwituka umo bashitisha umukate","pali umukate wa pusana pusana, elo pali na utupepala epo babikile imitengo na ishina yamukate"
7695,shsitata umo ifi uwamishi ishitali umfishi ala pakati yamumusebo,ku ncende nakupala ku kalale pantu kuli abantu abemgi aba lepitana elo kuli na ifikulwa ifitali ifingi,"shitata uyu nafwala ama galashi aya fita, icisote ca fita na ifyakufwala fyonse ifya fita,  nakwata na ifintu mumatwi","ifi fintu abikile mumatwi nifilya ifyo abntu ba bomfya ukufwinlako inyimbo, nakwata na imendela yaku calo cimo",pa musebo pali na utumishlwa twa buuta elo imyotoka shilepita namo
7696,namayo umo ali ku ncende uko ba shitisha ifuakulya,"naikala petebulo alalya naifuakulya fimo ifi, pali na ifyakunwa ifili mwi botolo lya kashika naikwata makakunwinako akatali akabuta","namayo uyu nafwala icitambala ica fita icikwete na umushilwa wa buuta, nafwzla namukame wa buuta naicampepe",ici icitambala agwele nacipalana nacilya bakotololika abankashi aba tabopwa abaipelsha ubuntunse kuli lesa,kucifulo ali kuli nabantu abemgi abale cita ifintu ifya pusana pusana bamo nabekala nokwikala
7697,umukoloci uno naikala pacipuna ca tumipeto ico balya abalemana bendelapo,"mumimonekele cilepala umukoloci uyu mwanakashi pantu nafwala nakasote akabanakashi, nafwsla na icampempo na itoloshi kabili na insapato","pali umukashana uwa mishishi ishipi uwikele pa cipuna icila mupepei na umukoloci uyu, na bika na amolo yonse pacipuna amoli yali mupepi na icifuba cakwe","umukoloci na kontamika umutwe kabili talenoneka na pamenso, umwanakashi nabika ukuboko kwa kulyo panauma yamu koloci, naisala na menso nalimo ale mupepela",ku ncende bali kuli na ifimenwa na ilinga lya fimenwa 
7698,umuntu upalile nga umwanakashi ale tamba ifilengwa na lesa,bushe ninshi wa sosela ukuti uyu umuntu mwanakashi? pantu kuti aba umwaume ,ndemona nakwata imishishi ishitali isha pombana ishile ululuka na mumwela elo nkwata naka cola eko bakile pa cipuna ekele ako abanakashi abengi bakwata,]\,"pa ndende umwanakashi ekele pali na fibili idipuna, na iloba lya mabwe panshi epo ekele "
7699,"umwana umunono umulumendo naikala mucintu cimo ifi, alemoneka uwa (comfortable) mucintubici alimo","nafwala ijaketi yamakumbi makumbi naicoste icikulu,  paliko na aka kosa ka muntuntula eko afwele kukuboko kwa kulyo","kulemoneka kwati uku ukunti umwana ali, nikukya ukwaba ifyangasha na ifyakwangalilapo ifingi ifyapusana pusana, abantu bala lipila kuwisa mu kwangala ku ncende iyi ine ","pali umuntu uwukonteme mupepi na umwana uyu, uyu umuntu nafwa itoloshi na icampempo, muli na akatambo akale moneka mwitumba ya campepo ","ku ncende umwana ali, kuli ituuka umo bashitisha ifyakulya, kabili nabalembapo na ifyakulya baleshitisha pa cibumba ca tuuka iyi na imitengo epi shili nasho"
7700,shitatabumo ifi ale enda mukashila mu nshita ya bushiku ,"akashila aka kali pakati yamatuuka ayakonkana, kabili pali na ifi pampa ifilembekwepo ku fibumba fya matuuka aya",paliko na ifyo bakaka ku ntambi Itali ifileka na malaiti ifya kwata Lilongwe lya buuta na iya kashika,"shitatu uyu ule enda muka shila aka afwele ishati iya buta na itoloshi lya fita,  naimya na icola ca fita ku minwe",akashila aka nakakwata ifintu ifingi ifyo babika panse yama tuuka ifya pusana pusana 