IMAGE #,SPEAKER 1l,SPEAKER 2,SPEAKER 1,SPEAKER 2,SPEAKER 1
3451,Akalumendo kabuta inkanda nakasekelela ilyo kalekopwa icikope.,"Nakekata ilibwe lya menshi-makasa, nga nimuno Zambia ninshi waumfwa abaice abati ilibwe lya mfula.",aka akalumendo nakafwala icisote cakuicingila kumpepo.,"Elyo na ikoti ilyamacungwa ilyatikama, pamasaya (chicks) napakamba kumpepo nga mu mwenshi wa Kapepo-kakalamba (June) muno Zambia.","icine uku kuntu kwaliba ukwatala sana, abanensu aba baliba abakosa, nga nifwe nga twalifwa kale kumpepo."
3452,Namayo atemwa shitata naikala pamulu welibwe napetanya namolu.,"Uyu ena ala ni namayo wapwilika, ali nga uuleonta akasuba pa cilibwe.",kwena nafwala necisote icakashika elyo alikwata imishishi ishitali nashipula namucisote.,"Kumpili ali kuntu kwa talala nga amenshi-makasa (snow like), eico nafwala na insokoshi-minwe (gloves) ku maboko.","elyo nasenda naka cola kafita munuma, cipalile uyu muntu aleninika ulupili, (hiking) nomba aletushako."
3453,shitata na namayo nabatoloka mumulu elyo nabemya namaboko.,"Aba bantu ba nkanda yabuta cipesha mano, bushe  kanshi bena kumenshi bakuumfwa shani?","kuti waipusha kwena, aba bantu nabafwala utuputula twafita utulefika mumakufi.","Umone ifyo kufyalo fyabanensu kwalitalala, lelo cipesha amano fintu bangalila mu menshi.","cine kuti wapapa, elyo umulu wena awe uli uwabuta muli fye amakumbi ayanono."
3454,kabasa wambao alepopa mucibumba na sando yakwe.,"Kwena uyu shitata ni kakula wafikulwa, alemoneka nga uulekolola ilangi lyabuta mucibumba.",elyo nafwala akasote necampepo ca makumbi makumbi kabili alikwata imishishi ishipi,"Elyo icikulwa cilepala nga ica kale, emulandu wine alekolwela ilangi lyabuta pakuti mubikwe ilipya.","icniine ciine icibumba cilemoneka icakale, abanesu aba buta inkanda balitemwa ifintu ifipya kanshi kula cinjapofye ifibumpa."
3455,"shitata wafita inkanda naiminina mumpanga, elyo nabika ukulu kumo pa lukuni luli panshi.","Ali  mukali boti beta akambesa (plank-craft boat), filya kasongoloka mubutali, kabili nasenda na inkuni aleposha kakopa wacikope.","eya elyo nafwala nakasote kumutwe naimya nokuboko kumulu, cilepala kwati talefwaya ukupona.","Aleendela mufyani ifitali, umulandu wakuti taculile na mabimbi ya cimana nga kwalimine kankungwala (whirlwind).","ciine uyu shitata nafwala netoloshi lya makumbi makumbi, nasenda ne nkuni ishingi paka bwato kakwe."
3456,imbwa yakashikila ilebutuka muci bansa atemwa mumpanga.,"Naisula kukanwa kabili amolu ya kuntanshi nayeema mumulu, naifwala na imishipi ishafita shibili mumukoshi.",iyi imbwa yilemoneka kwati pali abo yilebutukila.,"Nangula filya imbwa yamulunshi (hunter) icita, ipekula amatwi na umucila pakupepeka inama.",imishipi shintu shili mumu koshi shilepa kwati shintu shilangilila abantu ati yalikwata abene.
3457,bakalisha wafilimba bane nabeminina pa stage bale lisha nokwiimba inyimbo.,"Aba ni bashitata beka-beka, iyo nisotambe uleke uuli na kanya asunguke.",uku kuntu nakwaka amalaiti ayengi ayamalangi aya lekana lekana.,"Kuli no ulutanda ulwa malaiti kunuma yabakemba, kabili na mu mulu muli amalaiti.",aba bakemba bonse balemoneka kwati nabafwla ama shati yabuta.
3458,bashitata babili ababuta inkanda baleshita isambi pa maliketi.,"Inkanda yabo ya ci Chinese, nga lisabi nshi balya aba banensu, lelo kashitisha wankanda yabuta.",kashitisha wesabi nafwala ishati lyabuta elyo notwakashika mumbali yamukoshi napacifuba.,"Aya maluba yali kuntanshi yakwa kashitisha, elyo pa mulu wamutwe wakwe pali icilolani capala akamela.","uku kuntu kuli ama laiti ayakile, nalimo nabwila mwe."
3459,umulumendo wabuta inkanda ale cofa incinga yakwe.,"Uyu mulumendo ni kacofa wa ncinga (cyclist), uwa nkanda yabuta.",elyo nafwala akasote kabuta neshati lyabuta mukati keshati lya tuboskoshi.,Panshi apalepita incinga pali amalembo yamalangi yalekana-lekana.,elyo kunuma yakwe kuli icikulwa nefimuti.
3460,"kabeya wamishishi shitata, aleputula imishishi shamulumendo.","Aba bashitata babili ba nkanda ya ci Chinese, kuntanshi yabo kuli icilolani (mirror).",elyo mumusebo muli honda nabantu babili nabanyinapo.,Mupepi na kabeya wa mushishi (Barber man) kuli ifimbaya-mbaya fibili; icakashika na icabuta.,kabeya wamishishsi alikwata imishishi ishipi elyo nafwala umwingila wabuta.
3461,bashitata batatu abafwele amashati yamalangi aya lekana lekana bale enda muli fube fube katwishi nga lukungu.,"Iyi nkanda yabuta ya bangeleshi baku Canada, lolesha uku kashikila na ulunga lwabo kunuma ya mulumendo mu ishati lya katapa-katapa.",cine aba bantu Baku Canada elyo bonse nabafwala ama shati Yama langi yalekana lekana.,Shitata umo akontamine panshi nga uuletila awe mwandi na lelo bwaca ubwakutulukusha! ,elyo kwena kulemoneka kwati akasuba naka sanika muntu beminine.
3462,aba kashana naba lumendo baku asia balesekelela ilyo balekopwa icikope.,"Abalumendo babili na banamayo bane kuntanshi, abena Korea, nabeemya amaboko mumulu.",umukasha umo nafwala amagalashi yakumwafwilisha ukumona ,Muli aba bantu muli abakashana babili abafwele amakalashi ya menso.,kunuma yabo kuli umulumendo untu afwele akasote kabuta.
3463,kateya wamupila wakulasa necimuti (baseball) ale lasa akamupila.,"Shitata ali kuntanshi naaposa amaboko na umulando muminwe, pakupampula akamupila.",uyu shitata nafwala akasote neshati lya katapa katapa.,"Ndemona ili langi ni makumbi-makumbi, na itoloshi ilyabuta, mupepi kulemoneka necikope cafita.",pacibansa eminine pali imicanga elyo kumbali kuli ulunkoto.
3464,ibumba lya bantu liletoloka mukuipekanya ukukopwa icikope.,"Ala kwena akamela nako kaba nakantu, kapufyafye abaice na bakalamba hahahaha!",namayo umo mwibumba ili nafwala ishati lya kashika elyo muli naumbi untu afwele Ilya fita.,"Pamushili pali amabwe nemishila ya miti, elyo kuntanshi yabo kuli akacola kafita.",kunuma yabo kuli umumana elyo kwishilya kuli ifimuti.
3465,umukashana wabuta inkanda nafwala akasote kafita elyo alesonta kuntanshi.,"Kulemoneka nga ukulelepuka utupata mu mabwe, na icushi cilefutuka ngafilya ciba ku mikoti ya mikuba.","cine, elyo kuntanshi yalukungu kulemoneka ifimuti.","Ecipapwishe na uyu mukashana aletamba, umone ifyo asontelekofye.",uyu umu kashana alikwata imishishi ishitali elyo nafwala ishati lyabuta.
3466,umukashana nomulumendo ababuta inkanda balelanshanya.,Umukashana ali nga uulelondolwela umulumendo pakapalile akali nge seleti muminwe yakwe.,elyo uyu mulumendo nalolekesha pali aka kantu ekete muminwe.,Umuputule balimo uli na amalangi yalekana-lekana; kabili kucibumba kuli ifikope.,"umukashana nafwala imshati lya maboko ayatali ilya makumbi makumbi, alikwata nemishishi ishitali."
3467,namayo wabuta inkanda naikala pamucanga alekumbula mukalukombo kabuta.,"Elyo akontamine panshi ya pakabale kakwete umunani umo alebika utwa kunonesha, tupalile nga mayonnaise.",uyu namayo nafwala akasote neshati lyakashika.,"Panshi yaceni cakwe pali umukate uli pambale, ibotolo lya cakunwa, kabili na kunuma yakwe kuli namayo akatalamukila.","kunuma yakwe kuli ilibwi ilikulu elyo nempili ishikwete ifimuti shilemoneka, uyu namayo nafwala insokoshi sha buta."
3468,"bashitata bane bale lisha ifilimba nokwimba, batatu balibuta inkanda elyo umo untu wafita inkanda.","Bemanine pa stage na ifilimba fyamiwaya ifya malangi ayapusana-pusana, uuli kunuma alelisha ingoma sha malaiti (electric dums).","kunuma ya apa pantu kuli ama shiwi ayaletila ""New York"" mufilembo fya fita",Elyo amashiwi aya konkelepo yaleti BENEFITING YOU MORE HEALTH.,shitata wabuta inkanda nafwala amagalashi yafita elyo shitata wafita inkanda nafwala itoloshi lya fita.
3469,imbwa yabuta nayiminina mumbali yamuma elyo nayi kwata akamupila kakashika mupepi nolukasa lumo.,"Ilepukunya amenshi ku masako, iyi mbwa nalimo yatolele aka kamupila ka baseball mu menshi.",chilepala kwati yile anagala nabaisunga. ,Naikwata na umishipi wa makumbi-makumbi mu mukoshi.,akamupila naka kwata imilaini sha makumbi makumbi
3470,"namayo wabuta inkanda nafimbana kumutwe ishati lyakatapa katapa nefya buta, cilepala kwati aleicingilila kukasuba.","Ili koti nangula bomba naikwata na ilangi lya macungwa mu mapa ya maboko, uyu namayo ali mu cibansa ca mangalo elyo mu Irish wa ku Ireland.","kwena nafwala neshati lya buta, elyo kunuma yakwe kulemoneka shitata untu akwete icabuta pantanshi yeshati lyakwe.","Bonse babili bali nga abaleendafye mukasuba, ilyo bali mu cibansa camangalo yabo.",kunuma yakwa namayo nomuntu alikunuma yakwe kule moneka kwati kuli ibumba lya bantu.
3471,akalumendo kabuta inkanda kale kumbula ifintu fyakashita mwibeseni lya fita.,"E e kwenafye, kalemoneka nga akalesalaula utusalu twa kashika na umunwe wa kukulyo.",aka kalumendo nakafwala itoloshi lya malangi aya lekana lekana muli nelangi lyafita.,Lubali lumbi kulemoneka akakashana mundeleshi yamishilwa ya katapa-katapa na cibuta.,aba abana nababika utubeseni pansalu ya makumbi makumbi.
3472,"bashitata babili naba namayo babili nabeminina mumuputule uunono, shitata umo naikata akatabo aleloleshapo.","Ali na banamayo babili bonse na ututabo muminwe, elyo shitata alebalansha nabika ifisansa pamo nga uulebapokelela.",shitata umo nafwala ishati lya katapa katapa nakasote akalemo Eka kwati kaku ciila cakufyalwa (birthday party),"Elyo shitata afwele icampepo ca katapa-katapa aleti fye kuulelanda ati ndeumfwa, ngawalolesha pa menso.",kumbali yakwa shitata untu afwele akasote kuli insalu iya kashika.
3473,imbwa yafita kumutwe nakunuma elyo yabuta pamukoshi nayiminina palupili lwa snow.,"Ileenda pa mulu wa mabwe-makasa (snow ice), ipalile nga iilekonka abaiteka.","uku kuntu kulemoneka amabwe aya katapa katapa, katwishi nga ninshi yilengele.",Cipalile ukuba nga imiti shifimbilwe na amenshi-makasa pamulu.,"kabili shilemoneka kwati mabwe, mucungulo."
3474,kakolwe akafitulukila kale tantala pantanbo yafita.,"Ili langi lya kwa kolwe ni ilya batila amafi-yambusa (brown), aletantala ngafilya acita ku miti.","kwena kuntanshi yakwe kuli icipampa nefilembo filetila"" friends cycle"" ifilembelwe Mwilangi lya mutuntula.","Mucikulwa ca kale muli shitata wimanine, na kunuma yakwe kuli na ifyakufwala fikanikwe pantambo.","shitata nafwala ne shati lyabuta, elyo pacipampa pali ama honda yama langi yalekana lekana."
3475,"shikulu bantu uwabuta inkanda nafwala akasote, naikata nenkonto elyo alecema imbwa yakwe iyafita","Ali mukati ka cibansa na itoloshi ilya makumbi-makumbi, alesokesha imbwa ku mpaanga (sheep).",kunse yacibansa kuli ibumba lya bantu abeshile mukutamba ifilecitika.,"Imbwa ilebutuka na icefu panshi, ilingiline ifi ninshi imbwa ilebendelela.",elyo mwibumba lyaba letamba muli abantu aba fwele ama shati yamalangi yakashika naya buta.
3476,kasunga wa ci panda camupila wakumakasa natoloka mumulu ilyo umupila ulefwaya ukwingila mucipanda.,"Hahaha hahaha, ala mwandi umupila wa kumakasa nao wa mucushisha ifyo upulile.",kasunga wacipanda nafilwa uku wikata uyu mupila ,"Ni gole mwisumbu, awe uyu mupila upulifye munshi yanshimbi mucipanda.","kunuma yacibansa kuli ibumba lya bantu, balemoneka kwati bali pa telenini."
3477,namayo wabuta inkanda nafwala akaputula elyo naiminina mucibansa camupila wa cimuti (baseball),"Bushe uyu mupila, wakuposela imbwa utubale elyo yayanka, emo waba muno Zambia?",kunse yacibansa kuli bashitata batatu abafwele utusote nama shati yakashika elyo babikapo ama toloshi yabuta.,Pali aba bashitata umo nakwata icitabo cafita icili nga icakulembapo amatoni ya ubu ubwangalo.,elyo umbi shitata napusha uku boko pamulu walupango naikata icintu cabuta kwati alefwaya uku pela umukashana untu ali kuntanshi yakwe.
3478,namayo wabuta inkanda naikala kunuma yamupando wafita apekele ba shitata babili na namayo umo.,"Ekele panshi na icola cakwe kukulyo, naikata naka lamya kakwe aka ilangi lya pepo kabili nafwala na makalashi yafitulukila-shika (coffee brown).","elyo nafwala nama galashi yafita,  kuntanshi yabantu bekele pamupando kuli shitata nao nafwala ama galashi yafita neshati lya kashika.","Ukuloleshe uyu shitata kuli shitata na namayo wankanda yafita mucipuna, elyo kuli nabantu bambi abalekana-lekana.",kunuma yakwe kuli banamayo babili aba bikile amagalashi mumutwe.
3479,"shikulu bantu na nakulu batu nabeminina mumbali yamusebo balelanshanya, elyo bonse balikwata imishishis shabuta.","Aba bakoloci nabafwala ifyakaba umubili onse, nakulu-bantu napenta na imilomo yakwe ilangi lyakashika.",shitata afwele ikoti lya katapa elyo nakulu bantu afwele ikoti lyafita.,"Nakulubantu afwele insapato shamacungwa elyo shikulubantu afwele ishakashika, kabili utusote nato utwapusana.",kunuma yakwa nakulu kuli shikulu bantu untu afwele insokoshi shakumaboko.
3480,shitata wabuta inkanda alikwata nemishishi ishipi alelisha ipenga,"Emanine mupepi na icilimba ca mfungulo shabuta na kafi (keyboard), kuntanshi yakwe kuli ababiye nabo na ifilimba fyabo.",kwena uku kuntu nabwila elyo nakwaka amalaiti ayengi.,"Kucibumba kulemoneka ifilengwa fyapala amaluba, fili mu malangi ayalekana-lekana ukubikapofye katapa-katapa, makumbi-makumbi, na umutuntula payengi.",pantashi yakwa shitata untu alelisha ipenga pali umuntu uufwele ishati ilikwete amalembo ayali mwilangi lya buta.
3481,imbwa shibili isha fita nashiminina muli snow.,Shilebutukila kubaleshiteyesha ubwangalo mu menshi makasa.,"ishi imbwa shilemoneka isha nsansa sana mwe, nashimya namatwi.",Elyo kwena insansa sha mbwa shilifye filya cali ilyo twapwishishe incito yesu pakubala session 1.,"icine twali abasansamuka, twalemona kwati tatwakapwishe."
3482,bakemba wanyimbo batatu balelisha ifilimba elyo umo pali aba naikata icakwiimbilako aleyimba.,"Afwele ifyafita ilyo aleimba mu cinanda (mic), naikata na ipepala lya buta kukuso.",kunuma yakwe kuli shitata untu afwele akasote kafita.,"Ala uyu shitata nao mwe, bushe lupemba lwabuta lulwa asubile kumenso?","kuti waipusha pantu alemoneka uwa butuluka kumenso, elyo mumulu mulemoneka kwati muli intanda."
3483,"imbwa shitatu nashiminina pamulundu uwakwata ifyani, shibili shali butulukila elyo yimo yalifita.","Umukashana nasunsumana mupepi nga uuleshita, filya tubika iminwe panshi ilyo tulelisha umumfyoli.",imbwa shibili ishabutulukila nashilolesha kuli kakopa wacikope,"Elyo iyafita yena iyoo nakalya, iloleshe lubali lumbi nga iyumfwile iciunda cankuba.",mumulu muli ama kumbi ayafitile nayali fye ayabuta kwati kwalaloka infula kabili kwati tayaloke.
3484,kacimfyanya wama honda naiminina kumbali ya honda yakwe iyafita.,"Aleshingulusha icituku-tuku mu mwela, naimya na icipindulo ca cituku-tuku","elyo nafwala necampepo cafita, netoloshi lya makumbi makumbi, kabili mumbali yama taila ya honda mwalipentwa nelangi lya mutuntula.","Kunuma yakwe kuli icikulwa cabuta namashiwi ya makumbi-makumbi, yaleti Vive MotoGP en TVE na inambala 1 pamulu.",elyo kabili kuli ibumba lya bantu abaletamba uyu umulumendo.
3485,"kabumba wafinti uwabuta inkanda ale bumba inong'o, nafwala nama galashi yakumwafwilisha ukumona.",Aleshingula inongo shintu abumbile na ilangi lyakashikila (maroon).,"uyukabumba wafintu ni shitata, elyo alikwata imishishi ishipi ishafita.","Naibukisha namashiwi ya mu Cipingo ilyo Lesa Kabumba alengele umuntu mucata cakwe, uyu kabumba nakasabana mwilangi aleshingwela inongo.",elyo shitata uyu imishishi shakwe shilemoneka kwati shila susuka pantanshi pantu kwena palemoneka akalupala.
3486,ibumba lyaba kacimfyanya walubilo nabeminina mumusebo balepekanya uku tampa ulubilo.,"Balifye abasalapuka ilyo baleiteyanishisha ulubilo lwa kapela-makufi, ukucitila Haiti (marathon for Haiti).",shitata untu ali pantanshi nafwala akasote kabuta neshati lya buta.,"Elyo kukuso kwakwe kuli shitata uufwele ifyabuta, naimya na maboko yakwe kunuma yamutwe.","kabili kunuma yakwe kuli shitata naumbi uwikete amaboko mumusana, nafwala ne shati lya buta."
3487,shitata wabuta inkanda ale enda mumusebo nafwala ishati lyabuta elyo ale lolesha kumbali yakwe.,"Aleendela kumbali ya musebo na maboko ayaikampa, ilyo bambi baleendela mucipi-cipi na umusebo.",uyu shitata alikwata imishishi ishipi elyo kuntanshi yakwe kuli namayo untu afwele umwingila wafita.,Nakunuma yakwe kuli shitata uulensha incinga yakwe mu musebo.,kumbali ya mukashana kuli shitata untu afwele akasote nao alelolesha kumbali yakwe.
3488,"ibumba lya bantu babuta inkanda lile enda mumusebo, aba abantu nabafwala ifyakufwala fyama langi ayalekana lekana.","Aya kashika na aya fita, basendele ifyola fyabo kabili baleendela pakati ka tupampa twa mumusebo tune.",shitata umo nafwala icampepo camaboko ayatali icamalagi yabuta nayakashika.,"Pakwenda aba bantu balemoneka nga abaikumbata amaboko yabo kuntanshi, ngafilya ciba muno Zambia mu mwenshi wa Kapepo-kakalamba.",kuntanshi ye bumba ili kuli icikulwa icilemoneka kwati cakale.
3489,shitata wankanda yabuta nafwa la suti elyo aposing'a uku kopwa icikope.,"Natolokela na mumulu ilyo asekele, insansa shakwe shipalile nga uufolele akapiya kakwe aka pa mwenshi.",kunuma yakwe kuli icikukwa icisuma elyo kulemoneka kwati kuli shitata untu alefumamo.,"Ilituka lili kunuma yakwe lilemoneka nga ilyaisulamo ifintu abantu batemwa, ngafilya ciba mu SHOPRITE na Pick n Pay.",nakabili lilemokeka kwati maofeshi yabakabomba abafwala ama suti.
3490,banamayo bankanda yabuta bane baleyenda mu passage elyo bonse naba fwala utuputula.,"Baleende nga abasambilishi ba pasukulu lyamasambililo yapamulu, bafwelefye utupimpinya twa mfwalo (mini clothes).","elyo bonse balikwata imishishi ishafita ishatelela, umo namayo alemoneka kwati pali efyo alefwaya muchola kakwe.","Eya e, lintu babili mupepi nao balelyashika pakwenda.",elyo umukashana apalamene nao nakwata akachola kafita kantu akobeke pakubeya.
3491,shitata wabunta inkanda aletolokela mwibumba lya bantu ukufuma pa stage yaba kemba wanyimbo.,"Kuti watina nga aliponene mwe, katwishi ngaleshana nangula aleyangala ubwangalo nshi.","chilepala kwati nifilya bakemba bakubasungu bahcita, ulwimbo nga lwawama elyo baiposa mwibumba lya baletamba.","Hahaha hahaha ahhh, ala bukemba nabo nincito pantu limo kuti watila nalimo bwalwa nangula fwaka wa cingoni.",abantu mwibumba aletolokela nabemya amaboko kwati baleipekanya uku mwanka uyu shitata.
3492,"shitata na namayo wankanda yabuta baletoloka mumbali yamumana, shitta tafwele neshati.","Kunuma yabo kuli amaato ayapusana ayashikwete bantu, yali ngayalya yendelea kuli tumashini twamafuta (machine boats).",elyo kabili uyu shitata na namayo nabekata iminwe ilyo baletoloka.,Namayo nafwala ishati lya makumbi-makumbi pali amalembo yabuta yaleti; SPEND TIME FOR MONEY!,kwishilya lyamumana katwishi nga nipakati kamumana kuli ichilepala nga ubulalo (bridge)
3493,namayo wankanda yabuta alepenta ifyakashika pamulomo.,"Amanda L. Benertt alemoneka nga uuleya kuciila ca kubungana kwa kabungwe, elyo ena ni ntungulushi ikalamba (President).",alikwata nemishishi ishitali ishafita.,"Amanda katwishi ngatacelelwe filya banamayo mwaba, lelo ali nu ukuilolesha mucilolani pakuibyutula.",kunuma yakwe kuli ichibumba chapangwa ne mbao.
3494,bashitta bafita inkanda baleteya umupila wakutanusha (basket ball),"Balechimfyanina mupepi na icipanda, ngafilya kateya wa ilangi lya macungwa aloleshe kumubiye.",shitata umo naikata umupila elyo umbi ale lwisha ukupoka uyu mupila.,"Uulelwisha umubiye nafwala ilangi lya makumbi-makumbi, elyo pabokosi palembelwe LIONS hahaha!",shitata wikete bola ena nafwala ilangi lya kashilila ilya (orange) elyopanuma palembelwe inambala 5 mucibemba ati Cisano.
3495,"namayo wabuta inkanda nafwala ilaya lya fita elyo nasenda akachola kakashika, nensokoshi shakuminwe nasho ishakashika.","Alemonekafye nga akalubi nakwata akapupusho kamwela (hand fan) akafita, kabili asendele na umwamfuli wamalangi yabili.",ama langi yali mumwafuli yantu yabuta naya kashika.,"Elyo icisote cili mumutwe awe kwena nisotambe, bushe tefisabo fyalekana-lekana ndemona?","kwena filemoneka kwati fisabo, chilepala kwati uyu namayo aleya kuchila chakufwala ama costume."
3496,"nakulu bantu uwabunta inkanda naikala pachibumbili nafwala nefyabuta, elyo kunuma yakwe kuli ka pushi.","Ico nafutatila pushi kunuma, na inkombo shapusana kukulyo, teti twishibe nga nimutungwinshi (gender).",kuntanshi yakwe kuli icikulwa icha fita mwapita notwabuta.,"Pali iyi ncende kwena ni pamatuka, nomba uyu muntunshi nganifilya tumona namuno calo cesu mumisebo.",pantashi yama tuka aya pali ichipampa chakashika ichikwete amashiwi ayalembelwe kwilangi lya buta.
3497,ibumba lya bantu aba buta inkanda nabeminina pachitesheni che sitima balelolela.,"Basendele na ifyola fyabo, balelosha ishitima lilepita ngapo elyo balenina nga lyaiminina ni katwishi bwalya!",namayo untu ali kunuma sana nakwata ichola cha fita elyo alikwata imishishi isha buta.,"Banamayo abengi mucikope nabakwata umushishi wa mafi-yambusa (brown), filya bashikwete fisote.",isitima lintu balelole ukunina nalikwata ilangi lya makumbi makumbi.
3498,umwana umukashana nafwala ishati lyabuta ale yangala pacakudenfumapo (trampolin),"Icidemfu cili namalangi yalekana-lekana ukubikapofye katapa-katapa, macungwa, mito-mito (gray), na kashikila.",aka mukashana aka kalikwata imishishi shabuta elyo naka kaka umushipi uwa makumbi makumbi kunuma yamishishi.,"Kafwele na utusokoshi twabuta kumakasa, ngafilya akalukasa kali kunuma kalemoneka.",kunse yaici icakudenfwapo kuli ifimuti ifikalamba.
3499,namayo wankanda yabuta nembwa yafita baleyangala pafyani.,"Naiposela akapalile nga akatambala, nayo ilebutukila kuntanshi yakwe.",chilepala kwati ni kite balepupusha mumulu.,"Hahaha, ala pakubala nacimona kwati namayo aposele icuni mu lwelelele.","uyu namayo alikwata imishishi ishipi isha fitulukila, elyo nafwala netoloshi lya makumbi makumbi."
3500,"banamayo babili ababuta inkanda nabafwala ifyakufwala fya makumbi makumbi, elyo nabatolokela na mumulu.","Baleshana amasha ya ntambi shabo (traditional dance), bali mu musebo na wabantu abaletamba.","umo namayo nafwala akasote akakashika, elyo umbi alifye nemishishi pambili bili.","Kunuma yabo kuli bakalisha wafilimba fyakukanwa, natutile imitolilo.","elyo kumbali yabo kuli namayo uwiminene, nafwala ilaya lya fishilwa fyelangi lya buta nefya fita."
3501,"namayo wabuta inkanda alikwata imishishsi ishitali, nasekelela ilyo ale lolesha kuli kakopa wacikope.","Asamwine akanwa kakwe na isikiyo kukutwi, elyo nafwala na kamukame (choker) pa mukoshi.",alemoneka kwati balimusansamwishe kuli kakopa wacikope.,Kwenafye pantu nasekelela ilyo aloleshe kuntanshi ya icikope.,"elyo kunuma yakwe kulemoneka ilangi lya makumbi makumbi, nomba talishibikwe ngani finshi filipo."
3502,aka mwana aka kashana akabuta inkanda nakeminina mumbali yamusebo ilyo bakakopa icikope.,"Kaleensha icilubi ca malangi ayalekana-lekana, apo kemanine pali amabula ayauma kumbali ya musebo.",icho kale enseshamo icilubi nacikwata ilangi lya mutuntula ukwakwikatila.,"Elyofye na ifyakufwala kafwele nafikwata amalangi ayapalana, ukufumishako icampepo.",elyo nakafwala utusapato utwakashika elyo twakwatamo nama langi yamutuntula.
3503,namayo wabuta inkanda naikala pacibumbili mumbali yamusebo. ,"Aloleshe panshi ilyo aleikata akacola kafita pa molu, abikile na makalashi yakwe munkopyo.",elyo kunuma yakwe shitata untu afwele ishati lya buta elyo alikwata imishishi  Isha fita,"Kwali akasuba ubu bushiku, cipalile uwalefwaya akasalu kaku menso pakuti aipuputeko hahaha.","Icine elyo abantu nabafula, kuli na shitata umbi nafwala ishati lyatu bokoshi twamakumbi makumbi."
3504,"bakateya wamupila wakuminwe rugby, balecimfyanya ukupoka umupila.","Nabapilikana nga shala wambe, aba ilangi lyafita babili elyo uwa ilangi lyabuta umo.","elyo bonse babili nabafwala ifisote fyaku bacingilila Kuma sanso, kabili kunuma yabo kuleisa shitata untu afwele akasote kabuta.","Eya e mukwai, pantu uyu mupila kwena walipambana na inshita ishingi ukabila bakateya ukumana imibili nomba epali mwaumana imyona.",Shitata untu ali kunuma yabo nafwala itoloshi lya buta elyo abika ishati lya ma langi aya lekana lekana.
3505,shitata wankanda yabuta naikata icimuti mumulu aletumfya imbwa yakwe ukuti yipoke.,"Naikwata akamwando kafita mu mukoshi, elyo natolokela kukamuti kali kuminwe ya mulumendo.",uyu shitata nembwa yakwe Bali mumpanga elyo kulemoneka impili nefimuti.,Pamushili anyantile pali icani cauma kabili na inshila ilifye iyauma nga Mulusuba-lukamba.,"imbwa yakwe naikwata umushipi wafita mumukoshi, elyo wakwata akantu ka kashika pantanshi."
3506,utu kashana tubili utwa nkanda yakashika natunina pampunda yamu desert iyabuta.,"Iyi nama kuti twatila nyi ngamali, elyo shili shibili na utu tukashana tuli pali imo imo.",kamo aka kashana nakafwala itoloshi lya katapa katapa elyo Kambi nakafwala Ilya makumbi makumbi.,"Kuntanshi yatukashana kuli namayo ali na imyando ya ngamali shonse shibili, aleshitungulula.",elyo kumbali yabo kuli insaka nempili ishingi.
3507,shitata wankanda yabuta aleteya amangalo yalekana lekana mu cafe.,"Hahaha ni bonanza, ala aya mangalo yapusaula nabakulu kwatifye baice.",elyo uyu shikulu bantu nafwala amagalashi yaku mwafwilisha ukumona elyo nafwala necampepo.,"Ububwangalo buntu aleteya kwena nangula ulifye weka kuti waumfwa bwino, kabili bwena bwafimashini.",muntu eminine namwaka amaliti yama langi aya lekana lekana.
3508,baka cimfyana bamangalo yami knife nabafwala ifyakufwala ifyabuta ilyo balecimfyana.,"Bapalile nga abalecinjanya mubwangalo bwabo, pali bashitata na banamayo abafwele ifyafita..",kunuma yakwa shitata umo kuli namayo nafwala ishati ne toloshi lyabuta.,"Shitata umwefi uwankanda yafita naikala ilyo ishati lyakwe lili ilyaisulwa amabatani, moneni ifyo na ulufumo luli panse.",elyo kabili mwibuma muli shitata untu afwele akasote kafita elyo ne shati lya katapa katapa naikata na banjo.
3509,icimbaya mbaya ca katapa katapa cile enda mumusebo pali ne nambala 63,"Nacibutuka sana mu musebo, cipalile nga icili ceka lelo tatushininkishe nalimo cili pa teleningi.","kabili cilemoneka kwati tacilesela, ifikope fila lubanya mwe.","Mucinefye, limo kuti walolesesha umu na umu awe nakalya ukuti wishibe bwino.",kumbali yamotoka kulemoneka icibansa icikwete ifyani nakalupango mumbali.
3510,baka teya ba hockey naba kolongana kucibumba ilyo bale lwishikanya uku senda aka mupila.,Aba banamayo bankanda yabuta balecimfyanina mucibansa icatelela na ilangi lyabuta.,elyo nabafwala ifyakuteyelamo uyu umupila ifyafita elyo mwapita nelangi lya mutuntula.,"Uyu namayo belikishe kucibumba nalimo eukwete umupila teti wishibe, pantu imifwalile yabo ilemoneka imoine.","eya imifwalile yabo yilemoneka iyapala nomba kwena nayipusana, elyo ukupitilila kunse yacibansa kuli ibumba lya bantu abaletamba uyu mupila."
3511,shitata wankanda yabuta alikwata umushishi uutalki elyo nafwala ishati lya butulukila.,"Alelisha umulimba wa miwaya na kamuti, walikwata na malaiti yasanike mumbali.",kunuma yakwe kuli icikope cakwa namayo alenwa fimo mumusukupala wacela.,"Elyo ali nga uulelolesha uyu keemba, panshi yacikope pali na amashiwi yaleti ITALIAN ACCENT na NEW YORK.",icibumba kuntu ici icikope cikambatikwe kwalipentwa ilangi lya buta.
3512,utubana tubili utwa cingeleshi akalumendo naka kashana natunina muci mbaya mbaya cakashika.,"Aka kashana nakakwata ulunga lwa caalo ca United States of America, elyo ici cimbaya-mbaya cipalile nga cilya cishimya imililo (fire brigade).","aka kashana nakafwala ishati lya kashika elyo aka lumendo nakafwala ishati lya fita, tonse tubili tulelolesha panse.","Keensha wacimbaya-mbaya nafwala insalu shapamulimo wakwe, aleensesha kukuso (keep left), ngafilya ifimbaya-mbaya fyalipusana imbali shakwenseshako.","elyo kunuma yacimbaya mbaya ici kuli ifimuti, filemonekelafye pamulu."
3513,imbwa iya fitulukila yiletoloka ifyani ifyauma muli snow.,"Ili mu ncende ya menshi makasa, naikwata akamwando mu mukoshi.",akamwando kali mumukoshi kalemoneka akafita elyo nayimwa amatwi ilyo yiletoloka utufyani.,"Kukanwa kwena limbi ni filya yacilafwaya-fwaya mu menshi-makasa, kulemoneka ukwabuta.","kwena uku kuntu kwali ukwatalala, pantu snow nayifula."
3514,ifi mbaya mbaya fyama langi aya lekana lekana nafiminina mumbali yamusebo.,"Elyo kumbali kuli banamayo babili kuntashi ya bashitata batatu, baleenda nga abalesefya.",aba bantu nabafwala ifyakufwala ifya kashikila ilyo umo shitata afwele umwigila wabuta abikapo nensalu ya makumbi makumbi.,"Iyi insalu ipalile nga ulunga lwa caalo ca Nicaragua nangula Assen, filya amalangi yafyalo fibili yalipalana.",elyo ne fimbaya mbaya fiminine mumbali yamusebo nafyo nafikwata mo ilangi lifwele aba bantu.
3515,baka cimfyana bamanagalo ya hockey balelwishanya ukusenda akamupila. ,"Mupepi yabo kuli lefu naikata na pintu, elyo akatalamukila kuli kashila wa fishilwa (linesman).",aba bantu bankanda yabuta elyo bonse nabafwala ifisote fyakuicingilila kuma sanso.,"Inambala ifwele uwa makumbi-makumbi ni 11, elyo umubiye inambala 48 nalimo 46.",elyo kwena kunse yacibansa kuli ibumba lyabantu abeshile muku tamba uyu mupila.
3516,"bakateya bamangalo ya roller skating baleyangala mucibansa cabo, umukashana untu ali pantanshi nafwala ishati lya katapa katapa.","Bonse aba banamayo balelwila ukwenda bwino mucibansa camupila, nabafwala na ifyakufwala fyamalangi yalekana-lekana.","elyo bonse nabafwala ifisote fyakuba cingilila kuma sanso, elyo abengi mufyo bafwele muli ilangi lya makumbi makumbi.","Ala pakubala nacimona kwati namayo ali pakati mu ishati lyabuta ni shitata hahaha, lilya nalolekesha elyo nacimumwenekesha.",kumpela ya aba bantu kulemoneka shitata untu afwele ishati lyamishilwa sha buta ne shafita.
3517,"ibumba lkyabantu nabekala mumuputule uukalamba elyo pama  tebulo pali ifyakulya ifya lekana lekana, cilepala kwati kuli iciila ","Ilibumba lintu lyabantu bankanda yabuta abalelila pamo nga ibungano, pamatebulo yabo pali amaipakishe ya malila.","elyo bashitata abengi nabakwata imishishi ishipi, shitata umo nafwala ishati lya makumbi makumbi.","Nifilya calembwa mu Cipingo ati shitata esunga mushishi utali, elyo namayo ebeya kumutwe pantu ekwaba ululumbi lwakwe.",aba bantu bekele nga abali kuciila capala ubwinga.
3518,shitata wabunta inkanda nafwala icisalu camalangi ayalekana lekana kumutwe.,"Kabili cili na ifipunda pa menso nakukanwa, pali icikope ca kwa spiderman.",elyo uyu shitata alikwata imyefu kumbali yakanwa konse.,"Lolesha kunuma yakwe kuli icibumbwa calengwa na namayo wa Cimwenye, mumalangi yalekana-lekana.","cine elyo nakwata icabeka pa mpumi yakwe, nga filya bana mayo bamwenye babika."
3519,umulumendo wabuta inkanda naikala palunkoto naikata na fwaka kuminwe mupepi nomutwe wakwe.,"Tafwele icakumulu lelo afwele amakalashi yakwe ayafita, na patebulo  pali icitabo caisuka.","uyu umu lumendo alikwata imishishi ishipi, elyo alelolesha kumbali yakwe.","Kunta aloleshe kuli ibotolo na plastic, ifi fintu fipalile nga icakunwa na utulukombo twakunwinako.",palemoneka ne botolo ilikwete inkupiko ya katapa katapa.
3520,shitata wafita inkanda naika banjo alelisha mumusebo elyo abantu baletamba.,"Aleimbila na mucinanda cafita, nafwala na icisote ca nsalu shakupikula kabili na makalashi mumenso.",shitata wabuta inkanda nafwala icampepo cafita elyo aleya mupepi na kemba wanyimbo pamusebo.,"Elyo kunuma yakwe kuli namayo wafita umushishi uuloleshe kuli keemba, ali nga uulefwaya ukuposapo indalama.","kunuma yakwe kemba uyu kuli icikulwa icapangwa nama buloko, elyo kuli necipampa ca katapa katapa."
3521,"imbwa yafita elyo neya kashikila shilecena, ilyo shikele pansalu yabuta.","Iyafita nainamila paibiye, shili mung'anda elyo pepifye na icitunshi-tunshi cafita.",imbwa yafita nayi kwata umushipi wa katapa katapa mumukoshi.,kunuma ya mbwa kulemoneka ishiko lya mulilo (house wood stove).,"cilepala kwati ishi imbwa sha mung'anda, filya abasungu batemwa."
3522,utubana utulumendo tutatu utwa nkanda yafita tule samba mumu mana.,"Tulemoneka nga utwafitulukila, elyo akali kuntanshi nakemya amaboko mumulu.",akali panuma kale lolesha kumbali elyo naka sekelela.,"Tonse tutatu tulifye mu menshi ukwabula umwenso, tulemoneka nga utwina Somali.",elyo kuntashi yakalumendo akemishe amaboko mumulu kuli intambo iya butulukila.
3523,"utu bana twankanda yabuta tubili natwikala pamupando, aka kashana kalesukusa mukanwa elyo kambi kanya nakalala pamupando.","Tuli pamupando wabuta, kunuma yakemanine kuli pilo wafita, elyo utu tubana twina Asia.",aka mwana akali pantanshi nakafwala ifyakufwala fyama langi ayalekana lekana.,"Kalesukushila umuswaki wa ilangi lya cikashana (pink), elyo kali nga akaloleshe ku cintunshi-tunshi (Tv).",elyo mupepi nomutwe wakanya akalele pamupando kuli pillow iyafita.
3524,nakulu bantu naka mwana aka kashana nabekatana iminwe ilyo bale yenda mu maliketi.,"Kumbali yabo kuli amatebulo yamakwebo yalekana-lekana, nakulubantu aloleshe kukulyo akamwaice kuntanshi.",nakulu nafwala icitambala kumutwe elyo kunuma yamwaice kuli namayo untu afwele icitambala.,"Banamayo bonse mucikope nabafwala ifitambala fyalekana-lekana, kuli na shitata ufwele akatasa kabuta kumutwe.",nakulu bantu uwikete akamukashana nafwala siketi yakwata ilangi lya buta nelyafita.
3525,nakulu bantu uwabuta ikanda nafwala icampepo ca kashika elyo ale butuka mumusebo.,"Nakaka nakatambala kafita mumpumi, amakalashi ya macungwa, na insokoshi shafita kuminwe, .",elyo kunuma yakwe kule isa shitata untu akwete ulu kombo lwabuta kuminwe.,"Kabili moneni abantu babili baleya kuntu namayo alefuma, umo alebutuka nganamayo lintu umbi aleendafye.",elyo shitata untu ali kunuma yakwa namayo nafwala ifya kufwala fyafita.
3526,"utu bana twankanda yabuta tubilinatwikala panshi, akalumendo kale sakula aka kashana imishishi.","Tuli mung'anda mu muputule wa cintunshi-tunshi (Tv room), akakashana nakekala na pamupando wakashikila.",akalumendo nakafwala ishati lya katapa katapa elyo aka kashana kafwele ishati lya malangi yalekana lekana.,"Kumbali ya mupando kuli imbale yabuta na limoti yafita, nalimo eyakwashishako icitunshi-tunshi.",aka mwana akalumendo nakafwala itoloshi lyafita.
3527,"shitata nabamayo batatu ababuta inkanda nabekala pamulu walupili, bana mayo babili nabalala elyo shitata na namayoumo nabekalako.","Shitata na namayo bekeleko nabafwala ifyafita kumulu, lelo shitata nafwala na makalashi ya menso.",namayo umo nafwala icampepo icakashika elyo nakaka umushipi mumutwe.,"Umbi namayo nalala panshi lintu aloleshe mukacola kakwe akafita, nafwala na inkoloko iyabuta kukuso.","kunuma yabo kulemoneka impili nefimuti, ifili munshi yapo bekele."
3528,bashitata batatu ababuta inkanda nabanina pama horse balecimfyanya.,"Pakati kabo pali inama ya mbowo yafita, cilepala nga ilya batenganine ukuti ibwelele mwicinka.","kunse ya cibansa umo bale ensesha ama horse, kulemoneka ibumba lya bantu abeshile mukutamba.","Elyo namona kuntanshi yabantu utufibi twa mbao na ilangi lyabuta, kabili ama nambala 1 2 3 4 5 ifyofine.",mumbao ishi namupita shimbi imbao ishakashika.
3529,banamayo babili aba buta inkanda nabafwala utusote elyo bonse nabasenda ifyola fyama langi yalekana lekana.,"Kukulyo kwabo kuli icilengwa ca katapa-katapa, nacimya amaboko na icitabo mu mulu.","elyo kukuso kuli namayo uwakwata imishishi shabuta, nasenda icola cabuta elyo nafwala itoloshi lya makumbi makumbi.","Pamulu wafikulwa pali ifipampa fibili ifileti; icantanshi SHOW PRINT, na ica cibili PARKING.",namayo untu ali kukuso ali na shitata untu afwele ishati ilya buta elyo ali kwata imishishi ishipi.
3530,namayo wabuta inkanda nafwala ifyakufwala fyafita elyo nashintilila kucibumba.,"Ali kuntanshi ya Cilonganino nga uuleimba, nakunuma yakwe kuli bakalisha wafilimba fyamiwaya nafimbi.",namayo umo naikala pa mupando wamutuntunla elyo alikwata imishishi shabuta.,"kuntanshi yakwe kuli akalilaiti na kaka, elyo kucibumba kuli insolokoto (window) na icikope camungeli.",kucibumba balikambatikako icikope icamaluba ayama langi yalekana lekana.
3531,namayo wabuta inkanda nafwala ifyakufwala ifyabuta elyo nalolesha mumulu naiminika necimuti pacilefu lefu.,"Afwele ifyabuta kabili na umulando aposele uli uwabuta, kumbali yakwe kuli shitata nao na umulando.","uyu shitata ali kumbali, nakwata akamupila aka kashika mukanwa.","Nakwata na icakashika pamona, kwatifye ni shitata umbi kukuso kwakwe na kunuma yabo kuli banamayo babili abaletamba.",shitata umo wine nafwala akasote aka katapa katapa nenkoloko iyafita kukuboko.
3532,utubana utwanakashai utwa cingeleshi tubili natukumbatana.,"Akakalamba kalebutuka, kemishe umwaice bantu uuloleshe mucikope.",kunuma yabo kuli abantu babili nabo balemoneka abankanda yabuta.,"Namayo ekele muceni cakwa shitata, abanensu bankanda yabuta iyoo mwandi balatemwana.",nabekatana amaboko kwena ilyo bekele. apo bekele kwena pa pangwa na konkili (concrete)
3533,kateya wabwangalo bwakuposa umufwi (javelin) naikata umufwi wakwe elyo ali paku posa.,"Uyu namayo nabutuka ulubilo pakuposa umufwi (javelin) wakwe, ali mucibansa ca macungwa pakati ka imishilwa ibili iyabuta.",elyo nafwala akaputula akepi aka makumbi makumbi.,"Umuwfwi wakwe wa ilangi lya pepo, walisompa kuntanshi na kunuma lelo kuntanshi kwaliba akacela kakuwimanika pamushili.",uyu namayo nafwala insapato ishakashika neshati lya buta.
3534,shitata wabuta inkanda naikala nomwana umukashana pacintu cafita mumumana.,"Balelosha mucikope, umwana wakwe ali palufumo elyo ena nasenama pa lyenshi.","shitata tafwele ishati, elyo umwana ena nafwala utwakufwala twakusambilamo utwamalangi yalekana lekana.","Amenshi balesambamo yalemoneka ayafitulukila, kwena limbi apa pantu pali shika (deep).","cine, elyo bonse shitata nomwana balemoneka aba mwentula."
3535,utubana utulumendo tubili natwikala tulelya mukamusebo ka concrete.,"Pakati ka tuko pali plastic bag yafyakulya, kunuma kuli na ibotolo lya kunwinamo.",akalumendo kekele kukulyo nakafwala itoloshi ilya makumbi makumbi neshati lyamishilwa.,"Elyo akakambi kukuso kafwele insapato shafita, itoloshi lya makumbi-makumbi, na shikipa yamishilwa. ",tonse tubuli utu bana twalikwata imishishi ishipi.
3536,namayo wabuta inkanda nafwala icampepo cafita elyo cakwata amaboko aya kashika.,"Nikashitisha wa mwituka likalamba nga SHOPRITE na Pick n Pay, elyo kukulyo kwakwe kuli nakulubantu uuleshita ifyo namayo alepisha pa mashini.","cine uyu nikashitisha, elyo kukusokwakwe kuli shitata untu afwele ifyafita aleshita ifintu mwituka ili.","Uyu shitata alelolesha ifyo engashita muli ili tuka, pantu nakontamina panshi mukulolekesha ifilipo.",namayo untu aleshitisha nalolesha kuli kakopa wacikope.
3537,ibumba lyabantu babuta inkandxa nabekala mumuputule baleshimika.,"Bambi bali kuntanshi na inkombo (cups) ishapusana, elyo abali kunuma nabakwata ama amakompyuta.","bambi nabekala pamipando nama computer pama tebulo baletinika, napo nga nifinshi balecita.",Pamulu wacibumbili pali ifikope ifya bantu; abaume na abanakashi kabili inkanda shalekana-lekana.,Muli uyu umuputule muli umupando uwabuta apashikele umuntu nagu umo.
3538,shitata wabuta inkanda aletamba namayo na shitata aba leitomona.,"Bali pakati kabantu, bambi nabekala elyo bambi baleendauka mumusebo.",shitata untu ale tamba nafwala ishati lya kashika elyo nakaka umushipi wabuta mumutwe.,"Kwena ali na pali lamya yakwe, nafwala na itoloshi lya mafi-yambusa.","elyo ukulolekesha mupepi nefikulwa kuli icimbaya mbaya cabuta, icilepala nga icaba kalemba wa NEWS"
3539,namayo wabuta inkanda naimya icola ca fita elyo na platic ya makumbi makumbi.,"Aleenda eka mu musebo, elyo kuntanshi yakwe kuli ifimbaya-mbaya fishileenda.",kuntashi yakwa namayo uyu kuli icikulwa icabuta.,"Mu mulu muli amaluba yalemba, ayamenena kufibumba fyafikulwa.","uku kuntu alepita kule moneka kwati takwafula abantu, pantu alifye eka mumusebo."
3540,"motoka yakashika ile enda mumbali yamumana, kuntanshi kuli utoni utwingi natwiminina kwishilya lya mumana.","Elyo nayasha amalaiti, naikwata na ulunga lwa caalo ca United States of America.","ici icimbaya mbaya cilemoneka kwatri caba kapokola, uku monafye amalaiti yali pamulu.","Kuntanshi kuli ifyuni, kwena ici cimbaya-mbaya nalimo tacileenda pantu ifyuni tafiletina.",ukulolekesha ukupitilila icimbaya mbaya kwena kule moneka kwati kuli icikulwa icabuta kunuma uku.
3541,akam mwana aka kashana kafwala ishati lya mutuntula elyo nakekata icintu cama fufu icamakumbi makumbi.,"Nakafukama amakufi panshi, kalesusaula amafufu yamapepala makumbi-makumbi.","kunuma yakamukashana aka kuli ulupango lwa ma wire, elyo kuli ifimuti nefyani.","Kukuso kwa kakashana kuli umuntunshi uusunsumene, elyo umbi nao naiminina.",aba bantu nabafwala ifyakufwala fyama langi aya lekana lekana lelo tebeshibikwe nga baume nagula abanakashi.
3542,"namayo wabuta inkada, nafwala icampepo camakumbi makumbi makumbi elyo alelolesha kumbali yakwe.","Naikatanya iminwe shakwe pa itebulo, kukuso kwakwe nafwala inkoloko.",elyo mukati ka campepo cintu afwele muli ishati lyama langi yabuta nayafita.,"Nafwala ubulungu bwa mu mukoshi, elyo kuli icitabo kukuso kwakwe.",kunuma yakwe kuli icikope cintu bakambatika kucibumba.
3543,namayo wabuta inkanda nafwala itoloshi lya kashika elyo naikala pali honda.,Ukulu kwakwe ukwa kukuso kuli panshi lintu ukwa kukulyo kunyantile pa cituku-tuku.,elyo kumbali yamusebo kukuso kuli ifikulwa fyama langi ya katapa katapa ne fya kashika.,"Kabili kuli na shitata kunuma yakwa namayo, nao aleendela pa cituku-tuku cakwe.",elyo kuntanshi yakwa shitata untu ali pali honda kuli icipampa ica kashika.
3544,namayo nangula shitata nafwala ifyafita elyo naikala muli snow.,"Ni namayo hahaha, nabika amabotolo yakunwina yabili panshi kukulyo kwakwe.",aya ama botolo abikile panshi pali ilya kashika elyo nelikwetemo makumbi makumbi kunkupiko,"Nafwala ulusokoshi lwa kumutwe ulwa kashika, abikapo na ilaiti lya pampumi.",pantanshi yama botolo abikile panshi pali aka ka kashika aka lemoneka kwati koni.
3545,"utubana utubili natwikala pulu wamipando shamu cimbaya mbaya, elyo tatufwele ama shati.","Hahaha hahaha hahhh ala kwena, twanjibukisha ilya filimu twaleita CENDA BWAMBA (in gods must be crazy) .","icine wasosa, elyo kamo nakafwala ubulungu bwamumukoshi elyo kambi nakafumya ululimi panse.","Nakafwala na akaputula kakashika, elyo akabiye nakafumisha ululimi panse.",utu tubana tinse tatufwele insapato tulifye amakasa.
3546,umwana umulumendo nafwala ifyakatapa katapa elyo naikala pali honda yakwangasha.,"Nalolesha kuntanshi, elyo mumbali muli fimashini fyamalangi yalekana-lekana.",honda yintu ekelepo yintu yakashika elyo yakwata ifya kwikatilako ifya fita.,"Kunuma ya mwana kuli ifilembo pa cipampa ifya ilangi lya mafi-yambusa, fileti THUNDERATION.",uyu umwana nafwala akasote aka katapa katapa elyo kucibumba kuli intanda isho bakambatikako.
3547,banamayo babili aba buta inkanda nabafwala utusote twafita elyo baleipika.,"Balemoneka nga bakanye-kanye bamucikini kumipikile, elyo kunuma yabo kuli abantu balelosha ngabalefwaya ukushita.",kuli namayo umo nafwala icampepo ca makumbi makumbi ma shitata untu afwele ishati lya katapa katapa.,"Lintu namayo ali kunuma yakwe napusanya amaboko, elyo nafwala akampepo kayanguka aka ilangi lya makumbi-makumbi.",mumutenge wapaleipikila aba banamayo muli insalu she langi lya kashika.
3548,bakemba wanyimbo nabeminina apakwimbila elyo balelisha ifilimba fyabo.,Kunuma yabo kuli icipampa ca kashika namashiwi yaleti THE EARLY NOVEMBER.,mumulu namo namwaka amalaiti ayama langi yalekana lekana.,Elyo kunuma yafilembo fyakashika kuli icilengwa ca iluba lyakashikila.,"kabili kumbali yaba kemba aba kuli ibumba lyabantu abeminine, napo nabo nibakemba teti wishibe."
3549,ibumba lyaba shitata nabafwala ifyakufwala fyakatapa katapa ifyabushilika.,"Abashilika, ngafilya tubeta, nabeminina na shitata ushifwele ngabena.",elyo pali shitata umo untu afwele ishati lya buta elyo alikwata ulupala.,"Nakumbali ya bashilika bafwele ifimpo-mpo fyabuta kuli namayo ushishibikwe, naiminina na amaboko mumusana.",kwena aba abashilika nabeminina mupepi necikulwa icapala inganda.
3550,bashitata bankanda yafita nabafwala ifyakufwala ifyama langi aya lekana lekana.,"Bapalile nga bakalungisha ba fimbaya-mbaya, bali mupepi na imipeto yafita.","cine efyo balemoneka, elyo pali umo shitata untu afwele ikoti lya mutuntula nakaputula kamakumbi makumbi kantu kalefika muma kufi.","Kuli na umunyololo wabuta kunuma yabo, ulemoneka kwati ewo batintilako ifintu kufimbaya-mbaya.",elyo bashitata babili nabafwala utusote umo afwele akakashika elyo umbi afwele aka makumbi makumbi.
3551,icibumbwa capala umuntu naciminina mumpanga iyi kwete snow.,"Ngapo nishitata nangula namayo, natoloka palupili lwa menshi-makasa na snowboard icungulo-bushiku.","ala teti wishibe, ico nakufitulukila, kabili kulemoneka kwati akasuba elyo kafuma mukuwa.","Hahaha hahaha hahhh bwafya, ngawalolekesha itoloshi na utwabuta ala kuti watila ni muka Lot impinda ya mucele. ","icine efyo winga landa, kwabili nga walolesha mumulu mulemoneka umwa kashikila filya ciba kuma cungulo."
3552,kensha wama honda nafwala ifyakufwala ifyakashika elyo nanina napali honda yakashika.,"Ifyakufwala fyakwe fya macungwa kumofye na icisote, elyo icituku-tuku eca kashika.",kunuma yakwe kulemoneka ifimuti kwati ali muku koneka.,"Pali tuku-tuku yakwe pali inambala 20, elyo kulubali lumbi kuli ifilembo fileti: HALLETT RACEWAYS.",kwena honda iyi yalikwata ama taila aya fita nga filya yonse ama honda yaba.
3553,shitata wabuta Inkanda nafwala ishati lya fita elyo ale enda mumusebo aleya mukwikala paka mupando kamumbali yamusebo.,"Uyu shitata alemoneka nga uulesambilila umwakwendela pa nsapato shamipeto (roller skates), aloleshefye panshi nga uuletina ukupona.","elyo nafwala ishati lya fita netoloshi lyabutulukila, kabili alikwata imishishi ishipi.","Uko aletentemukila kulemoneka nga ukuli umutelemuko, filya inshila isendamine lubali.",kunuma yaka mupando kali mumusebo kuli ifyani nefimuti ifili kunuma yacibumba.
3554,"shitata wabuta Inkanda alecofa incinga, elyo nafwala akasote kakumucingilila kumasanso.","Aleensesha mu menshi-makasa, nafwala na amakalashi ayabengeshima mu menso.",kukulyo kwakwe kuli icikulwa icilemoneka bwino nganshi.,Kukulyo kwakwe nako kuli ifibumbili ifitali cine-lubali (7) mumpendwa.,uyu shitata nakwata ilangi lya kashika mucampepo cintu afwele.
3555,Ibumba lya bantu babuta Inkanda nabekala umwakulila ifyakulya pama tebulo ayatali ,"Muno Zambia ninshi bwinga, lelo abanensu efyo baikala nga intambi shakulila mu mayanda yafilyo (restaurants).","kumpela yama tebuli yantu balelilapo kuli ama laiti aya makumbi makumbi elyo nayabuta, kwena nayaka icipesha mano.","Nebo pakubala nati nalimo kwaleloka imfula yamakumbi-makumbi hahaha hahaha hahaha, awe cine amalaiti yakobekwe ku muti.","icine teti wishibe ifyalo fyaba nensu fyalyendelela, uku kwine kuntu kwakile ama laiti ya makumbi makumbi kulemoneka kwati kuli umwinshi wakwingililapo."
3556,"shikulu bantu nafwala amagalashi yakumwafwilisha ukumona, elyo nabika uku boko kumo kukutwi kwati untu alelanda pali kalamya.",Ndemona ni bashikulu-bantu babili abalelanshanya pamupando wabuta.,kunuma yabo kuli ulupango lwa fyela elyo nefimuti.,"Ulupango lwafyela cine-cinefye, lwalipentwa ilangi lyabuta na ilyafita.","aba ba shitata nabekala paka mupando akabuta, elyo bonse babili balikwata imishishi isha buta."
3557,"namayo wabuta Inkanda nafimbana akamfwili ka makumbi makumbi, elyo alemoneka uwasekelela.","Alemoneka umutali mundeleshi yakwe, kumbali kuli namayo alepela shitata wikele pakapuna ifintunshi.",kumbali yakwe kukubkoko kwa kukuso kulemoneka namayo untu afwele akasote kakashika.,Namayo umbi ali na akamela kakwe alekopa uyu namayo alepela shitata wikele pakapuna ifintunshi.,"namayo untu afwele akasote aleya kuli namayo untu ali kunse ya lupango elyo nafwala ishati lyafita, kabili namayo ali kunse nafwala ishati lya kaatapa katapa."
3558,shitata wankanda yaci Chinese aleputaula ifintu fyabuta nomu knife uukalamba.,"Ali mu cikini na apron wa katapa-katapa, aleputaula umufuba (dough) mutupimfya.",kukuboko kwakwe ukwa kukuso kulemoneka ifipe ifya lekana lekana.,"Filya mu cikini muli shitata ala ni sotambe nsale-nsale wafipe, lelo apo aleputawila palifye apabusaka.","icine pali ubusaka, mufipe fintu fili kumbali yakwe muli ibeseni lya buta."
3559,"kacema wang'ombe, uwafita Inkanda alelimisha ing'ombe shibili mwibala.","Alemoneka ni mwenye mukufita kwankanda, ing'ombe ili kukuso ya mafi-yambusa elyo kukulyo iyakashika.",ishi ing'ombe nashikwata ama sengo aya makumbi makumbi cilepala kwati shapentwafye.,"Hahaha hahaha hahhh, nacilaipusha naine pa icintu cimocine nati bushe aya masengo ya makumbi-makumbi cifyalilwa?","yangu, uyu umulimi nafwala akaputula kakashika elyo nabika umushipi wabuta mumutwe."
3560,"shitata naiminina pamulu wacikulwa, teshibikwe nga wankanda yabuta nangula iyafita.","Bonse babili na namayo kumbali yacikulwa ba inkanda yabuta, na pakati ka cikulwa pali ing'engele (bell) ikalamba.",elyo kuntanshi yabo kuli umumana ukalamba.,"Ili lyenshi ni bemba mukalamba, kwati ni mwelu-wantipa muno Zambia, alemoneka uwaikatana na makumbi.","icine fyonse filemonekafye makumbi makumbi, elyo umukashana untu ashintilile kucikulwa nafwala ifya buta elyo alikwata imishishi ishi tali."
3561,kabasa wafibumbwa uwabuta inkanda ale basa icibumbwa ca butulukikila.,"Uyu shikulubantu alikwata na ulupala palukobo, alebasa ukubomfya sando na chisel.",nafwala nefyakufwala fyafita mukati kekoti lya butulukila. ,Kunuma yakwe namumbali muli ifimbwa ifyabutulukila na ica mafi-yambusa kuntanshi.,fyonse ifi filepala kwati nishikulu bantu wafipangile mwe.
3562,umukashana wabuta unkanda alelolesha kuli kakopa wacikope ilyo bamukopa.,"Muminwe yakwe muli akakopo ka cakunwa calowa, alemoneka nga uwikele mukasuba.",kunuma yakwe kuli ibala lyamaluba ayalekana lekana.,"Nafwala akakosa kukulyo kwakwe, kabili naimya icola ca malangi ayalekana-lekana.","mwi shati afwele muli ilangi lya buta mukati, elyo alikwata imishishi ishitali."
3563,shitata wafita inkanda naikala pakamupando wafita ale basa icintu ukubomfya sando no musomali.,"Alikwata umushishi wafikuti uutali kabili uwafita, elyo afwele na makalashi yafita.",elyo nafwala ama galashi ayafita ayakucingilila amenso kufingegilamo pakubasa.,"Mucinefye pantu filya alebasa ngafyalitolokele mu menso iyo kuti fyamutobola, epakuicingilila.",elyo kunuma yakwe kulemoneka ifimuti ifyasalanga.
3564,aka kashana kabuta inkanda kaleteya umupila wakuma necimuti (baseball) nakafwala neshati lya kashika.,"Kumbali mucimfute kuli shitata alelolesha ifyo aka kakashana komine akamupila mukusola, kafwele shikipa wakashika.",nakafwala itoloshi lya fita elyo nensokoshi shama langi yalekana lekana.,"Elyo utubiye twena tuletamba mucimfute nga shitata, etuli palubao ukulolela ukwingila mukuteya (on bench).","elyo naka fwala icisote ichaku cingilila kuma sanso, kabili kunuma kulemoneka impongolo ya makumbi makumbi (gate)"
3565,"umukashana wabuta inkanda aleninika mulupili, nafwala nakaputula akepi.","Aloleshe ku mulu nga uuleya mukusaba imyembe (mangoes), ali akwata na umushishi wa mafi-yambusa (brown).",elyo nafwala ishati lya katapa katapa nensokoshi shakashika.,"Kaputula wena wa ilangi lya pepo, na insapato shafitulukila na ilangi limbi pamulu.",uyu umukashana ali shipa pantu kwena talemoneka uwamwenso.
3566,"shitata wabuta inkanda aleputula imbao, elyo nakwata imishishi ishafita nesha buta.","Alemoneka nga uwaikatisha pakuputula ulubao, ali kulukungu lwa ng'anda ya tent.",elyo nafwala amagalashi yaku mwafwilisha uku mona.,"Ku itenti lyakwe kuli intambo shamalaiti yapalile intanda, lelo ulubuto lukalamba lulefuma ku kamela mucikope.",elyo mumbali yetenti namupita ilangi lya makumbi makumbi.
3567,umulumendo nomukashana ababuta inkanda nabakontama balelolesha patu pepala tuntu bale kolonganika.,"Lubali lumbi kulemoneka ukuboko kwa muntu ushishibikwe, elyo balemoneka nga basambi pa sukulu.",umulumendo nafwala ama galashi yaku mwafwilisha ukumona elyo nafwala ishati ilya fita.,"Umukashana naowine nafwala amakalashi yamenso, elyo ali na inkoloko yabeka kukuso kwakwe.",aba bantu bali mumuputule uwapentwa nelangi lya buta.
3568,"umukashana wabuta inkanda nafwala itoloshi lya buta elyo ale ensha imfwalashi (horse) yama langi yabili, ilya buta ne lya fita.","Imfwalashi yakwe naima ibaka pamulando wapindama, afwele icimpo-mpo namajombo yafita.","umulando aletoloshapo imfwalashi untu wakwata ama langi yabili, ilya buta nelya katapa katapa.","Elyo umulando uli kunuma yakwe wena ulifye uwabuta tutu, ishi imilando nashipusana uwabuta pa isamba elyo katapa-katapa pamulu. ",mumulu namo muli ama kumbi ayafitulukila kwati imfula yala loka nga pakokola.
3569,kateya wamupila witwa tenis nafwala ifyakufwala ifyabuta fyeka fyeka.,"Natanusha aka mupila kukulyo kwakwe, elyo kukuso kuli uupalile nga lefu mufyafita.",elyo alemoneka kwati naima ibaka ilyo atanwishe aka mupila.,"Icinshingwa cakwe cilelanga kwati akasuba kali pamutwe, tutile ni 12 koloko.",kumbali yakwe kuli umuntu naumbi alemoneka kwati ali pa telenini.
3570,shitata wabuta inkanda napapa akacola ka fita elyo aale enda mumusebo.,"Ukumoneka kwati mwina Asia, kunuma yakwe kuli icipampa ca malembo ya kashika.",uyu shitata nafwala itoloshi lya makumbi makumbi elyo alikwata imishishi ishipi.,Kukuso kwakwe kuli inshimbi yakashika na itoni lya (i) pamulu.,kukuso kwine kuli inshimbi iyafita elyo nakwaka nelaiti lya katapa katapa.
3571,namayo wabuta inkansa naikala pamupando elyo naninika amolu paka mupando kabuta.,"Afwele amakalashi ya menso, na pamolu atambalike pali kompyuta.","kunuma ya mupando ekelepo kuli akamuti aka nono, katwishi nga liluba abanensu aba balitemwa iftimuti nama luba.","Na icibumba ca mbao ica ilangi lya mafi-yambusa, nafwala na amakapa (slippers) kumakasa.","ici bumba mukwai capangwa ne mbao, elyo uyu namayo nafwala isapato ishafita panshi."
3572,"ibumba lya bantu nalikolongana mumusebo, nabeminina nama cinga.",Cipalile aba bantu bali mubwangalo bwabo ubwa macinga.,"eya, elyo abengi nabafwala ifisote fyakubacingilila kumasanso.","Balepoka ifipope (instructions) lintu tabalatendeka iciila cabo, ngapo mashina baleyasuka?",pali ili ibumba pali na shikulu bantu untu afwele ishati lya kashika elyo alikwata im ishishi ishipi.
3573,abantu bafita inkanda nabafwala ama shati ya katapa katapa balemoneka kwati bale shana.,"Umo kukulyo ali uwankanda yabuta, elyo pakati kabo umbi naimya amolu yakwe ayapilikishe mumolu yaba biye.",umbi nafwala ishati lya kashika mukati ke shati lya katapa katapa elyo nafwala nakasote.,"Ababiye babili bafwele kompo lelo umo afwele insalu ya bandana kumutwe, elyo uyu umbi mukasote kafita na NY.","elyo kunuma yabo kulemoneka shitata numbi uwafita, nao nafwala ifya katapa katapa."
3574,"imbwa naimya amolu yakuntanshi, cilepala mkwati pali abo yilebutukila.","Naimwentula nga iimwene ifisuma kuntu ilebutukila, amenso yafita na fititi.",elyo yali kwata ilangi lya fitulukila mumbali yamutwe napanuma.,Uku kuntu kulifye umucanga wabuta kabili nikumbali ya menshi.,icine kumonafye nefimuti fili kunuma yambwa filemoneka nga fintu fisangwa kumenshi.
3575,umwana umwaume nafwala ishati lya kashika elyo naimya amaboko mumulu.,Alibuta inkanda kabili nasekelela lintu ali pa lupili lwa mabwe.,nafwala akasote kafita elyo nakaputula ka makumbi makumbi.,"Kemishefye amaboko mumulu, nomba filya abana batontonkanishisha apatali ala nalimo kalepupuka mwe?",elyo kunuma ya mwana uyu kuli impili ishikwete ifyani.
3576,"inama iyapala infuko naitoloka ibaka mumulu, elyo kuli na snow.","Hahaha hahaha ahhh, imfuko yacepesha iyakupalana na akakanama.",elyo kwena katwishi nga kalepupuka nangula nakalako panshi elyo kalosha amolu mumulu teti wishibe bwino.,"Aka kanama kaletolokela mu menshi-makasa, elyo kwati kali mumakumbi.",kwena ici icikope cile sunkilisha umutu ukutontonkanya sana.
3577,shikulu bantu uwabuta inkanda nafwalala ishati lya buta elyo ale enda nembwa shibili.,"Uyu ni nakulubantu kwena mukumoneka, ali nga uuletwala imbwa shakwe kukulaswa inyeleti.",kumba yakwe kuli ifilengo kucibumba ifyama langi yalekana lekana.,"Ndemonapo abantu abaleyangalila pamulu wa bulalo bwa menshi, umo nakwata na icipampa ca human rights, bonse abaume na banakashi mu ilangi lya makumbi-makumbi.","elyo mulemoneka kwati bali lengamo nolupango lwa kashika, kwati nalimo cibansa."
3578,shitata wabuta inkanda nafwala icampepeo cafita naiminina ne cakutunkwila mwibala.,"Apalile kwati abombela mu maluba ya mu mayanda, nafwala na ifyakufwala fyapamulimo.",uyu shitata nafwala ishati lyelangi lya katapa katapa mukati ka campepe afwele.,"Akasote kansokoshi ya mumutwe kantu kafita, icampepo kabili na insapato.",elyo kunuma yakwe kulemoneka icikulwa icapala ing'anda nefimuti pantanshi.
3579,shitata wafita injkanda naiminina mumusebo nabika naka lamya kukutwi.,"Ena na umubiye bafwele ututasa pamitwe, uwikele mu mwinshi nao ali naka lamya.",aba bashitata balemoneka kwati bali pakati kama yanda ayakale.,Ifibumba kunuma yawimanine fitali kabili fyakale mukumoneka.,"elyo filemoneka ifyakashikila, kumulu kuli ne ntambo sha malaiti"
3580,"shikulu bantu naikala panshi, alemoneka kwati ale lungisha fimo,","Alewamya akasungululwa ka mukuba, elyo uyu shikulubantu wankanda ya Cimwenye.",nafwala ifyakufwala fyabuta naka kosa kukuboko.,Kabili pa ipepala lya nyunshi pali utunkolo-nkolo twalekana-lekana.,uyu shikulu bantu alemoneka uwamute ilyo ale lungisha ifintu ali nafyo.
3581,banamayo batatu aba buta inkanda nabeminina mumusebo mumbali yetuka balelanshanya.,"Bali nga abalelolela ifikope fyabo, filya akacikulwa kapalile nga Ofeshi wa kusukilamo ifikope.",cine pamulu napalembwa ati PHOTOAUTOMAT mwilangi lya kashika.,"Awe mwandi, iyi ncende kwikala bamakali pantu balembaulafye amalangi yalekana-lekana pacikulwa na pafibumbili.",namayo umo naikata ukuboko mumutwe elyo nafwala ishati lya makumbi makumbi.
3582,"shitata wankanda yaci chinese naiminina kumbali yalupango lwa fyela na shinta na munshiku, (naikata ukuboko kwitobo).","Ngapo finshi alekutuluka mwandini, nafwala akasote kafita kumutwe kabili nakalembwa NY icilepibula New York.",elyo kabili kumbali yakwe kukuso kuli shitata naumbi uwikeleko alelisha ifilimba.,"Ndemona afwele itoloshi lya makumbi-makumbi, ico kuli inshimbi kwena nshimwenekeshe icilimba alelisha.",shitata untu ali munshiku napapa akacola kafita munuma elyo nafwala akasote akafita.
3583,bana mayo babili nabekala muncende iyilemoneka kwati yakulilamo ifyakulya.,"Iyi ncende ubusuma kwati ni hotela, balemoneka abankanda ya ci Korea.",elyo umo namayo naikatana amboko pamo ayabikile mupepi necilefu lefu cakwe.,"Kunuma yabo akalamukila kuli banamayo babili pa itebulo, nabo bali na ilyashi lyacikaya filya.",petebulo lyabo palemoneka insalu iyakashika negalashi ilikwete umwangashi mukati.
3584,"bashitata bafita inkanda babili nabekala panshi, umo nafwala ishati lya makumbi makumbi elyo umo nafwala ishati lya mishilwa.","Uuli panse yacikulwa alenona akacela muminwe, iyi ncende ili nga iyakushitishishako inshimbi shalekana-lekana.",uuli mukati alemoneka kwati pali efyo alefwaya panshi.,"Bonse babili bafwele amakapa tensapato, mupepi na uuli panse umushili ulemoneka uwabomba.",shitata untu ali panse nafwala ishati lya mishilwa isha lekana lekana.
3585,"shitata umo ale enda mumbali yamatuka, elyo nafwala ifya kufwala ifya fita, kunuma yakwe kuli icipampa icilembelwe ama shiwi REDUCE SPEED.","Kuntanshi yakwe yena kuli bashitata mufyakufwala fyapamulimo yabo, nabesala inshila umulepita shitata filya balemoneka nga abalekululula icikulwa ca ituka.","pacipampa pali akamubomfi kale shofola iloba, pamo nge cilangililo ati uku kuntu kuli abalebombelako.","Pacipampa ica mutuntula icili kuntanshi yakwa shitata, pali amashiwi yaleti AUSTRALIAN MONDAY CORPORATION.","shitata untu alepita mupepi nama tuka nafwala ishati ilikwete mutuntula kumaboko, elyo nemishilwa shabuta mwitoloshi."
3586,imbwa shibili isha fita shile angala mufyani.,"Imimonekele nga ishikalipe, tesha kukumanya pantu kuti shakusuma mwe.","kumbali yalunkoto kuli amabwe, elyo imo imbwa naikwata aka mushipi aka fita elyo kakwata akantu ka makumbi makumbi.","Cipalile nga imbwa shamutungwi (gender) ibili, ilemoneka nga iyaume intu ili kunuma.","cine, elyo iyi li kuntanshi yena teti wishibe nga ya yamutungwi nshi."
3587,utubana twe sukulu utwafita inkanda natwikala pe tebulo elyo tonse natukwata ama computer ayabuta na katapa katapa.,"Kafundisha nao ali kunuma yatubana tuli kukuso, aletulanga ifyo kompyuta abomba.",kucibumba cili kumbali ye tebulo kuli insalu iya kashika nama lembo ati XO,"Panse yamo abana bekele pali amaluba ya katapa-katapa, na icibumba cikonkele pamaluba ca ilangi lyabuta.",elyo ukulolekesha akatalamukila lubali lyaba kafundisha kulemoneka kwati kuli umwinshi wa makumbi makumbi.
3588,ibumba lya bantu lilepita mumjusebo pama honda.,Shitata umo alebika akamuti kacilubi pamakwebo yakwe.,elyo binse nabafwala ifisote ifyafita ifya kubacingilila kuma sanso.,"Filya caba lifunde ukwenda pa cituku-tuku na icisote, bonse kensha na uwosendele.","kumba yamusebo, kulemoneka kwati kuli impanga iyi kwete ifimuti ifikulu."
3589,shitata na namayo nabeminina kumpela ya cikulwa ica pala ubwato elyo akasuba kali mukuwa.,"Natulandefye ati kwati ni filimu ya Titanic, filya akasuba katomwene bemba elyo bena baikumbete.",elyo mumulu namwaka ama langi ayasuma ayalekana lekana.,"Eya e ebukuitomona kwa kasuba kapacungulo na menshi pali bemba batila, awe naciyemba!",elyo shitata alemoneka kwati nasenda akacola munuma.
3590,nakulu bantu na shikulu bantu nabekala patu mipando twa makumbi makumbi.,"Kwena aba bantu bali pacikwepe capa menshi, nabafwala na makalashi yafita mumenso.",shitata nafwala amagalashi yafita elyo alelolesha mumulu.,"Umbi kunuma nao mukasote kabili amano yalifye mu calo cakwe cimbi, ngapo alesoma inyunshi?","namayo nafwala icampepo ca makumbi makumbi elyo cipalile kwati aba bantu Bali pabwato, pantu kunuma yabo kuli umumana."
3591,namayo na shitata bali pa maliketi baleshita ifinsabwa nsabwa ifyalekana lekana.,"Kuntanshi yabo kuli icimbaya-mbaya cabuta, elyo kunuma kuli incinga apali umuntunshi.",pa ntemba yapa maliketi napanshikwa insalu ya mutuntula.,"Mwisamba lya amatebulo muli ifibokoshi fyafisabo baleshita, mumutenge namo mukobeme nga macungwa yalya?",kumbali ya cimbaya mbaya kuli icikulwa ica buta nefimuti pantanshi.
3592,kateya wamupila wa TENIS nafwala ishati lya buta na siketi yafita.,"Umubiye lubali lumbi afwele ica katapa-katapa, shiketi kabili na amataki ya buta.","mucibansa namushilwa nemi line yabuta, elyo kumpela yacibansa kuli icipampa icitali ica kashila.",Elyo kucibumba cakashikila kuli amalembo yaleti www.itftennis.com,icibansa ca katapa katapa elyo muli imishilwa isha buta.
3593,umuntu nafwala ifyakufwala fya pangwa ne fyela (armour) elyo nanina na pe horse.,"Mucinefye, mona filya afwele impoto kumutwe kwati ni lilya Davida pakulwa na Golyati bamufwikile.","icine mwe, elyo pamulu nabikapo insalu iya kashika elyo yakwatamo mutuntula.","Alepoka ulunga lwa cishilika kumuntunshi kukuso, alemonekafye uwaipekanishisha ubulwi.",kunuma yakwe kuli ifimuti ifya ify akatapa katapa elyo nafwala insokoshi shakuminwe isha fita.
3594,shitata nafwala ishati lya buta nakasote elyo alekunkulusha icibala mumusebo.,"Icikotikala cakwe ca ilangi lya makumbi-makumbi, elyo cisendele pasta nga ifilembo pantanshi.","nacikwata ilangi lya buta mumbali yama taila, elyo uyu shitata mumusebo alepita mwaba iloba ilya kashika.","Aleendela mupepi na ulupango lwafyani, kunse ya lupango kuli amaluba na imiti.",uyu shitata nafwal aitoloshi ilya fitulukila.(grey)
3595,umulumendo wafita inkanda naimunina alelolesha kuli kakopa wacikope.,"Kunuma yakwe kuli icibumba ca ilangi lya makumbi-makumbi, na utupampa.","elyo nafwala ishati lya kashika, uyu umulumendo alikwata imishishi ishipi.","Pacibumba palemoneka ifipampa fyalekana-lekana, fimo fipalile nga ukusontelela ukuli ifimbusu mulukungu lwine.","elyo kumpela yacibumba kuli icibi, nomwa kuposa ifisoso(bin)"
3596,imbwa iya fita yile enda palunkoto elyo nayasama kukanwa.,"Yaina nga umuntu nalimo ukucilapo nabantu bamo, elyo ilelolesha utu mabola tune utulepupuka.","iyi imbwa yalikwata umucila uwipi, katwishi nga bali uputula nangula efyo waba.","Cilemoneka nga iyaputulwa, imbwa ishingi shilaputulwa umucili ngawakulisha.",palunkoto yilepita pambi tapali ifyani palemoneka amatipa.
3597,namayo wabuta inkanda nafwala ishati ilya fita elyo alikwata imishishi ishitali.,"Hahaha hahaha, ni namayo uyu mucikope alelonga kabili ukulongolola ifilyo.",pantu alelongolwela pali umuseke wa makumbi makumbi elyo nowa kashika.,"Bashitata babili bali lubali lumbi, baletantika ifibokoshi.",elyo mupepi necibumba kunuma yakwa namayo kuli icimbaya mbaya iciminine.
3598,ibumba lyaba namayom ababunta inkanda nabaisansa ifintu fyakashika pamibili.,"Banamayo nabafwalako utufunga-mabele (female vests) teba shitata awe nakalya, balifye ukwabula amashati nalimo umo fye.",banamayo bali kuntanshi yacikope balemoneka abasekelela sana ,"Namayo uli kunuma nakwata akamela pakubeya, nafwala na makalashi mumutwe.",kabili kuli namayo umbi untu afwele akaputula kafita.
3599,namayo wafita naikala pacakwangalapo icakwata umutwe we horse.,"Alecofa nga filya incinga, mukumoneka ici cikotikala caminyololo (chains).",ukulolesha kuntanshi kuli umumana elyo necibumba cabuta.,"Kucibumba kuli incinga shibili, ukupitilila icibumba kuli umuntunshi kumumana.",kabili kwishilya lya mumana kulemoneka umuntu uufwele ifya fita.
3600,imbwa yafita yile enda mufyani ifyauma ifili muli snow.,"Naisenda na icipepala kukanwa, ipalile nga intu bacituma mukutola.","elyo yilemoneka kwati yile enda fye iyatekanya, panono panono.","Ifyani ilepitilamo fintu fyauma, na pamushili palemoneka apabuta tutu.",iyi imbwa yilemoneka kwati yalikwata amenso aya kashika.
3601,banakulu bantunbabili nabashintilila kucibumba.,"Balelyashika na ifyola fyabo muminwe, umo afwele na makalashi yafita.","elyo cilepala kwati kakopa wacikope ali mu cimbaya mbaya, ukumonafye utuntu tuli pantanshi yacikope utu pukuta infula pa cimbaya mbaya.","Icinefye, pamulu wacibumbili ukwimanine banakulu-bantu kulemoneka amayanda ayapamulu ayabuta.","aba banakulu bantu naba kwata utu fyola bonse, umo akwete aka makumbi makumbi umo akwete aka tubokoshi."
3602,imbwa yabutulukila nayasama kwati yintu yili nomwau.,Ileyanka aka mupila ka tenishi aka katapa-katapa.,kabili kunuma ya mbwa iyi kuli utu muti utu nono.,"Yalyonda palufumo, mona imbafu (ribs) ifyo shilemoneka.",kabili nga walolesha ifyo yaseme yilemoneka kwati nayi dabwa.
3603,shitata nafwala ikoti lya fita nakasote akafita.,Ali na namayo kukulyo uwa mushishi wafita.,elyo kuntanshi kulemoneka kwati kuli ibumba lya bantu.,"Na icimbaya-mbaya mupepi yabo, cili mu musebo.",kuntanshi yabo kulemoneka kwati kuli ifikulwa ifyakile ama laiti ayalekana lekana.
3604,ibumba lya bantu nabafwala ifyakufwala ifyama langi ayalekana lekana.,"Bali kucila balesefya, banamayo bafwele ifibokoshi bankanda ya ci Filipino.",umukashana umo alipantanshi nafwala ishati lya makumbi makumbi elyo nasekelela.,"Kabili nafwala na makalashi yamenso, umubiye ena nasekesha na amenso nayashibata.","aba bantu balemoneka kwati nabafwala ifibokoshi elyo bafipenta amalangi yalekanalekana, cipalile kwati pali efyo balesefya."
3605,shitatauwabuta inkanda alelisha banjo elyo ali kwata imishishi ishipi isha pombana.,"Pa itanta pali akalimba, filya ekete icilimba ca miwaya aleolola intambo (guitar tuning).","nakaka necitambala mumbali yamutwe, elyo kunuma yakwe kuli icilengo ca koni.","Kunuma yakwe kuli ifilembo ifyakashika ifileti ALESSI, filembelwe pa isamba lya nsolokoto.","elyo nafilembwa mwilangi lya kashika, pamulun palemoneka imbale iya kashika neya katapa katapa."
3606,bakepika wafyakulya bali mu cikini nabafwala nefyakufwala ifya buta .,"Umo kukulyo ali mu makalashi yakumwenako, umo nao tafwele cisote.","elyo nafwala amagalashi yaku mwafwilisha ukumona, kabili nafwala akasote akatali akabuta.","Umo kukuso ngapo ngafinshi alesalula  pali pani wafita, palefutukafye icushi ca mafuta yakwipikila.",umbi alemoneka kwati ale waminisha ifyakulya alebika pambale.
3607,imbwa iyabuta yilepepeka akamupila aka kashika.,Ikwete na ilangi lya mafi-yambusa mumukoshi elyo kabili umushipi wa makumbi-makumbi.,muntu yilebutuka mulemoneka ifyani namatipa pamushili.,"Ili mucibansa cashilaulwa na umwakubutukila, elyo imbali shibili kuli ulunkoto.",iyi imbwa yilemoneka kwati yilepupuka naitoloka ibaka mwe.
3608,abantu mwibumba naba yisansa ifilemoneka kwati mulopa.,"Aba bantu nabo iye, ndecetekela nibakacita bama filimu, balemonekafye nga ifibanda (zombies).",icine kwena balemoneka kwati fibanda umo nafwala ishati lya buta elyo umbi nafwala ilyafita.,"Uufwele ilyafita nafwala na makalashi nangula yabeyeme, kunuma yabo nako kuli ibumba na banamayo pa mulongo.",kunuma yabo kuli shitata untu afwele ishati lya makumbi makumbi nakasote akafita.
3609,shikulu bantu nafwala ishati lya makumbi makumbi elyo ale ensha icimbaya mbaya ca mutuntula.,Aloleshe kumwinshi elyo kuli na namayo uwaina uuleikila icimbaya-mbaya.,elyo pantanshi yacimbaya mbaya napalembwa ati MAIN STREET ONLY.,"Mumbali ya insolokoto muli ilangi lya kashikila, elyo kuntanshi kuli ikalashi lyakwa keensha wacimbaya-mbaya.",kunuma yacimbaya mbaya ici kulemoneka ifimuti nefikulwa.
3610,namayo na sunsumana naikata necakukopelako ifikope.,"Wankanda yabuta na umushishi wa mafi-yambusa, nafwala na makalashi yafita.",kumbali yakwe kuli shitata uushishibikwe bwino nga alibuta nangu alifita inkanda.,"Namayo ulekopa icikope nasunsumana pa musebo, shitata wakantu nao kuti aba kakopa.","namayo nakaka imishishi kunuma nakantu akabutulukila, elyo nafwala ishati lya makumbi makumbi."
3611,banamayo babili abalemoneka abaku Asia bale enda mumusebo.,"Umo kukuso aonda ngakakowa, elyo uuli kukulyo ena alikwata umubili.",kunuma yabo kulemoneka icimbaya mbaya icabuta naciminina.,"Elyo ngafilya batila 'umwana ashenda, atasha nina ukunaya', umusebo onse tauli ngamuno Zambia ulifye na amabula yaleuluka ku umwela.",kabili kunuma ya fimbaya mbaya kulubali limbi ulwa musebo kuli ifikulwa nefimuti.
3612,"umu lumendo wacingeleshi nafwala ishati nakasote fyonse ifya buta, mukasite namupita ama langi nayambi ayalekana lekana.","Alemoneka uwankanda yakashikila nga umwina Canada, ali mundeke ngalimoe mu cimbaya-mbaya.",kunuma yakwe kulemoneka ibumba lya bantu babuta inkanda.,"Kukuso kwakwe kuli utukosa tutatu, kamo ka mutuntula, kambi nako akafita, elyo kamo ifi akabulungu-bulungu namalangi ayalekana-lekana.",elyo kumipando nakwanshikwa insalu ishabuta 
3613,ibumba lya bantu babuta inkanda baleshana mucikulwa icilemoneka kwati cakucilisishamo.,"Abalumendo na bakashana bali kuciila baleshana, nabafwala naba kompo babuta na kafi.",shitata umo nafwala ishati lyabuta ilya maboko aya tali alemoneka kwati napapa.,"Hahaha hahaha tepakupapa iyoo, ngawalishanapo ibukisha filya tucita nga iciunda ca filimba cumfwika amanone!",kumulu wamuputule uyu nakwaka amalaiti aya makumbi makumbi Naya kashika.
3614,bashitata babuta inkanda nabeminina mumuputule ilyo balelolesha umo pali bena ilyo ale samika icikope pacibuma.,"Bali na banamayo babo mu muputule, shitata umo ali kucibumba aleikata ifikope pacipampa.",umu mumuputule muli utu mipando utwa makumbi makumbi utwaikatana.,"Kabili muli na akayanda kakupanga na ifipande ifyalekana, kwati filya twalecita ukupanga amansa-nsa (makeshifts).","elyo kucibumba nakupentwa kwati nimpili namabula, cilepala kwati uyu umuputule balepangila abana abanono."
3615,"shitata naiminina kunuma yakwa namayo, elyo nabika imboyo yakwe pakubeya kwakwa namayo cilepala kwati ale mucina.","Uyu shitata kunuma yakwa namayo alepala nga kateya wamupila wakuminwe, elyo uyu namayo apalile nga umwina mwakwe.","namayo ekele pamupando wa makumbi makumbi, elyo tuli utwingi.","Panshi ya molu yakwe pali amabotolo ya menshi, aya amabotolo ngawalolekesha kuti watila ni Aqua Savanna wesu muno Zambia.",uyu shitata naiminina mupepi necakuposamo ifisoso.
3616,"shitata naiminina kumbali ya fish pond, naikata nakamwana akanakashi cilepala kwati alekalanga isabi.","Akabikile kuntanshi yakwe pacibumbili camabwe,  kalelengela ukumona isabi mukashiba ka makumbi-makumbi.",mumensi mulemoneka amaluba yatumuti twa katapa katapa elyo nesabi lya kashikila.,"Umutundu wa isabi tawishibikwe bwino nga milonge (bubble fish) nangula shark, lelo isabi lili ilya malangi yalekana-lekana.",elyo kabili kunse yakamumana aka kuli icikulwa nashitata untu afwele ishati lya buta.
3617,ibumba lyabantu abale moneka nga abena Asia nabekala pabwato nabafwala nefyakufwala fya kashikila (life jacket) ifya kuba cingilila nga baponena mumenshi.,"Bali pa bwato ubushikwete imikobelo filya amato yesu yapangwa muno Zambia, umo kuntanshi naikata inkafi aleoba.",elyo mumbali yamumana katwishi nga pamumana pene pali icikulwa ica fitulukila.,"Ifi fikulwa fya pamumana mucine, elyo mona ifyo abakutamba bali mumbali yafikulwa nabakontamina ku menshi pakulumba.","kabili amenshi yalemoneka katapa katapa, katwishi nga kulamba nagula efyo yaba."
3618,namayo uwabuta inkanda naikala pa wheel chair elyo akamwana akalumendo kale enda kumbali yakwe.,"Aka kamwana kalemoneka ukucenjela pantu nakatangila elyo banina balekonka panuma, baleendela mwisamba lya muti.",nakafwala ishati lya mishilwa isha makumbi makumbi no mutuntula.,"Uyu namayo mucipuna ca mipeto alilemana amolu, nalimo ukwa kukuso kwalipipa filya kulemoneka.",elyo kumbali yamusebo balepitamo kuli umupando wakubumba elyo kuli nefimuti.
3619,"umulumendo wabuta inkanda naikata icitabo, elyo alesekelela ilyo aleloleshapo.","Iyi nyunshi naikwata ilyashi limukumine, monafye umutwe (title) ati I'm pregnant.",elyo uyu umulumendo nafwala amagalashi yakumwafwa ukumona necampepo ca makumbi makumbi.,"Kunuma yakwe kuli ifitabo fya banamayo beka-beka, na kukuso kwakwe kuli icintunshi mu plastic.",uyu umuntu alemoneka kwati Ali mwituka lya fitabo.
3620,bashitata babili uwabuta inkanda nowa fita nabasama kwati balepunda elyo shitata wafita alemoneka uwapiba.,"Uuleimba muulumendo wankanda yafita, lelo mumbali alepita muli bakatamba bankanda yabuta.",kunuma yakwe kulemoneka umulumendo wabuta inkanda untu afwele ishati lya kashika.,"Katamba wankanda yabuta ali kuntanshi yakwe uko aleimbila, kabili namulumbanya.","aba abalumendo bonse balikwata imishishi ishipi, ishafitulukila."
3621,shitata wabuta inkanda naikala pakupando kunuma ya cikocikala cakwe cintu ashitisishamo ifyakulya.,"Ali kumbali ya musebo mupepi na icibumba ca tupama (pan bricks), lubali lumbi kuli abantu balelila pamulu wafikulwa.","icikotikala cakwe cakwata amalangi yabili, ilya kashika nelya mutuntula.","Elyo ici cikotikala cakwe kwena cishitisha ifyakulya fya hot dog, nomba katwishi ifilembo filembelwepo ngafileti shani mwebantu?",kulubali lumbi ulwa musebo kuli ifikulwa filemoneka kwati matuka aya lekana lekana.
3622,"bakateya wamupila wakuminwe rugby, nabafwala ifyufwala fyakashika ilyo balelolela ukuteya umupila.","Baloleshe kuntanshi yabo mukumona filya ababiye baleteya, uyu mupila kuti waba hockey.",elyo umo naikata amaboko pamo ayabikile pacilefu lefu cakwe.,"Umubiye lubali lumbi nashibantukila amenso mu cimpo-mpo, na kunuma yabo kuli ibumba lyabantu.",kunuma yaba shitata kuli ibumba lya bantu abale tamba umupila uyu.
3623,icimbaya mbyaya camalangi aya lekana lekana cilebutuka mulukungu (dust),Cilepilibuka pakukoneka elyo kunuma kuli ibumba lya bakatamba abemanine.,kunuma yacimbaya mbaya kulemoneka ibumba lya bantu abaletamba.,"Elyo ici cimbaya-mbaya naco kuti cakumfwisha ulunshingwa, mona ifyo cishingulwike ai?",uku kuntu kulemoneka kuli abantu abengi aba lekana lekana.
3624,umulumendo nomu kashana baleninika ubulalo bwama stairs.,"Umulumendo ena ali na imbwa kuntanshi ya mukashana, elyo ubulalo bwa nshimbi.",umukashana nafwala ishati lya buta na siketi yafita.,"Shitata ena afwele akaputula na shikipa wafita, elyo insapato sha mataki.","ubulalo bwali kwata ilangi lya kashika pakati, elyo kulubali lumbi kulemoneka icikulwa."
3625,shitata wabuta inkanda nafwala amagalashi yaku mwafwilisha ukumona elyo ale lolesha pali computer yakwe.,"Ali mu Ofeshi pacipuna, kuntanshi yakwe kuli mashini umukalamba uwafita na amalaiti mwisamba.",uyu shitatan alikwata imishishi ishipi elyo nafwala icampepo cafita.,Pe itebulo pali amapepala mupepi na mashini mukalamba uwakwata na ikalashi lyakutambilapo.,kukuso kwakwa shitata uyu kuli ama pepala aya buta ayali petebulo alebombela.
3626,utu bana tubili utwa buta inkanda natwikala panshi tule teya ubwangalo bwatu mabwe .,"Kamo nakafwala ifyakumakasa ilyo akabiye kena kalifye pyeni, tuleteya isolo.",elyo kumbali yabana aba kuli utu fyani utwa kwata amaluba.,Napalya bekele aba bana nabashilaula ifishilwa filemoneka kwati babomfeshe coko.,"eya, elyo kamo akamwana naka fwala akaputula ka makumbi makumbi, elyo kambi kafwe aka mutuntula."
3627,utu bana utwabuta inkanda natwikala mu kalashi tule lenga ifintu ifya lekana lekana.,"Mulemoneka ama pepala yamutundu walekana-lekana, pamatebulo na kufibumba.","cilepala kwati aba bantu baleya ku kampu, panti nabasenda utu fyola utwingi.","Kuti caba uyo musango, kunuma ya kalumendo mu ishati lya macungwa kuli kafundisha mwanakashi pacipuna.",aba bana Bali mwikalashi umwaba ama langi ayalekana lekana.
3628,abantu bane nabeminina kumpela yampanga iya fimuti ifikalamba ilyo balekopwa icikope.,"Shitata na namayo bali nabana babo babili, umukashana ali pakati kabo elyo umulumendo kuntanshi.","umulumendo nafwala amagalashi, elyo namayo na shitata nabafwala utusote.","Ukuli umulumendo ekuli umupini wa katapa-katapa namashiwi yaleti BERRY PICKER, elyo kuli shitata kuli umupini wa makumbi-makumbi namashiwi yaleti LIONDOWN.",umulumendo nakaka insalu ya buta kukuboko cilepala kwati aliyifuna.
3629,"imbwa yilebutuka mwiloba nalimo fyani fauma, elyo nayasama akanwa",Ilebosa kabili na amatwi nayapekuka ilyo ilebutukila kuntanshi.,iyi imbwa naikwata ka loko mumushipi untu baikakile mumukoshi.,"Pamoona pali aka lilangi ka kashikila kwati mukanwa, lolesha ifiponshi na ululimi.",icine yalikashikako pamoona.
3630,umuntu uushishibikwe bwino naikala pamupando nafwala nekoti ilya fita.,"Ni shitata ali eka pamupando wakashika, alesoma inyunshi apalemoneka icikope cakwa namayo.","kuntu ekele kulemoneka ukushili abantu, kulifye ifimuti nefyani ifyauma.",Kabili pakati ka miti pali akakuposamo ubusali bwamapepala na fimbi ifinagalamfya incende.,inyunshi alebelenga nayikwata icipepala cakashika pantanshi apali umukashana
3631,akanama akashishibikwe bwino kale enda pamushili wauma.,Akabwa-ng'anda kamasako yabuta kalefuma mumatipa kaleenda.,kwena nakayilamfya sana aka akabwa pantu takalemoneka nge mbwa.,"Hahaha hahaha, ifyo kalemoneka mwandi ni tumpaika umulwani obe (confuse your enemy).","kalemoneka kwati kanama kamumpanga, nicofye takuli impanga."
3632,nakulu bantu uwabuta inkanda naikala pacibumbili kunse yacikulwa.,"Nafwala ibulaushi lya buta kabili aloleshe mucikope, na ikoti lyafita.",uyu nakulu nafwala icampepo icafita elyo naikata akacola paminwe.,"Kukuso kwakwe kuli icipampa cafita paleti Tonisa, mufilembo fyabuta.",uyu nakulu bantu alikwata imishishi ishipi ishabuta.
3633,umulumendo wabuta inkanda natolosha skateboard mumulu.,"Atolweke ukufuma pamulu ukwisa pesamba, umubiye nao kunuma.",elyo kunuma yakwe kuli umukashan untu afwele ishati lya buta nashitilila kucimuti.,Elyo ifimbaya-mbaya nafimanina akatalamukila mupepi na icikulwa lubali lumbi ulwa musebo.,kukulyo kwamukashana kuli icimbaya mbaya ica fita iciminine mupepi .
3634,katunga wafitenge naikala pamashini yakwe ale bila icakufwala.,Mumbali yakwe mulifye insalu shakubilila kabili na batonge bamalangi yalekana.,uyu shikulu bantu alikwata imishishi ishipi isha fitulukila.,"Nomba konse kulifye ukwatitikana, ngapo insolokoto shibelele pi lubali?",kabili kunuma yakwe kuli ifi plastic ne koti lya fita.
3635,umwana umwaume uwabuta inkanda aletola ilibwe mumbali yamumana.,"Aloleshe kukulyo kwakwe, nanyanta mu menshi nangula afwele insapato.",nakafwala ishati lya katapa katapa elyo kalikwata imishishi ishipi ishabuta.,"Elyo takakwete na umwenso kuti wapapa, kunuma kuli na amenshi-mbwe.",abasungu baliba abapusanako umwenso wena tabakwata notunya tonse twa shipila kumo.
3636,shitata wabuta inkanda nafwala ishati lya buta alemoneka kwati alepona pe horse.,"Imfwalashi yakwe naimusukusa kubukali, nawila kunuma na intambo kukuso.",elyo kunuma yakwe kuli shitata naumbi untu afwele itoloshi lya makumbi makumbi nakasote.,"Elyo nao teti alukaulule iyo, inama shalipusanako na umuntu mumibele.",akasote afwele shitata untu ali kulupango kantu kafita.
3637,utubana utulumendo tubili natwikala pamupando wa makumbi makumbi tulelya ifinsabwa nsabwa.,"Kamo kukulyo kalelya apple elyo kamo nako kukuso kalelya ulukonde, natwikala na mucipuna camu muputule wakutushishamo.",akakwete ulu konde nakafwala ishati lya katapa katapa.,"Elyo akabiye kafwele shikipa wa mito (gray), tonse utwana natufwala insokoshi kumolu.",kunuma yacipuna kuli insalu iya kashika yintu bafimba pa window.
3638,shitata naimya umwana na namayo naiminina pambali yakwe balekopwa icikope.,"Namayo kuntanshi yabo alebakopa icikope, nabemanina bonse ndii.",elyo nafwala ikoti lya fita netoloshi lya makumbi makumbi.,"Kwena aba bantu nintandashi kuli iyi ncende balekopelwa ifikope, kuli nga ukwa mpili.","kuntu bale kopelwa kule moneka ukwa mabwe sana, elyo kuli nabantu bambi."
3639,namayo wabuta inkanda naikala mumupando wamwi shitima alebelenga icitabo ica buta.,"Ekele eka mufyakufwala fyakaba, mu mulu muli amaliti kabili kunuma kuli shitata nao eka.",kunuma yakwe mumipando shili kukuso kwakwe kuli shitata nao naikala mumupando.,"Abantu abengi bekelefye insansalila, apa umo napalya umbi kabili ishitima taliswile iyo.",elyo mumutenge wesitima muli amalaiti ayakile yalebutisha umwikele abantu.
3640,ibumba lya bantu abashishi bikwe bwino  nabafwala ifyakufwala ifyama langi ayakashikila.,"Abashilika bankondo baleenda na ifyanso fyabo kuminwe, bambi bali pa nsofu ishile enda kunuma.",elyo nabafwala utu sote utwakashika elyo bambi nabanina pama horse. ,"Ishi insofu shisendele bafilolo ba bashilika, balefumina kufikulwa fikalamba.",kunuma yaba shilika aba kuli icikulwa icapentwa ilangi lya golide (gold)
3641,namayo wafita inkanda nafwala ishati lya buta elyo nama galashi aya fita.,"Nasenda icampepo kuminwe, elyo kunuma yakwe kuli namayo wankanda yabuta na shitata wankanda yafita.",namayo na shitata bonse nabafwala amashati aya makumbi makumbi.,"Aba bantu bali ngabalefuma ku ncito shabo, filya namayo kuntanshi akwete icitupa ku itoloshi lyakwe.",shitata untu alelanshanya na namyo kunuma nafwala itoloshi ilya katapa katapa.
3642,shikulu bantu uwabuta inkanda nafwala ishati lya buta elyo alelolesha pali computer yakwe.,"Itebulo lyakwe lya ilangi lya kashikila, elyo kukulyo kwakwe kuli telephone wabuta.","alemoneka kwati ali mwi ofeshi muntu abombela, elyo umupando ekelepo walifata kunuma elyo wakwata makumbi makumbi kuntanshi.","Nafwala amakalashi yamenso elyo alikwata na ulupala palukobo, patebulo lyakwe pali icitabo na imfungulo shipalile nga isha cimbaya-mbaya.","uyu shitata alikwata ulupala pakati kamutwe, elyo kukuso kwakwe kuli itebulo apali amapepala aya buta."
3643,shitata untu afwele ifyakufwala ifya malangi yalekana lekana alipa mulu wa lupili iulukwete snow.,"Aleshelela pa snowboard na inkonto shakwe kumaboko, napapa na icola kunuma.",elyo kulubali lwakwe kukulyo kuli impili ishikwete snow pamulu.,"Nafwala na akasote kabuta kumutwe, elyo mukati ka ishati lya maluba-maluba nabikamo insalu yabuta namaboko ayatali.","uku kuntu ali cipalile kwati alikofye Eka, kulemoneka tondolo."
3644,umulumendo wakashika ale butuka ulubilo ilyo ibumba lya bantu baletamba.,Afwele ilangi lya pepo kabili mumbali yakwe kuli abaletamba.,ibumba lya bantu kumbali yakwe bonse balelosha kuntu aklefuma.,Nifilya beshibe ati nalimo uuli panuma yakwe kuti amusanga mukwangufyanya.,kunuma yabo kuli ifimuti ifishauma elyo nefyani 
3645,aka mwana aka kashana nakasekelela ilyo kali mu swimming pool.,Kalikwata umushishi uutali elyo na umucene pakati kameno yapa ntanshi.,nakashibata namenso kwati kantu kaleshipula mumenshi.,"Kumeka filya kamwene akamela, nakashibantukila na utumenso.",elyo imishishi nashika fimba na pampumi.
3646,namayo wabuta inkanda ale angala mumenshi yamu swimming pool nomwana wakwe.,"Kalemubutukila mufyakufwala fyakusambilamo, kumulundu kuli shitata wankanda yafita na bambi abankanda yabuta.",kunse kuli ibumba lya bantu abekele patu mipando baleshimika.,Elyo mucipi-cipi na akashiba kuli insalu ya makumbi-makumbi na amakalashi yacikashana ayaku sambilamo.,kunuma yaka shitata naba namayo bantu bekele kunse ya swimming pool kuli ama window yamagashi ayatali 
3647,ibumba lya bantu babut a inkanda nabafwala ifyakufwala fyamalangi yabuta naya mutuntula.,"Kuli ifyalo fyalekana-lekana ifilesefya, amalunga ya fyalo fibili nayema mumulu pakwenda.",ibumba limo nalifwala ifya buta ukufuma kumutwe ukufika kumolu elyo bambi nabafwala ifya mutuntula.,"Abali mumbali ya ibumba, bafwele ifyabuta na imishipi shakashika, balecingilila abali pakati kucimfulunganya.","ibumba lya bantu Bali kunuma nabekatana amaboko, elyo Bambi naba fwala ifyakufwala ifya makumbi makumbi."
3648,aka mwana akume akabuta inkanda kalebutuka pabulalo,Kuntanshi yakako kuli akakashana mufya kashika.,utu utubana tulemoneka kwati tuleyibutukila.,Uko tulebutukila kuli abantu ngawalolekesha.,elyo kumpela yabulalo kuli impanga yafimuti Elyo nomuchanga.
3649,shitata wabuta inkanda nafwala ishati lya katapa kataoa elyo necisote cakumucingilila kuma sanso ica buta.,"Alepupuka mumulu pa snowboard, afwele ishati lya fishilwa na itoloshi lya pep.",elyo nafwala icisote cabuta  nensokoshi shaku maboko.,"Imipupukile nayo kuti watila bushe ailefika shani pa mushili, pantu kwena patali ali mulwelele.",nasabusha na snow mumulu ilemoneka kwati nintanda mukasuba
3650,ibumba lya bantu bale ninika impili ishafita.,"Namayo kunuma yakwa shitata afwele icakashika, nasenda na icola kunuma.",elyo nafwala ishati lyya kashika nakasote elyo nakaputula.,Ulu lupili balenina lulemoneka kwati ni black mountain kucitungu ca Mikoti mu Kitwe.,uko bale ninika kuli nakalupango ka mbao eko balekonka.
3651,"shikulu bantu uwabuta inkanda alepelenga inyunshi mumusebo, elyo alikwata imishishi ishabuta,","Inyunshi alesoma ili na ifipande fya calo ifyalekana, kumbali yakwe kuli shitata alekopa na akamela.",nafwala neshati lya kashika elyo nakasote kafita.,"Namayo ali kuntanshi yakwa shikulu-bantu alesoma inyunshi nakwata umushishi wafituluka, kabili afwele icafita.",kunuma yakwe kuli shitata naumbi untu afwele ama galashi ayafita neshati lya buta.
3652,"bashitata babuta inkanda bale imba umuganda, nabafwala ifya makumbi makumbi.","Nabakwata na ifibombelo fyakwimbilako, lelo umo mucisote cabutulukila talebombako iyo.",elyo nafwala necisote cakumu cingilila kuka suba.,Na pa ishati lyakwe pali amalembo ya makumbi-makumbi ayaleti Susy.,"aba ababomfi bonse nabafwala utusote, elyo naba posa icakwimbilako panshi."
3653,"umukashana wabuta inkanda nasama umutwe panshi elyo amolu kumulu, cilepala kwati ali pa cimpelwa.","Napilibuka umutwe panshi elyo amolu mumulu, afwele ishati lya katapa-katapa alikwata na umushishi wa mafi-yambusa.","elyo kunuma yakwe kulemoneka ifimuti, cilepala kwati ali kuntu kwangalila abaice.","Ici icikope cakopelwe pa 6/3/2006, ukutila ubushiku citatu, umwenshi wa Kutumpu, umwaka wa Tu-pini na mutanda.",mumbali yakwe muli nama chain yantu yekete icimpelwa
3654,"abantu babili nabeka patu mipando, balemoneka kwati balelolela ishitima. ","Niba namayo abekele cilamuntu nga abashaishibana, balelola ishitima ku citesheni.",umu namayo nafwala ifya fita elyo umbi nafwala ica butulukila.,Pacipampa kuntanshi yabo kuli amashiwi ya ayafita ayaleti Wilmersdorfer StraBe.,aya ama lembo yali Mwilangi lya fita nelya buta.
3655,"shitata wabuta inkanda naikala mumupando wamwi shitima, ali mupepi ne window.","Ekele mu kona nauma ka fo-kona, kukulyo naikata na akamela kakwe.","elyo alelolesha kakopa wacikope, nabika ne mboyo pa cibumba ce sitima.",Kwena imimonekele ya miti na icani panse ilelanga ifyo ishitima libutwike.,ishati afwele nalikwata amadeco Yama langi ayalekana lekana.
3656,ibumba lya bantu nabeminima mucibansa icakwata ifyani ifyauma nabekata nembushi.,"Cipalile nga kuciila ca bushibulimi, akakashana nakekata imbushi.",aka kashana aka nakafwala ishati lya buta netoloshi lya fita.,"Bamo bamo bafwele makumbi-makumbi, bambi nabo mito-mito, elyo nababmbi ifya maluba-maluba.",mupepi naka kashana kuli ba shitata babili abalelanshanya.
3657,banamayo babili bale enda mumbali yamatukaaya kwata umutenge uwakashika.,"Baleendela kumbali ya musebo, kuli na ifimbaya-mbaya ifyalekana-lekana.",kucibumba kuli icikope icikwete abantu abafwele ifyajufwala fyama langi ya lekana lekana.,Cipalile nga ulucelo-celo ilyo abantu babutukila kushamacito shabo.,elyo kabili mumbali ya cibumba muli imipando shakashika elyo nama tebulo yabuta.
3658,namayo wabuta inkanda naimya umwana umwanakashi elyo balekopwa icikope.,"Na papa akacola pakubeya, elyo umwana wakwe ali pantanshi na kasapato kamo kukulu.",nabika nama galashi yafita mumutwe elyo nafwala ishati lya fita.,"Umo emanine mulemoneka impanga ya miti iitali, elyo na inshila ya lukungu na amabula-mabula.",uyu namayo nomwana bali mumpanga iya kwata ifimuti ifikulu.
3659,imbwa shibili iyi kulu neyi nono shilechena.,Shili na amalangi yalekana-lekana; iyafita na iya mafi-yambusa.,"elyo shonse shibili shalifita kukanwa, shilecena kwati shilefwaya ukusumana.","Iyafita yalikwata umucila uwipi ilyo iya mafi-yambusa yena utali, nangula shipalile ukukalipa.","ishi imbwa shonse shaume, yimo yalikwata umucila uwipi yimbi yakwata uutali."
3660,imbwa naitoloka ibaka yilefwaya ukwikata akabale kantu bayiposele.,Kunuma yaiko kuli namayo wankanda yabuta uulelolesha ifyo ipupwike pakwanka akabale.,"elyo nafwala ishati lyafita, nao aletamba imbwa kuntu yiletoloka.","Nakwata na amashikiyo kukutwi, alikwata na umushishi uutali umbi upitile na palinso.",kumbali yacibansa kuli ifimuti ifyakatapa katapa.
3661,shitata wabuta inkanda nafwala akasote elyo nakontama cilepala kwati pali efyo aleshila panshi.,"Nakwata icimpo-mpo cafita kukuso, alemoneka nga kateya wamupila wakuminwe rugby.","ishati afwele lilemoneka ilya fita kabili makumbi makumbi, elyo mwapita imishilwa isha kashika.","Nomba nalimo ninebofye nangula naiwe, bushe ati afwele itoloshi kunse mukati ifyakuteyelamo?",kunseyacibansa kuli ifimbaya mbaya ifyamalangi yalekana lekana.
3662,shitata wabuta inkanda naikata akapepala cilepala kwati ale pela speech kuntanshi yebumba lya bantu.,"Ali mucikulwa ca mangalo yabakemba, kumbali kuli kailisha wafilimba na mumulu amalaiti aya yaka.",abantu abengi uku nabafwala ifya fita cipalile kwati efyo ba pingene.,"Mupepi na icikope kuli namayo wankanda yabuta kabili uwamushishi wafita, elyo na shitata luba lwakwe.",mumutenge muli umwa buta elyo bapishamo ama laiti.
3663,"shitata wafita inkanda naikala pakamupando kumbali ya cimuti alelisha icintu, elyo umwana umukashana alepalamina mukumona.","Shikulu-bantu alelisha umulimba, lubali lwakwe kuli namayo uwaimita aloleshe ku tubana.",aka mwana akalumendo nakafwala ishati lya kashikila elyo kale tamba uyu shitata.,Kunuma yakwa shikulu-bantu kwena kuli abantu bambi abashiposeleko namano kufilecitika.,kabili kunuma yakwa namayo untu afwele ishati lya katapa katapa kuli banamayo aba fwele ify akufwala ifya lekana lekana.
3664,shitata naiminina kunuma yetebulo lya pa maliketi pantu atantike tomato.,Ifisabo fyakashika ma apple elyo naimya mumulu na plastic yafintunshi.,"uyu shitata nafwala ishati lya mishilwa sha lekana lekana, elyo alikwata imyefu shashunguluka akanwa.",Pafisabo fili pa itebulo lyakwe ndemona ifinanazi (pineapples) kumbali ya cibokoshi cili pakati..,kunuma yakwe kulemoneka kwati kuli ibumba lya bantu abaleshita ifintu fya lekana lekan apa maliketi
3665,"ibumba lya bantu bale enda palupili lwa snow, baleya ukuli itenti.","Bali bane, banamayo babili na bashitata babili, umo ali pa mwinshi wa itenti lyabo.",bale enda pamulu walupili cipalile kwati beleya ku kampu.,"Aba banensu limo kutila bushe uwabalowa ni ani, pantu kuti mwaya ku nkambi (camping) mu menshi-makasa kwenafye?","balemoneka abaipekanya, ico naba kwata utu fyola nefya akufwala ifya akaba."
3666,ibumba lya bantu naba kolongana petebulo kwishilya lya mumana.,"Baleyangila kumbali ya mumana, elyo pa itebulo pali insalu iili na amalembo yaleti NUESKE'S.",shitata umo nafwala ishati lya makumbi makumbi elyo nakasote kashika.,"Kululamba lwa mumana nabemanikako incinga, ngapo kuli inshila?",elyo kwishilya lya mumana ngawalolekosha kulemoneka kwati kuli impanga.
3667,"bashitata babuta inkanda babili nabafimba ubulangeti bwabuta, umo nafwafwa na magalashi yaku mwafwa ukumona.","Kunuma yabo kuli icipampa ca filimu, cileti Coming soon to theatres elyo cipalile nga abaletamba icitunshi-tunshi.",aba bantu naba sekelela cilepala kwati nabomfwa bwino ilyo bekele mumu pando uyu.,"Mupepi na icikope kuli umushishi upalile nga uwakwa namayo, lelo tatwingeshiba bwino mukwai.",elyo umo pali aba bashitata nafwala ishati lya fita elyo untu afwele ama galashi nafwala ishati lya buta.
3668,shitata wabuta inkanda nafwala ishati lya buta elyo naiminina nembwa mumusebo wakupitamo abantu.,"Namayo nao naiminina na imbwa yakwe, baleloshanya ngafilya imbwa shabo shileilolesha.",elyo kumbali yakwa namayo kulemoneka kwati kuli namayo naumbi untu afwele ishati lya makumbi makumbi elyo netoloshi lya fita.,"Bonse bemanine pakati ka lunkoto, balelanshanyanishisha mu icimfute ca muti wa katapa-katapa.",elyo uku toloka umusebo kuli ulupango lwa maluba namayanda.
3669,shitata untu afwele ishati lya katapa katapa ale ensha honda yafita.,Alepitila mupepi na ifimbaya-mbaya fyafwa kumbali ya musebo.,elyo kumbali ya fimbaya mbaya ifi kuli intambo shamalaiti ishili kufipo.,"Kwaleloka na imfula, mona imilamba filya ikalile mupepi na ifimbaya-mbaya.",pafimbaya mbaya fyafwa pali cimo icabuta elyo tacakwata nefibi.
3670,shitata wabuta inkanda naimya amaboko ale ikata mumu tenge,Ali mucikulwa ca bwalwa namalaiti yalekana-lekana.,"elyo ali kwata imishishi ishipi, nafwala neshati ilya buta.","Kwena alemonekamofye eka, bushe finshi filecitika?","teti wishibe kwena, elyo peshati lyakwe napalembwa ifilembo mwilangi lya fita."
3671,shikulu bantu naikala pakamupando aka mbao kaliprntwa nefya fita.,"Alelolesha mucikope lintu pa itebulo lyakwe pali ulukombo lwa ikalashi, cipalile nga incende basungilako abakoloci.",kunuma yakwe kuli icipampa cabuta nacikwata nama langi aya makumbi makumbi.,"Elyo ulupango, icimfute, amatebulo, na ifipuna ekelepo fyapangwa na imbao.",uyu shikulu alikwata imyefu pamulu wakanwa.
3672,"shitata na namayo nabeminina mumusebo bale lanshanya, namayo nafwala icitambala cabuta.","Namayo alemoneka nga Inkashi yaku Katolika (Catholic Nun), shitata nafwala na akasote kafita kumutwe.",shitata nafwala akasote akafita elyo alemoneka kwati alelondolwela namayo fimo.,"Kukulyo kwakwe kuli fwaka, lelo talemoneka nga uulefwaya ubwafwilisho iyo nalimo baishibanafye.","kunuma yabo kulemoneka namayo untu afwele icabuta kumutwe, elyo ulubali lumbi ulwamusebo kuli ifimbaya mbaya ifingi."
3673,"bashitata batatu ababuta inkanda bale enda mumusebo, naba fwala utusote utwa lekana lekana.","Baletolokela lubali lumbi pa malaiti yapa musebo, kunuma yabo kuli ilaiti ilya kashika.","shitata untu ali pantanshi alemoneka uwasekelela, elyo alikwata imishishi ishiishile fika mumukoshi.","Balemoneka nga abafumine kumatuka, nangula bashisendelepo kantu nangu kamo.",kunuma yabo kuli icipo cafita icikwete ilaiti ilya kashika.
3674,kacimfyanya wamahonda ale ensha honda yakwe iya katapa katapa.,"Nafwala ifyakufwala fyakwe kumutwe mpaka kumolu, ala nabutusha.",elyo necisote cakumucingilila kumasanso cena tacishele. ,"Emukwai hmm tuku-tuku tepaya bwino, nalimo icimbaya-mbaya kuti cakushamo tekupona pa cituku-tuku iyoo.",elyo kumbali yakwe kule moneka ifimuti ify akatapa katapa.
3675,"namayo wabuta Inkanda ale enda mumusebo nafwala nensapato shakashika, elyo nafwala icampepo ca makumbi makumbi","Nasenda insapato kukuso elyo aloleshe panshi, alepitilila amalaiti ya pa musebo yakile cheee.",elyo kukuso kwakwe mupepi nolupango kuli icipo icikwete ama lango yabili ayakashika.,"Iyi ni ncende ya isukulu lya basambi abaleishiba imisosele (grammar), nalimo lya baice nangula abakalamba.",elyo kabili kuli ifipampa ifyo baiminika ifyabuta
3676,"ibumba lya bantu babuta Inkanda, banamayo nabashitata bale enda mumusebo.","Balemoneka nga bali mu itauni lyamakwebo, cilamuntu kanshila kakwabo (mind your own business).",pakati kamusebo pali icimbaya mbaya icafita naciminina.,"Elyo ili itauni lilemoneka nga ilyalikwata umulundu na umutentemuko, na abantu basalangenefye konse.",pambali ya cimbaya mbaya pali umukashana untu alepita nafwala ne toloshi lya makumbi makumbi.
3677,banamayo aba butuka imbilo nabafwala ifyakufwala ifya ma langi ayalekana.,"Bambi bafwele ifyafita, bamo ifyakashika, elyo bambi makumbi-makumbi na amakalashi.",namayo untu ali pantanshi nafwala ifya fita elyo alemoneka kwati nanaka.,"Ulubilo mwane telwakutwalilako umusamwe, lwalyafya nabakwanisha banono umulandu ulabonsa umubili.",umbi umukashana nafwala akasote ka makumbi makumbi nama galashi.
3678,ibumba lya bantu abalemoneka kwati nintandashi baletamba abalumendo abafita Inkanda uko baletoloka panuma yaba nabo.,"Bambi nabakontama, umo alebatoloka ibaka elyo umbi nabika umutwe panshi nga uulepama kamfulamukonko.",mwibumba lyabaletamba muli shitata untu afwele ishati lya buta elyo naikata kamela.,"Eya e, ala ico bali mukasuba bamo bali mufisote, bambi mu makalashi, lelo abengi balifye pa mbili-bili.",kunuma ye bumba lya baletamba kuli ifimuti nefikulwa.
3679,imbwa iyama langi yabili ilya buta nelya fita yile ikata icimuti.,"Ili mupepi na akalonga ka menshi, iloleshe nga iyimwene akasabi.",kwena aka kantu kalemoneka kwati cilindi icaikalilamo amenshi.,"Ala le hahaha, nshatilolekesha nalimo filya amenshi yalemoneka ukulaya kumiti ili kuntanshi.","icine teti wishibe, elyo uku kunt kuli ama bula aya uma pamushili."
3680,namayo wabuta inkanda naikata ifitabo elyo nabika umunwe paka nwa kwati alelesha abantu icongo.,"Alesenda ifitabo mu muputule wakulengelamo, elyo nafwala amakalashi na akaputula.",nafwala ishati lyabuta elyo akaka insalu yakashika mumukoshi.,"Akaputula nako akepi, mukumoneka uyu mukashana kuti aba nga kangalila wa mabuku.",elyo kunuma yakwe kuli ifitabo ifingi ifya lekana lekana.
3681,bashitata babuta inkanda nabafwala utuma koti utwa katapa katapa elyo nabapalamina indeke.,"Bali nga bakalungisha wa ndeke, bali bane mucikope elyo umo nafwala insokoshi ya kumutwe iyafita.",elyo nabafwala ama shati yafita mukati kama koti yakatapa katapa.,"Nabapisha intambo shakashika ukufuma kuli ci mashini cili panshi, shileya mukwikata ku ndeke.",pamushili napo palemoneka apa shilwa nefya buta.
3682,banamayo aba fita inkanda nabekala pa maliketi nabekata ama saka aya mutuntula.,"Elyo pali ibumba lyabantu mupepi nabo, filya ni pacisankano.",namayo umo nakotamako elyo aleikata mwisaka lya mutuntula.,"Ukumona ifi plastic fikalamba ine ukumona kwati nifilya muno Zambia banamayo bashitisha amataba, na ifyumbu fyakwipika.",namayo umo nafwala icitambala kumutwe elyo umbi alifwe uwaluka bamukule.
3683,"shitata wafita naiminina mucitasheni ca ma shitima, elyo nashintilila kucibumba.","Alelisha ingoma ya malata, nafwala akasote elyo kukuso kwakwe kuleisa ibumba lyabantu.",shitata umo pabalisa nafwala itoloshi lya mutuntula.,Elyo kuntanshi ya wakalisha wa ngoma kulemoneka inshila umo icintubwingi cilepita.,kunuma yakwa shitata untu ale pita kuli namayo uwabuta inkanda.
3684,shitata wafita inkanda naiminina kumbali yakntu kapala icimbaya mbaya akabuta.,"Naikata mumatumba napapa na akacola kunuma, mupepi nankwe kuli icimbaya-mbaya ca mito.","elyo nafwala akaputula akafita, icimbaya mbaya naciminina mupepi nemishilwa isha buta pamusebo, (pedestrian crossing)","Kunuma ya ncinga yabuta kuleisa abantu, baloleshe kuntanshi yabo nga ukuli ifikulwa fya amatuka.",elyo kuli nefikulwa ifyakale kunuma ye bumba lya bantu.
3685,aka mwana akakashana nakafwala icitambala ica makumbi makumbi elyo kale anga utuntu twama langi ayalekana lekana.,"Pali aka pepo, katapa-katapa, macungwa, makumbi-makumbi, na mutuntula kukamuti ka baswa.",kunuma yakwe kuli umupando uwa kashikila.,"Elyo aleyangala eka mu muputule, uyu mwana apalile nga uwaishiba ifyakwangasha utu tuntu aleikataula.","natenkanya nokutekanya ilyo ale angala, kwati ali pa mulimo."
3686,shitata wabuta inkanda alelongea ifintu fya mbao muci beseni ca makumbi makumbi.,Ali kumbali ya musebo elyo aleesha ubika imipando yakwe bwino pakwensha.,elyo uyu shitata alibeya imishishi mumbali yamutwe elyo ashafye pakati.,"Lintu nacilolesha pakubala nacimona kwati amenso tayalemona bwino, ala kanshi cacine ni Moog abeya?",kunuma yakwe ulu bali lumbi ulwa musebo kuli ifikulwa.
3687,aka mwana akacimwenye akalumendo kalesamba mumu mana elyo nakaputa amatobo. ,Kalesambila icanuma lilya kaleibuka mu menshi yantu kasabwishe.,elyo kalemoneka aka nsansa mumenshi muntu kale samba.,"Kubwaice nififine, naine ilyo nasambilile ukusamba insamfi na imibya awe cali lishishe na umwana.",amenshi yalemoneka aya katapa katapa.
3688,"umwana umulumedno uwabuta inkanda nafwala icisote ica kumu cingilila kumasanso, elyo nafwala ishati lya katapa katapa.","Nashumba umupini wakwe ukuti ome akamupila kabuta palupanda, na kumbali ya miwaya kuli abaletamba.",elyo kunse ya lupango kulemoneka shitata untu aletamba uyu mwana,"Babili bashitata umo mukaputula na amaboko mumatumba, elyo umbi mu itoloshi na maboko mumusana.",kunse yalupango kulemoneka utu bana utu fwele ifisote ifya palana nakanabo.
3689,shitata wabuta inkanda alefwala ishati lya fita elyo bambi balemutaba uku baleseka.,"Hahaha awe kuti waseka na ifyo ushishibe, filya baloleshe kwati balemupunika?",nganishitata unti Ali nolulupala awe kwena nasekelela.,"Celenganye (imagine) ai, nalimo baloleshe ulufumo lwakwe nokutwishika ngakuti akwana muli ici cakufwala.","awe kwena limbi efyo, kuli na shikulu bantu umbi uwakwata imishishi shabuta."
3690,shitata uwabuta inkanda nafwala ifyakufwala ifyama langi aya lekana lekana.,"Uyu mulumendo nikalisha wa ngoma ngafilya ba Brass Band, naikata na utumuti kuminwe.",elyo na chensela kuli kakopa wacikope jwati balimwebele at say CHEESE.,"Kunuma yakwe kuli ifimbaya-mbaya fyalekana-lekana, apali ilangi lyabuta na kafi.",elyo kabili kuntanshi yafimbayambaya kulemoneka kwati kuli ifikulwa nefimuti.
3691,utu bana utu kashana natufwala ifyakufwala ifyakashika ifya kusambilamo kumumana nangula ku swiming pool.,Akakalamba kalemoneka akacepa utumenso elyo akabiye nako kaloleshe mucikope.,"akali pantanshi kalemoneka aka shipwilila icho amenso yanono, elyo akali kunuma nakatumbula amenso kena.","Elyo tonse tufwele insalu ya kompo, eico kuti watila nalimo nitu mpundu masebe kwawila.",tonse tubuli utu utubana natu kaka imishishi mumbali.
3692,imbwa iya butulukila nayasama elyo yile butuka.,"Ipalile nga iilesengela abene, naifwala na umushipi mumukoshi.","icine imbwa shila sansamuka nga shamona abene, iyi nayasama na kukanwa.","Elyo umwine alaisunga busaka-busaka, mona amasako ukulelema.","icine amasako nayabuta ubusaka, elyo kulubali lwa iyi imbwa kuli ulupango lwa mbao."
3693,aka mwana akalumendo knakafwala ishati lya buta nakaputula akafita elyo kale panta umupila wakumolu.,"Nakapantisha umupila kwati ni nsoselo uuma nafyala umina limo, hahaha hahaha uwi!","insapato kafwele shintu shakashika icapanshi, elyo kalikwata imishishi ishipi.",Mucibansa muli tondolo umwabula abantu bakulumba uyu mupila akalumendo kaleteya.,"cilepala kwati kali ku telenini, eco takubelele abantu."
3694,"aka mwana akalumendo kale shelemuka pacimu shelemuko chamumenshi, elyo naka fwala akaputa ka makumbi makumbi.","Pamopene kalemoneka nga akakashana na umushishi uutali, elyo nakemya utuboko mumulu.",umushelemuko untu wamutuntula elyo namenshi yalemoneka aya makumbi makumbi.,"Nakatolokela pamulu wa fi balloon ifya amalangi yalekana-lekana, pichi na katapa-katapa.",elyo kunse kulemoneka kwati kuli ulupango lwa maluba ya katapa katapa.
3695,namayo wabuta inkanda alelolesha mucakumwenalo utufintu utushimonwa namenso(microscope).,Abakashana banankwe bemanine mupepi nga abalelolela ukumona ifyo alemona mu microscope.,"namayo alikwata imishishi ishitali Isha fita, elyo naika ukuboko kumo pakubeya kwakwe.","Kumbali ya microscope pa itebulo pali icibokoshi ca amani, ngapo baleyesha ukumona nalimo yali na amalwele nshi.",namayo umbi untu ali kukuso kwamukashan untu alelolesha muli microscope alemoneka kwati nadabwa.
3696,aka mwana akafita inkanda nakafwala ifyakufwala fya katapa katapa elyo nakemya amaboko mumulu.,"Nakambi lubali lwa kwa namayo kafwele kompo, cipalile nga kusukulu nalimo ku miisa (Church).",elyo naka fwala ishati ililembelwepo inambala 5.,"Kumbali ya kwa namayo uuli na umwana muminwe, pacibumba, kuli ipepala lya mashiwi HYMNS OF THE WEEK.",pantanshi yatubana pali utumipando utwa malangi ayalekana lekana.
3697,umuntu nafwala ifyakufwala ifya fita elyo aleyanga pa cimbaya mbaya capa menshi.,"Ala uyu shitata takwata na mwenso, naiminina na ndi pa speed boat?",amenshi pamumana yalemoneka katapa katapa.,"Yasabawike nganshi kwati elyo mashini yalila, kanshi kufyampuka nga cituku-tuku.",amenshi nayi yalemoneka aya katapa katapa.
3698,aka mwana aka kashana nakafwala ifya kufwala fya buta elyo naka mwentula.,Nakemya icikombe kuminwe ukuli na amatoni ya malangi walekana-lekana.,elyo kunuma yakako kuli icibi Ica kashikila icapangwa nembao.,"Pamulu wacikombe pali akalubi ka karate, e iyi nsalu yabuta kafwele.",icibumba camung'anda umu calipentwa ilangi lya buta.
3699,"namayo wabuta Inkanda, naikala pamupando, alemoneka kwati Ali ne fumo.","Hahaha hahaha ala mwandi imikalile yenu bana mayo nemwe, apetelefye ukulu kumo pamupando.",iyi imikalile kwena tailemoneka nag umuntu uupele ukulu mwe. ,"Iyoo mukwai ni katwishi bwalya, ala nifilya mbwene ukulu kunuma yacipuna eco nsosele ifyo hahaha!",kwena uyu namayo alikwata imishishi ishitali Ali mumuputule uwabuta elyo muli imipando ishingi
3700,"shitata wabuta Inkanda alelungisha icikwepe, elyo nafwala ishati lya katapa katapa","Pamulu wakwe pali icilolani, elyo napemanina shitata.",shitata untu ali pamulu alemoneka kwati aleninika ama stairs.,"Elyo ukulolekesha kuminwe kuli insokoshi shafita, nalimo eulebombela pa cikwepe ca pamulu?",kwena uku kuntu kulemoneka ukwa kashika ifishimbi fyonse filemoneka ifya kashika.