IMAGE #,SPEAKER 1,SPEAKER 2,SPEAKER 1,SPEAKER 2,SPEAKER 1
10451,Abantu babili umwaume no mwanakashi  bali mwituka nabeminina umo bashitisha ifintu ifyapusanapusana,Bushe uyu umwaume no mwanakashi abali mwituka finshi bafwele?,uyu mwaume no mwanakashi abali mwituka bafwele ifyakufwala fyelangi lyafiita ifilemoneka nga makoti,bushe finshi uyu mwaume no mwanakashi abali mwituka balecita?,"cilemoneka kwati uyu umwaume no mwanakashi baleshita amaluba, umwanakashi naikata amaluba kuminwe kukuboko kwa kukuso ayelangi lyabutulukila"
10452,Kuli cinkupiti wabantu abaume na banakashi abamushinku yapusanapusana bali pa cifulo cimo,Bushe finshi aba abaume na banakashi abafulefi balecita pali ici icifulo?,Aba abaume na banakashi balelisha imitolilo iyo babikile kukanwa cilemoneka kwati kuli ici cifulo balasefeshako fimo,Bushe aba abantu  balekanalekana finshi bafwele kabili balemoneka Shani?,abantu abalekanalekana apali abaume na banakashi bafwele ifyampepo na matoloshi ifyamalangi yapusanapusana nakabili balemoneka abacincimuka
10453,abantu abamishinku yapusanapusana apali abaume na banakashi Bali kucifulo icilemoneka nge cifulo ca mapepo,finshi aba abantu balekanalekana balecita pali ici icifulo?,cilemoneka kwati baletamba ifintu   ifyalengwa ifili petebulo ilyo banshikepo ne nsalu iikwete amalangi yabili,bushe  aba bantu finshi balemoneka ukuti  babikileko sana amano?,cilemoneka ukuti aba abantu babikile amano kufyo babumba shikulu bantu uufwele ica kufwala ce langi lya mutuntula naikata imbale umuli ifilemoneka ngefilubi
10454,umwanakashi uwankanda yabuuta  uufwele ishati lya butulukila elyo netoloshi yamakumbimkumbi naikala mumuputule uunono,Bushe finshi fili muli uyu umuputule mwikele uyu umwanakashi?,mumuputule muli uyu  mwanakashi muli itebulo pali nainkomaki umuli ifyakunwanwanwa ifikwete ilangi lya macungwamacungwa elyo ne citabo,bushe ni finshi uyu mwanakashi alecita muli uyu umuputule ?,cilemoneka kwati uyu mwanakashi alebelenga ibuku ili mupepi na ena nakabili alebomfyako namusange iyo ekete kuminwe cipalile kwati pali ifyo alemona pali musange
10455,Apali abantu batatu abaume babili no mwanakashi umo nabekala pa fipuna  mumuputule wa kutushishamo, bushe aba bantu batatu apali abaume naba banakashi baleta finshi pali iyi inshita,Cipalile kwati aba abaume babili no mwanakashi umo balelanshanya umwaume uuli pakati alelanda  alebomfya  na maboko yonse yabili elyo aba babili balemulolesha,Bushe kwampana nshi kuli Pali aba bantu  abaume babili no mwanakashi umo?,Cilemoneka kwati uyu mwaume uuli pakati ali nabafyashi bakwe cipalile kwati umwaume uufwele icampepo celangi lyabulauni ne toloshi lyamakumbimakumbi eba wishi
10456,Umwaume uwankanda yabuuta  uufwele ishati ne toloshi lyamakumbimakumbi nanina pancinga,Bushe uyu mwaume ali pancinga uufwele ishati lyabuta finshi alecita?,uyu mwaume naimya incinga  yakwe mumulu itayala lya kuntanshi elimine sana mumulu,Bushe finshi fimbi  ifilemoneka ifili Pali icifulo apali uyu umwaume?,"Pali ici icifulo Pali ing'anda iikulu iikwete ilangi ilya butulukila elyo naikwata no lukungu ulwakutantalapo pakunina,pali an maluba kucibumba ayakwete amalangi yatatu akatalamukila kuli icimuti"
10457,Abaume na banakashi abalekanalekana bali mumusebo uukalamba uwapangwa ne njelwa lshaocewa lshinono ishikwete ilangi lya kashika no twabuta mumbali,Uyu musebo wapiita pakati kafikulwa ifingi ifingi nanshi,Cilemoneka ukuti Uyu musebo wapiita pakati kafikulwa ifilemoneka kwati matuuka umo abantu bashitisha no kushita ifintu ifyalekanalekana,Bushe aba abantu bali mumusebo uyu finshi balecita?,Abantu abali muli uyu umusebo balecita ifyapusanapusana bamo baleenda bambi na beminine ngo uyu umwaume uufwele ifyakufwala fyafiita naikata ne ntambo iyo akakile kacoona (kapushi) pefumo akakwete amalangi ayengi
10458,Abantu  batatu abapusana umushinku apali umwaume no mwanakashi elyo no mwana umunono bali mucikulwa basungila inama nabasunsumana,Bushe uyu umwaume no mwanakashi finshi balecita mucikulwa?,Uyu mwaume no mwanakashi cilemoneka ukuti batwele umwana umunono ukuti amone no kwangashako inama iyo ekete iikwete ilangi lyafitulukila iisuma,kwampana nshi kuli Pali aba bantu batatu abali mucikulwa?,cilemoneka ukuti umwaume no mwanakashi bafyashi ba uyu mwana umunono bekete kuli bawishi abafwele amakalashi balenda nokulanda
10459,umwaume umukoloci uufwele ishati lya butulukila elyo na kasote naikala uku ninshi na kontama nokukontama,Bushe nimwi umu uyu umwaume ekele?,Uyu mwaume umukoloci ekele muka lishitima akanono akakwete no mutenge kuntanshi kuli nakapala imendela,Bushe iine ncende iliko uyu umwaume elemoneka Shani kabili finshi filiko?,iincende ukuli Uyu mwaume ilemoneka kwati ni kumpaanga kuli ne fimuti fyakatapakatapa kuli nobulalo inyangi yapiita panshi umuli kwati cibwendo
10460,Iimbwa iikulu iikwete amalangi yabili ilangi lyabuuta ne langi lya fiita ii mpaanga,Bushe iimbwa iikulu iikwete ilagi lyafita nelangi lya buta iili mpaanga finshi ilecita?,"iimbwa ilebutuka,naibutuka sana ileima namabaka uku ninshi naisenda na cimo kukanwa kaiko icikwete amalangi yabili ilangi lyakashika nelyakatapakatapa",Bushe iine mpaanga ukuli iimbwa ilemoneka Shani pali ak kashita?,Ii mpaanga ilemoneka iyabatama kuli icani bulauni elyo ne cakatapakatapa cipalile kwati iimpaanga ni muciswebebe tamuli ifimuti
10461,umwana umulumendo wa caice uwankanda yabuuta uufwele icampepo icikwete amalangi yabili ilyakashika nelangi lyamakumbimakumbi nakakufwala kwisamba akabutulukila naikala,Bushe uyu wine umwana umulumendo wa caice finshi alecita Pali iyi inshita?,cilemoneka kwati uyu mwana umulumendo  aleyangala pantanshi yakwe Pali ifyakwangasha fyalekanalekana ifikwete amalangi ayengi no tumamotoka utunono no tukulu,Bushe uyu wine mwana umulumendo cifulo nshi aleyangalilamo?,Cilemoneka ukuti ni mukati kang'anda emo uyu mulumendo apangile akakwangalimo abomfeshe imipando ibili iikwete amalangi yapusana napindikapo nolubao pamulu
10462,imbwa iipi no mucila uwipi ikwete amalangi yabili ilyabuuta nelyabutulukila,Bushe iine mbwa finshi ikwete Kabili finshi ilecita kli iyi incende?,iimbwa naikwata umwando wacela mumukoshi cilemoneka kwati ilefwaya ukuputula umwando ilepilikisha naifumya no lulimi uulwakashika,Bushe iine mbwa nikwisa uko baikulile  pali iyi inshita?,"iimbwa baikulile palubansa lwa pang'anda apali no tufyani utunono utwakatapakatapa , ulubansa bakulilepo iimbwa Pali ing'anda iikulu iyabuutulukila apakwingilila Pali nefishimbi Bali cingilila mumbali"
10463,pali ubwato ubuukulu  ubuli pamumana elyo kuli no muntu akatalamukila,Bushe finshi uyu wine muntu alecita pamumana uukalamba nganshi?,Uyu muntu cilemoneka ukuti aleowa mumumana uukalamba umubili onse taulemoneka kushelefye umutwe eulemoneka,Bushe ubwato no mumana filemoneka shani?,Umumana ulemoneka uukalamba ikwete ilangi lwa makumbimakumbi Pali bwato bulesenkela pa menshi ubukwete intambo iyo bakakile kunanga pakuti tabusendelwe kumwela
10464,umwanakashi uwankanda yabuuta ali mucikulwa cakutukushishamo umubili,bushe uyu wine mwanakashi alemoneka Shani kabili finshi afwele?,uyu mwanakashi uwa mushishi uwipi nafwala namakalashi mumenso nemilomo iya petwa  uufwele ishati lya kashika na shiketi iipi iya makumbimakumbi,Bushe uyu wine mwanakashi finshi alecita Pali iyi inshita?,uyu mwanakashi aletukusha umubili ukubomfya icilemoneka ngo mupila icikwete ilangi lya macungwamacungwa cilya ekatile kukuboko kwa kukulyo icikumo nacingila mumupila
10465,umwaume uufwele icampepo icikwete amalangi yabili ilyakashika nelangi buuta ali mumpanga,bushe iine mpaanga umuli uyu umwaume ilemoneka Shani,iimpaanga ilemoneka iikalamba naikwata ne fimuti ifitali ifyakatapakatapa elyo naikwata na mabwe ayakalamba,bushe uyu wine mwaume finshi alecita kabili aninine Pali cinshi?,uyu mwaume uufwele icakufimba pa menso cilemoneka ukuti aleenda mukashila katondo nanina napa citukutuku icikwete amalangi yabili Ilya fiita ne lyabuuta
10466,umwanakashi uwa nkanda iyabuuta uuli no mushishi uwipi kuntanshi uukwete amalangi yabili Ilya butuluka ne lyamakumbimakumbi naikala panshi,Bushe uyu mwanakashi ekele panshi napeta namolu finshi alecita Pali iyi inshita?,Uyu mwanakashi alelisha icilimba cansale ico beta mucingeleshi ati guitar  aleimba no kwimba,Bushe uyu wine mwanakashi alelisha icilimba finshi afwele kabili cifulo nshi aliko?,Uyu mwanakashi  afwele ishati lya maboko ayepi ilya butulukila elyo nakaputula akamakumbimakumbi mukati muli netoloshi lyafiita ilikwete ifpunda ifingi  nakabili ekele mumbali yacikulwa celangi lyakatapakatapa
10467,Umwanakashi uufwele icampepo cafiita ne shati lya buuta mukati elyo ne toloshi lya fiita naikala mumbali ya bulalo,bushe uyu wine mwanakashi ekele  mumbali ya bulalo alemoneka Shani? , cilemoneka kwati Uyu mwanakashi kuli fimo ifimusakamike ifyo aletontonkanya apa ekele nashinta ukuboko mumasaya  ,Bushe iyine ncende iliko uyu mwanakashi alemoneka Shani?,iyi ncende ilemoneka kwati ni pabulalo ubo bapangila ne njelwa isho bapangila nasemeti  kuntanshi kulya aloleshe kuli icipalile kwati mumana uukulu kuli neco bakula icitali
10468,abantu abalekanalekana apali abaume na banakashi bamishinku yapusanapusana abankanda yafiita bali pa ncende imo,Bushe aba abantu abalekanalekana apali abaume na banakashi abamishinku yapusanapusana balemoneka Shani?,Aba abantu abankanda yafiita bafwele ifyakufwala ifyapusana amalangi elyo abalumendo babili tabafwele amashati  amafumo yalipambilibili elyo bana mayo babili umushishi nausakalala,Bushe ici icifulo ukuli aba abantu abalekanalekana kulemoneka Shani?,Ici cifulo cilemoneka kwati ni mubala  ayabela mwisamba lya lupili cilemoneka kwati aba abantu bekala mupepi  akatalamukila kuli akang'anda kapangilwa ne cani
10469,abantu batatu aba pusana imishinku babili bali mumushinku wapakati elyo nashikulu bantu umukoloci ,Bushe ni kwisa abantu batatu bali pali iyi nshita?,cilemoneka kwati Bali kumabala uko balimina ifisabo ne mbuto shalekanalekna,Bushe aba abaume batatu bafwele finshi kwampana nshi kuli Pali aba bantu?,aba baume bafwele ifyapusana umwaume uushile moneka  no mwaume uo bashikulu bantu balepela fintu bafwele amashati yamaboko ayepi namatoloshi yafiita bashikulu bantu bafwele ishati lya butulukila necitenge cipalile kwati aba bashikulu bantu bafyashi
10470,Umwaume uwankanda yabuuta uwainako panono kabili kabili umwipi   aleenda kucifulo cimo eka.,Bushe iyi incende iyo uyu mwaume aleendako ipalile kuncende nshi mumimonekele?,Uyu mwaume aleenda mu lubansa ululi mupepi ne linga ilitali  ilyapangwa na bawaya abakosa.,Bushe uyu umwaume uulenda kucifulo ici eka mu nshita yakasuba ni finshi ifyo afwele kumubili?,Uyu umwaume uuleenda eka afwele ishati Ilya buuta ne toloshi Ilya butuluka elyo nakasote aka buuta
10471,Umwaume no mwanakashi aba nkanda iyabuuta kabili abacikoloci baali ku cikulwa cimo icikulu,Bushe ni finshi ifyo aba abakoloci babili bafwele uku kucikulwa uko baali munshita yakasuba?,Uyu namayo umukote afwele ishati Ilya butuluka no twabutamo ne caketi Ilya butuluka kumfwa shikulubantu ena afwele itoloshi ne caketi ifya ili line ilangi,Bushe ni finshi ifyo aba abacikoloci babili baleciita kuli iyi incende iilemoneka iisuma kabili iili namakalashi ayengi?,Uyu namayo umukote naiminina cipalile kwati pali ifyo alelolels elyo shikulubantu ena aleenda akatalamukila na Pali uyu namayo
10472,Abantu abalekanalekana apali abaume na banakashi abafwele ifyakufwala ifya pusanapusana baali ku ncende imo,Bushe iyi incende iyo aba abantu abalekanalekana baliko ilemoneka kwati ni ncende nshi?,Iyi incende ilemoneka kwati ni mumusebo uwapiita pacikullwa icikalamba elyo walipiita na pameenshi ayengi,Bushe umwanakashi uufwele akasote na baume babili elyo no mwana uwacaice abeminine pa bulalo ni finshi ifyo baleciitapo?,Cipalile kwati aba abantu bane baali Pali ubu ubulalo baletamba ameenshi ayalepiita panshi yabulalo
10473,Abantu abalekanalekana apali abaume na banakashi aba mishinku iyalekanalekana kabili abali ne nkanda ishapusanapusana baali kuncende imo munshita yakasuba. ,Bushe ni finshi ifyo aba abaume na banakashi bafwele kumibili ilyo baali kuli ici cifulo?,Aba abantu bafwele ifyakufwala ifyo bafwela pakuteya umupila elyo Bambi nabafwala no tusote na makalashi ayakumwenako mukasuba,Bushe ni finshi ifyo aba abantu abalekanalekana balecita kuli ici icifulo uku ninshi nabekela no kwikala?,Aba abantu abalekanalekana cipalile kwati baali kuli ici cifulo mukutamba amangalo pantu nabasamwa elyo nabakwata ne mendela isha malangi yatatu
10474,Umwaume uwankanda yabuuta kabili uwaondako panono kabili uukwete umushishi uwapolombana na sunsumana panshi ,Bushe ni finshi ifyo uyu mwaume uusunsumene alecita apa epo Ali mu nshita yakasuba?,Uyu mwaume afwele ishati Ilya maboko ayepi ayakwete no tumishilwa tubili elyo nakaputula uwafitulukila,Bushe ni finshi ifyo uyu mwaume uufwele ifyakuminwe ifya buuta alecita apa epo asunsumene?,Cipalile kwati uyu umwaume alesekwila ulubansa elyo no kulimba amaluba ukubomfya ifibombelo ifyalekanalekana
10475,Umwanakashi uwa nkanda iyabuuta no mushishi uwipi uwabulauni kabili umutali Ali eka  ,Bushe ni finshi ifyo uyu umwanakashi uwayemba afwele ilyo aleenda kuli ici icifulo?,Uyu mwanakashi afwele indeleshi iyisuma iikwete ilangi ilya buuta tutu Ilya tentekana kabili ilishile ifipeya panse,Bushe ni finshi ifyo uyu umwanakashi asendele elyo Kabili nifinshi ifyo alecita kuli iyi incende mu nshita yakasuba?,Uyu mwanakashi asendele umwamfuli uwe langi Ilya katapakatapa elyo nakacoola ka kuminwe akelangi Ilya kashikila.
10476,Umwana umwaume uwakanya uuli no mushishi uwipi kabili uwabulauni na menso ayalinga Ali ku ncende imo,Bushe ni finshi ifyo uyu umwana uwakanya afwele kumubili uku uko Ali mu nshita yakasuba?,Uyu umwana bamufwikile ishati Ilya buuta umupitile ne mishilwa iya kashiika elyo Kabili ilikwete amaboko ayakashika,Bushe ni finshi ifyo uyu mwana wakanya alecita umu umo Ali plain iyi inshita?,Uyu umwana cipalile kwati aleyamfula muli ici icipalile kwati cintu ico babuumba  icabulungana kabili icikulu.
10477,Abantu batatu apali abaume babili no mwanakashi umo  uukwete umushishi uutali bali ku cifulo cimo,Bushe ni finshi aba abaume babili no mwanakashi umo bafwele kabili balemoneka Shani?,aba baume no mwanakashi umo bafwele amashati yelangi lyafiita umwaume no mwanakashi umo ebalemoneka  umwaume umo alemokakofye lubali,bushe finshi uyu mwanakashi nabaume babili balecita kabili icifulo nshi baliko?,"cilemoneka kwati aba abaume no mwanakashi bali kucifulo ca ncito bonse nabafwala ifitupa mumukoshi cipalile kwati elyo bainuka ,uyu umwaume no mwanakashi  nabekatana cilemoneka kwati balekopwa"
10478,umwaume uwankanda yabuuta no mwana mwanakashi wacaice Bali kucifulo icisuma,bushe Uyu mwaume no mwana wacaice balemoneka Shani?,uyu mufyashi umwaume no mwana wacaice  cilemoneka ukuti nabatemwa bonse balemoneka abansansa bawishi nabekata no mwana kuminwe,bushe ni finshi uyu mufyashi umwaume no mwana wacaice balecita kabili ici cine cifulo cilemoneka Shani?,cilemoneka kwati uyu mufyashi no mwana bali ne nshita iisuma iyakwangala kuli ici icifulo icilemoneka bwino kuli amaluba ayakwete amalangi yabili katapakatapa nelangi lyamutuntula
10479, Abaume babili no mwanakashi umo bali mucikulwa balishishamo ifilimba munshita yabushiku,finshi aba abaume babili no mwanakashi abali mucikulwa balecita pali iyi nshita?,abaume babili no mwanakashi balelisha ifilimba fyansale  umwaume uwiminine eulelishai icilimba umwanakashi euleimba,Bushe uyu mwanakashi nabaume babili finshi bafwele kabili finshi balebomfya pa kwimba?,"Uyu mwanakashi uuli no mushishi uutali nabaume babili bafwele amashati yabuuta ayatali ayalepuka mumbali, pakwimba balebomfya ifisoselo palya beminine"
10480,Abantu abalekanalekana apali abaume na banakashi aba mishinku yapusanapusana bali  apa kuteyela umupila,Bushe finshi abaume balecita  apa apakuteyela umupila kabili mupila nshi baleteya?,cilemoneka kwati aba abaume bali  apa apa kuteyela umupila baleteya umupila wa kuminwe uo beta mucingeleshi ati volleyball ,bushe iincende baleteyapo umupila ilemoneka Shani kabili icipanda capangwa Shani?,cilemoneka kwati apa baleteyala ni palubansa apo babika namanenekela kuli namayanda mupepi elyo ne fikulwa icipanda balebomfya nacikwata ne mipeto
10481,Pali abaume babili abali pacakusendelapo ifintu umwaume umo naikala  umbi naiminina,Nikwisa uko aba abaume babili bali kabili finshi bafwele?,"cilemoneka kwati aba abaume babili bali kululamba lwamumana , nabafwala amatoloshi namashati ifikwete amalangi yapusana lelo utwakufwala  twakunse natupalana",Bushe ici cine aba baume bekelepo cilemoneka Shani kabili finshi umwaume uwiminine alecita?,"ici cilemoneka icapikana nacikwata ifishimbi ne mipeto elyo ne ntambo ishingi cipalile kwati cintu basendelapo ifintu pamumana, umwaume uwiminine cipalile kwati pali ifyo alemona kuntambo"
10482,"abalumendi babili Bali pacifulo como cine panshita yakasuba ,umo umulumendo nafwala ishati lyamaboko ayatali ilyakashika nakaputula be kafita to akakwetemo no twa buta",umbi umulumendo afwele ishati lyamaboko ayatali ilya buta ne kaputula kelangi lyapala  imitomito.kabikili bonse aba balumendo nabafwala ifimpompo, bonse babili nabafwala ifimpompo fyekangi limoline ilya buta kabili bonse nabanina panma cinga yabo.amacinga bakwete bonse yantu yafita, munuma ya aba balumendo nabapapa utufyola utwapusana pusana amalangi.kamo akacola kalemoneka akafita elyo kambi aka mitomito,Bali kuncende ukuli amabwe ne fimuti lelo umo umulumendo uufwele ishati lyabuta naima mumulu ne ncinga yakwe elyo umunakwe Ali pamushili me ncinga yakwe
10483,imbwa iikwete amafufu yamalangi yabili ilya buta pamenso namumukoshi elyo ayatobenkana kunuma nakumolu yakunuma,"iyi imbwa ileenda mululamba lyabmumuna uukulu sana.bushe iyi imbwa ileenda v
mushita yakasuba ilemoneka Shani?",iyi imbwa ilemoneka iyabomba kumulu yakunuma cipalile kwati yacifuma mumenshi.kabili pakwenda iyi imbwa nayasamuna nakanwa elyo nolulomi luli panse ,elyo ileenda naimya namatwi lintu ileenda iyi imbwa kabili ilemoneka ilifye yeka juli iyi incende.bushe iyi incende imbwa iliko ilivshani?,iyi incende ilemoneka iyayemba pantu amenshi mumumaba yalemoneka ayamakumbimakumbi kabili pamenshi tapali amabimbi nangu yamo
10484,abantu abapusanap)usaba Bali  muncende imo bamo nabekala elyo Bambi nabeminina panshita yakasuba," Pali aba bantu abapusana pusana Pali abaume , abanakashi ,abacikoloci elyo nabacaice",juli umwana mulumendo uuwiminine eka nafwala ishati lyamaboko ayatali ilya katapakatapa naka dalasi kafita pamulu,uyu mwana was mushishi uwipi kabili naikata ufyapala amasengo ifyabuta kuminwe ibili yonse," Ici cifulo aba bantu balimo cilemoneka nge shitolo likalamba umo bashitisha ifintu ifyalekana lekana pamo nga imbale ,inkomaki elyo na fimbipo"
10485,umwanakashi uufwele ishati lya kashika ilyamaboko ayatali naikala mumuputule panshita yakasuba,"akelelebpakapuna mupepi netebulo ,bushe cifulonshi Ici uyu mwanakashiuufwele ishati lyakashika aliko?","Ici cifulo aliko uyu umwanakashi cifulo bashitishishamo no kulilamo ifyakulya.kabili kuti twalanda ifyo pantu  muli Ici cifulo muli imbale ,impoto elyo nabantu Bambi abalelya",kunuma yamukashana kulemoneka kwati eko bepikila  nokupungwila ifyakulya.bushe finshi uyu mwanakashi alecita juli iyi incende?,uyu umwanakashi eshile Kuli  Ici cifulo mukulya ifyakulya kabili Pali iyi inshita alelya nokulua pantu afumafye mukufumya foloko mukanwa 
10486,umwana mulumendo naikala pa cibumbili mumbali yamusebo kabili nafwala me campepo cakatapakatapa,apa ekele nafwala ne nsapati sha fita futiti kabili icibumbili ekelepo  capentwa nelangi lyakata katapa,kunuma Kuli iluba ilyakatapakatapa kabili ku kuso kwakwe Kili ifimaceni  ifikulu ifyamutuntula elyo no kufita,Kuli iyi incende aliko uyu mwana mulumendo  naikwata ifikulwa ifitali ifyantunti buShe finshi Fili bishilya lyamusebo?,Kuli umwaume uufwele ishati lya buta netoloshi lya makumbimakumbi kabili naikata icipepala cabuta kuminwe lelo Pali iyi inshita  nalolesha kunuma
10487,umwaume uwankanda yabuuta  uuli no mushishi uwipi nakwata no lupala  pakati kamutwe ali  mwituka,bushe uyu wine umwaume  uwa mushishi uwipi uwikele mwituka finshi afwele ?,uyu mwaume afwele ishati lyamaboko ayepi Ilya bulauni elyo kunse nafwalako nakapalile kwati kapepa  kapulashitiki pacifuba cakwe,bushe uyu wine umwaume uufwele akapalile akapepala uuli mwituka finshi alecita kabili ili lituka lyafinshi?,Uyu mwaume cipalile kwati aleshitisha inama muli ilituka cilemoneka kwati eco afwalile nakalya kapepa kuminwe yakwete naikatako naumo
10488,umwaume uufwele  ishati lyamaboko ayepi ilya buta ne icimpompo icabuuta ali pancende imo panshita yakasuba,bushe uyu wine mwaume finshi alecita Pali iyi inshita?,cilemoneka kwati uyu mwaume alepanga icipalile kwati lubao lwa kucingila fimo,bushe uyu umwaume finshi alebomfya pakupanga ici icipalile kwati lubao lwa kucingilila?,uyu mwaume cipalile kwati alebomfya inshimbi ishikulu ne shinono kuli nefyela ifili kunuma yakwe
10489,imbwa iikwete amafufu yamalangi yabili  ilya buta nelyafitulukila ilibpanse  naiminina mushita yalucelo celo ,bushe iyi imbwa iikwete amalangi yabili ilikwisa Pali iyi inshita ya lucelocelo yekafye?,iiyi lmbwa ilibmumpanga umuli ne fimuti ifyakatapakatapa kabili Kuli iyi incende kulemoneka amenshi makasa eyengi atapona panshi elyo napamabula yafimuti,Kuli inganda imo ilemoneka Kuli iyi incende kabili pamutenge waiko napena Pali amenshi makasa ayaponenepo.bushe finish imbwa ilecita mumpanga?,imbwa ileenda cipalile kwati ishile mukwangala mumenshi makasa pantu imbwa shalitemwa sama ukufulikuta mumenshi makasa inshita iilivyonse 
10490,Umwanakashi uwayemba uwamushishi uwipiko panono kabili uwa bulauni uwainako panono kabili umutali nafukama,Bushe ni finshi ifyo uyu umwanakashi uwa nkanda iyabuuta afwele uko uko afukeme ?,Uyu umwanakashi afwele ishati Ilya makumbimakumbi elyo ne toloshi Ilya ili line ilangi nakabili nafwala ne nkoloko kukuboko kwa kukuso,Bushe ni finshi ifyo uyu umwanakashi uwayemba kabili uukwete kapu alecita kuli iyi incende?,Uyu mwanakashi cipalile kwati aleipiika  ifyakulya uku ninshi alenwako na fimo ifili muli kapu. cilemoneka ifi ifyakulya ni filya baleya lilya abantu baleangala
10491,Abantu bane apali abanakashi babili abapusana imimonekele baali panse yacikulwa cimo icilemoneka icitali Kabili apali ne linga,Bushe aba abanakashi balemoneka ni finshi ifyo baleciita Pali ici icifulo mu nshita yakasuba?,Cipalile kwati aba abanakashi babili pali ifyo balelolela apa apo baali pantu ngani uyu uusendele ne coola ena alelolekesha muntunga imo,Bushe umwanakashi uwiminine mupepi ne cibuumba icilemoneka icalamba afwele finshi ilyo alemoneka Shani?,Uyu mwanakashi afwele ishati lyamaboko ayatali Ilya makumbimakumbi ne toloshi Ilya buuta kabili alemoneka uwabulanda pa menso tasansamwike
10492,Abantu batatu abapusana inkanda no mushinku apali nabanakashi babili abalinga mu butali baali mu cibansa cimo ifi.,Bushe ni finshi ifyo aba abantu batatu abali muli ici icibansa bafwele kumubili?,Umwanakashi uuli no mupila afwele ishati nakaputula aka kashiika  elyo uyu umbi uuli no mushishi uwakashikila aali ne shati lya buuta kumfwa uuli akatalamukila sana ena afwele kaputula wa buuta ,Bushe ni finshi ifyo aba abantu batatu abali muli ici icibansa baleciitamo  Pali iyi inshita iyakasuba?,Aba batatu cipalile kwati baletukusha umubili ukupitila mukuteya icangalo ica bashiketi bo ico naleteyela muli ici icibansa icabusaka nganshi kabili icilemoneka icabeeka nganshi
10493,Abaume basana abankanda iya buuta baali pamumana munshita yakasuba.,Bushe ni finshi ifyo aba abaume bafwele ilyo baali Pali uyu umumana Pali iyi inshita?,Aba abaume bafwele ifimpompo  fya kumutwe ifye langi ilya mutuntula bonse elyo nabafwala no twakwafwa ukukana buunda itwaili line ilangi.,Bushe ni finshi ifyo aba abaume belecita Pali uyu umumana uku ninshi balemwentula no kumwentula?,Aba abaume Bali mukabwato akanono elyo bonse baleoba ukubomfya inkafi cipalile kwati baleteya ubwangalo bwakucimfyanya ukwensha amato
10494,Abaume abalekanalekana baali ku cibansa cimo icikulu saana mu nshita yakasuba katanda mono,Bushe ici icibansa ico abantu baliko Pali iyi inshita cilemoneka Shani mumimonekele ya mumenso?,Ici icibansa cilemoneka icikalamba elyo Kabili muli no tufyani utwa katapakatapa elyo kuli nakalupango akepi ,Nifinshi ifyo aba abaume abafwele ifyakufwala ifyamalangi yapusanapusana balecita?,Aba abaume abali mumabuumba yabili  apali ilfwele ifyabuuta elyo limbi fyakashika baleteya umupila uwa kumakasa
10495,Abantu basano apali umwaume umo umukulu elyo nabanakashi babili abakulu elyo na bacaice babili baali ku cifulo cimo,Bushe ici icifulo ico aba abantu baliko cilemoneka kwati cifulo ca musango Shani?,Ici icifulo cipalile ku ncende uko abantu bashita no kushitisha ifintu ifyalekanalekana sana kabili ifingi nganshi,Bushe ni finshi ifyo aba abantu abali kuli ici icifulo baleciitako Pali iyi inshita iya kasuba katende mono?,Umwaume uwafiita elyo no mwanakashi uwafiita uupapile umwana balemoneka baali pamo noyushitata uo umwana ekete mukulu cipalile kwati Pali ifyo baleshita cimo cine na namaayo uwankanda yabuuta
10496,Uwacaice uwankanda yabuuta umulumendo umutali uwaonda kabili uwamushishi uutali Ali mu mpaanga .,Bushe iyi incende iyo uyu mwana umulumendo uwa menso ayanono aliko ilemoneka Shani?,Iyi incende ilemoneka iyafuunda sana ne fimuti ifitali kabili ifyakatapakatapa kabili naikwata ne fyani ifingi.,Bushe ni finshi ifyo uyu mwaume uwacaice umulumendo aleciita kuli iyi impaanga eko Ali eka mu nshita iya kasuba.,Uyu uwacaice aleyangala muli ici icifulo ukubomfya icitaila icikulu kabili ica fiita ico abikile paabeya yakwe
10497,Abantu basano apali umukalamba umo na bacaice abalumendo bane baali ku ncende imo munshita ya kasuba,Bushe umwanakashi uusendele icoola icikulu icakukobeka icakatapakatapa ni finshi afwele?,Uyu na maayo afwele icampepo ne toloshi ifya fiita elyo nafwala ne nsapato ishitali ishifika kumukonso isha bulauni elyo nashikafu mu mukoshi iyalinga,Bushe abacaice abali mupepi no ko uyu mwanakashi uwamushishi uwipi kabili uwamushinku wapakati aleendele baleciita finshi?,Aba abacaice baleyangalila pamo ukwabula ubwafya cipalile kwati baleyangala icangalo ica kupika ne mfuti mu fintu
10498,Abantu abalekanalekana aba mishinku iyapusanapusana baali mwituka limo mu nshita yakasuba .,Bushe ituka ilyo aba abantu apali abaume na banakashi Balimo lilemoneka Shani?,Ili ituka lilemoneka ilikalamba elyo kabili nalikwatabne fintu ifingi sana ifyo abantu bengashiita mundalama ,Bushe ni finshi ifyo Umwanakashi uukwete icoola icabulauni afwele elyo finshi alecita? ,Uyu mwanakashi cipalile kwati alefwaya ifyaakushiita elyo afwele ikoti ilitali ilyafiita na kasote akafita mu minwe yakwe nakwata ne luba cipalile kwati alefwaya ukushiita
10499,Abaume babili apali uwabuuta inkanda elyo no wafiitako panono baali mucibansa icilemoneka icikalamba,Bushe ni finshi ifyo aba abaume babili abalemoneka abatali bafwele?,Aba abaume bafwele ifyampepo ifya makumbimakumbi imupitile no twakashikilila elyo natukaputula utwakashikila ne nsokoshi isha ili line ilangi,Bushe ni finshi ifyo aba abaume babili baleciita muli ici icibansa na apa apo beminine Pali iyi inshita?,Cipalile kwati aba abaume babili nibakateya wa mupila wa kumakasa kabili beshile kuli ici cibansa mukutusha umubili elyo apa apo beminine balenwapo ameenshi cipalile kwati nabomfwa icilaka
10500,Abantu abalekanalekana apali abaume na banakashi abafwele ifyakufwala ifyapusanapusana baali ku cifulo cimo munshita ya bushiku,Bushe icifulo aba abantu baliko cilemoneka Shani mumimonekele ya mumenso?,Ici icifulo cilemoneka icinono kabili icafiita cipalile kwati iyi ni nshita yabushiku elyo Kabili  ici icifulo nacikwata ne fintu ifingi ifili kucibumba,Bushe ni finshi ifyo aba abantu ababuuta inkanda baleciita kuli iyi incende mu nshita yabushiku?,Cipalile kwati aba abantu apali abaume na banakashi beshile kuli ici cifulo mukutamba ifili ku cibuumba elyo ne fiminine ifyo bapanga ne minwe
10501,Imbwa shibili ishikulu ishaina kabili ishamalangi yabili limbi ilyabuuta  elyo limbi ilyafiita shili pamo mu  muputule umo,Bushe uyu umuputule uo ishi imbwa shilimo ulemoneka Shani mumimonekele?,Ishi  imbwa shibili shili mu muputule ulemoneka kwati waba mukati kang'anda iyinono kabili ulemoneka uwabusaka,Bushe ni finshi ifyo ishi imbwa shibili shilecita muli uyu umuputule mu nshita yakasuba?,Ishi imbwa cipalile kwati shileceena uku ninshi imo  naisuula na kanwa kaiko nailolesha na mu muulu.
10502,Abalumendo na bakashana abalekanalekana baali pacisebele mu nshita yabushiku,Bushe aba abanakashi na baume abali pacisebele balemoneka Shani mumimonekele?,Aba abakashana na balumendo balemoneka aba maka kabili kabili abankanda ishapusanapusana,Bushe ni finshi aba abalumendo elyo na banakashi baleciita pali ici icisebele apaleaka na malaiti?,Cipalile kwati aba abalumendo na bakashana baleenda Pali ici icisebele mu muyano umo ukwabula icimfumfulu
10503,Umwanakashi uwankanda yabuuta uwaonda elyo kabili uwa mushishi uutali uwa bulauni bulauni Ali eka kumo,Bushe ni finshi ifyo uyu umwanakashi uwayemba uuli eka afwele kumubili apa apo ekele?,Uyu mwanakashi afwele ishati lya macungwamacungwa netoloshi lya fiita,Bushe ni finshi ifyo uyu umwanakashi aleciita apa  mu nshita yakasuba uku eko Ali eka,Uyu mwanakashi naikalafye pakapuna apanshikwe ne cafiita kabili nakwata ne cintu icafiita umuli no twa buuta
10504,Abaume babili apali uwaina umo no waonda baali kuncende imo mu nshita iya kasuba,Bushe iyi incende iyo abantu aba babili baliko ilemoneka Shani kabili ni ncende nshi?,Iyi incende ilemoneka iikulu elyo naikwata no tufyani utunono utwakatapakatapa ilemoneka cibansa  ico bateyelako amangalo,Bushe ni finshi ifyo aba abaume babili baleciita kuli iyi incende mu nshita iya kasuba?,Umwaume uuli kunse yalupango lwamucibansa aleenda elyo umwaume uufwele ifyamuntula nefya makumbimakumbi nanina pa ng'ombe iyafiita
10505,Umwanakashi no mwaume abankanda iya buuta no mushishi uwabulauni Bali mu muputule umo beka,Bushe umuputule umuli aba abantu babili ulemoneka mu muputule wa musango Shani?,Uyu umuputule ulemoneka muputule uwa kusambilamo ku mubili uwabela mukati ka ng'anda.,Bushe ni finshi ifyo uyu no mwanakashi baleciita muli uyu umuputule wa mung'anda uwa kusambilamo?,Umwaume alebeya imyefu iyakucilefulefu elyo umwanakashi uuli kunuma yakwe ena alekopa uyu umwaume uulebeya imyefu
10506,Umuntu uufwele itoloshi ne shati ifyamakumbimakumbi ne nsapato isha bulauni Ali ne mbwa mu muputule umo,Bushe uyu umuputule umuli umuntu ne mbwa ulemoneka Shani mumimonekele?,Uyu umuputule ulemoneka kwati muputule uwakutushishamo pantu muli icipuna icakwikalapo icabulauni,Bushe ni finshi ifyo uyu muntu ne mbwa yakwe iya fiita baleciita muli uyu umuputule?,Uyu umuntu ne mbwa yakwe nabakontama bonse panshi cipalile kwati Pali ifyo balefwaya apa panshi apo bakontamine
10507,Abaume babili apali ulemoneka ne nkanda iya fiita kabili uwainako panono Bali pancende imo ine?,Bushe apa pacifulo apali aba abaume babili baali mu nshita iya kasuba palemoneka ni pacifulo nshi?,Apa pacifulo palemoneka kwati pantu papita abantu abengi nganshi elyo kabili palemoneka apa busaka,Bushe ni finshi ifyo aba abaume babili baleciita Pali ici icifulo mu nshita yakasuba?,Umwaume uufwele itoloshi lya fiita naikala pakapuna elyo uufwele ishati lya buuta ena nafukama alewamya insapato  Sha uyu uwikele cipalile kwati encito abomba
10508,Umwaume uufwele ishati lyamaboko ayatali ayo apetele uwankanda yabuuta kabili uukwete ubupipi kuminwe Ali kucifulo cimo,Bushe ici icifulo ico uyu umwaume aliko cilemoneka kwati cifulo nshi?,Ici icifulo cilemoneka kwati ni panse yanga'nda palubansa elyo Pali ulu ulubansa Pali no tufimuti utunono elyo maluba ,Bushe ni finshi ifyo uyu mwaume uulemonekakofye icamaboko aleciita kuli iyi incende munshita yakasuba?,Uyu mwaume alipiika ifyakulya ifilemoneka kwati ni nama ukubomfya icakocelapo icafiita icitali Kabili icikulu sana nakabili alebiikako nefyakubikaika kuli ifi ifyakulya
10509,Abaume babili apali ulemoneka umukote elyo naumbi ulemoneka no mushinku uwapakati uufwele ifipalile kwati fyakufwala fyaba kapokola baali kuncende imo,Bushe iyi incende iyo aba abaume babili baliko mu nshita iya kasuba katande mono ilemoneka Shani?,Iyi incende ilemoneka iiyikalamba elyo naikwata ne fimuti ifinono elyo ilemoneka naikwata ulukungu ulwingi. Akatalamukila na Pali aba abaume palemoneka akakulwa akanono,Bushe ni finshi ifyo aba abaume babili beleciita kuli ici icifulo beka mu nshita iya kasuba ukuninshi nabasenda no tubotolo twameenshi?,Umwaume uufwele ishati Ilya kashika nakasote akafiita  naikala  panshi elyo umwaume uufwele ifyapala ifyabakapokola ifya makumbimakumbi naiminina cipalile kwati alelonda uyu shikulubantu uwikele
10510,Abantu abalekanalekana Kabili abapusana inkanda apali abana abanono nabakulu baali mu muputule umo,Bushe umuputule uo aba abantu balimo ulemoneka Shani mumimonekele ya mumenso?,Uyu umuputule ulemoneka uunono kabili naukwata nama buuku ayengi nganshi cilemoneka kwati uyu umuputule ni kalashi umo abana besukulu basambilila,Bushe ni finshi ifilecika muli uyu umuputule umuli abantu abengi sana nganshi kabili abalemoneka balesekelela?,Cipalile kwati abafyashi babana nabesa mukutamba uko abana babo balebasambilisha kuli kafundisha uuli kuntanshi ya bana abekele panshi
10511,umwanakashi  umutali uwa nkanda iyabuuta  uuli no mushishi uutali Ali eka,Bushe uyu wine mwanakashi  uwa nkanda iyabuuta uuli eka finshi afwele?,uyu mwanakashi uuli eka afwele ishati lyamaboko ayepi ili kwete ilangi lya makumbimakumbi na kaputula akepi nafwala no tumakafa kumakasa,Bushe uyu wine mwanakashi uuli eka finshi alecita kabili cifulo nshi aliko?,"uyu mwanakashi cipalile kwati aleshipula palya ekele nashinta no mutwe kucibumba , cilemoneka kwati ekele mumbali ya cikulwa icikwete no twakuntantalapo palya ekele"
10512,abantu babili apali umwaume no mwanakashi umukoloci nabeminina pa cikulwa,Bushe uyu umwaume no mwanakashi umukoloci finshi bafwele, uyu umwaume afwele ofoloshi uukwete ilangi lya makumbimakumbi elyo nakulubantu afwele icampepo cabuutulukila itoloshi lya fiita ne cisote camakumbimakumbi,Bushe uyu umwaume no mwanakashi abali pa cikulwa cinshi balecita pali iyi nshita,"cilemoneka kwati kuli fimo ifyonaike ifyo uyu mwaume alelungisha nakwata ne cakupiminako, cipalile kwati uyu mwanakashi eulelangila Uyu mwaume ifyonaike"
10513,Abantu abalekanalekana apali abaume na banakashi abamishinku yapusanapusana abankanda iya buuta baali kucifulo cimo cine mu nshita yakasuba,Bushe ici icifulo ico aba abantu abalekanalekana baliko ilemoneka Shani mumimonekele?,Iyi incende ilemoneka iikalamba kabili Yaba apashakulwa icikulwa nangu cimo  elyo akatalamukila kulemoneka ne fimuti.,Bushe ni finshi ifyo uyu cinkupiti wabantu aleciita kuli ici icifulo mu nshita yakasuba?,Aba abantu abalekanalekana abali kuli ici icifulo baletamba abaume abalelisha ifilimba abali pacisebele icilemoneka ica fiita kabili icisanswike.
10514,Umwaume umukoloci uwabuuta inkanda kabili umutali uuli no mushishi uutali Ali mu muputule umo eka.,Bushe uyu umuputule uyu umwaume uwacikoloci alimo ulemoneka muputule nshi?,Uyu umuputule ulemoneka uunono kabili ulemoneka kwati waba mukati kang'anda.,Bushe ni finshi ifyo uyu mwaume aleciita muli uyu umuputule umo Ali eka Pali iyi inshita?,Uyu umwaume alelisha icilimba cansale ico beta mucingeleshi ati Gita iyelangi ilyabulauni ne lya fiita.
10515,Umwaume uwa nkanda iyabuutako inkanda kabili uwaonda  Kabili umwipi Ali ku ncende imo eka,Bushe uyu umwaume uwikele kuli iyi incende eka ni finshi ifyo aleciita Pali iyi inshita iyakasuba? ,Uyu mwaume alebila insapato cipalile kwati iyi encito iyo ababomba pantu apa Ali Pali insapato ishingi elyo ne fyakubililako ifingi,Bushe uyu umwaume   uulebila insapato apa epo ali  nifinshi ifyo afwele kumubili?,Uyu umwaume afwele itoloshi ilya fitulukila ne shati umuli ilangi ilyabuuta ne lya makumbimakumbi
10516,Abantu bane apali umwanakashi umukulu elyo no mukashana umo pamo nabalumendo babili baali pase yacikulwa cimo,Bushe ici icifulo uko aba abantu bane baali munshita yakasuba kupalile nikucifulo nshi ?,Ici cifulo cipale kwati ni panse ya ng'anda yabo iikulu kabili iyabusaka saana,Bushe ni finshi  ifyo aba abantu baleciita apa panse apo baali pali iyi inshita?,Cipalile kwati aba abantu bane baleyangala apa apo baali elyo nabatemwa ifyo baleyangala
10517,Umwanakashi uwaonda kabili uwankanda iyabuuta uufwele akafimba mabele nakaputula ka fiita ali ku cifulo cimo eka,Bushe ici icifulo ico uyu umwanakashi uwabuuta inkanda aliko mu nshita yakasuba ilemoneka shani?,Iyi incende ilemoneka iisuma kabili iikulu nakabili kuli ici icifulo kuli ne cikulwa icitali saana icantunti ishiingi,Bushe ni finshi ifyo uyu umwanakashi uwayemba aleciita kuli ici icifulo pali iyi inshita?,Uyu umwanakashi aletoloka ukufuuma aapatali sana pali cibuumba ukuya panshi cipalile kwati taleumfwa no mwenso
10518,Abantu bane bali ku cifulo cimo icilemoneka icafiita mumimonekele  cipalile kwati iyi ni nshita iyabushiku,Abantu bane bali ku cifulo cimo icilemoneka icafiita mumimonekele  cipalile kwati iyi ni nshita iyabushiku,Cipalile kwati aba abaume abali pakati baleteya icangalo icakulwa elyo aba bambi abashala babili umo aleyangalila ici icangalo elyo umbi aletambafye,Bushe aba abume babili abali pakati ka ici icifulo abalelwa bafwele finshi?,Aba abaume babili abalelwa bafwele amashati ayabuuta na matoloshi ayakulu aya ili line ilangi ne mishipi iyafiita
10519,Abantu abalekanalekana aba fiita inkanda bali kucifulo cimo cine mu nshita iyakasuba.,Bushe iyi incende ukuli aba abantu abafiita abengi ilemoneka shani mumimonekele?,Iyi incende ilemoneka ili kucisankano icinono elyo kabili ilemoneka ni ncende iyapamfiwa sana ,Bushe ni finshi ifyo aba abanakashi abafiita abalekanalekana baleciita kuli ici icifulo munshita iyakasuba?,aba bantu cipalile kwatibeshili kuli ici icifulo mukukaisha ibunga bwa mataba pantu apo bali pali ickayo elyo namataba ayengi
10520,Imbwa iya mafufu ayafiita kabili iyaonda pamubili naiminina ku cifulo cimo uku ninshi naisula na kanwa kaiko,Bushe iyi incende eko iyi imbwa ili kulemoneka shani mumimonekele iya mu menso?,Iyi incende ilemoneka  iyikalamba kabili iya funda  sana pantu naikwata ne fyani ifyakatapakatapa ifingi,Bushe ni finshi iyi imbwa iyelangi ilyafiita kabili iyaonda ilciita kuli iyi incende munshita ya kasuba?,Iyi imbwa cipalile kwati ishile kuli ici icifulo ici cifulo mukwangala pantu apa epo ili iletolauka pa cishimbi icilemoneka kwati cakucilukapo pa kwangala
10521,Abantu abalekanalekana Kabili abengi elyo abapusapusana mumimonekele baali kuncende imo,Bushe nifinshi aba abantu abalekanalekana abali ku ncende iyi ni finshi ifyo baleciita Pali aka akashita?,Aba abantu nabekala pa tupuna utulemoneka utwabutulukila elyo bonse baleciita ifyalekanalekana apa apo bekele,Bushe umwanakashi no mwaume abafwele amakalashi yamumenso ayafiita abekele kuntanshi baciita finshi?,Uyu umwanakashi noyu  umwaume uwa mushishi uwipi balemoneka balelanda kabili balemoneka kwati baali pamo kabili batemwikwa
10522,Abantu abalekanalekana apali abaume abengi Bali ku cifulo cimo kabili balemoneka nabeminina mumbali,Bushe iyi incende iyo aba abantu baliko ipalile kuncende nshi mumimonekele?,Iyi incende ilemoneka kwati ni kucibans icikulu uko bateyala bwangalo bwakucofa incinga.,Bushe ni finshi ifyo aba abantu abeminine mu mbali ya ici icibansa baleciita Pali iyi inshita?,Aba abantu baletamba uyu umwaume uulecoofa incinga uufwele ifyakufwala ifilemoneka ifya bengeshima sana 
10523,Abantu abalekanalekana apali abaume na banakashi baali kuncende imo iyikalamba nganshi,Bushe iyi incende aba abantu abalekanalekana Kabili abapusana imimonekele baliko ilemoneka Shani?,Iyi incende ilemoneka kwati kuntu kupiita abantu abengi sana nganshi kabili kuli meenshi makasa ayengi nganshi ,Bushe ni finshi ifyo umwaume uufwele ikoti Ilya fiita kabili uwikele kuli iyi incende aleciita?,Uyu umwaume alelisha imbeketi isha buuta isho apangile nge ng'oma kabili nabikapo ne mbeketi imo iyo abantu baleposamo indalama nga batemwa ifyo alelisha.
10524,Umwanakashi uwabuuta inkanda uufwele akakwipikilamo aka maluba maluba Ali mu muputule umo uwa mu ng'anda eka., Bushe uyu umuputule uo uyu mwanakashi alimo ulemoneka muputule nshi mumimonekele?,Uyu umuputule ulemoneka uunono kabili ulemoneka kwati wakwipikilamo pantu muli ifipe ifingi ifyakwipikilamo,Bushe ni finshi ifyo uyu umwanakashi aleciita muli uyu umuputule wakwipikilamo Pali iyi inshita? ,Uyu mwanakashi cilemoneka kwati aleiipiika elyo nakabili cipalile kwati fimo ifyo aleipika nafipya aleumfwamo no kumfwa.
10525,Abantu batatu abapusana imishinku baali kuncende imo ilemoneka bwino munshita iya kasuba,Bushe aba abantu batatu balemoneka baleciita finshi uku uko baali?,Umwanakashi uulemoneka ali apafitile alemoneka aleepela umuntu uuli kuntanshi yakwe elyo nakulubantu uuli kunuma ena aleenda.,Bushe uyu nakulubantu umukoloci uuli kuli ici icifulo afwele finshi kumubili?,Uyu mwanakashi umukoloci uuli ne ndale afwele icampepo icilemoneka icakaba icili ne langi Ilya bulauni
10526,Abanakashi ababuuta inkanda batatu abacoloci baali kuncende imo bekele mu nshita ya kasuba.,Bushe aba abanakashi batatua abacikoloci ni finshi ifyo bafwele ilyo bekele pali iyi incende pali iyi inshita?,nakulubantu uwikele pakati afwele icampepo ca makumbimakumbi ne shati ilyabuuta tutu elyo abashala bambi nabo bafwele ifya mpepo ifya makumbimakumbi.,Bushe ni finshi ifyo aba bana maayo batatu baleciita pali ici icifulo munshita yakasuba ?,namaayo uuli pakati alelemba fimo apa apo ekele elyo aba babili bashala bena bekelefye pafipuna fyabo.
10527,Imbwa imo iikwete ilangi ilya fiita ne lya bulauni ili ku ncende imo yeka munshita yakasuba,Bushe incende iyi iyo iyi imbwa ikelepo ilemoneka Shani mumimonekele ya mumenso?,Iyi incende ilemoneka Yaba ku cifulo ukwaba sana ifyani pantu apa apali iyi imbwa Pali icani icingi,Bushe ni finshi ifyo iyi imbwa ilecita apa apo yikele Pali iyi inshita iyakasuba?,Iyi imbwa cipalile kwati yacilaangala elyo yanaka eico iletusha pantu apali ili Pali umupila
10528,Abantu basano apali no mwanakashi umo umukulu elyo na baume bane Bali ku ncende imo,Bushe incende aba abantu baliko ilemoneka ni ncende yamusango nshi?,Iyi incende aba abantu baliko ni kumumana uwalinga ukulemoneka ne fimuti akatalamukila.,Bushe ni finshi ifyo aba abantu batatu apali na namaayo umo baleciita Pali uyu umumana Pali iyi inshita?,Aba abantu baninine mu bwato ubwalinga kabili cipalile kwati Bali pakwamba ukoba ubu ubwato muli uyu umumana uwalinga.
10529,Umwanakashi uwabuuta inkanda kabili uwamushishi uutali uufwele ishati lyamaboko ayepi Ilya katapakatapa naikala eka.,Bushe ni kwisa uko uyu umwanakashi uwayemba kabili uwamushinku wapakati ekele?,Uyu umwanakashi ekele mumuputule umo umuli nakapuna Ako ekelepo elyo ne tebulo limo ilyalinga, Bushe ni finshi uyu mwanakashi aleciita apa pe tebulo apo ekele Pali iyi inshita?,Uyu mwanakashi Ali ne fitabo fibili elyo aleelemba mucitabo cimo ukubomfya akalembelo ake langi lyakashikashikila
10530,Abantu babili apali umwanakashi umo uulemoneka uwacikulile kabili uwafiita inkanda Bali mu musebo umo wine ,Bushe uyu umusebo aba abantu babili abapusana imimonekele balimo ulemoneka Shani?,Uyu umusebo ulemoneka uwalinga mubukulu elyo nakabili ulemoneka wapiita pakati kacikulwa icitali ico bapangila ne njelwa.,Bushe ni finshi ifyo aba abantu babili bafwele ilyo baleenda muli uyu umusebo mu nshita yakasuba?,Umo afwele umwingila elyo ne citambala icikwete ilangi limo line no mwingila uyu umbi uwafiita afwele icakumulu icikwete ilangi lya makumbimakumbi nelya buuta.
10531,Imbwa shibili imbi iyaina iikalamba elyo imbi Iyaonda iinono nashiminina pamo pene ,Bushe ishi imbwa shibili ishiminine mu mutende shilemoneka Shani mimonekele?,Ishi imbwa shekwete amalangi ayapusanapusana imbi ikwete ilangi  Ilya fiita elyo imbi ikwete ilangi ilya bulauni elyo kabili shonse nashikwata imishipi mu mikoshi,Bushe iine ncende ukuli ishi imbwa shibili ishikwete amalangi yabili ilemoneka Shani?,iincende ilemoneka bwino kabili naikwata ne fyani ifinono ifikwete amalangi yabili ilyakatapakatapa nelyabulauni
10532,Abantu bane apali abanakashi babili elyo na baume nabo babili nabeminina ku cifulo cimo,Bushe ici icifulo aba abantu abalemoneka ne nkanda iyabuutako baliko ilemoneka ni ncende nshi?,Iyi incende ilemoneka kwati ni ncende epo babiika bamotoka abashileenda kabili Yaba mupepi ne fimuti ifitali.,Bushe ni finshi ifyo aba abantu bane balecita pali iyi incende apo beminine Pali iyi inshita?,Cipalile kwati aba abantu babomba kumo kwine elyo bafumine mukomba nomba baleya mukunina bamotoka uku ninshi balelanshanya no kulanshanya muli bu bwino saana to
10533,Umwaume uwankanda iyafiita umutali kabili uulepepa fwaka Ali mu muputule umo uunono eka,Bushe ni finshi ifyo uyu mwaume uuli muli uyu umuputule afwele kumubili wakwe?,Uyu umwaume afwele ishati lyamaboko ayatali Ilya butuluka elyo netoloshi lya nsalu ilemoneka nge shati line,Bushe ni finshi ifyo uyu mwaume uufwele akasote kamakumbimakumbi aleciita muli uyu umuputule Pali iyi inshita?,Uyu umwaume alepela  ifintu fimo muli mashini wakupelelako ifilefumya ubuunga ubwingi sana ubuleponena mucibeseni icikalamba
10534,Abantu abalekanalekana apali abacaice abengi elyo nabakamba baali ku ncende imo mu nshita yakasuba,Bushe iyi incende iyo aba abantu abapusapusana imishinku baliko ilemoneka Shani mumimonekele?,Iyi incende ilemoneka kulasangwa abantu abengi  elyo nakabili ni ncende ukuba inama ishikalamba isho babiika umwacingilwa.,Bushe ni finshi ifyo  uwacaice umukashana uufwele ishati lyamaboko ayatali Ilya buuta no mushishi uutali aleciita?,Uyu uwacaice uwabuuta inkanda kabili umwipi alemona  ing'ombe isho babikile mu li ici icangililwa  isho bakakile na ba ceni pakuti shibuutuka
10535,Abantu abalekanalekana apali abaume bane no mwanakashi  umo abapusana imishinku baali ku cifulo cimo pa nshita imo ine,Bushe icifulo aba abantu baliko mu nshita ya kasuba cilemoneka cifulo ca musango nshi?,Ici icifulo cilemoneka kuntu abantu bashitishisha ifintu ifyalekanalekana pantu kuli ifyo baleshitisha ifishili ifya musango umo,Bushe ni finshi uyu shitata uufwele itoloshi elyo ne shati ilya makumbimakumbi aleciita uku?,Cipalile kwati pali ifyo uyu mwaume afuma mukushita ifili pakabale akanono saana kabili talemoneka bwino sana pa menso elyo naikata na pa myona
10536,Abantu abalekanalekana ababuuta inkanda baali ku cibansa icabela mucikulwa icikalamba,Bushe ici icibansa aba abantu balimo cibansa camusango nshi elyo kabili finshi ificitikilamo?,Ici icibansa cibansa umo bateyala umupila wa kuminwe uo beta mucingeleshi ati basketball,Bushe ni finshi aba abantu abalekanalekana balecita muli ici icibansa Pali iyi inshita iyakasuba?,Abanakashi abali pakati abafwele ifya buuta elyo ne fya fiita baleteya umupila elyo abashala abali kunse baletamba aba abanakashi abaleteya
10537,Abantu abalekanalekana apali abaume na banakashi abankanda iya buuta kabili abamishinku yapusanapusana Bali ku cifulo cimo,Bushe icifulo aba abantu baliko apali na bakote cilemoneka kwati cifulo nshi?,Ici cifulo cipalile ku ncende uko bashita ifintu no ku shitisha elyo kuli no tupuna utwa ceela apo abantu bengatushishapo.,Bushe finshi umwaume uufwele ishati lyamaboko ayepi kabili Ilya fiita aleciita kuli ici icifulo?,Uyu umwaume uufwele itoloshi lya makumbimakumbi cipalile kwati aletuusha pantu naikala pakapuna akacela akakutushishapo
10538,Abantu abalekanalekana apali abaume na banakashi Bali ku cifulo cimo icikalamba mu nshita ya cungulo kasuba.,Bushe  ici icifulo aba abantu baliko cilemoneka Shani kabili cipalile kucifulo nshi mumimonekele,Ici icifulo cipalile kucifulo uko bashitisha ifintu ifyalekanalekana pantu kulemoneka ishitolo lya kushitishamo ifintu ifyapusanapusana,Bushe ni finshi abanakashi babili aba nkanda iyabuuta abeminine pamo kabili abali no mwana baleciita?,Aba abantu balemoneka beshile kuli ici icifulo mukushitako ifintu elyo kabili nabeminina pamo cipalile kwati balefwaya ukukopwa icikope 
10539,Abacaice bane abafiita inkanda apali umwaume umo na bakashana batatu baleenda mu nshita yakasuba mu musebo.,Bushe uyu umusebo aba abacaice bane baleendamo munshita yakasuba ulemoneka Shani?,Uyu umusebo ulemoneka uukalamba sana nganshi  kabili ulemoneka kwati wapita mukati ka mushi umwikala abantu.,Bushe ni finshi ifyo aba abacaice bane bafwele ilyo baleenda muli uyu umusebo elyo finshi basendele?,Aba abacaice bane bonse nabafwala amawinifomu ayamakumbimakumbi elyo kabili nabasenda nama buuku cipalile kwati aba bacaice niba kalisukulu 
10540,Abantu abalekanalekana apafululile abacaice abaume elyo na banakashi baali kuncende imo munshita ya bushiku.,Bushe uku ukuli aba abantu abalekanalekana kulemoneka Shani mumimonekele?,Kuli ici icifulo kulemoneka ukwafiita cipalile kwati bushiku lelo nakubuuta pantu nakwaka amalaiti.,Bushe  abacaice batatu abaleendela pamo pepipepi ne cibuumba cacikulwa icili mupepi finshi baleciita?,Aba abacaice baleendela pamo bonse elyo balebomfya utusapato utwakwata imipeto pa kwenda. Aba abacaice balemoneka baali be nsansa ilyo balecita ifi pantu balemwentula
10541,Abantu babili apali umwaume umo no mwanakashi umo baleenda mupepi ya cikulwa munshita yakasuba,Bushe abantu babili abaleendela mupepi ne cikulwa ni finshi bafwele kumubili?,Umwaume afwele ishati lyamaboko ayepi ilya katapakatapa elyo umwanakashi afwele ishati Ilya mutuntula na kaputula wa makumbimakumbi,Bushe iyi incende uko aba abantu babili baleendala kulemoneka ni kwisa?,Kulemoneka ni kumbali ya cikulwa icitali Kabili icikulu icabeela mupepi no musebo uukalamba umulepiita imyotoka ishingi
10542,Abaume abengi apali abafuuta inkanda elyo na babuuta inkanda baali kuncende imo elyo kabili Bambi nabeminina elyo Bambi nabasunsuma,Bushe ici icifulo ico aba abantu abalemoneka abansansa baliko cilemoneka Shani?,Ici icifulo cilemoneka icafitulukila cipalile kwati cili mukati kacikulwa kabili cifulo uko aba abantu babombela incito,Bushe ni finshi ifyo aba abaume abeminine nabasunsumene baleciita kuli iyi incende?,Aba abaume abafwele ifyakufwala fyakubombelamo ifilemoneka cimo cine cipalile kwati Bali apa apo Bali pakuti bakopweko icikope
10543,Abantu abalekanalekana apali abaume na banakashi abankanda iya buuta elyo abapusapusana imishinku Bali ku cifulo cimo munshita yakasuba,Bushe iyi incende aba abantu abengi baliko ilemoneka Shani mumimonekele ya mumenso?,Iyi incende ilemoneka kwati ni ncende ukusangwa abantu abengi nganshi kabili ukucitikila ifintu fimo,Bushe shikulu bantu uufwele ishati lyamaboko ayepi kabili Ilya kashika nipi ekele kabili alemoneka Shani pa menso,Uyu shikulubantu umukoloci ekele pa kapuna uku ninshi nakwata no mwamfuli uwalinga cipalile kwati uku uko Ali kuli akasuba elyo nakabili uyu shikulubantu alemoneka uwasansamuka pa menso
10544,Abacaice babili apali umwaume elyo no mwanakashi abankanda iya buuta baali kululamba lwa mumana uukulu,Bushe uyu umumana uo aba abacaice baliko ulemoneka Shani mumimonekele ya mumenso?,Uyu umumana ulemoneka uukalamba kabili uwashika elyo nakabili ulemoneka ukwete ilangi ilya makumbimakumbi,Bushe ni finshi abacaice babili abali kuli ulu ululamba lwa mumana baleciita munshita yakasuba?,Uwacaice umulumendo alepanga fimo ukubomfya amaloba Aya kululamba elyo uwacaice umukashana ena cipalile kwati alefuuma mukutapa ameenshi.
10545,Umwaume umo uwamushinku wapakati uwa nkanda iyabuuta kabili umutali Ali pacifulo cimo mu nshita ya bushiku,Bushe apa pancende apali uyu umwaume palemoneka Shani mumimonekele?,Pali ici icifulo palemoneka apa fiita elyo kabili pali ne cani ica katapakatapa elyo nakabili Pali ne fimpampa ifingi apalembelwe ifilembo .,Bushe ni finshi ifyo uyu mwaume aleciita Pali iyi incende Pali iyi inshita iya bushiku?,Uyu umwaume nasunsumana elyo naikata ne nkoko iya bulauni elyo kabili cipalile kwati alefwaya bamukope icikope
10546,Abaume na banakashi abankanda iya buuta ebengi kabili abamushiku uwa pakati Bali ku cifulo cimo munshita yakasuba,Bushe ni finshi ifyo aba abantu abalekanalekana abali kuli iyi incende bafwele kumibili?,Aba abanakashi na baume balemoneka bafwele amashati ayamutuntula elyo umo ena afwele ishati lyamaboko ayepi Ilya fiita,Bushe ni finshi ifyo aba abalumendo na banakashi abankanda iya buuta baleciita kuli iyi incende,Cipalile kwati aba abantu abalekanalekana balepunda fimo elyo nabapanga  ibuumba ilyo baleciita ifi uku ninshi nabasenda ne cipampa
10547,Umwaume uwabuuta inkanda kabili uwaina elyo uwamushinku wapakati Ali kucifulo cimo icilemoneka icafiita,Bushe ni finshi ifyo uyu mwaume aleciita muli ici icifulo icilemoneka kwati muputule uunono?,Uyu umwaume alelisha ing'oma ukubomfya utumuti  uku ninshi naikala no kwikala,Bushe ni finshi uyu umwaume uulelisha inyimbo ne ng'oma afwele kumubili wakwe?,Uyu umwaume afwele ishati lyamaboko ayepi Ilya buuta ne toloshi Ilya fitulukila elyo nakasote aka katapakatapa
10548,Abantu abengi apali abaume na banakashi elyo na bacaice abengi baali pacifulo cimo,Bushe ni finshi ifyo aba abantu apali abacaice abengi baleciita kuli iyi incende mu nshita yakasuba?,Aba abantu cipalile kwati balesefya fimo kabili bafwele ifyakufwala ifya malangi iyalekanalekana ilyo baali kuli uku ukusefya,Bushe iyi incende uko aba abantu balesefesha ilemoneka Shani mumimonekele ya mumenso?,Iyi incende ilemoneka iyabusaka elyo nababikako no tubekobeko utwa malangi iyalekanalekana elyo akatalamukila no kuli abantu kuli ifimuti
10549,Abaume abampendwa abafwele ifyakufwala fimo fine baali ku mpaanga mu nshita yakasuba.,Bushe iyi incende iyo aba abantu abampendwa baliko ilemoneka ni ncende nshi?,iyi incende ni ncende iyaba mu mpaanga umwaba ifimuti ifitali kabili ifikalamba ifye langi Ilya katapakatapa,Bushe ni finshi ifyo aba abaume baleciita kuli ici icifulo Pali iyi nshita yabushiku?,Aba abaume baali kuli iyi incende na fimashini ifikalamba ifyo babomfya pakupanga panga kabili balepanga inyanji
10550,Abantu abampendwa apali abakulu elyo na baice baali mu muputule umo uwamukati ka ng'anda?,Bushe uyu umuputule uo aba abantu abampendwa balimo ulemoneka Shani?,Uyu umuputule ulemoneka uunono kabili muli ifipuna ifyapusanapusana fimo ifyabuuta elyo fimbi ifya fiita.,Bushe ni finshi ifyo aba abantu abalekanalekana baleciita muli uyu umuputule mu nshita yakasuba?,Cipalile kwati aba abantu ba mulupwa Lumo kabili balekwata inshita iisuma uku ninshi balelanshanya no kulanshanya
10551,Abantu abampendwa baali ku ncende imo iilemoneka iisuma kabili iyafunda pantu naikwata ifyani ifingi ifyakatapakatapa,Bushe umwaume uwiminine pantanshi ya mwaume umbi elyo no mwanakashi finshi ifyo afwele kumubili?,Uyu umwaume afwele ishati lyamaboko ayepi Ilya makumbimakumbi ne campepo ica ili line ilangi elyo nacimbi ica fiita,Bushe uyu umulumendo alemoneka Shani pamenso  Ilyo eminine Pali iyi incende iilemoneka iisuma?,Uyu umwaume uwabuuta inkanda uuli no mushishi uwipi alemoneka uwasekelela pamenso kabili nafumya na meno pakuseka
10552,Abantu abalekanalekana apali abankanda ishapusanapusana kabili abamishinku yapusanapusana abaume elyo nabanakashi baali kucifulo cimo,Bushe ni finshi ifyo aba abantu abalekanalekana balemoneka baleciita uku uko baali,Cilemoneka kwati aba abantu balelanda pafyo bashitemenwe ifilecika mwi tauni umo bekela .,Bushe ni finshi shitaata uufwele akasote ku mutwe afwele finshi kumubili elyo finshi aleciita?,Uyu shitaata afwele fye akashati akabula amaboko nakaputula kunshi akamukati  nasenda nacimo icakwensha apalembelwe amashiwi yakuilishanya pamibombele Yaba kapokola
10553,Umwaume uufwele amakalashi ayakubomfya abalwala amenso kabili uwabuuta inkanda alebomba elyo Ali no mushishi uwipi,Bushe ni finshi ifyo uyu mwaume uulemoneka uwaina afwele uku uko Ali munshita yakasuba?,Uyu umwaume afwele ofoloshi uwelangi lya mutuntula umukulu elyo ne nsapato ishelangi lyafiita,Bushe ni finshi ifyo uyu mwaume aleciita uku uko Ali munshita yakasuba?,Cipalile kwati uyu umwaume alebomba incito iyakulungisha fimashini ifikalamba sana nganshi
10554,Umwaume umwipi uulemoneka uwainako panono aleenda eka munshita iya bushiku,Bushe uyu umwaume uulenda mu nshita iya bushiku kabili alifye eka ni finshi ifyo afwele kumubili?,Uyu umwaume alemoneka afwele itoloshi ilya fiita elyo necampepo icafiita kabili icilemoneka icakaba sana nganshi,Bushe ici icifulo uku uyu umwaume aleenda munshita iya bushiku kupalile ni ku ncende nshi?,Uyu umwaume cipalile kwati aleya ku cikulwa icili muntunga iyo aleyamo icikwete amalaiti ayengi ico balungishishamo bamotoka
10555,Abantu abafwele ifyakufwala fyakubombelamo ifilemoneka ifye langi Ilya macungwamacungwa baali kumo,Bushe ni kwisa uko aba abantu abalemoneka abapusana mumimonekele baali?,Aba abantu baali mu musebo waba motoka uukalamba sana nganshi uo bapangila nama nenekela ,Bushe ni finshi aba abantu beleciita  finshi kuli ici icifulo mu nshita yakasuba?,Cipalile kwati aba abantu baleangalila imyendele yabamotoka abali pa musebo munshita yakasuba.
10556,Abacaice babili abalumendo umbi uwa buuta inkanda elyo umbi uwafiita inkanda  baali kuncende imo mu nshita iya kasuba,Bushe incende iyi abacaice aba babili baliko ilemoneka kwati ni ncende ya musango nshi mumimonekele?,iyi incende ilemoneka ni ku mumana uukalamba uulemoneka ne langi ilya makumbimakumbi kabili ulemoneka tawashika saana,Bushe ni finshi ifyo aba abacaice babili abapusana inkanda baleciita uku kumumana baali?,Aba abacaice balemoneka bafuma mu mumana uyu uukalamba  cipalile kwati bacilaowa muli uyu umumana
10557,Abantu basano abankanda iya buuta baali kuncende imo munshita yakasuba kabili balecita ifyapusanapusana,Bushe ni finshi ifyo shikulubantu na nakulubantu abafulile ifyakufwala baleciita kuli iyi incende?,Aba babili balemoneka beshile uku mukutushako emulanduwine pafulile no kufulila,Bushe nabwinga na shibwinga finshi baleciita kuli ici icifulo Pali iyi inshita iya kasuba,Aba bana bwinga naba shibwinga Bali no  mwaume umo uulemoneka kwati alebakopa ifikope uku kucifulo
10558,Abaume abacikoloci batatu abankanda iya buuta baali ku ncende imo kabili nabekala patupuna utwafiita,Bushe ni finshi aba abaume bafwele ilyo bekele Pa tupuna kuli ici icifulo ukuli be cabumbwa ica buuta?,Aba abakoloci batatu abapusana imimonekele kabili abali kucifulo cimo bafwele amatoloshi nama caketi ayafiita ,Bushe ni finshi ifyo aba abakoloci batatu baleciita kuli ici icifulo Pali iyi inshita yakasuba?,Aba abakoloci balelisha inyimbo ukobomfya ifisolobelo ifyakulishishamo inyimbo uku ninshi balelolesha na pama pepala
10559,Umwaume uwankanda yafiita uulemoneka umutali kabili uwaonda naiminina pa cifulo cimo eka mu nshita ya kasuba,Bushe ni finshi ifyo uyu mwaume afwele apa epo Ali munshita yakasuba?,Uyu umwaume ishati ilyafiita mukati ne citambala icafiita ne shati lya maboko ayepi kunse ilemoneka ilyamalangi ayakashika naya buta,Bushe nikwisa uko uyu umwaume uwafiita ashintilelishe ili eminine Pali ici cifulo?,Uyu umwaume ashintilelishe ku cibuumba icakalabana icikwete ilangi limo Ilya makumbimakumbi
10560,Abantu batatu apali umwaume umo na banakashi babili baali mu muputule umo ulemoneka uwabusaka kabili uusuma sana mu menso?,Bushe ni finshi ifyo aba abacaice abanakashi babili no mulumendo umo bafwele uku uko baali?,Umukashana uuli pakati afwele indeleshi yakashikilila elyo uyu umbi afwele ishati ne toloshi ifya ili line ilangi kumfwa umwaume ena afwele ishati ilyabutulukila,Bushe ni finshi ifyo aba abacaice batatu baleciita muli uyu umuputule umuli ne fipuna ifyakashika,Aba abanakashi babili abacaice no mwaume umo umulumendo cipalile kwati baleangala muli uyu umuputule uulemoneka uwabusaka icine cine
10561,Uwacaice uwankanda yabuuta uufwele ishati lyamaboko ayatali ne ndeleshi iikwetemo ilangi ilya kashikila Ali mu muputule umo,Bushe ni bani uyu mwana umunono Ali nabo muli uyu umuputule pali iyi nshita?,Uyu uwacaice alemoneka Ali no mukalamba uulemoneka kunuma uufwele icampepo icilemoneka ica mutuntula,Bushe ni finshi ifyo uyu uwacaice no mukalamba bantu balecita muli uyu umuputule umuli ne cipuna icikulu?,Uyu mwana umunono umwanakashi uwayemba balemuwamya no kumukaka umushishi wakwe uwipi kuli uyu umukulu uuli kunuma yakwe
10562,Umukashana wacaice uwa nkanda iyabuuta nalambalala pacipuna ica bulauni,Bushe ni finshi ifyo uyu uwacaice umukashana afwele apa epo alambalele?,Uyu uwacaice afwele itoloshi ilya bulauni ne shati lya maboko ayatali umuli ilangi ilyakashika elyo nelya buuta,Bushe ni finshi ifyo uyu uwacaice uukwete umushishi uutali aleciita apa epo alambalele?,Uyu uwacaice alebelenga icitabo icili mu minwe yakwe elyo cipalile kwati natemwa ifyo alebelenga pantu naposako sana amano ilyo alebelenga
10563,Abantu abalekanalekana apali abaume na banakashi abankanda iya buuta baali kuncende imo munshita yakasuba,Bushe icifulo ico aba abantu abalekanalekana apali abaume na banakashi baliko cipalile kucifulo nshi?,Ici icifulo ico aba abantu baliko cilemoneka kwati cibansa uko bateyala amangalo pamo nga ubwangalo bwa kucofa incinga,Bushe umwanakashi uuli ne ncinga mumbali ya cipalile kwati lupango ni finshi ifyo afwele kumubili kabili umo alekunkulusha incinga muli Shani?,Uyu umwanakashi uwankanda yabuuta afwele ishati lyamaboko ayepi naka kaputula akelangi Ilya makumbimakumbi ne lya mutuntula elyo umo alenkulushisha incinga muli amatipa ayengi
10564,Abantu batatu apali abaume  babili no mwanakashi umo bali ku cifulo cimo icilemoneka icabusaka sana nganshi?,Bushe ici icifulo uyu umuntu alimo cipalile ku cifulo nshi mumimonekele ya mu menso ?,Ici icifulo cilemoneka icafitulukila cipalile kwati iyi ninshita ya bushiku elyo muli iyi incende muli napakwikala abantu elyo ne citunshitunshi,Ici icifulo cilemoneka kwati ni ng'anda iikulu iyi bapenta ne langi ilyabuuta elyo iyakwata intunti ishingi,Cilemoneka aba abantu pali ifyo balemona muli ici icifulo icakuti nabaposako sana na maano
10565,Umwanakashi uulemoneka nakwata umushishi uunono uulemoneka uwakashika ali mu cifulo cimo icinono,Bushe ici icifulo uyu umuntu alimo cipalile ku cifulo nshi mumimonekele?,Ici icifulo cilemoneka icafitulukila cipalile kwati iyi ninshita ya bushiku elyo muli iyi incende muli napakwikala abantu elyo ne citunshitunshi,Bushe ni finshi ifyo  uyu umwanakashi aleciita muli ici icifulo mu nshita yabushiku ?,Cipalile kwati uyu umwanakashi eshile kuli ici icifulo mu kulya ifyakulya ifyo bashitisha ifyo bapanga ukubomfya ubuunga bwa ngano
10566,Abantu abalekanalekana abampendwa baali kuncende imo ilemoneka iyikalamba mu nshita yakasuba,Bushe iyi incende iyo aba abantu baliko ilemoneka Shani mumimonekele ya mumenso?,Iyi incende ilemoneka ikulu elyo kabili ilemoneka naitalala pantu kuli ameenshi makasa ayengi,Bushe ni finshi ifyo abaume babili abali mu muulu abakwetwe nefya kushelemukilako pameenshi makasa bafwele elyo finshi balecita?,Aba abaume babili aba mushinku wapakati bafwele ifyakufwala ifilemoneka ifya Kaba kabili  elyo kabili cilemoneka kwati baleshelemuka mu meenshi makasa
10567,Umwaume no mwanakashi abamishinku wapakati ababuuta inkanda baali pa cifulo cimo munshita ya cungulo, Bushe ni finshi ifyo uyu mwaume noyu mwanakashi bafwele ilyo Bali uku?,Uyu umwanakashi uwamushishi uutali afwele ishati lyamaboko ayatali Ilya muntula ne toloshi elyo umwaume ena afwele ishati lyamaboko ayatali Ilya buuta elyo ne toloshi,Bushe ni finshi ifyo uyu mwaume noyu mwanakashi baleciita kuli iyi incende mu nshita ya cungulo?,Cipalile kwati aba babili beshile kuli ici icifulo icilemoneka kwati kuntu abantu besa mukutushako elyo umwaume alemoneka Pali ifyo aleciita apa epo eminine ilyo bali pa kufumomu muncende
10568,Umwaume uwankanda iyafiita uwamushinku wapakati kabili umutali Ali ku cibansa icikalamba mu nshita yakasuba.,Bushe ni finshi ifyo uyu mwaume uushaina sana afwele ilyo ali muli ici icibansa?,Uyu umwaume afwele ishati Ilya fiita elyo nakatoloshi akaikata akakwete imishilwa iyabuuta neya fiita elyo nakasote,Bushe ni finshi ifyo uyu mwaume uuli mucibansa icikwete ifyani ifyakatapakatapa alecita?,Uyu umwaume aleteya umupila uo beta mucingeleshi ati hoki muli ici icibansa umo alifye eka Pali iyi inshita
10569,Abantu basano apali abanakashi batatu na baume babili abalemoneka nga ba mulupwa Lumo nabekela mu muputule umo,Bushe uyu umuputule aba abantu basano balimo upalile ku muputule nshi?,Uyu umuputule ulemoneka  muputule uwa mung'anda umo bepikila elyo no kulya pantu muli ifipe ifingi ifyakwipikilamo elyo ne tebulo no tupuna ,Bushe ni finshi ifyo aba abantu basano aba mulupwa Lumo baleciita muli uyu umuputule?,Aba abamulupwa Lumo balelya petebulo muli uyu umuputule ukuninshi nabekela na patupuna elyo cipalile kwati balelanda nelyashi ilisuma pantu bonse balemwentula
10570,Imbwa shibili ishikuulu ishikwete amalangi  yapusana ilyafiita ne lyabutulukila shili pamo,Bushe ishi imbwa  shibili ishikuulu shilemoneka ukuti finshi shacilacita?,ishi imbwa shibili shilemoneka kwati shacilacena mumatipa imbwa iyabuutulukila ilemoneka iyalamba palufumo,Bushe ici icifulo ukuli ishi imbwa cilemoneka Shani?, ici cifulo ukuli ishi imbwa shibili kuli icani icinono icikwete amalangi yapusanapusana  akatalamukila kuli ifimuti ifitali ne ng'anda iikalamba iikwete amalangi yatatu
10571,umwaume uwabuuta inkanda uufwele itoloshi lyabulauni ne shati lya katapakatapa ne cisote ali mumusebo,Bushe ni finshi uyu umwaume alecita muli uyu musebo?,cilemoneka kwati alekunkuluka paka kunkulukapo akakwete imipeto mumusebo wamanenekela,Bushe iyi incende iliko uyu umwaume ilemoneka Shani?,iincende naikwata ifimuti ifitali ifyakatapakatapa mumbali yamusebo akatalamukila kulemoneka icipalile kwati ni ng'anda iikwete ilangi lya buuta
10572,Abantu abalekanalekana apali abaume na banakashi abamishinku iyapusanapusana baali ku ncende imo munshita yakasuba.,Bushe ni finshi ifili kuli iyi incende ukulemoneka icikulwa icitali Kabili icisuma?,Kuli ici icifulo kuli ifilefumya ameenshi ayengi ayengi sana nganshi ayeleya mu muulu,Bushe ni finshi ifyo abalumendo babili abeketene abankanda iya buuta baleciita uku kucifulo,Aba abalumendo babili abankanda iya buuta baleangalila Pali Aya ameenshi ayalefuma panshi kabili ayaleya mu mumulu uku ninshi baleseka no kuseka
10573,Abaume basano abankanda yabuuta  Bali mucibansa cakuteyelamo umupila wa kumakasa,bushe ni finshi ifilecika kuli aba abaume Pali iyi inshita,Cilemoneka kwati aba abaume babili abali panshi nabapukana ilyo bacilateya umupila,bushe aba abaume bakateya wapila finshi bafwele elyo bali mucibansa camupila?,aba bakateya wa mupila bafwele utuputula  namashati ifikwete amalangi yabili  yabili ilyafita ne langi lya buuta elyo bambi fikwete ilangi lya makumbimakumbi nelya buuta 
10574,Abantu babili umwaume no mwanakashi abafwele amakoti na matoloshi yapusana amalangi nabeminina pacilemoneka kwati bulalo,bushe uyu umwaume no mwanakashi finshi balecita apa beminine?,uyu mwaume no mwanakashi apa beminine cilemoneka kwati balefyompana cipalile kwati aba abantu batemwikwa,bushe iyi ncende ukuli aba abatemwikwa babili ilemoneka Shani?,iincende naikwata ifyani ifinono ifyakatapakatapa elyo ne fimuti ifikwete amalangi yapusanapusana cilemoneka ukuti Uyu mwaume no mwanakashi nabakwata inshita iisuma 
10575,Abantu batatu abo imibili yabo napamenso tapalemoneka bali pa ncende imo,bushe aba bene bantu balemoneka Shani kabili finshi bafwele?,aba abantu ifilemonekafye bwino maboko yabo elyo ne fyakufwala bafwele  amakalapushi na mashati  ifikwete amalangi yabili  elyo na matoloshi yamakumbimakumbi,Bushe aba abantu cilemoneka ukuti finshi balecita pali iyi nshita?,cilemoneka kwati aba abaume balesala ifyakulya fimo ifyaipikwa ifili cipalile kwati museke uukwete ilangi lya kashika
10576,Abaume babili uwakwata inkanda iya buuta noushilemoneka inkanda nabeminina pa mwinshi.,Bushe aba bene bantu uwakwata inkanda iya buuta noushilemoneka inkanda finshi balecita?,Aba baume uwankanda ya buuta no ushilemoneka inkanda bemininefye baletusha  pa numa yakubomba,"bushe aba baume babli apa
li no wabuuta inkanda balemoneka Shani?",Abaume babili uwakwata inkanda iya buuta noushilemoneka inkanda bonse balemoneka bafwele amatoloshi ye langi lya katapakatapa.
10577,Umwaume uwakwata inkanda ya buuta no mwana wakwe akanya baleangala.,Bushe uyu umwaume umufyashi no mwana wakwe akanya bonse aba buuta inkanda balemoneka Shani?,Uyu umwaume umufyashi no mwana wakwe akanya bonse balikwata imyona iitali.wishi aliteka no mushishi uutali elyo umwana wakwe akanya wena umushishi taulamena saana,Bushe cilemoneka ukuti fyakufwala fyamusango nshi uyu umwaume umufyashi no mwana wakwe akanya bonse bafwele?,Uyu umwaume umufyashi no mwana wakwe akanya bonse bafwele amashikipa yabuta.wishi muli shishikipa yakwe namupita nefya buuta
10578,umuntu uulemoneka kwati mwaume uwakwata inkanda iya buuta Ali pali bemba ekafye.,Bushe bemba apali uyu umwaume  uwakwata inkanda iya buuta ilemoneka Shani?,Bemba apali uyu umwaume uwakwata inkanda iya buuta ilemoneka iikulu kabili naisula sana.,Bushe cilemoneka ukuti finshi fintu uyu umwaume uwakwata inkanda iya buuta Ali pali bemba ekafye alecita?,"cilemoneka ifyo uyu umwaume uwakwata inkanda iya buuta uuli pali bemba ekafye aleangala,nakwata nakakushelemukililako."
10579," Abanakashi imisepela abankanda ya buuta
bali ku ncende iyakwata umucanga uwingi sana balifye babili",Bushe aba banakashi imisepela babili abakwata inkanda iya buuta balemoneka Shani?,Aba banakashi imisepela babili abakwata inkanda iya buuta balemoneka abatali ne myona iitali,Bushe aba bene abanakashi imisepela babili abakwata inkanda iya buuta bafwele ifyakufwala fya musango nshi?,Aba banakashi imisepela babili abakwata inkanda iya buuta bafwelefye utuputula twamukati natu namapa epela.Bonse balifye ubwamba.
10580,Umwanakashi umukashana uwakwata inkanda iya buuta Ali mumulu,Bushe uyu wine umwanakashi umukashana uwakwata inkanda iya buuta alemoneka Shani?,Uyu umwanakashi imisepela uwakwata inkanda iya buuta alemoneka umwipi no mushishi uutali,Bushe cilemoneka ifyo finshi fintu uyu umwanakashi umusepela uwakwata inkanda iya buuta alecita?,Uyu umwanakashi umusepela uwakwata inkanda iya buuta alemoneka ifyo aleangala ubwangalo bwakupilibuka nokutoloka.
10581,Abaume batatu abakwata inkanda iya buuta Bali kuli bemba umukulu sana,Bushe uyu wine bemba umukulu sana uo aba baume batatu baliko alemoneka Shani?,"Uyu bemba umukulu sana uo aba baume batatu baliko napasa sana,paleima namatamba na mabimbi",Bushe cilemoneka ifyo finshi fintu aba bantu batatu abakwata inkanda iya buuta balecita kuli bemba?,Cilemoneka ifyo aba baume batatu abakwata inkanda iya buuta abali kuli bemba baleloba isabi ukubomfya indobo
10582,Umwaume uwakwata inkanda iya buuta Ali mumuputule uwakwipikilamo,Bushe uyu umwaume uwakwata inkanda iya buuta Ali mumuputule uwakwipikilamo alemoneka Shani?,"Uyu umwaume uwakwata inkanda iya buuta Ali mumuputule uwakwipikilamo alemoneka uwaina,nafwala netoloshi lye langi lya katapakatapa.",Bushe uyu umwaume uwakwata inkanda iya buuta uuli mumuputule uwakwipikilamo finshi alecita?,cilemoneka ifyo uyu umwaume uwakwata inkanda iya buuta uuli mumuputule uwakwipikilamo alepayana nokupekanya ifyakulya
10583,Umwanakashi uwakwata inkanda iya buuta nanina pa ncinga isenda ifipe,Bushe cilemoneka ifyo finshi fintu uyu umwanakashi umusepela uwakwata inkanda iya buuta alecita?,Uyu umwanakashi umusepela uwakwata inkanda iya buuta alecofa incinga nasenda ne fipe,Bushe cilemoneka ifyo finshi fintu uyu umwanakashi umusepela uwakwata inkanda iya buuta alecita?,Uyu umwanakashi uwakwata inkanda iya buuta alemoneka nanina pa ncinga isenda ifipe alecofa uku ninshi aletuma na kamusange
10584,Abantu abalemoneka kwati baume babli Bali pa macinga mu mawanga,Bushe cilemoneka ifyo finshi aba bantu nalimo balecita kuli iyi ncende?,cilemoneka ifyo aba bantu nalimo Pali iyi nshita baleangala ubwangalo bwakucimfyanya ukucofa amacinga,Bushe aba bene bantu bafwele ifya kufwala fya musango nshi?,Aba bantu balemoneka bafwele amatoloshi ayafita.Elyo kabili nafwala ne fimpompo ku mitwe
10585,Abaume batatu abakwata inkanda iya buuta bali pa ncito balebomba,Bushe cilemoneka ifyo nincito nshi ilebomba aba baume batatu abakwata inkanda iya buuta?,Abaume batatu abakwata inkanda iya buuta balemoneka ifyo balingisha amaloboti nangu fimusanika ifilangilila imyotoka,Bushe aba bene bantu abakwata inkanda iya buuta bafwele ifya kufwala fya musango nshi?,Aba baume batatu abakwata inkanda iya buuta bonse bafwele amatoloshi ye langi lyakatapakatapa.umo nafwala ne cisote
10586,Umwaume umulendo wacaice uwakwata inkanda iya buuta alelemba.,Bushe uyu umwaume umulendo wacaice uwakwata inkanda iya buuta alemoneka Shani?,Uyu umwaume umulendo wacaice uwakwata inkanda iya buuta alemoneka uwaina na matwi Aya tali elyo nomushishi uutali,Bushe muli uyu umuputule umuli uyu umwaume umulendo wacaice uwakwata inkanda iya buuta mulemoneka Shani?,Muli uyu umuputule umuli uyu umwaume umulendo wacaice uwakwata inkanda iya buuta mulemoneka umwabusaka.muli netebulo apakulembela
10587,Akoni akanono aketwa mucibemba ati Sosa nakekala pa cinsa,Bushe aka kene koni aketwa mucibemba ati Sosa akanono kalemoneka Shani?,Aka koni aketwa mucibemba ati Sosa kalemoneka akanono no moona uutali.,Bushe aka kene koni aketwa mucibemba ati Sosa finshi kalecita?,Aka koni aketwa mucibemba ati Sosa kalemoneka akanono kaletaila amani pa cinsa
10588,Umwana umwanakashi umunono uwakwata inkanda iya buuta Ali eka mu mpanga.,Bushe finshi uyu mwana umwaume umunono uwakwata inkanda iya buuta alecita?,Uyu umwana umwaume umunono uwakwata inkanda iya buuta uuli mu mpanga nanina kucimuti aleangala,Bushe Ici cine cimuti cininineko uyu mwana umwaume umunono uwakwata inkanda iya buuta cilemoneka Shani?,Ici cimuti cininineko uyu mwana umwaume umunono uwakwata inkanda iya buuta cilemoneka icikulu na mabula Aya katapakatapa
10589,Abaume batatu abakwata inkanda iya buuta nabeminina ku nse ya cikulwa,Bushe aba baume batatu abakwata inkanda iya buuta abeminine ku nse ya cikulwa balemoneka Shani?,Aba baume batatu abakwata inkanda iya buuta abeminine ku nse ya cikulwa balemoneka abataliko pa nono.umo linako panono. ,Bushe aba bene bantu abakwata inkanda iya buuta abeminine ku nse ya cikulwa balemoneka imifwalile ili Shani?,Imifwalile ya aba baume batatu abakwata inkanda iya buuta abeminine ku nse ya cikulwa ili bwino.nangu bonse bafwele amakaputula nama shikipa.
10590,Umwaume umo uwakwata inkanda iya buuta nabeminina akatalamukila na kuli bemba umukulu,Bushe cilemoneka finshi ifyo uyu umwaume uwakwata inkanda iya buuta uwiminine mu pepi nakuli bemba alecita?,Uyu umwaume uwakwata inkanda iya buuta uwiminine mu pepi nakuli bemba umukulu ekafye cilemoneka ifyo aletukusha umubili,Bushe kuli iyi ncende ukuli uyu umwaume uwakwata inkanda iya buuta uuletukusha umubili kulemoneka Shani?,Iyi ncende ukuli uyu umwaume uwakwata inkanda iya buuta uuletukusha umubili ilemoneka iya emba.kwaliba no luncingi mupepi na bemba
10591,Abantu abengi abaume na banakashi abakwata inkanda iya buuta baleenda,Bushe cilemoneka ukuti nikwisa kuntu aba bene bantu abakwata inkanda iya buuta abaleenda Bali?,cilemoneka ifyo aba bantu abakwata inkanda iya buuta Bali pa citesheni ce shitima.Bafuma mwishitima,Bushe aba bene bantu abaume na banakashi abakwata inkanda iya buuta abafuma mwishitima balemoneka Shani?,Aba bantu abakwata inkanda iya buuta bonse nafwala ifya kufwala fya mpepo.Bamo nabakwata no tufyola twakuminwe
10592,Umwaume umo uwakwata inkanda iya buuta nabanakashi babili abakwata inkanda iya buuta Bali mulupili,Bushe aba bene bantu umwaume nabanakashi abakwata inkanda iya buuta finshi balecita kuli iyi ncende?,cilemoneka ifyo aba bantu batatu abakwata inkanda iya buuta batandashi.Baleangala mu mabwe.,Bushe aba bene bantu batatu abakwata inkanda iya buuta abaleangala mu mabwe balemoneka Shani?,"Aba bantu batatu abakwata inkanda iya buuta balemoneka nabasangalala.Bonse bafwele amashikipa, babili nafwala na matoloshi."
10593,Ibumba lya baume na banakashi abakwata inkanda iya buuta bakalisha wa ng'oma nabacisenseka icila,Bushe Ili bumba lya baume na banakashi abakwata inkanda iya buuta abalelisha ing'oma balemoneka Shani?,Aba baume nabanakashi abakwata inkanda iya buuta abalelisha ing'oma bonse bafwele amashati Aya makumbimakumbi ne nkolo ishafita,Bushe Ili bumba lya baume na banakashi abakwata inkanda iya buuta finshi balet Pali iyi nshita?,Pali iyi nshita aba baume nabanakashi abakwata inkanda iya buuta balelisha ing'oma no kwimba.Nabakwata ne ng'oma nefisoselo
10594,Namayo nakulu bantu uwakwata inkanda iya buuta naikata umwiko muminwe,bushe namayo nakulu bantu uwakwata inkanda iya buuta uuli nomwiko alemoneka Shani?,Uyu namayo nakulu bantu uwakwata inkanda iya buuta alemoneka umwipi uwaina nafwala necifimbo kumutwe Ice langi lya makumbimakumbi,Bushe Pali iyi nshita finshi uyu umwanakashi uwakwata inkanda iya buuta alecita?,Uyu umwanakashi uwakwata inkanda iya buuta uuli no mwiko Pali iyi nshita aleipika.cilemoneka naipika umupunga elyo no muto wakulilako
10595,Umwaume uwacilumendo uwakwata inkanda iya buuta naiminina nashintilisha ku cibi,Bushe cilemoneka ukuti finshi uyu umwaume uwacilumendo uwakwata inkanda iya buuta uwiminine ku cibi alecita?,uyu umwaume uwacilumendo uwakwata inkanda iya buuta uwiminine nashintilisha na kucibi cilemoneka ifyo emininefye aletusha nalolesha na kunuma,Bushe uyu umwaume uwacilumendo uwakwata inkanda iya buuta uushintilile ku cibi alemoneka Shani?,Uyu umwaume uwacilumendo uwakwata inkanda iya buuta alemoneka umutaliko panono.Nafwala ne nsapato Isha buuta netoloshi lye langi lya makumbimakumbi
10596,Shikulu bantu uwakwata inkanda iya buuta naiminina pa mwinshi.,Bushe cilemoneka ifyo finshi uyu shikulu bantu uwakwata inkanda iya buuta uwiminine pa mwinshi alecita?,Uyu shikulu bantu uwakwata inkanda iya buuta uwiminine pa mwinshi cilemoneka ifyo alebelenga inyunshipepala ye lyashi,Bushe uyu wine shikulu bantu uwakwata inkanda iya buuta uwiminine pa mwinshi alemoneka Shani?,"Uyu shikulu bantu uwakwata inkanda iya buuta uwiminine pa mwinshi afwele fyonse itoloshi,icakumulu me cisote ifya fiita.Nakwata ne ncinga"
10597,Ibumba lya baume abakwata inkanda iya buuta nabanina Pali bakabalwe,Bushe Ili bumba lya baume abakwata inkanda iya buuta abali nabakabalwe cilemoneka ifyo finshi balecita?,Pali iyi nshita cilemoneka ifyo aba baume abakwata inkanda iya buuta nabanina Pali bakabalwe balecimfyanya ukubutuka,bushe aba baume abakwata inkanda iya buuta pamo na bakabalwe babo balemoneka Shani?,Pali iyi nshita cilemoneka ifyo aba bakabalwe nababutuka sana.Aba baume abakwata inkanda iya buuta nabekatisha nokukakatila Pali bakabalwe
10598,Abaume nabakashi abaminshinku iya pusanapusana abakwata inkanda iya buuta Bali mwituuka,Bushe aba baume nabanakashi abakwata inkanda iya buuta abali mwituuka finshi balecita?,cilemoneka ifyo pali aba baume nabanakashi abakwata inkanda iya buuta abali mwituuka Pali abaleshita elyo Bambi baleshitisha.,Bushe finshi filesangwa muli Ili tuuka umuli aba baume nabanakashi abakwata inkanda iya buuta?,Muli Ili tuuka umuli aba baume nabanakashi abakwata inkanda iya buuta muli ubukwebo.cilemoneka ifyo mulesangwa amaluba
10599,Abana abanono babili abakwata inkanda iya buuta Bali mu ka ncinga,Bushe finshi ifyo aba bana babili abakwata inkanda iya buuta balecita pali iyi nshita? ,Pali iyi nshita cilemoneka ifyo aba bana babili abakwata inkanda iya buuta nabalala mutucola twapancinga,bushe aba bene bana babili abakwata inkanda iya buuta abalele balemoneka Shani?,"Aba abana abanono babili abakwata inkanda iya buuta balemoneka,abaina.Umo umukulupo nafwala netoloshi lye langi lya katapakatapa nensapato"
10600,Umufyashi umwanakashi no mwana umunono uwakwibele abakwata inkanda iya buuta Bali mu ng'anda,Bushe finshi ifyo uyu umwanakashi umufyashi no mwana wakwe akanya balecita?,Pali iyi nshita cilemoneka ifyo uyu umwanakashi umufyashi no mwana wakwe akanya balelishafye mung'anda.Akamwana kalefwaya kalelisha nyina,Bushe uyu wine umwanakashi umufyashi no mwana wakwe akanya balemoneka Shani?,Bonse babili nyina no mwana wakwe akanya bakwata imyona iikulu elyo nyina walilepa nokulepa.umwana alemoneka uwaina
10601,Umwana umunono uwakwibele uwakwata inkanda iya buuta Ali eka pacipuna,Bushe cilemoneka ifyo finshi uyu mwana umunono uwakwibele uwakwata inkanda iya buuta alecita Pali iyi nshita?,Pali iyi nshita cilemoneka ifyo uyu mwana umunono uwakwibele uwakwata inkanda iya buuta nalala ekafye pa cipuna alelila,Bushe uyu wine mwana umunono uwakwibele uwakwata inkanda iya buuta alemoneka Shani?,Uyu umwana umunono uwakwibele uwakwata inkanda iya buuta alemoneka uwaina nafwala ne fyakufwala ifya buuta.Nakwata no moona uwipi
10602,umwanakashi umukalamba uwakwata inkanda iya buuta alifye eka,Bushe uyu wine umwanakashi uwakwata inkanda iya buuta alemoneka Shani?,uyu umwanakashi uwakwata inkanda iya buuta alemoneka umutali elyo uwaina no Mona uutali,Bushe imifwalile ya uyu umwanakashi uwakwata inkanda iya buuta ilemoneka Shani?,Uyu umwanakashi uwakwata inkanda iya buuta alemoneka nafwala bwino .Afwele itoloshi Ilya fita me campepo ice langi lya makumbimakumbi.
10603,Umuntu uulemoneka kwati mwanakashi uwakwata inkanda iya buuta uwamu filimu naikala,Bushe uyu wine umwanakashi uwakwata inkanda iya buuta uwamu filimu finshi alecita Pali iyi nshita?,uyu umwanakashi uwakwata inkanda iya buuta uwamu filimu pali iyi nshita cilemoneka ekelefye nakutumana,Bushe uyu wine umwanakashi uwakwata inkanda iya buuta uwamu filimu alemoneka Shani?,uyu umwanakashi uwakwata inkanda iya buuta uwamu filimu nafwala icakufwala Ica nsalu ice langi lya katapakatapa nakumutwe nafwala icisote ce langi lya makumbimakumbi
10604,umwaume uwacilumendo uwakwata inkanda iya buuta Ali mu mpili ekafye,Bushe uyu wine mwaume uwakwata inkanda iya buuta uuli mu mpili ekafye finshi akwete?,"uyu umwaume uwacilumendo uwakwata inkanda iya buuta uuli mu mpili ekafye alemoneka kwati mushilika, nakwata imfuti,nakana nokukana.",Bushe uyu wine umwaume uwacilumendo uwakwata inkanda iya buuta alemoneka Shani?,uyu umwaume uwacilumendo uwakwata inkanda iya buuta uuli mu mpili ekafye ne mfuti alemoneka umwipi kabili uwaina.Nafwala na kasote akafita
10605,Abana abakashana abanono batatu abakwata inkanda iya buuta Bali mumuputule was ng'anda,Bushe finshi ifyo aba abana abakashana abanono batatu abakwata inkanda iya buuta balecita?,"Aba abana abakashana abanono batatu abakwata inkanda iya buuta nabalala, bonse Bali mubusanshi,umo ali mutulo ababiye babili bena balelolesha",Bushe aba bene bana abakashana abanono batatu abakwata inkanda iya buuta balemoneka Shani?,"Aba abana abakashana abanono batatu abakwata inkanda iya buuta abali mubusanshi baba namenso aya buuta, imyona iitali no mushishi uutali"
10606,Abantu abengi abaminshinku iya pusanapusana abakwata inkanda iya buuta nabeminina pa cikulwa,Bushe aba bene bantu abaminshinku iya pusanapusana abakwata inkanda iya buuta balemoneka Shani?,"Aba bantu abaminshinku iya pusanapusana abakwata inkanda iya buuta bamo balemoneka abatali ,abatuntunshi ne myona iitali",Bushe aba bene bantu abaminshinku iya pusanapusana abakwata inkanda iya buuta bafwele ifya kufwala ifya Shani?,Aba bantu abaminshinku iya pusanapusana abakwata inkanda iya buuta bafwele ifya kufwala ifya pusanapusana.Bamo nafwala amatoloshi ye langi lya makumbimakumbi elyo bonse nabafwala insapato
10607,Abaume nabakashi abakwata inkanda iya buuta Bali mwituuka,Bushe aba baume nabanakashi abakwata inkanda iya buuta abali mwituuka finshi balecita pali iyi nshita?,Abaume nabakashi abakwata inkanda iya buuta abali mwituuka bamo baleshitisha Bambi baleshita,Bushe finshi filesangwa muli Ili tuuka umuli aba baume nabanakashi abakwata inkanda iya buuta?,Cilemoneka ifyo muli Ili tuuka umuli aba baume nabanakashi abakwata inkanda iya buuta bashitishamofye ifitabo fyeka fyeka
10608,Umwana umunono uwakwata inkanda iya buuta alifye eka naiminina,Bushe uyu mwana umunono uwakwata inkanda iya buuta uuli ekafye cinshi alecita Pali iyi ncende?,pali iyi nshita cilemoneka ifyo uyu mwana umunono uwakwata inkanda iya buuta aleangala muli Ici icapala umwamfuli,Bushe uyu wine mwana umunono uwakwata inkanda iya buuta uuli ekafye alemoneka Shani?,Temulandu nokuba ekafye uyu mwana umunono uwakwata inkanda iya buuta alemoneka uwansa.Nafwala na shikipa ye langi lya makumbimakumbi na magalashi ya fita
10609,Abaume nabakashi abaminshinku iya pusanapusana abakwata inkanda iya buuta nabekala mumuputule wakulilamo,Bushe aba bene bantu abaminshinku iya pusanapusana abakwata inkanda iya buuta finshi balecita pali iyi ncende?,Aba baume nabanakashi abaminshinku iya pusanapusana abakwata inkanda iya buuta cilemoneka ifyo pali iyi nshita bamo baletusha elyo Bambi Bali pakufuma,Bushe aba bene baume nabanakashi abakwata inkanda iya buuta balemoneka Shani?,"Aba baume nabanakashi,Ubwigi bwabo bafwele amatoloshi umo nakwata ne necilimba cakukwampa"
10610,Abantu abengi abaminshinku iya pusanapusana abakwata inkanda iya pusanapusana Bali  mumusebo wamanenekela,Bushe aba bene bantu abaminshinku yalekanalekana abakwata inkanda iya buuta Balemoneka Shani?,Aba bantu abaminshinku iya pusanapusana abakwata inkanda iya buuta bafwele ifya kufwala ifya pusanapusana.Balimo Bali nama shiketi Bambi ama toloshi,Bushe aba bene bantu abaminshinku iya pusanapusana abakwata inkanda iya buuta balecita finshi?,Aba bantu abaminshinku iya pusanapusana abakwata inkanda iya buuta Pali iyi nshita cilemoneka ifyo nabatantama baleendamumulongo 
10611,Umwaume umusepela uwakwata inkanda iya buuta Ali pa mpanga ekafye,Bushe uyu umwaume umusepela uwakwata inkanda iya buuta uuli Pampanga alemoneka  Shani?,"uyu umwaume umusepela uwakwata inkanda iya buuta uuli ekafye mu mpanga nafwala icimpompo ku mutwe, itoloshi ne shati ifya buuta nefya fitamo","Bushe uyu wine umwaume umusepela uwakwata inkanda iya buuta uuli ekafye pa mpanga alecita cinshi?
",uyu umwaume umusepela uwakwata inkanda iya buuta uuli ekafye pa mpanga alecofa incinga.Naibutuka natolokela na mumulu
10612,Umwaume umusepela uwakwata inkanda iya buuta alemoneka Ali mumulu,Bushe uyu wine umwaume umusepela uwakwata inkanda iya buuta uuli mumulu finshi alecita?,Pali iyi nshita cilemoneka ifyo uyu umwaume umusepela uwakwata inkanda iya buuta uuli mu mulu aletoloka.Aleangala ubwangalo bwa kutolokela mumi,Bushe uyu wine umwaume umusepela uwakwata inkanda iya buuta uuli mu mulu alemoneka Shani?,Uyu umwaume uwakwata inkanda iya buuta uuli mu mulu natoloka Afwele kakaputula nashikipa ifya fita elyo nafwala ne nsapato nasho ishafita
10613,Abantu abengi aba pusanapusana kabili abaminshinku iya pusanapusana nenkanda isha pusanapusana Bali mumusebo wamanenekela pakati ka fikulwa.,Bushe aba bene bantu aba pusanapusana ne mishinku isha pusanapusana ne nkanda Isha pusanapusana abali pakati ka fikulwa balemoneka Shani?,Aba bantu aba pusanapusana ne mishinku isha pusanapusana ne nkanda Isha pusanapusana abali pakati ka fikulwa bafwele ifya kufwala ifya pusanapusana.,Bushe aba bene bantu aba pusanapusana ne mishinku isha pusanapusana ne nkanda Isha pusanapusana abali pakati ka fikulwa nikwisa uku Bali?,Pali iyi nshita cilemoneka ifyo aba bantu abaminshinku yalekanalekana abakwata inkanda iya pusanapusana Bali mumusebo wamanenekela mu kale atemwa mukati ke tauni
10614,Ilongo lya bantu abaminshinku iya pusanapusana abakwata inkanda iya buuta Bali mu mpanga,Bushe aba bene bantu aba pusanapusana abakwata inkanda iya buuta abali ilongo bafwele ifya kufwala fya Shani?,"Aba bantu abali ilongo abakwata inkanda iya buuta bafwele ifya kufwala ifya pusanapusana.Bamo bafwele amatoloshi,bamo amakaputula.",Bushe aba bene bantu aba pusanapusana abali ilongo abakwata inkanda iya buuta finshi balecita?,Cilemoneka ifyo aba bantu aba pusanapusana abakwata inkanda iya buuta abali ilongo baleya mu lupili.kuli ulu lupili kulemoneka kuli imfula
10615,Abantu abaume babili abakwata inkanda iya buuta Bali mwi tenti,Bushe aba bene bantu abaume babili abakwata inkanda iya buuta abali mwi tenti balemoneka Shani?,"Aba bantu abaume babili abakwata inkanda iya buuta abali mwi tenti balemoneka abakatama,nabakashi me nkanshi nabaibika na masako pa myona",Bushe aba bene bantu abaume babili abakwata inkanda iya buuta abali mwi tenti fyakufwala fyamusango nshi bafwele?,Aba bantu abaume babili abakwata inkanda iya buuta abali mwi tenti balemoneka bafwele amashati nefisote ifye langi lya katapakatapa.Nabafwala namagalashi mu menso
10616,Abantu abaume nabakashi abakwata inkanda iya buuta Bali mu cikulwa,Bushe aba bene bantu abaume nabakashi abakwata inkanda iya buuta abali mu cikulwa balemoneka Shani?,Pali Ili bumba lya baume nabanakashi abakwata inkanda iya buuta abali mu cikulwa Pali amapaka yatatatu,Bushe cinshi Aya amapaka ya bantu ayali pali Ili bumba lya baume nabanakashi abakwata inkanda iya buuta yalecita?,Balecita ifyapusanapusana.Ipaka limo lileenda uku ninshi liletuma lamya yamusange.limbi lyena nalikala nalifungana pa nshi
10617,Abaume nabakashi abakwata inkanda iya buuta Bali ku cibansa baleangala.,Bushe bwangalo nshi aba baume nabanakashi abakwata inkanda iya buuta baleangala?,Aba baume nabanakashi abakwata inkanda iya buuta baleangala ubwangalo bwa kuposa imifwi,Bushe Ici cine icibansa baliko aba baume nabanakashi abakwata inkanda iya buuta abaleangala capangwa Shani?,Ici cibansa ukuleangalila aba baume nabanakashi abakwata inkanda iya buuta capangwa na manenekela.Elyo bacipangila mu mpanga ukutaluka nokwaikalila abantu
10618,Abaume nabakashi abakwata inkanda iya buuta abalemoneka kwati ni bashi mucindikwa nababasenda,Bushe aba bene bantu abaume nabakashi abakwata inkanda iya buuta abalemoneka kwati nibashi mucindikwa babasendele Pali cinshi?,Aba bantu abaume nabakashi abakwata inkanda iya buuta abalemoneka kwati ni bashi mucindikwa babasendele Pa mpunda shine.,Bushe aba bene bantu abaume nabakashi abakwata inkanda iya buuta abali pa mpunda balemoneka Shani?,Nabafwala busaka busaka.Abaume nabafwala nenkolo bonse babili.Nabafwala ne fisote.Ne mpunda Isha busaka
10619,Umwaume umo uwakwata inkanda iya buuta Ali mu muputule wa ng'anda,Bushe uyu wine umwaume uwakwata inkanda iya buuta uuli mumuputule alemoneka Shani?,"Uyu umwaume uwakwata inkanda iya buuta alemoneka umutali elyo umutuntunshi,no Mona uukulu kabili uutali",Bushe uyu umwaume uwakwata inkanda iya buuta uuli mu muputule alecita cinshi?,Uyu umwaume uwakwata inkanda iya buuta uuli mu muputule aleipika.Apa aleputaula kanyense na tomato .
10620,Umufyashi umwanakashi napaapa abana bakwe batatu abakwata inkanda iya buuta,Bushe finshi ifyo uyu umufyashi umwanakashi na bana bakwe batatu abakwata inkanda iya buuta balecita pali iyi nshita?,Pali iyi nshita cilemoneka ifyo uyu umufyashi umwanakashi uwakwata inkanda iya buuta alensha icitukutuku napaapa na bana bakwe batatu,Bushe uyu umufyashi umwanakashi uwakwata inkanda iya buuta uuli pa citukutuku alemoneka Shani?,Uyu umufyashi umwanakashi uwakwata inkanda iya buuta kumo na bana bakwe batatu bonse nabafwala fimpompo kumutwe.Elyo wena no mwana umo nabafwala na matoloshi ya katapakatapa
10621,Umwaume uwankanda iya buuta no mushishi uwipi kabili uwamushinku wapakati Ali pali bemba,Ni finshi ifyo uyu umwaume uyu uuli pali bemba afwele uyu umukalamba afwele?,Uyu umwaume afwele akaputula elyo nakashati akaikata akamakumbimakumbi aka kowelamo,Bushe ni finshi ifyo uyu mwaume uwamushishi uwipi aleciita pali uyu umumana uukalamba mu nshita yakasuba?,Uyu umwaume  Ali pa mumana uukalamba epo aleshelemuka ukubomfya Ako bashelemukila pa mumana akabuuta.
10622,Uwacaice umulumendo Ali ku cifulo cimo ukuli ulupango kabili aliko fye eka munshita iyakasuba,Bushe ni finshi uyu uwacaice umulumendo umwipi ni finshi ifyo afwele kumubili?,Uyu umwana umwaice afwele ishati  lyamaboko ayatali Ilya makumbimakumbi na maboko ayamacungwamacungwa ne toloshi,Bushe iyi incende aliko uyu ilemoneka Shani elyo nakabili bushe uyu uwacaice ni finshi ifyo aleciita?,Uyu uwacaice Ali ku cifulo ukuli utufyani utuno elyo cipalile kwati aleyangala ubwangalo ubo aleteya fye eka nakwata nakakuteyelako aka macungwamacungwa
10623,Abanakashi babili abakwata inkanda iya buuta baleangala ubwangalo bwa ku pantishanya ka mutanu,bushe aba bene bakashana abakwata inkanda iya buuta abaleangala ubu bwangalo balemoneka Shani?,Pa kwangala bwino aba banakashi imisepela babili nabafwala insapato nefyakufimba imitwe.umo nafwala icimpompo umbi nao akasote,Finshi fimbi ifilecitika Pali iyi ncende apalecitikila ubu ubwangalo bwa mutanu?,Pali abantu na Bambi bena abaletamba nokulumba abalecimfyanya.ku cibansa balibikako no luncingi lwa mawaya pakuti abaletamba baleikala akatalamukila.
10624,Imbwa shibili iikulu imo ne inono imo shili mufyani mu mpanga.,Bushe cinshi I shi shine imbwa shibili iikulu imo ne inono imo ishili mu mpanga shilecita?,Ishi imbwa shibili iikulu me inono ishili mu mpanga cilemoneka ifyo shilelwa.Iikulu ilefwaya ukusuma akanono,Bushe ishi shine imbwa shibili iikulu imo ne inono imo ishili mu mpanga shilemoneka Shani?,"Imbwa iikulu ikwete ama langi yatatu Ilya fita,Ilya butulukila nelya buuta.Iinono ilemoneka iya butulukila"
10625,Umwaume umo shikulu bantu uwakwata inkanda iya buuta ali mucikulwa batushishamo nokushitishishamo ifya kulya pamo nga ubwali,Bushe finshi nalimo uyu shikulu bantu uwakwata inkanda iya buuta uuli muli Ici cikulwa alecita? ,cilemoneka ifyo uyu umwaume shikulu bantu uwakwata inkanda iya buuta aleshita ifya kulya ,Bushe cilemoneka ifyo finshi nalimo filesangwa muli Ici cikulwa umuli shikulu bantu uwakwata inkanda iya buuta?,"Muli Ici cikulwa mulemoneka ifyakulya pamo nga ubwali,umukate,ba mashini betwa computa elyo na ba mashini babomfiwa pa kufumya indalama.Muli na babomfi abaletanga abeni"
10626,Abalumendo imisepela batatu abakwata inkanda iya buuta Bali mu musebo wa manenekela.,Bushe cilemoneka ifyo finshi nalimo aba balumendo batatu abakwata inkanda iya buuta balecita Pali iyi nshita?,"cilemoneka ifyo aba balumendo batatu abakwata inkanda iya buuta abali mu musebo wa manenekela baleenda, Pali iyi nshita balecilinganya umusebo umbi",Bushe iyi ncende ilipo aba balumendo batatu abakwata inkanda iya buuta ilemoneka Shani?,"Pali iyi ncende ilipo aba balumendo batatu abakwata inkanda iya buuta, umusebo wa manenekela wapita pakati ka fikulwa fibili ifya ntunti ifikulu ne fimuti ifisuma mumbali"
10627,Imbwa imo lyi kulu Ili pa mulu wa menshi pakati ka mumana uukalamba.,Bushe cilemoneka ukuti finshi nalimo iyi Imbwa ilecita Pali uyu umumana?,Cilemoneka ifyo iyi Imbwa ileowa ilefwaya ukwabuka iye kwi shilya lya mu mana,Bushe cilemoneka ukuti finshi ifilesangwa Pali uyu umumana uo iyi Imbwa ileowapo ukufwaya ukwabuka?,Uyu umumana uo iyi Imbwa ileowapo ukufwaya ukwabuka iye kwi shilya ulemoneka uukulu kabili naukwata no mukuku elyo mu mbali muli ifyani me fimuti
10628,Umwaume umo uwakwata inkanda iya buuta Ali mukashila kampanga aleenda mu nshita ya kasuba,Bushe uyu umwaume uwakwata inkanda iya buuta uulepita mukashila ka mpanga mu nshita ya kasuba alemoneka Shani?,Uyu umwaume uwakwata inkanda iya buuta uulepita mukashila kampanga aleenda mu nshita ya kasuba alemoneka umwipi nafwala na kaputula ne cisote,Bushe iyi ncende apafika uyu umwaume uwakwata inkanda iya buuta uulepita mukashila kampanga aleenda mu nshita ya kasuba ilemoneka Shani?,Iyi ncende apafika uyu umwaume uwakwata inkanda iya buuta ilemoneka ni mu mpanga sana.munshila muli amabwe elyo mu mbali muli ifyani ne fimuti
10629,Umwanakashi umusepela uwakwata inkanda iya buuta Ali ekafye aleyolola,Bushe uyu umusepela umwanakashi uwakwata inkanda iya buuta cinshi alecita kuli iyi ncende?,cilemoneka ifyo uyu umwanakashi umusepela uwakwata inkanda iya buuta uuleyolola aletukusha umubili,Bushe uyu wine umwanakashi umusepela uwakwata inkanda iya buuta uuletukusha umubili alemoneka Shani?,"Uyu umwanakashi umusepela uwakwata inkanda iya buuta uuletukusha umubili alemoneka umutali, nafwala ne toloshi na shikipa ifye langi lya makumbimakumbi na magalashi be cisote"
10630,Umwanakashi umusepela uwakwata inkanda iya buuta naponena panshi,Bushe cilemoneka ifyo finshi nalimo uyu mwanakashi uwakwata inkanda iya buuta alecita Pali iyi nshita?,Cilemoneka ifyo pali iyi nshita uyu mwanakashi uwakwata inkanda iya buuta aleangala ubwangalo bwa kuteya ka mutanu Ako beta mu cingeshi ati tenesi,Bushe uyu wine umwanakashi umusepela uwakwata inkanda iya buuta alemoneka Shani?,Uyu umwanakashi umusepela uwakwata inkanda iya buuta uletaya kamutanu alemoneka uwaina no mushishi uutali nafwala netoloshi lya buuta na shikipa iya kashika
10631,Abaume nabakashi abakwata inkanda iya buuta nabeminina nabafwala ne fyakufwala ifya kowelamo pa mumana,Bushe finshi fintu aba baume nabanakashi abakwata inkanda iya buuta nalimo balecita Pali iyi nshita?,Cilemoneka ifyo aba bantu abaume nabakashi abakwata inkanda iya buuta Pali iyi nshita baleipekanishisha ukuya pa mu mana,Bushe aba bene baume nabanakashi abakwata inkanda iya buuta abali mupepi no mumana balemoneka Shani?,Aba baume nabanakashi abakwata inkanda iya buuta abali ku mumana balemoneka abaipekanya ukuya pa mumana.Nabafwala ifya kowelamo ku molu na magalashi ku menso
10632,Umwaume umusepela uwakwata inkanda iya buuta naikata umupila mu minwe,bushe cilemoneka ifyo finshi fintu uyu umwaume umusepela uwakwata inkanda iya buuta uwikete umupila mu minwe alecita?,pali iyi nshita cilemoneka ifyo uyu umwaume umusepela uwakwata inkanda iya buuta aleteya umupila wa ku minwe ku cibansa,Bushe uyu wine umwaume umusepela uwakwata inkanda iya buuta uuleteya umupila wa ku minwe ku cibansa alemoneka Shani?,Uyu umwaume umusepela uwakwata inkanda iya buuta uuletaya umupila wa ku minwe ku cibansa alemoneka umutali nafwala na kakaputula aka buuta akepi
10633,Umwaume shikulu bantu uwakwata inkanda iya buuta naiminina,bushe uyu umwaume shikulu bantu uwakwata inkanda iya buuta uwiminine pa mwinshi alecita cinshi Pali iyi nshita?,cilemoneka ifyo uyu umwaume shikulu bantu uwakwata inkanda iya buuta Pali iyi nshita emininefye nacensa  nalemena na maboko ku numa.Kwati cipalile alelolesha fimo,Bushe uyu wine umwaume shikulu bantu uwakwata inkanda iya buuta uwiminine pa cibumba alemoneka Shani?,Uyu umwaume shikulu bantu uwakwata inkanda iya buuta uwiminine pa cibumba alemoneka uwaina nafwala namagalashi na shikipa iya makumbimakumbi
10634,"Umwaume umusepela umo uwakwata inkanda iya buuta naikala panshi pa cani napeta na molu yakwe,",Bushe cilemoneka ifyo nikwisa uko uyu umwaume umusepela uwakwata inkanda iya buuta uwikele nafungana pali iyi nshita?,Pali iyi nshita cilemoneka ifyo uyu umwaume umusepela uwakwata inkanda iya buuta Ali ku manda.,Bushe cilemoneka ukuti finshi nalimo uyu umwaume umusepela uwakwata inkanda iya buuta uuli ku manda alecita Pali iyi nshita necende?,Cilemoneka ifyo uyu umwaume umusepela umo uwakwata inkanda iya buuta uuli ku manda Pali iyi nshita alepepa
10635,Abaume babili abakwata inkanda iya buuta bakalisha wa filimba Bali mucikulwa,cilemoneka ifyo bushe finshi fintu aba baume abakwata inkanda iya buuta babili balecita muli Ici cikulwa?,Cilemoneka ifyo aba abaume babili abakwata inkanda iya buuta kabili bakalisha wafilimba balelisha ifilimba no kupanga inyimbo,Bushe fintu nshi nalimo ifilesangwa muli Ici cikulwa umuli aba baume babili abakwata inkanda iya buuta kabili bakalisha wa filimba?,"muli Ici cikulwa umuli aba baume babili abakwata inkanda iya buuta mulesangwa ifilimba cakukwampa, mashini ikopa ifikope,ifisoselo, mashini ikopa ifiunda, mashini isalanganya amashiwi me filimba ifikusha no ku cefya ifiunda"
10636,umwaume umo uushishibikwe bwino bwino Ali pa ntunti ya kubalilapo iya cikulwa ca ntunti.,Bushe cilemoneka ukuti finshi uyu umwaume uushishibikwe bwino bwino alecita Pali iyi nshita?,Pali iyi nshita cilemoneka ifyo uyu umwaume uushishibikwe bwino bwino elyo aimikafye motoka yakwe kanshi alebika bwino bwino utuntu mu mota,Bushe Ici cine icikulwa apali uyu umwaume uushishibikwe bwino bwino uwiminine pali motoka lye langi lya buuta cilemoneka Shani? ,"Ici cikulwa apali uyu umwaume uushishibikwe bwino bwino cilemoneka calipangwa bwino.Nacikwata insolokoto,umulilo wa nsale,baliputaula bwino bwino imiputule balemba napo."
10637,umuntu umo uushishibikwe bwino bwino uwakwata inkanda iya buuta Ali mu musebo uwapita mwi samba lya cikulwa.,Bushe cilemoneka ukuti finshi nalimo fintu uyu umuntu uushishibikwe bwino bwino alecita muli Ici cikulwa?,"cilemoneka ifyo uyu umuntu uushishibikwe bwino bwino uuli muli Ici cikulwa alepitafye,nacofa ne ncinga yakwe",Bushe uyu wine umusebo uwapita mu cikulwa Ici umulepita uyu wine muntu ushishibikwe bwino bwino wapangwa Shani?,"Uyu umusebo umulepita uyu muntu wapita, panshi musebo mubufumo uku noku cibumba napa mulu cibumba elyo wena pakati"
10638,Abaume batatu abakwata inkanda iya buuta nabeminina ku numa ya motoka.,Bushe cilemoneka ukuti finshi nalimo aba bantu abaume batatu abakwata inkanda iya buuta abali ku numa ya motoka balecita pali iyi nshita?,cilemoneka ifyo aba abaume batatu abakwata inkanda iya buuta balelungisha motoka,Bushe aba bene baume batatu abakwata inkanda iya buuta abali ku numa ya motoka abalelungisha balemoneka Shani?,Abaume batatu abakwata inkanda iya buuta balemoneka abatuluka.umo umwine wamotoka nafwala netoloshi ne shati ifya fita elyo abanankwe babili bafwele ama ofoloshi
10639,Abaume nabakashi no mwana umunono abakwata inkanda iya buuta bali mu cikulwa batishisha ifyakulya ifya ipikwa,Bushe cilemoneka ifyo finshi filesangwa muli Ici cikulwa umuli aba baume nabanakashi no mwana umunono abakwata inkanda iya buuta?,"muli Ici cikulwa mulemoneka muli imipando,amatebulo,amalaiti,nefipe.",Bushe abaume nabakashi abakwata inkanda iya buuta abali muli Ici cikulwa balemoneka Shani?,Abantu abaume nabakashi abakwata inkanda iya buuta abali muli Ici cikulwa balemoneka aba pusanapusana.umwanakashi umo Afwele ka shiketi akepi na shikipa wa buuta elyo umulume Afwele ofoloshi iya makumbimakumbi
10640,Abaume babili abakwata inkanda iya buuta Bali mucibansa balemoneka baleya ka mutanu,Bushe aba bene baume babili abakwata inkanda iya buuta abali mu cibansa baleteya ka mutanu balemoneka Shani?,Aba baume babili abakwata inkanda iya buuta abali mu cibansa baleteya ka mutanu balemoneka abatali abatuntunshi,Bushe aba bene baume babili abakwata inkanda iya buuta abali mu cibansa baleteya ka mutanu bafwele ifya kufwala ifya musango nshi?,Bonse babili bafwele amatoloshi ye langi lya buuta.umo nafwala ne cimpompo umbi Afwele akasote.
10641,Abaume babili abakwata inkanda iya fita Bali pa ncito balebomba,Bushe cilemoneka ifyo mulimo nshi untu aba baume abakwata inkanda iya fita babomba?,Cilemoneka ifyo aba abaume babili abakwata inkanda iya fita babomba umulimo wa but kapenta na bukapala bwa mbao,Bushe aba bene baume babili abakwata inkanda iya buuta abalebomba mu kapenta balemoneka Shani?,Aba baume babili abakwata inkanda iya buuta imingila iya buuta.umo Afwele itoloshi Ilya buuta umbi Afwele itoloshi Ilya makumbimakumbi
10642,Umwaume umo no mwanakashi abakwata inkanda iya buuta Bali pa cikulwa,Bushe aba bantu umwaume no mwanakashi abakwata inkanda iya buuta abali pa cikulwa Ici finshi balecita Pali iyi nshita?,Cilemoneka ifyo aba bantu umwaume no mwanakashi abakwata inkanda iya buuta abali apa balishingishanya pa kwingila mu cikulwa.,Bushe aba bene bantu umwaume no mwanakashi abakwata inkanda iya buuta bonse balemoneka Shani?,Umwaume alemoneka umutali nafwala ne toloshi lya makumbimakumbi.umwanakashi alemoneka umwipi nafwala na shiketi ya makumbimakumbi ne nsapato ya citende icitali
10643,Ulupwa lumo apali umwaume uwakwata inkanda iya fita na bana abakwata inkanda iya buuta bali mwi Samba lya muti,bushe finshi ulu lupwa apali uyu umwaume uwakwata inkanda iya fita na bana bakwe abakwata inkanda iya buuta balecita pali iyi nshita?,"Cilemoneka ifyo ulu lupwa apali uyu umwaume uwakwata inkanda iya fita na bana bakwe abakwata inkanda iya buuta, uyu umufyashi alefunda abana,abana nano balekutikisha",Bushe aba bene bantu umwaume uwakwata inkanda iya fita na bana abakwata inkanda iya buuta abali apa balemoneka Shani?,Pali Ili bumba pali uufwele amatoloshi elyo umo afwele kaputula.Umufyashi afwele itoloshi Ilya fita ne shati Ilya makumbimakumbi
10644,Imbwa iyaana kabili iyaina kabili iiyi iyamafufu ayafiita naya bulauni ili ku ncende imo. ,Bushe ni kwisa uko iyi imbwa iilemoneka iyabomba ili mu nshita yakasuba?,Iyi incende ili mu mpaanga ilemoneka iyafunda elyo naikwata ne fyani ifinono ifyakatapakatapa.,Bushe ni finshi ifyo iyi imbwa ilecita kuli iyi incende uko iilifye yeka mu nshita yakasuba? ,Iyi imbwa ileyangala  yeka ku ncende imo naikwata naka mupila ka kashika akanono
10645,Abaume babili abakwata inkanda iya buuta Bali mu cikulwa bashitishishamo ifya kulya.,Bushe aba bene baume babili abakwata inkanda iya buuta abali muli Ici cikulwa balecita finshi?,pali iyi nshita cilemoneka ifyo aba bantu abakwata inkanda iya buuta abali muli Ici cikulwa umo aleshitisha elyo umbi aleshitisha,Bushe aba bene bantu abaume babili abakwata inkanda iya buuta abali muli Ici cikulwa balemoneka Shani?,Aba bantu abaume babili abakwata inkanda iya buuta abali muli Ici cikulwa bonse bantu baina.Kashitisha nafwala ishati Ilya buuta umbi nao nafwala amagalashi.
10646,Umwaume shikulu bantu uwakwata inkanda iya buuta  nafimba pa menso,Bushe cilemoneka ukuti finshi nalimo fintu uyu umwaume shikulu bantu uwakwata inkanda iya buuta alecita Pali iyi nshita?,Pali iyi nshita cilemoneka ifyo uyu shikulu bantu uwakwata inkanda iya buuta Ali mumfula alelelokwa,Bushe uyu wine umwaume shikulu bantu uwakwata inkanda iya buuta uuli mumfula alelelokwa alemoneka Shani?,Uyu umwaume shikulu bantu uwakwata inkanda iya buuta uuli mumfula alelokwa alemoneka uwaina nafwala na shikipa iya makumbimakumbi ne fya buutamo
10647,Abaume imisepela abakwata inkanda iya buuta Bali mu cibansa,Bushe cinshi aba baume imisepela abali mu cibansa ca mupila balecita pali iyi nshita?,Aba baume imisepela abakwata inkanda iya buuta abali mu cibansa ca mupila baleyengala ubwangalo bwa mupila wa ku makasa,Bushe aba bene baume bakateya wamupila wa ku makasa balemoneka Shani?,Aba baume imisepela abakwata inkanda iya buuta bakateya wamupila bonse nabafwala insapato na makaputula
10648,Abaume babili abakwata inkanda iya buuta nabekala nabaloshanya amenso,Bushe cilemoneka ifyo cinshi ico aba baume babili abakwata inkanda iya buuta balecita pali iyi nshita?,cilemoneka ifyo aba bantu abaume babili abakwata inkanda iya buuta pali iyi nshita nabapusana umo alelanda umubiye nalolesha na kumbi,Bushe aba bene bantu abaume babili abakwata inkanda iya buuta bafwele ifya kufwala ifya musango?,"Aba bantu abaume babili abakwata inkanda iya buuta bonse bafwele ifya kufwala ifye langi lya makumbimakumbi, nabafwala na magalashi"
10649,Umwaume umusepela uwakwata inkanda iya buuta ali mwi Samba lya cimuti icikulu,Bushe finshi ifyo uyu umwaume umusepela uwakwata inkanda iya buuta uuli mwi Samba lya cimuti icikulu alecita?, Uyu umwaume umusepela uwakwata inkanda iya buuta uuli mwi Samba lya cimuti icikulu aletukusha umubili.Natolokela mu mulu nafungulula na maboko na molu,Bushe uyu wine umwaume umusepela uwakwata inkanda iya buuta uuli mwi Samba lya cimuti icikulu aletukusha umubili alemoneka Shani?,Uyu umwaume umusepela uwakwata inkanda iya buuta uuli mwi Samba lya cimuti icikulu aletukusha umubili alemoneka umwipi nafwala na shikipa ne nsapato ifya fita no tu magalashi
10650,Abantu abengi abalekanalekana aba mishinku isha pusanapusana Bali pa ncende apacitikila amakwebo ayengi Ica mu kalale,Bushe finshi ifyo aba abana babili abakwata inkanda iya buuta abali mu mulu balecita?,aba abana babili abakwata inkanda iya buuta abali mu mulu baleangala ubwangalo bwa ku peluka pa ci mpelu,Bushe aba bene bana babili abakwata inkanda iya buuta abali mu mulu baleangala ubwangalo bwa ku peluka pa ci mpelu balemoneka Shani?,Aba abana babili abakwata inkanda iya buuta abali mu mulu baleangala ubwangalo bwa ku peluka pa ci mpelu balemoneka bonse bafwele ifya kufwala fya mpepo ifya fita elyo balikwata no mushishi uutali
10651,Abaume bane na banakashi babili abakwata inkanda iya buuta bali pa fikulwa fya ntunti ishingi kabili ifikulu,Bushe finshi ifyo aba bene bantu abaume nabakashi abakwata inkanda iya buuta balecita pali iyi ncende?,"Pali iyi nshita cilemoneka ifyo aba bantu abaume nabakashi abakwata inkanda iya buuta, bamo balepita fye elyo umu alefumya indalama pa buutala bwa mpiya",Bushe aba bene bantu abaume nabakashi abakwata inkanda iya buuta abali pali iyi ncende ya kwata ifikulwa fya ntunti ishingi kabili ifiikul u balemoneka Shani?,Babili Pali aba baume nabanakashi abakwata inkanda iya buuta abali pali iyi ncende nabafwala amatoloshi ye langi lya fita.Umwanakashi umo nafwala ne toloshi lya katapakatapa
10652,Imbwa iilume iikulu imo Ili apali abantu naitolokela mu mulu,Bushe iyi ine imbwa iikulu imo Ili apali abantu naitolokela mu mulu ilemoneka Shani?,Iyi Imbwa iikulu imo Ili apali abantu naitolokela mu mulu ilemoneka iya masako Aya fita na pacifuba apa buuta,Bushe Pali iyi ncende apali imbwa iyi iikulu cilemoneka ifyo fintu nshi fimbi ifilesangwapo?,"Pali iyi ncende apali imbwa iikulu pali na bantu,ifipuna no tufyani utusuma."
10653,Abana abanono abengi abakwata inkanda iya buuta Bali beka mu ng'anda.,Bushe aba bene bana abanono abali mu ng'anda beka finshi fintu balecita?,Aba abana abanono abengi abakwata inkanda iya buuta abalifye beka ukwabuka umukalamba baleangala.,Bushe fintu nshi ifilesangwa muli iyi ing'anda umulesangwa aba abana abanono abengi abakwata inkanda iya buuta?,"Muli iyi ing'anda umulesangwa ifipuna,itebulo,ifilubi, amaluba ne fidoli"
10654,Umwaume umupungwe uwakwata inkanda iya buuta Ali pa mulu wa cikulwa.,Bushe uyu wine umwaume umupungwe uwakwata inkanda iya buuta finshi alecita?,Uyu umwaume umupungwe uwakwata inkanda iya buuta aleangala pa mulu wa cikulwa,Bushe uyu wine umwaume umupungwe uwakwata inkanda iya buuta uuli pa mulu wa cikulwa alemoneka Shani?,"Uyu umwaume umupungwe uwakwata inkanda iya buuta alemoneka uwaonda,mutaliko nafwala netoloshi lya fita"
10655,Umwaume shikulu bantu uwakwata inkanda iya buuta naikala.,Bushe uyu wine umwaume shikulu bantu uwakwata inkanda iya buuta uuli ne cisoselo finshi alecita Pali iyi nshita?,Pali iyi nshita cilemoneka ukuti uyu umwaume shikulu bantu uwakwata inkanda iya buuta uuli ne cisoselo alelanda kwi bumba ilikalamba,Bushe uyu wine umwaume shikulu bantu uwakwata inkanda iya buuta uuli ne cisoselo alelanda kwi bumba ilikalamba alemoneka Shani?,Uyu umwaume shikulu bantu uwakwata inkanda iya buuta alemoneka umutuntunshi no mushishi no Mona ifiitali.Nafwala ne ninda minwe me toloshi lya makumbimakumbi
10656,Umwaume umusepela uwakwata inkanda iya buuta Ali mu mfula ya bungabunga.,Bushe finshi uyu wine umwaume umusepela uwakwata inkanda iya buuta alecita mumfula ya bungabunga?,Uyu umwaume umusepela uwakwata inkanda iya buuta uuli mumfula ya bungabunga aleamfula.,Bushe uyu wine umwaume umusepela uwakwata inkanda iya buuta uuli mumfula ya bungabunga aleamfula alemoneka Shani?,Uyu umwaume umusepela uwakwata inkanda iya buuta uuli mumfula ya bungabunga aleamfula nafwala icampepo Ica fita me cisote Ica fita.
10657,Umwaume uwakwata inkanda iya buuta nalikala alifye eka,Bushe uyu wine umwaume uwakwata inkanda iya buuta uulifye eka alecita finshi kuli Ici cifulo?,Uyu umwaume uwakwata inkanda iya buuta alemoneka ifyo alekopa nokumona ukubomfya teleshikopu,Bushe uyu wine umwaume uwakwata inkanda iya buuta uuli na teleshikopu alemoneka Shani?,Uyu umwaume uwakwata inkanda iya buuta uuli nateleshikopu alemoneka umutali kabili uwaina aliteka no mushishi uutali
10658,Abaume babili abakwata inkanda iya buuta Bali mu cikulwa.,Bushe aba bene baume babili abakwata inkanda iya buuta abali mu cikulwa finshi balecita?,"Aba baume babili abakwata inkanda iya ba wamya,ukupyanga no ku kolopa muli Ici cikulwa.",Bushe aba bene baume babili abakwata inkanda iya buuta abalekolopa  mu cikulwa balemoneka Shani?,Aba baume bonse nabafwala ama toloshi nefya ku mulu ifya makumbimakumbi.Nabafwala nefimpompo fya mutuntula
10659,Abaume imisepela babili abakwata inkanda iya buuta ba mwisamba lya cimuti cipi cipi nelinga lya kulilwa ne fimuti.,Bushe aba abapungwe shibili abakwata inkanda iya buuta Balemoneka Shani?,Aba abapungwe babili abakwata inkanda iya Balemoneka abaonda.Nabafwala umo itoloshi ne shati ifya buuta elyo umbi ifya mutuntula,Bushe finshi ifyo aba bapungwe babili abakwata inkanda iya buuta balecita pali iyi nshita?,Cilemoneka ifyo aba bantu abapungwe babili abakwata inkanda iya buuta baletukusha umubili ukupitila mukwangala ubwangalo bwa ku tutana ubwa kateka
10660,Abantu abengi abaminshinku iya pusanapusana abakwata inkanda iya buuta elyo no wafita umo Bali mupepi ne fikulwa fya ntunti,Bushe aba bene bantu abaume nabakashi abakwata inkanda iya buuta balemoneka Shani?,Aba baume nabanakashi abakwata inkanda iya buuta nabeminina baletamba.Umo nafwala ne toloshi lya makumbimakumbi. ,Bushe iyi ine incende apalesangwa aba bantu abaume nabakashi ilemoneka Shani?,Iyi ncende apali aba bantu abakwata inkanda iya buuta ilemoneka yashi ngulukwa ne fikulwa fya ntunti elyo paliba ne cimuti
10661,Abaume babili abakwata inkanda iya buuta baleenda mu nshila ya manenekela,Bushe aba baume babili abakwata inkanda iya buuta abali mu musebo wa manenekela balemoneka Shani?,Aba baume babili abakwata inkanda iya buuta abali mu musebo wa manenekela balemoneka abatali kabili abaina,Bushe aba bene baume babili abakwata inkanda iya buuta abali mu musebo wa manenekela fyakufwala fya musango nshi bafwele?,"Abaume babili abakwata inkanda iya buuta abali mu musebo wa manenekela bonse bafwele amatoloshi ya fita,umo nafwala ne shati lya buuta"
10662,Umwaume umo uwakwata inkanda iya buuta Ali no mwana umunono nao uwakwata inkanda iya buuta,Bushe finshi ifyo uyu umwaume uwakwata inkanda iya buuta uuli no mwana mumuputule alecita?,Uyu umwaume uwakwata inkanda iya uuli no mwana umunono nao uwakwata inkanda iya buuta alebeya imyefu ukubomfya sopo,Bushe uyu wine umwaume uwakwata inkanda iya buuta uulebeya umwefu alemoneka Shani?,Uyu umwaume uwakwata inkanda iya buuta uulebeya umwefu alemoneka uwaina no moona uutali na menso Aya buuta
10663,Abaume batatu abakwata inkanda iya buuta Bali mu cikwepe pa mumana,Bushe cilemoneka ifyo finshi nalimo aba baume batatu abakwata inkanda iya buuta abali pa mumana balecita?,cilemoneka ifyo aba bantu batatu abakwata inkanda iya buuta abali mu pa mumana baleabusha ifipe ukubomfya icikwepe ca pa mumana,Bushe uyu wine umumana apali aba baume batatu abakwata inkanda iya buuta ulemoneka Shani?,"Uyu umumana apali aba baume batatu abakwata inkanda iya buuta ulemoneka naupoosa,nawisula kabili Pali na matamba na mabimbi"
10664,Wishi no mwana umunono uwakwata inkanda iya buuta Bali pa tucinga twa mawilo ya yatatu,Bushe cilemoneka ifyo nikwisa uko uyu wishi no mwana umunono uwakwata inkanda iya buuta Bali pali iyi nshita?,Pali iyi nshita cilemoneka ifyo uyu wishi no mwana umunono uwakwata inkanda iya buuta Bali mu musebo wa manenekela ,bushe finshi uyu wishi no mwana umunono uwakwata inkanda iya buuta abali mu musebo wa manenekela balecita?,Pali iyi nshita cilemoneka ifyo aba bantu wishi no mwana umunono uwakwata inkanda iya buuta Bali pa musebo balecofa ama cinga
10665,"U
mwana umunono uwakwata inkanda iya buuta aleangala",Bushe uyu wine umwana umunono uuleangala alemoneka Shani?,uyu umwana umunono uuleangala alemoneka uwaina na matwi Aya kulu no mushishi uutali,Bushe fyakufwala fyamusango nshi ifyo uyu mwana umunono uwakwata inkanda iya buuta Afwele?,uyu umwana umunono uwakwata inkanda iya buuta uuleangala Afwele ka shikipa ka buuta na pacifuba iya fita
10666,Abaume abakwata inkanda iya buuta bane bali pa ncito.,Bushe cilemoneka ifyo finshi aba baume balecita pali iyi nshita?,Pali iyi nshita cilemoneka ifyo aba baume balebomba.balepima ifya ku Pima pima,Bushe aba bene baume balemoneka bafwele ifya kufwala ifya musango nshi?,umo pali bene Afwele ka shikipa ka fita elyo babili Pali bene bafwele amatoloshi na mashati ya makumbimakumbi
10667,Umwanakashi umufyashi na bana bakwe babili abakwata inkanda iya buuta Bali pali cakulingila ukufina,Bushe finshi ifyo uyu umufyashi umwanakashi uwakwata inkanda iya buuta na bana bakwe babili abanono balecita?,cilemoneka ifyo uyu umufyashi umwanakashi uwakwata inkanda iya buuta na bana bakwe babili abanono pali iyi nshita baleangala pa cakulingila ukufina,Bushe uyu umwanakashi umufyashi uwakwata inkanda iya buuta uuli na bana bakwe babili abanono baleangala alemoneka Shani?,Uyu umwanakashi umufyasha uwakwata inkanda iya buuta alemoneka umutali kabili uwaina.Nafwala ne toloshi na shikipa ifya makumbimakumbi
10668,Umwanakashi umusepela uwakwata inkanda iya buuta Ali mu cibansa icakwata amanenekela.,Bushe uyu mwanakashi umusepela uwakwata inkanda iya buuta alemoneka Shani?,Uyu umwanakashi umusepela uwakwata inkanda iya buuta alemoneka umutali no Mona uutali,Bushe pa ku shelemuka fyakufwala fyamusango nshi ifyo uyu mwanakashi uwakwata inkanda iya buuta Afwele?,"uyu umwanakashi nafwala icimpompo kutwe, elyo alifye na kaputula ka mukati kekakeka elyo nafwala na kashikipa kabutulukila"
10669,Abana abanakashi abanono babili abakwata inkanda iya buuta nabeminina shilili ,Bushe aba abana abakashana abanono babili abakwata inkanda iya buuta balemoneka Shani?,umo pali aba bana abanono babili abanono abakwata inkanda iya buuta alifye na makasa pa mbilibili umunankwe nafwala ama shilipa,bushe aba bene bana abanono babili abakwata inkanda iya buuta nikwisa kuntu Bali?,"cilemoneka kwati nalimo aba abana babili abanono abakwata inkanda iya buuta Bali mwi Bala lya pa ng'anda umo balima inkonde,amataba nafimbipo"
10670,Abantu abengi abalekanalekana ne mishinku isha pusanapusana balepita mu musebo wa manenekela,bushe aba bene bantu abaminshinku yalekanalekana ne nkanda Isha pusanapusana balemoneka Shani?,ubwingi bwabo balemoneka aba pamfiwa.Elyo nabafwala ne fyakufwala ifya pusanapusana,Bushe finshi ifili pali iyi ine incende apalesangwa abantu abapusana aba mishinku isha pusanapusana?,kumbali shonse Isha musebo kuli ifikulwa ifya ntunti ifitali kabili ifikulu.muli ne fimuti ifisuma mumbali elyo muli na malaiti
10671,Imbwa iikulu imo kabili iyaina Ili pa mpanga yekafye,Bushe iyi ncende apali imbwa iikulu imo kabili iyaina ilemoneka Shani?,"Iyi ncende naikwata icani icikulu,naipalamina no musebo elyo akatalamukila kuli ifimuti",Bushe iyi ine imbwa iikulu imo Iili mu cami pa mpanga ilemoneka Shani?,"Iyi Imbwa iikulu imo Iili mu cani mu mpanga ilemoneka iyaina,na masako Aya fita na pacifuba apa buuta nayasama no Kwasama"
10672,Umwanakashi umusepela uwakwata inkanda iya buuta naikata icisoselo,Bushe cilemoneka ukuti finshi nalimo uyu umwanakashi umusepela uwakwata inkanda iya buuta alecita?,cilemoneka ifyo nalimo pali iyi nshita uyu mwanakashi umusepela uwakwata iya buuta alepanga no kwimba inyimbo,Bushe uyu wine umwanakashi umusepela uwakwata inkanda iya buuta uuleimba inyimbo alemoneka Shani?,"uyu umwanakashi umusepela alemoneka uwaonda ,mutaliko na pa menso apa nono no mushishi uutali"
10673,Imisepela abaume nabakashi abakwata inkanda iya buuta ba sukulu likalamba,Bushe finshi nalimo ifilecitika Pali Ili sukulu likalamba apali aba baume nabanakashi imisepela abakwata inkanda iya buuta?,cilemoneka ifyo pali Ili isukulu lya pa mulu paliko ifyo abana besukulu baleilisha ku Bangalila,Bushe aba bene bantu abaume nabakashi abakwata inkanda iya Balemoneka Shani?,"umwanakashi umo nafwala amagalashi mu menso,na shikipa ya fita nashiketi ya kashika.abalumendo abengi bafwele amakaputula"
10674,Abaume ba sano abakwata inkanda iya buuta Bali mu cibansa ca bwangalo bwa kofu,Bushe aba bene baume ba sano abakwata inkanda iya buuta balemoneka Shani?,"Abali bane Pali aba bafwele amatoloshi na mashati ifya buuta,bane nabafwala no  tusote",Bushe iyi ncende ilipo aba baume basano abakwata inkanda iya buuta ilemoneka ilemoneka Shani?,"Iyi ncende ilipo aba baume basano ilemoneka isuma.bailimbamo no lunkoto,kuli ne fimuti mumbali"
10675,Abantu abaume nabakashi ku ne fitekwa fyabo na babundwa ne mfula,Bushe cilemoneka ifyo cinshi icilecita kuli iyi ncende ukuli aba baume nabanakashi?,"cilemoneka ifyo kuli iyi ncende ilipo aba baume nabanakashi abakwata inkanda iya buuta nakuloka imfula ya citalawe ,nababundwa",Bushe pali iyi ncende ilipo aba baume nabanakashi abakwata inkanda iya buuta palemoneka Shani Pali iyi nshita?,"Pali iyi nshita iyi ncende yonse Ili mu menshi naibila,amayanda nayebila,amabala na bantu nabemgililwa na menshi"
10676,Umwanakashi nakulu bantu uwakwata inkanda iya buuta Ali mumuputule uwakwipikilamo.,Bushe finshi uyu umwanakashi nakulu bantu uwakwata inkanda iya buuta alecita?,uyu umwanakashi nakulu bantu uwakwata inkanda iya buuta aleipika ifyakulya ,Bushe fintu nshi ifili mu muputule umuleipikila uyu umwanakashi uwakwata inkanda iya buuta?,"cilemoneka ifyo muli uyu umuputule umuli uyu umwanakashi nakulu bantu uwakwata inkanda iya buuta mulesangwa ifipe pamo nga  impoto,imbale,ama supuni,amabotolo ne citofu cakwipikilapo"
10677,Abantu abengi abaume nabakashi abakwata inkanda iya buuta ba mu cikulwa,bushe Pali iyi ncende apali aba baume nabanakashi abakwata inkanda iya buuta palemoneka Shani?,"Iyi ncende ilemoneka iya busaka sana,Pali ifikulwa ifikulu ifya ntunti kumbali shonse",Bushe aba bene baume nabanakashi abakwata inkanda iya buuta abali pali ifi fikulwa balemoneka Shani?,"Aba baume nabanakashi abakwata inkanda iya buuta abali Pali iyi ncende bonse balemoneka abapamfiwa,Bali mu mulongo balefumya nalimo impiya pa banki"
10678,Abaume bane abakwata inkanda iya buuta Bali mwi tuuka,Bushe Ili tuuka umuli aba baume bane abakwata inkanda iya buuta lya musango nshi?,"Ili tuuka umuli aba baume bane abakwata inkanda iya buuta lilemoka lituuka umo bashitishisha mu bwingi,nangula ukukungwisha ",Bushe uyu umwaume uwakwata inkanda iya buuta uulekunkulusha aka cinga kafipe muli Ili tuuka alemoneka?,Uyu umwaume shikulu bantu uwakwata inkanda iya buuta alemoneka uwaina elyo umwipi.Nafwala ne shati lya buuta nakasote
10679,Abaume batatu abakwata inkanda iya fita Bali mu cikulwa mu nshita ya bushiku,Bushe cilemoneka ifyo finshi nalimo aba baume batatu abakwata inkanda iya fita balecita?,Cilemoneka ifyo aba baume batatu abakwata inkanda iya fita Bali pancito balebomba,bushe aba bene baume batatu abakwata inkanda iya fita balemoneka Shani?,Aba baume batatu abakwata inkanda iya fita bonse balemoneka abaina kabili abepi.umo nafwala ne toloshi neshati ifye langi lya makumbimakumbi
10680,Umwana umunono uwakwata inkanda iya buuta naiminina Ali nabakalamba,bushe uyu wine umwana uwakwata inkanda iya buuta alemoneka Shani?,"uyu umwana umunono uwakwata inkanda iya buuta uuli na bakalamba alemoneka umwipi na fyakufwala ne nsapato, kaputula ne cisote ifye langi lya palana",bushe iyi ine incende iliko aba bantu abali noyu mwana abakwata inkanda iya buuta ilemoneka Shani?,iyi ncende ilipo aba bantu abakwata inkanda iya buuta ilemoneka iisuma kabili iya busaka.panshi balibikapo amanenekela.balibikapo no luncingi lwakulesha nokusuminisha ba motoka ukwingila
10681,Abaume babili no mwanakashi abakwata inkanda iya buuta nabanina Pa fitukutuku.,Bushe finshi aba baume babili no mwanakashi abakwata inkanda iya buuta balecita?,Aba baume babili no mwanakashi abakwata inkanda iya buuta Bali pa bulendo baleya.umo umwaume eupapile umwanakashi Pa citukutuku,Bushe aba bene baume babili no mwanakashi abakwata inkanda iya buuta abali pa bulendo balemoneka Shani?,Umo umwaume alifye eka pa citukutuku nafwala netoloshi lye langi lya makumbimakumbi ne cimpompo elyo abankwe bena tabakwete ifimpompo .
10682,Abanakashi batatu abakwata inkanda iya buuta Bali mumuputule wakuwashishamo nokucishilamo ifyakufwala uo beta ati londile,Bushe uyu mwanakashi uwakwata inkanda iya buuta uuli na ka chola alemoneka Shani?,Umwanakashi uwakwata inkanda iya buuta uuli na ka chola alemoneka umwipi no mushishi uutali nafwala na shiketi ne campepo ifya fita,Bushe finshi ifilesangwa muli Ici icikulwa umuli aba banakashi batatu?,muli Ici cikulwa umuli aba banakashi batatu abakwata inkanda iya buuta muli ba mashini bawasha ifya kufwala mwaba nabomika ifyakufwala.
10683,Umwanakashi umukashana aleenda mumusebo wa manenekela,Bushe uyu mwanakashi umusepela uuleenda mu musebo alemoneka Shani?,uyu umwanakashi umusepela uuleenda mu musebo alemoneka umutaliko panono kabili umu fishi.,Finshi Fili Pali Icifulo apali uyu umwanakashi umusepela uulemoneka umufishi?,Pali Ici cifulo ifikulwa ifya ntunti ishingi kabili ifikulu na bamotoka nabeminina
10684,Uwacaice umulumendo uufwele ishati lya buuta necampepo icafiita ne toloshi Ilya butuluka naiminina, Bushe ni kwisa uko uyu umulumendo uwamushishi uwipi uwa bulauni Ali munshita yakasuba?,Uyu umulumendo umunono Ali mu lubansa lwa ng'anda ulukwete amabula ayengi nganshi elyo ne cani,Bushe ni finshi ifyo uyu mulumendo uwankanda yabuuta aleciita muli ulu  ulubansa Pali iyi inshita?,Uyu umulumendo cipalile kwati alwamya muli ulu ulubansa ukubomfya icakuwamishako icibomba namalaiti
10685,Abantu abalekanalekana apali abaume na banakashi Bali ku ncende imo munshita yakasuba,Bushe iyi incende iyo aba abantu baliko ilemoneka Shani mumimonekele ya mu meenso?,"Iyi incende ilemoneka yabela ku musebo uukalamba elyo kuli na mashitolo ayo bashitishishamo elyo Pali na
pakutukusha.",Bushe ni finshi ifyo aba abantu baleciita kuli ic mi icifulo mu nshita yakasuba katande mono?,Abaume babili abali pacitukutuku Bali pamusebo elyo Bambi batatu abalemoneka akatalamukila pakakulwa akanono baletukusha
10686,Umwanakashi uwankanda iyafiita kabili uwamubili uwapakati aleenda,Bushe uku uko uyu umwanakashi uwamushinku wapakati aleendela kulemoneka Shani?,Umusebo umo uyu umwanakashi Ali ulemoneka uwalinga kabili wamanenekela elyo mumbali ya uyu umusebo muli ifikulwa,Bushe ni finshi ifyo uyu umwanakashi afwele kumubili ilyo aleenda uku kuli iyi incende?,Uyu umwanakashi afwele ishati Ilya buuta nakaputula wamutuntula ne citambala cakashika
10687,Umwanakashi uwankanda iyabuuta no mushishi uutali uwafiita aleenda,Bush ni finshi ifyo uyu umwanakashi afwele ilyo aleenda eka Pali iyi inshita iyakasuba?,uyu mwanakashi afwele ishati lyamaboko ayepi Ilya makumbimakumbi elyo netoloshi lya makumbimakumbi pamo ne nsapato,Bushe uku uko uyu umwanakashi aleenda kulemoneka ni ku ncende nshi?,Iyi incende iyo uyu mwanakashi aliko ilemoneka naikwata icikulwa icitali apapiita ameenshi pakati elyo ena aleenda mumbali
10688,Abaume bane abankanda iya fita abamishinku wapakati abaonda Bali ku cifulo cimo,Bushe ici icifulo ukuli aba abaume bane apali abafwele amashati babili nabafwelefye bakaputula Bali cilemoneka cifulo nshi?,Ici icifulo cilemoneka cifulo icikalamba kabili calikwata umucanga uwingi sana uwabuuta,Bushe ni fnshi ifyo aba abaume bane abali nabashofolo abatali baleciita kuli ici icifulo?,Aba abaume balebutuka umucanga no kuubiika munkolofwani iya makumbimakumbi cipalile kwati kuli uko baleutwala
10689,Uwacaice umukashana uwabuuta inkanda no mushishi uwipi Ali mu muputule umo eka,Bushe muputule nshi uyu uwacaice uufwele ishati lyamaboko ayatali kabili iyakashikila alimo?,Uyu umwana umukashana Ali mu muputule wakwipikilamo uwa mukati ka ng'anda.,Bushe ni finshi ifyo uyu mwanakashi uwacaice uwayemba aleciita muli uyu umuputule plsi iyi inshita?,Uyu umwana alemoneka aleansamina pakuti abuke ifipalile ifyakulya ifili pamuulu wetebulo
10690,Abaume babili apali umulumendo elyo no mukoloci baali mukamuputule kamo akanono,Bushe nifinshi ifyo aba baume babili bafwele ku mubili Pali iyi inshita,Umukoloci afwele ishati Ilya makumbimakumbi nakaputula wabutukula elyo umulumendo afwele ishati lya fitulukila nakaputula wa buuta,Bushe uyu umuputule balimo mu nshita yakasuba upalile ku muputule nshi?,Uyu umuputule unono upalile ku muputule umo bangalila imyendele ya ndeke
10691,Abanakashi babili abapusana imimonekele baali mu muputule umo pa nshita imo ine,Bushe uyu umuputule uo aba abanakashi babili balimo ulemoneka Shani mumimonekele?,Uyu umuputule ulemoneka uwafiita cipalile kwati nabwila lelo nabashako utumalaiti utunono utuli mu muulu,Bushe ni finshi aba abanakashi babili baleciita muli uyu umuputule uwafiita Pali iyi inshita?,Umwanakashi uwiminine pa cilolani alemoneka alelinga munindaminwe elyo uyu umbi uulemoneka kuli ulu lumbi ulubali alemoneka nakobtama alelolesha fimo
10692,Abaume babili abankanda iya buuta Bali ku ncende imo munshita yakasuba,Bushe ni finshi ifyo aba abaume babili baleciita kuli iyi incende iili mupepi na mayanda ya bantu?,Aba abaume cipalile kwati balebomba kuli iyi incende ukuli kwati kuntu bocelela bamotoka ne nshimbi,Bushe fyakufwala nshi aba abaume babili bafwele ilyo balebomba kuli iyi incende munshita iya kasuba?,Aba abaume babili bafwele amatoloshi yakubombelamo nefya mpepo ifya makumbimakumbi elyo ne fimpompo
10693,Imbwa iikalamba kabili Iyaonda iye langi ilyabutuluka ili ku ncende imo,Bushe incende ukuli iyi imbwa ilemoneka Shani mumimonekele ya mumenso?,Iyi incende ilemoneka yabela ukushikala abantu kabili yalicingililwa no kucingililwa ,Bushe ni finshi ifyo iyi imbwa iili yeka ilecita kuli iyi incende ukuli ne fimuti vekyo ne fyani?,iyi imbwa ileciluka pali ceni uwacela umutali uo babomfya pakucingila iyi impaanga
10694,Umwanakashi uwankanda yabuuta no mishishi wafiita Ali mu muputule umo eka munshita yakasuba,Bushe ni finshi uyu umwanakashi uwayemba kabili umwipi afwele uku uko Ali?,Uyu Umwanakashi afwele Ilya Ilya fiita umuli notumaluba ilipi elyo nakampepo akafiita me nsapato iitali,Bushe ni finshi ifyo uyu umwanakashi aleciita muli uyu umuputule uulemoneka uwabusaka uwapentwa ne langi lyabuuta?,Uyu Umwanakashi cipalile kwati Pali ifyo alekopa pantu nakwata icakukopelako icinono kabili icafiita
10695,Umwaume uwankanda uukwete umushishi uunono kabili uwipi ali mu muputule umo eka,Bushe ni finshi ifyo uyu umwaume uwa mushinku wapakati afwele kumubili uku uko ali?,uyu umwaume afwele ishati ilya buuta umuli notulenga utwingi utwabekabeka,Bushe ni finshi ifyo uyu umwaume aleciita muli uyu umuputule uulemoneka uunono?,Cilemoneka uyu umwaume alepikula icintu cimo ukubomfya bakotoni abapusapusana amalangi
10696,Imbwa iilemoneka iyamafufu ayabuuta na fiita ili mumeenshi ayengi,Bushe aya ameenshi ayo iyi imbwa ilimo yalemoneka yali muli cinshi?,Aya ameenshi yali mucakubikamo ameenshi icamakumbimakumbi icaoala icishiiba ca meenshi,Bushe ni finshi ifyo iyi imbwa ileciita muli aya ameenshi ayalemoneka ayengi?,Iyi imbwa ileangala mu cishiba na kamupila akalemoneka aka fiita akali ku kanwa kaiko.
10697,Umwaume uwankanda iyabuuta uufwele ishati ne toloshi ifya fiita ali mu musebo umo eka,Bushe uyu umusebo umo uyu umwaume ali eka munshita iyaksuba ulemoneka shani mu menso?,Uyu umusebo ulemoneka uukalamba elyo ulemoneka takupita sana abantu nelyo bamotoka elyo kuli na meenshi makasa ayengi,Bushe ni finshi ifyo uyu umwaume uwamushinku uwapakati aleciita muli uyu umusebo eka?,Uyu umwaume aleesha ukufumumya motoka yakwe iyakashika iingile mu meenshi makasa ayengi
10698,Abantu abalekanalekana apali abaume na banakashi abamishinku iyalekanalekana baali kucifulo munshita iyakasuba. ,Bushe fyakufwala fya musango nshi aba abantu abali kuli iyi incende pali iyi inshita?,Abanakashi batatu abali ne fintu ifyabuuta muminwe bafwele amashati ayabuuta elyo na matoloshi aya buuta abali kunuma yabo bena bafwele ifyapusanapusana,Bushe iyi incende uko aba abanakashi balecitila ifisela ifipalile kwati masha ya mumabuumba ilemoneka shani?,Iyi incende ilemoneka iyabusaka elyo bali ukulililako ne cipalile kwati cipaka iacfikopa elyo cilemoneka kwati abantu balesa uku mukukwata inshita iisuma
10699,Abantu abalekanalekana apali abaume na banakashi abamishinku iyalekanalekana baali kucifulo ,Bushe icifulo ukuli aba abantu abapusanapusa inkanda no mushinku cilemoneka shani mumimonekele?,Ici icifulo cilemoneka kwati ni ncende ukusangwa abantu abengi saana nganshi elyo kuli ne cikulwa icitali sana akatalamukila no kuli aba abantu,Bushe nifinshi ifilecitika apeminine uyu umwaume uulemoneka ne nkanda iyafiita uukwete icintu icalinga icilemoneka icafiita?,Abantu apali abacaice elyo nabakalamba balepoosha uyu umwaume uulemonoka uwafiita cipalile kwati pali ifyo acilaciita neci ici bombelo icafiita icili mu minwe yakwe.
10700,Ibumba lya baume abapusanapusana imishinku Lili kucifulo cimo munshita yakasuba,Bushe nifinshi ifyo ili ibumba lya aba abaume lifwele ku mubili?,Abaume abalemoneka abamushinku wapakati bafwele amashati no tutoloshi utwabuuta  elyo umwaume uulemoneka umukulu Sana afwele ishati lya makumbi makumbi elyo ne toloshi ilyafiita.,Bushe iyi incende ili ibumba liliko ipalile kuncende nshi elyo ni finshi ifyo lileciita kuli iyi incende munshita ya kasuba?,Ili ibumba Lili mucibansa cakuteyelamo umupila elyo cipalile kwati abaume abafwele ifimpompo ebelesambilia ukuteya elyo umwaume uufwele akasote eulebalanga  ifya kuteya umupila