IMAGE #,SPEAKER 1,SPEAKER 2,SPEAKER 1,SPEAKER 2,SPEAKER 1
11951,umulumendo naikata utuntu tutatu kuminwe aletuposa mumulu aletwangasha ,"kunuma ya uyu mulumendo kulemoneka ibumba lyabantu,cilemoneka kwati pali ifintu ifilecitika ku ncende iyi.",ee wasosa kuli naba abemininine batatu baleshimika ilyashi ninshi kuti lwaba lupwa beshile pamo mukutamba amangalo,"ee boi cishinka icho,nomba umulumendo ifintu afwele,ilaya kwati mu tundu waba lozi abikapo nensokoshi ishitali.","alemoneka eshile mukusekesha abantu pantu ifi ififwele umulumendo filesekesha , elo cilemoneka kwati nipanganda bali"
11952,Abantu bali kuncende iilemoneka iyatalala saana  baleangala nabakwata ne nkonto,"cine cine incende ii intu yatalala nganshi,pantu ifimuti nafyena nafibuta na tutu umulandu wa kutalala kwine.",ee nomba ngalilya isumbu bakobeke lilemoneka palya ninshi kuti caba kweba ati kuliko namangalo?,"cilemoneka kwati ificitika kuncende ii efingi,ndemona isumbu balibomfya ukuteyelapo umupila wakuminwe.",kuti caba nifyo pantu nimbona na shikulu bantu kwati ali mukukwela kucimuti ukubomfya umutanto
11953,Abantu bali ku cisankano namayo umo na shitata balelolesha pa filubi fileshitisha namayo umo mucsankano,uyu namayo na shitata balelolesha ifilubi kwati balefwaya ukushitapo fimo.,"kuti caba nifyo, ngoyu namayo mwilaya lyakatapa katapa alemoneka pali eko alebutkila, kwati nacelwa eko aleya","ee kaili nimuchisankano,abantu bafwayamo ifintu ifyapusanapusana,cipalile kwati pancende ii tapali efyo alefwayapo.",cine cine ndemona necikulwa icilemoneka kwati tacilapwa bacili balecikula 
11954,"umwaice ali kumbali yacimana aleangala, lubali lwakwe kuli na kamupando ne nkomaki iikobekwe ku kashimbi","mumbali yafimana ifikulu mulaba saana umucanga,bushe kuti caba nimulandu wamaka amenshi aya yesa nayo?","ee nifyo, ngayalya ama kapa yali munshi yaka mupando yalemoneka teyakamwaice ninshi emukuti kali nabamo abakalamba?","ee efyocilemoneka,kabili walishibafye kuncende shaifi takuya abaice beka,cifwaika pali umukulu uulebamona.",kuti caba nifyo nomupando wine uyu taulemoneka wabaice ulemonek ngapekala abakalamba 
11955,"ibumba lyabantu lileponena pa menshi, chilepala kwati kuli ukucimfyanya ukowa","niffyofine walanda,cilemoneka kuli ukucimfyanya pantu efyobalesabausha amenshi,cipalile bonse balefwaisha ukucimfya ubu bwangalo.",uyu umulumendo ena munshita yakuti aipose pa menshi atala ayenda  alisalapuka cilemoneka kwati alefwaisha ukucimfya,ee elo cipalile kwati eulasabausha namenshi saana ukucila abanankwe.,Kuli naba abalebwekela ukulefuma uyu umulendo cilepala kwati amangalo aya yakupeleshanya
11956,"abalumendo batatu balemoneka kwati balekopwa icikope, nomba balemoneka pa finso abafulwa",incende beminineko aba abalumendo ilemoneka kwati lisukulu lyamasambililo yakalamba.,"ee cilepala kwati basambilila pamo, uyu umulumendo pakati nakobeka nakacola panuma alemoneka aliposako amano kumasambililo",ukuposa amano kumasambililo caliba icikankala saana pantu ififumamo fyaliwama elyo fingi saana.,"cishinka ico boi,amasambililo yaliba ayakankala saana,pantu yalatufunda ifintu ifingi saana."
11957,"cilemoneka kwati motoka naijomba elo abalumendo babili baleesha ukuijombola, elyo kuli namotoka iiledonsa motoka ine iyi iijombele",ifimbayambaya fine ifi filemoneka kwati nifilya ifyenda mumpili pantu incende cijombelepo ilemoneka iya mabwe mabwe.,"ishi imyotoka shalikosa, kuti waipusha neko baleya wati nikwi pantu balemoneka bali pakati kanshila",kwena pakuti ifume muntu ijombele paleba incito saana pantu incito ilemoneka iyakosa saana. ,"aba abantu balicenjela saana,ndesubila ama pange bakwete yalabomba ubusaka saana."
11958,utwaice tuleangala pacikulwa if icilemoneka kwati nipalya ba mwenye bapepela tu leasa twabo.,"utwaice twine utu natusansamuka ilyo tuleyangala,ifwile incende ii yaliba iyamushilo saana kuli aba bantu.",ee ingotu utubaice utulelolesha kuno kuti caba ukuti tuli nabantu? nangula abakalamba batuko,"efyocilemoneka,nomba iine incende ilemonekafye iyatinya tinya,ifintu balengele pali icicine abaice bakwelelepo filepala insoka.","ifintu bapepa aba bantu efyo fimonekafye fyonse,emulandu bafitila ati ifilubi."
11959,"Shitata aleangala na bana bakwe kucende ya snow, nabika abana bakwe pali cimo ifi elo alebadonsa",incende iyi kulemoneka kwati kulapita saana abantu pantu nimbona ibumba lyabantu ilileya pantanshi.,Bafwile bafuma kumo pantu nimbona amayanda kuntanshi cipalile kwati eko baleya,"cimoneka kwati incende shapala ifi abantu balishitemwa saana,pantu ilingiline kulaba cinkupiti wabantu.","ee boi cishinka, maka maka abaice pantu bena balomfwa bwino ukwangala muli snow baleshelela."
11960,shitata naiminina pa musebo chilepala kwati balebombela pamusebo elo ena alelangilila bwino bwino banamutekenya pamusebo,"incito ine ii shitata alecita ilamoneka iyakosa saana, ukulangilila abantu tecintu icayanguka iyo.",ee boi ilaba iyakosa saana nomba tapali efyo wingacita pantu ninshi nawishiba epo wiminine.,"cimotoka cine cilemoneka kwati cilekoba intambo shamalaiti,bushe kuti caba ati malaiti yaputwike?",ee efyo cilemoneka nangula tapali nangu umo uukweleleko uwakulungisha.
11961,umulumendo aleangala pa citukutuku alemoneka alinashapo ukwangala naimya newilo lyakuntashi,inshila alepitamo ilemoneka kwati nimumpanga saana pantu mumbali mulifye ifyani fyeka fyeka.,abalumendo bene aba efyo benshapo ifi fintu kwati tabatina nokupona.,"ukutina boi teti pabe kaili balabelela,balishiba ifyakucita nefishili fyakucita,eico balafumyako namano kuli fyomse ifyo.","fwebamwenso kanshi kulatambilafye apatali,pantu kuti twapunda ngomwana batana ubwali."
11962,bashi tata babili nabeminina balelanshanya.,ukulanshanya kwayaba bantu kulemoneka kwati kwapa fyakwa lesa.,ee boi kumwenafye kukapampa akaleti bushe wasalapo ukuya kuli lesa nangula kuli satana?,"ee boi,elyo cipalile kwati umulumendo kukuso euleshimikila bashi tata aba icebo cakwa lesa.","cishinka icho boi,icilelanga ukutina kumashiwinyakwa lesa takwaba umwaice nomukalamba,uulifye onse kuti ashimikila."
11963,umulumendo naiminina pamulu wacikulwa alelolesha napa cisolobelo cakukopelako,icicine icikulwa emininepo cilemoneka cakulwa mumpanga pantu ngawalolesha panshi palifye ifimuti fyeka fyeka.,"ee boi walungika elo kumbali yakwe kuli fi machine,filemlneka kwati nifilya fi machine ifishunguluka.","ee boi cishinka,cilepala kwati uyu mulumendo efyo aciya mukukopa fi machine ififine.","ee boi,limbi enciyo aingila,bacimutuma abalamba bakwe abancito ukuyakopa ifi fi machine."
11964,shitata umo na namayo umo nabeminina panse yacikulwa balebelenga ba newspaper. ,cilemoneka aba bantu bakale saana pantu muli shino nshiku calishupa umuntu ukusangwa nefi fipepala.,"ee boi walungika,abantu bashino nshiku balibelela ukusangwa pama lamya epo balemona amalyashi yonse ayalecitika muno calo.","bushe ababene babili boi kuti baba batemwikwa nangula iyo,nabapalamana saana mumiminine yabo.","ee boi efyocilemoneka,pantu abashili batemwikwa teti beminine kuncende iyaba nga ii babilifye."
11965,"abalumendo babili baledonsana,elo nabambi babili nabekala baletamba uko abanabo baledonsana.",elyo incende baledonsaninamo ilemoneka kwati nincende eyo babombelamo aba bantu.,"ee walungika,muncito namo mwafula ifyakucitika,cilepala pali uwacilanda fimo ifishacisekesha umunankwe.","nomba abalumendo babili abekele baletamba teti balamwineko nabanabo,balatambafye.","ala boi abantu tabomfwa,limo ulibuli lulomfwikafye bwino ukutamba ngefifine,cibipa nganiwe ulelwa."
11966,"banakulu nabekala pamupando balebelenga na icitabo,pambali yabo nabasha na ilampi.",nomba boi banakulu bene aba bekelefye beka ninshi tabwakwata abana nangu abeshikulu abakwishako nabena?,"bafwilefye balikwata boi,nomba inshita ilesafye mukufika eyo nakulu esa mukushala eka abana bonse ngabakulu baikwatila amayanda.",mu ng'anda mwine umu boi mulemonekafye umwa talalila ine teti nkwanishe ukwikalamo.,"imwe mwalitemwa ukuli icongo kaili muli balumendo,nomba balya nibanakulu bafwaya incende ishatalalila."
11967,"umuntu umo nafwala nefyakufwala ifyatikama nganshi,aleingila mukayanda akapwangwa na na iloba.","bushe kuti aya mukucita inshi kuncende ya musango uyu,","alemoneka kwati nibalya abantu abaya kumweshi,pantu mulya aleingila namubuta kwati muli bamashini.","awe kwena abantu balisalapuka ,nani wingatontonkanya ati umuntu kuti afikapo nakumweshi ukushailepela.","abantu boi inonshita tabafwaya ukushalila,icintu conse eco bamona bafwaya bacelenganya baishiba nefyocibomba."
11968,umulumendo nomushishi uwakashika nafukama alepenta kucibumba.,nomba umulumendo wine uyu alemoneka kwati aleshilaulafye kucibumba.,"abalumendo balyafya,kuti wasanga ati alelembafye ishina lyakwe kucibumba.",kuti caba cishinka pantu abalumendo bainonshita abakwata umushishi uwapala uyu abengi tabomfwa.,"kuti wafilwa nakwishiba ifilepita mumutwe wamuntu,pafintu fyonse wasalapofye ukulamfya icibumba mukulembako ifishishibikwe."
11969,imbwa shibili ishafita shili pa cani shilebutuka.,bushe kuti caba ati ishi imbwa shacilalwa elyo iili pantashi baicimfya elo yabutuka?,"efyo cikemoneka,pantu iilikunuma ilemoneka ulefwaya ukwikata iili pantanshi.","imbwa ine pantanshi ilesekesha,naifulwa kwati baleipatikishafye ukubutuka.","wansekesha saana,nayo iilipanuma tailenaka ukupepeka,ndemona mumutima iletifye paka imwekate."
11970,"umukashana  ali mu cikulwa aleshitisha ubwalwa,kunuma yakwe kuli na flag iyaku holand.",umwanakashana wine uyu alemoneka kwati pali ablemulandisha elo alekutikisha.,"ee boi incende shamusango uyu tashipwamo abantu,kuti washitisha uyu,taulati upwishe naumbi afika. ",awe kanshi incito shamusango uyu shifwaikafye umuntu uwakosa nganshi pantu kuti waonda washalafye imisakalala.,"ee bou,nomba tapali efyo twingalangalanda kaili abene balibelela elyo emo balisisha abanan babo."
11971,umulumendo nanyanta pacela icho aleputula ukubomfya machine.,"kuncende iine kuli ifyela ifingi nganshi,ukubikilapofye nefyela filya babika mumbali ya fiibi mumayanda.",ee boi cipalile kwati uyu muntu alipanga ifintu ifingi ukubkmfya ifyela.,"boi abapanga ifi fintu balicenjela elo ndabkmfwa bwino,pantu tabeba lelo babomfya amano yabo mukufwaya indalama.",ee boi walungika caliba icikankala ukubomfya italanta lyobe ukupanga indalama ukucila ukwiba.
11972,ibumba lyabantu nalilongana elyo abalumendo abali bane nabakwela pamulu nabafula namalaya.,"abantu abali kuncende iyi balemoneka ukusansamuka,bushe kuti caba ati pali ifyo balesefya?",ee bou efyocilepala pantu abalumendo abafulile amalaya pamulu balemoneka kwati balile kumo elo babwela.,nomba flag ilya bekete kuti caba ati uko kwine baile kwali ifyakucimfyanya?,"ee kwena efyo cilepala we,pantu munshita sha ku wina emo icalo cisa pamo ngefi mukusefya. "
11973,"ibumba lyabantu abalecita ifyapusana,bambi balebelenga elo bambi baleenda bambi baleshimikafye.",incende ine ii boi kulemoneka ati kulaya saana abantu abapusana pusana.,ee boi elo kulemoneka ati ninikusukulu yamasambililo ayakalamba.,ee boi kuti caba cishinka pantu kumasukulu yama sambililo ayakalamba eko abantu bacita cilamuntu efyoalelanda.,abantu bonse kuli ii ncende balemonekafye nabakwata efyo balecita bonse.
11974,"banamayo bali nakamwana nabekala baleumfwisha uluse mucikulwa,elyo kuli nakakashana akeminine kunuma.",boi aba bantu balemoneka kwati balefwaika ubwafwilisho pantu mucikulwa bali mulemoneka kwati tamwikala abantu.,awe kwena kuti wapapa ubucushi fwe ba flika tupitamo ukucilishapo banamayo nabana.,"icalo calikosa boi,ndemona nico twalicelelwe saana pakukwata ubuntungwa. ","ee boi cishinka,pantu apa cipala kwati elo tulesambilila ukulaikalila nomba,pantu tulu abantungwa."
11975,ibumba lyabantu nalilongana kuncende imo lilesansamuka.,ukukwine kuncende kulemoneka kwati kulifye abakalamba beka beka.,"ee boi,elyo cilemoneka kwati cila mwaume ali nomwina mwakwe.",cilepala kwati pali ifyo aba bantu balelolela ati ficitike.,"ee boi,but aba bantu balakwatakofye nilenshiku shimo isho bakolongana mukwangalakofye ngefifine."
11976,ibumba lyabantu ikumi nabatatu bali kumumana balewasha nokusamba.,pali ililine ibumba lyabantu palifye abakulu abali bane abashala bonse baice.,ee boi ilingiline abasangwa kuncende shapala ifi baba bakashana nabaice.,"abaice ukutemwa ukwangala,nimbona natufilwa nokwikala panshi tulebutaukafye.",akakene akamana baliko kalemoneka kabela kumpanga pantu kulemoneka ukwafyani namabwe saana.
11977,"shitata umo naponena mutulo palukungu,alemoneka kwati takwete ulukasa lumo.","boi shikulubantu uyu alemoneka mulwele saana,pantu amolu yonse yalemoneka ayalemana.","ee boi,limbinecilengele alale napalya,takwete ukwakuya alefwaya abakumwafwilisha.","boi angumfwisha uluse uyu shitata,kuti wapapa icilenga fwebantu ukupita muma cushi ayakakata ngefi.","ala teti twishibe boi,kufishilafye kuli lesa umwine."
11978,imbwa yampanga ili pa menshi nailolesha nakuntanshi.,"kuncende imbwa ili kulemoneka kwati nikucoswebebe,elyo kunuma kulemoneka icilibwe icikulu kwati cilupili.","boi imbwa shamumpanga shilatinya saana,naumona ifyo ilelolesha?","ee boi imbwa ishi shalikakata,ilelolesha kwati naimonapo cimo kuntanshi ico ilefwaya ukupepeka. ","ngawakumanya ii imbwa mumpanga ufwile wapepela nalimo kuli lesa ukuti akupokelele umutende,pantu kuti yakukokota saana."
11979,"umulumendo napona panshi nailekelesha nokuilekelesha,elyo pali ulu kasa ulu munyantile kukuboko.",bushe kuti caba ati uyu muntu nabamutusula kuli uyu uumunyantile kukuboko?,"ee boi efyo cilemoneka pantu uyu muntu amaka nayapwa,nokulolesha makafye yakwa lesa.","ala ulubuli lwalyafya,kuti waituntumba pakwamba nomba pakulekelesha wasebana ngefifine.","cishinka ico boi,kanshi caliwama ngamwapusana mwabomfyafye amashiwi yenu ukulanshanya."
11980,umulumendo naiminina panse aletininka na lamya yakwe.,elyo boi cilemoneka kwati pali umuntu uuli mukati uuletamba umulumendo uyu.,"ee boi,bushe kuti caba ati uyu mulumendo pali epo alelolela palya eminine?",efyocilepala pantu teti wimininefye mumbaliyamusebo ukwabula efyo ulelolela.,kuti wasanga uyuwine uulimukati uu lemutamba emuntu eshile mukumona 
11981,"abantu bali mucikulwa cabwalwa, shikulu bantu umo ekelefye eka elyo abakashana babili baleshimika.",bushe kuti caba ati shikulu bantu alefwayafye ukwikala tondolo nangula takwetefye abakulanda nabena?,"bou mufikulwa fyabwalwa musangwa abantu abapusana,nefyo bakonka filapusana.",bushe ulelanda ati shikulu bantu limbi acisa mukukwatako inshita yakwe eka ukwabula ukumupanga icongo?,"kuti caba nifyofine boi,pantu mucikulwa cabwalwa temo wingekala tondolo ngefi,kanofye ngataulefwaya."
11982,"Umulumendo nomukashana,umulumendo nasunsumana kuli motoka elyo umukashana alemulolesha.","umukashana ali kwati aleseka umulumendo,ninshi umulemendo alecita ifintu ifishilingile?",umukashana nao boi natomboka mumulu ndemona ecilengele alesa nokuseka.,"aba bantu balemoneka kwati balefuma kumasambililo,kuti caba ati basansamuka pantu nabacita bwino mumashindano yabo?",kuti caba nifyofine boi pantu aba bantu insansa shilemoneka ukufula saana.
11983,"banamayo babili nabekala pamupando,bamo nabalwelela namolu pa mupando.","pamupando aba banamayo bekele nipamusebo,kuti caba ati balelolela saca yakubasenda?","ee boi efyo cilepala,cipalile kwati tabeshibene nokwishibana,pantu tapali uulelolesha umunankwe.","cishinka ico boi,nomba balingile balelanda pantu muncende sha ifi emo tukumanya abantu abapusanapusana.",elyo abantu tukamanya muncende ishi boi balaba abakutwafwa mumafya epo tatuleenekela nokwenekela.
11984,"ibumba lyabantu nalikwela pama horse,elyo umo umulumendo apona ukufuma pamulu ye horse,i horse nalyena lyaponena lubali.","eco amangalo aya yatinisha boi,yalomfwika bwino ifibi ngatafilecitika,lelo ngafyavitike ukuicena ekufumamo.","boi naumona balya abali kumbali ya kukulyo,cilemoneka kwati i horse lilefwaya ukubaponena.","ee boi,abantu aba tabakwata namwenso,pantu ngalyamu ponena ninshi emfwa yakwe.","elyo nomba abantu mumbali baletamba kwati katwishi eco bamona,kwati pakulayangala ubu bwangalo tabaishiba efifumamo."
11985,umulumendo nasunsumana kumbali yakwe kuli nefisolobelo fyakukulilako amayanda.,boi uyu muntu alemoneka kwati nikanyekanye wamilimo shamakule.,ee boi kumwenafye kuncende aliko na ifyakufwala afwele.,"nasekelela saana umulumendo wine uyu,kwati bamweba ati balundilako indalama shakufola.","wansekesha saana boi,teti twishibe limbi kuti caba nifyofine,lelo ifyumfwisha bwino umuntu fyalifula."
11986,"umwanakashi naikala panshi nalema namakunda,alesekelela nokusekelela.",nomba ukuboko kukulyo kwakwe bushe kuti caba ati ali nabanankwe?,"ee boi,limbi ecilengele nokusekelela kwaifi limbi nabamweba ifilesekesha kubanankwe.","abakashana balitemwa ukwe babili babili,balitemwa ukulanda saana ilyashi.",awe kanshi ilyashi baleshimika naliwana pantu umukashana uyu naseka saana.
11987,akamwana akalumendo kali mulya bensesha abana nakalala.,awe nakalala akamwana kafwile ifyo kalelota nafiwama nganshi.,"mwati kubwaice kwaliba nokulota boi,kafwile nakanakafye ukukashungulusha.","boi ukulota ekokwaba,tawalemona akale ngatwalota tuleyangala tulesunda elo twalesunda napabulo?","wansekesha saana,cishinka icho walanda,ifiloto tafyakwata myaka."
11988,"umulumendo aleyangala pamenshi,naikata nakucintu cimo icilemudonsa.","aba bantu umwenso wena tabakwata,bushe ngacaliputwike kuti bacita shani?","bafwile balibelela boi,ena takwetepo nomwenso nga uyo ukwete.","elo nasabausha amenshi,kunuma yakwe kuli nobwato ubulemukonkamo.","ee boi,elo apa ali palemoneka kwati nipakati kamumana,kanshi ngayaputuka intambo ekete abali mibwato ebakwisa mwafwako ukufuma pamenshi."
11989,"umulumendo aleyangala alekunkuka pacishimbi,kunuma yakwe kulu namayanda ayakalamba elyo nomulumendo mufyafita uulepita.",umulumendo alemoneka kwati naumfwa bwino ukushelemo pacishimbi.,"ee boi naumfwa bwino,nomba cibipa nga apona,shonse insansa shilala pabafye ukulila nobulanda.","umwine naishiba efyo alecita boi,afwile kale atampa ukucita ifi,alemoneka ati naicetekela umwine nefyo alecita.","ee boi chishinka,nomba caliba icikankala ukucingilila ukucila ukuposha. "
11990,"kapokola umo naiminina nalolesha namumbali,kunuma yakwe kuli na ibumba lyabantu ilileyenda.",pebumba lyabantu kunuma yakwe pali bakapokola banankwe elyo nabantu bambifye abalepita.,"icikulwa bemininepo cilemoneka kwati cikulwa cabuteko,bushe kuti caba cabakapokola?",efyocilemoneka boi pantu bakapokola nabafulapo pa ncende apa.,"nangula limbi kuti caba ati pali ifyo balelonda ifyabuteko,walishibafye bakapokola incito shalifulisha."
11991,"umulumendo alekweleka ulupili eka,ulupili alekwelako lwalifimbika na snow. ","abantu tabakwata mwenso,kuti wasalapofye ukukwela ulupila ulwatalala ifi pampili shonse?","aba bantu kwati balafunda ifyakukwela impili shamusango uyu,naumona ati nasenda notusolobelo twakukwelelako.","ee boi balaya abaipekanya,nombonafye nefyakufwala afwele ukutikama,alishiba impepo yaba na snow.",ifyapala ifwe tekwakuya pantu ngacalidilike ifyakucita teti wishibe nangu panono.
11992,"umwaume aleipika nasekelela nokusekelela,nafwala nefyakwipikilamo ifyabuta.","ifyakulya aleipika nafifulisha,filemoneka kwati aleipika ifyabengi saana.","ee boi,elyo ifyo alesekelela afwile aleipika ifiyawama saana,pantu ukuseka kulya takuibelelefye.","necipoto nacikulisha,limbi eco nomwanakashi teti akwanishe ukwipika.","ee boi abanakashi baseka ukwipika utwakulya utunono,balafilwa ukukwanisha ifingi."
11993,"ibumba lyabakashana nalikala panshi,lyonseibimba lilelolesha kumokwine.",ililine ibumbi lilemoneka kwati paciba ifyo lyacilateya nomba liletusha.,"ee boi efyocilemoneka,nimbona nalimbi ibumba kumpela kulya,bafwile bacilamfyanya.",ninshi inonshita amangalo ayengi yakucimfyanyafye?pantu fyonse ifilecita abantu ninshi balefwaya bamo bawine.,"efyocaba icaalo inonshita boi,abantu mukucimfyanya emo bapangila indalama,kaili ukucimfyanya kwaliwama ukutamba."
11994,"umulumendo ali panse nalala pamupando,tafulile nensapato shakwe.","alemoneka nanaka saana umulumendo uyu,kuti caba ati aciya kumo nomba cilya abwela namaka hakwingila mu ng'anda takwete?","ee boi alemoneka nakomoka saana umulumendo uyu,cifwile eko aciya kwaciba ifyo aciya mukucita ifikulu saana.","nangula limbi aletushafye naikutisha,abalumendo bainonshita balalya saana inshima.","wansekesha saana,inshima teinga lenga umuntu asalale ifi boi,afwilefye nanaka icipesha amano."
11995,"utulumendo natutantama natwikata na inongo kuminwe,natufwala namalaya ayakashika.",aba balumendo balemoneka kwati babakusisha pamo nokibafunda amano yamoyene.,"ee boi pantu balemonekafye cimocine,kwati balibakomena kuncende imo eko babakansha.",elyo abaice balemoneka kwati balabasambilisha nokuposa inkonya saana.,"ee boi,nomba abaice baifi tabakwata ulubuli kamofye ngawababala lyena bala bwesha,pantu babafunda ifyakuipokololako mulubuli."
11996,imbwa iyabutuluka nayasumuna kukanwa naishibata nokushibata.,bushe icingalenga imbwa ukwasama ifi nicinshi?pantu cacilamo mwe.,"limbi ninsala teti wishibe,imbwa shilafwaya utwakulyalyalya munshita iinonoo.",kanshi ngayalikumwene uleiba mulubansa yawaiteka kuti yakulya umubishi imbwa ii.,boi imbwa yaifi ngawaimonafye ufwilefye watampako nolubilo ngalitemwa ubumi bobe.
11997,"shitata umo naikala mucipuna aponena namutulo,nafula na insapato.","alemoneka nanaka saana,afwile tacishiba nenshita alele aciisangafye mutulo.","ee boi,bashitata balanaka saana ulu ulwakwenda enda,kanshi ngabashukila apakuti baikala kulaumfwakofye iminkonono.",awe cine bashitata balanaka pantu ukulala uku kulelondolola fyonse.,"ee boi ecaalo efyo caba,kubombesha pantu ngataubombeshe kulala nensala."
11998,"Abalumendo batatu bali mucibansa baleteya umupila,kunuma yabo kuli naka yanda na motoka iileyenda.",icicine icibansa baleteelamo umupila cilemoneka kwati cibansa capa ng'anda fye.,"ee boi walungika,elyo pa ng'anda palemoneka kwati paliba ifimuti ifingi saana boi. ","ee boi bafwile ii nganda baikukile kumpanga saana,ukwakweba ati kuliko tondolo. ","ee bou,abantu bambi nififine tabatemwa ukwikala kuncende ukuli abantu abengi saana,bafwayafye bali beka."
11999,"Abantu bane,umukashana umo nabalumendo batatu nabekala pama computer yabo cilamuntu.","incende baliko ilemoneka kwati nikuncito bali,bushe efyo cili boi?","efyo cilemoneka boi,cilemoneka kwati bonse nababapela incito yakucita.","nomba umukashana ena alelolesha pali computer yamunankwe,nao umunankwe taposeleko namano nalolesha nakumbi.","ee bo limbi pali efyo alefwaya ukumuna,nomba uyu nankwe umulumendo kukulyo alifye nefintu fyakwe eka."
12000,akamwana nakashintilisha pacipuna kalesukusa namukanwa nomuswaki wakako.,nomba akamwana ifyo kalelolesha kwati nakalimo pali uwakeba fimo ifyakapapusha saana.,"ee boi,limbi kaletamba icitunshitunshi pantu nomba kamona ifyakasenda amano yonse.",limbi nitukadoli pantu abana balitumwa ukutamba utuntu tumbi tumbi.,"wansekesha saana,ee boi kuli iwe kuti twaba tumbi tumbi but kuli bena efyo bamona ukuwama filya fine."
12001,shikulu bantu umo alebilikisha amashiwi kubantu.,bushe kuti yaba mashiwi nshi alebilikisha uyu shikulu bantu?,abantu abatemwa ukubilikisha bantu abaibimba mufikansa fyacaalo nangula abantu baku ma church.,"ee boi walungika,uyu shikulu bantu alemoneka kwati wamufikansa fyacaalo nabifya napamenso pakulanda.","kunuma yakwe kuli naumbi shikulu bantu,chipalile kwati talifye eka,ali nabanankwe abamushindike."
12002,namayo umo nashitata umo bali mwishitima nabaponena namutulo.,aba bantu babili balimoneka kwati bakashi nabalume boi.,"ee efyocilemoneka,balemoneka kwati bali palwendo nomba uko baleya nakulepa nganshi,banaka baponena mutulo.",elo boi ishitima lyena lilanasha icakweba ati watampa nokwipusha icacikweba ati kwela ishitima line ili.,"nomba ababene bantu nabalalisha,tabaletinako nokubebila ifipe pantu nalyumfwa ati pama shitima palasangwa bakabolala."
12003,Abakashana batatu baleenda balepita pancende apali abantu abengi saana.,apapene pancende palemoneka kwati palapitana saana abantu abengi.,ee boi pantu nimbona pali abantu abali mutubungwe baleshimika amalyashi umo beshibanine.,"nomba boi ababene bakashana balepita,kuti baba fibusafye nangula lupwa lumo?",balemoneka kwati fibusafye boi pantu imishinku shili ishalingana.
12004,Abakashana babili nomulumendo umo bali mwituka baleshita ifuntu ifyakubombomfya ku ng'anda.,boi aba bantu balemoneka kwati pali umwana nabafyashi.,"ee efyocilemoneka,aba abanakashi abakali kukulyo balemoneka kwati ebanina bauyu mukashana kukuso elo abaume bawishi.",Nomba banina bene ifyo baleloleshapo kwati nabamonamo umulandu mumwana wabo.,"boi walishiba abafyashi efyobaba pabana babo abakashana,limbi balemulolesha ukumona nga alecita ifilungeme."
12005,umulumendo uwaluka imishishi ali mwibumba lyabantu naipompa.,umulendo wine uyu naipompa kwati alefwaya ukutinya abamupaleme ati alaboma.,kuncende bali kulemoneka kwati kuli ukusansamuka saana ndesubila teti kubuka ifyalubulu.,"iwe boi tawaishiba ati insansa shinya ubulanda,pantu ukuli abantu abansansa ekufuma nolubuli ulwine lwine.","cishinka icho walanda boi,kanshi umulemundo uyu takwete abakumutinya pantu alemona uwaishiba ukuposa inkonya ubusaka saana."
12006,umulumendo naikata kuli parachute ilemudonsa aleya aleshelela pa mucanga.,ififine ifima parachute fyalikwata amaka ayengi saana ayakudonsa umuntu umusango uyu?,"ee boi,saana saana ngakuli umwela uwingi saana elo fikwatisha amaka.",fyalenga naibukisha nobwangalo bwakubwaice ubwakupupusha ba kyte.,"wansekesha saana,kukale kwena twaleyangala ubusaka saana kuti wafwaya nokubwekela kunuma."
12007,Abalumendo babili baleangala ubwangalo bwakuposeshanya inkonya.,boi uyu mulumendo uufwele ifyakashika alemoneka nalibula umunankwe takwete napakupemena,"awe kwena nabamuma,ikofi limumine kwitobo lyasesha nakawa kakwe kaisuka.","aba bantu bafwile balikosa saana imitwe,pantu ukukalipa kwe kofi kwalicilamo nomba bena pakuti fye bapone ninshi makofi ayengi saana eyo bamumine.","balakansha saana boi aba bantu,ecilenge ngabashangalala baloleshafye pakuwisha umunankwe untu balelwa nankwe."
12008,"akamukashana kali muchibansa nakatomboka, kunuma yakako kuli nabantu abali mumabumba nabekala. ",kucibansa uku kulemoneka kwati kwalatampa ukucitika amangalo.,"ee boi efyocilemoneka,abantu mumabumba bali kwati baleshimika ifyo balayangala pali ubu ubushiku.","kunuma kwine kuli ifikulwa ifilemoneka ifikulu,cipalile kwati ici cibansa caba apepi ne towni.",walungika boi ecilengele nabantu abengi saana ukukwanisha ukusangwako kuli ubu bushiku bapekenye abene.
12009,imbwa iyafita ilefuma mucipepala ilebutuka.,"imbwa ine iyi ilemoneka iikali sana,nomba ili iyaicefya pantu kuncende ili baisendele mukwangala.","ee cishinka ico boi,nomba ifyo ilelolesha kwati naimona apali umwine waiko epo ilefwaya ukubutukila.","imbwa shainonshita balashifunda ukumfwa amashiwi balesheba kubashiteka,ndemona baleita.",awe naibutuka nayasamuna nakukanwa kwati ninsala yumfwila kanshi tata mumano yaiko mulifye fimbi.
12010,"banamayo babili bali nembwa shabo mumpanga,imbwa imo naikala panshi imo naiminina.",imbwa iminine ifyo ileloleshapo iikele kwati ilefwaya ukuyuma.,"naumona naiwe boi kanshi,elo ninshi iikele panshi inono saana ukucila iiminine.","elo cilemoneka kwati banamayo abali kukulyo ebene ba mbwa ili panshi,elyo abali kukuso ebene bambwa iiminine. ","ee boi walungika,elyo kumpanga kwine uku bali kwaliba ifimuti ifitali ifinginsaana."
12011,"bashitata babili nabeminina balelanshanya,elyo kunuma yabo kulepita umulumendo umo mumbali ya motoka.","uyuwine umulumendo uulepita kunuma,amano yalifye uko aleya taleloleshako namumbali.","ee ai boi,limbi nakwata uko alebutukila,abalumendo inonshita ifyakucita fyalifulisha.","ee boi,kaili umwaume kufwaya indalama,pantu ngataufwaile kuti walala nensala.",apapene pancende peminine bashitata palemoneka kwati nipamwinshi wakwingilila muncito babombela.
12012,"umukashana alecofa incinga,alefuma pamulu wacikulwa aletelemukila panshi. ",kumbali yauyuwine musebo umukashana alepitamo kulemoneka kwalingila saana panshi. ,"ee boi kanshi ngacakweba ati alipononene, ninshi ekufwa nokufwa.","umukashana wine pa ncinga alecofa uwatekanya saana,nalabanako kwati talefwaya.","ee boi,ukubilima pancende shapala ifi takufwaika pantu kuti wailetelelapofye."
12013,Abalume nabakashi bali mu ng'anda baleyangala nomupila.,cilya umukashi aposa umupila umulume ifyo amuloleshapo kwati talefwaya ukwangala balemupatikishafye.,"ee abaume abengi boi tabafwatya ukwangala kwamusango uyu,nomba balabapatikisha kuba kashana.","elyo nao umwaume teti akane,ngaeshafye ukukana ninshi ailetelela tapabe umutende pa ng'anda.","awe nifyo,abakashana bafwayafye ukubacitila fyonse balefwaya ngolefwaya ati mumfwane."
12014,"imbwa iyabutuluka ili pa cani ilebutuka,naisuma naka mupila akanono kukanwa.","awe naibutuka imbwa, cipalile kwati baciiposela aka mupila ukweba ati ileya itole.","ee boi walungika,yaciya mukutola akamupila baciiposela euku ilebabwesesha.","imbwa inonshita shalimpapusha saana boi,ninshi shangala saana nabantu ukucila imbwa shinabo?","ee boi,ndemona cibafye nefyo imbwa ii baikusha,imbwa shalicenjela ukisambilila ifilifyonse mwaifunda palya ili iyaice."
12015,"shitata umo naiminina alelisha banjo,kunuma yakwe kuli nabantu abekele mutupuna.",bushe uyu shikulu bantu kuti aba kwati nibalya tukumanya muncende ishalekanalekana baleimba elyo uwabomfwa bwino abapelako indalama?,"ee boi nifyofine walanda,pantu kuncende ali kulemoneka kisangwafye abantu bandalama.","awe kanshi pakuti kawe ninshi apanga indalama ishingi saana,alemoneka kwati mukali saana ukulisha banjo.","ee boi ngefi mukote,afwile kale atampile so aleshiba ponse apakwikata pakuti omfwishe bwino abantu bonse."
12016,Namayo ali mu ng'anda nalela nomwana wakwe bale lengela panse.,"banamayo aba balemoneka abanaka pamenso,cipalile kwati umwana nabapesha ukulela.","ee boi efyo cilemoneka,icashala kulamutambishafye ifilecitika panse.","nomba mumbali ya apapene babikile umwana mulemoneka muli imisomali ishikulu saana,ishakweba ati ngabaliponeshepo umwana kufwa nokufwa.  ","ee bou ninshimona,nomba limbi nabena nabashimona ecilengele bemufumya naonse panse,alemonekakofye icakumulu."
12017,"umukashana na umulumendo bali mucibansa,umukashana alelangilila umulumendo ifyakucita.",icibansa aba babili balimo cilemoneka kwati caba pakati kamayanda.,bushe kuti fyaba nifinshi ifyo umukashana alelamgilila umulumendo?,limbi balefwaya ukutamapa ukubutuka nomba alemulangilila umwakupelela.,"abakashana nabo balifula ifyakuipatikisha,pantu umulumendo ulubilo kuti awina nangula engashibata."
12018,umulumendo naikaka pamenso elo aletombokela pamumana.,"uyuwine umumana walikwata ifimuti ifingi saana mumbali,teti mwasangwa insoka saana?","insoka kuti shasangwa boi,nomba pakuti umulumendo atombokelepo ninshi kale batampa ukusambapo balishiba nokwishiba ati insoka teti ibasume. ","abantu ifyakucita fyalifulisha,kuti waluba necilengele ati aifimbe pamenso pakutombokela pamumana.","abantu  balishupa limbi paciba abacimweba ati teti atombokele pamumana ukwabula ukulolesha,ecilengele afwaye ukubalanga ati kuti akwanisha."
12019,abalumendo abali basano mufyakufwala fyafita balwfuma mucikulwa.,ababene balumendo balemoneka kwati bangalila capamo.,"ee efyocilemoneka boi,elyo ilingiline abafwala ifyapala nibalya ababa mwibumba lyabakemba limoline.","walungika boi,balemoneka kwati aba bantu bemba inyimbo nomba baleya kumo eko babetile.",nomba nanguline bembila pamo ababene naba cilamo nokwenda ninshi kwenda fimo fine.
12020,imbwa iyabutuluka ili mufimuti ileyangala naimya namolu yakuntanshi.,incende ine iyi yalikwata imiti ishingi inshitali mwati shakuimenenafye nangu shakubyala?,shilemoneka lwati shakubyala boi pantu  ifyakuimenena filatitikana nomba ishi nashitalukana.,nomba imbwa naimya utumolu twakuntanshi nailolesha namumulu  kwati pali ico imwene ilefwaya ukucikata.,ee boi efyocilepala nomba imbwa utumolu natwipipisha ilefilwa ukufika epo ilefwaya.
12021,akalumendo nakakashana tuleyanga pamushelemuko wacela.,"abaice aba tabomfwa,cipalile kwati akalumendo kalefwaya ukudonsela akamukashana pamulu.","ee boi walungika,icakutila akamukashana kale kakwelelefye kumutanto nacishupa.","abaice efyo baba boi,palya kamofye ifyo baletontonkanya ficitike.",elyo ngacakweba ati takuli nomukalamba uuli onse uwakubakanya elo bacilamo nokucita utuntu utwingabacena.
12022,"shitata umo naiminina kumbali yacikulwa,kunuma yakwe kuli na incinga ishili shisano.",nomba shitata wine uyu cinshi cilengele ukuti eminine eka kumbali yacikulwa?,cipalile kwati alelolela umo pabene bancinga shili kununa yakwe.,nomba teti afwayeko apakwikala pantu  ebo alelolela kuti bakokola ukwisa.,"boi walishibafye ati abakote balabwekela kubwaice nabena,palya icililo kanofye icili mumutwe wabo cicitike."
12023,umulumendo Aleyangala pa menshi naikata naku ntambo iilemudonsa.,"awe cine abantu umwenso walipwa,taletontonkanyakofye nefingamucitikila ngacakuti intambo yamuputukila.","boi aba bantu bafwile kale batampa amangalo yamusango uyu,pali inonshita fyalibelela nokubelela.","ee boi cishinka pantu alemoneka kwati tapali fimbi ifyo aletontonkanyapo,ena icili mumano cakuti ati aleyangala.","elo alesabausha amenshi,nampo kuti ngafwaya ukuleka ukushelela aleyacita shani."
12024,"umukashana ali mwituka lyafyakulya nasekelela,kunuma yakwe kuli naumbi umukashana uulepekanya ifyakulya.","awe cine nasekelela umukashana uyu,nani wingakana ukusekelela pancende apali ifyakulya ifingi umusango uyu.","wansekesha saana boi,tefyakulyafye fyeka fingasekesha umuntu limbi kuli ifyo amwene nafimbi ifimusekeshe.","awe boi apapena fyakulya,ngafinshi fimbi ifingamusekesha pantu incende yonse iyi iswilefye nefyakulya.","limbi kulya alelolesha kuli uumwebele ifintu ifisuma saana,teti twishibe."
12025,shikulubantu umo nasunsumana panshi kunuma yakwe kuli nakabalwe umo namukakila nentambo mumukoshi. ,"nomba shikulubantu cinshi cilengele ekile pali kabalwe wakwe,alefwaya kabalwe wakwe atusheko?","cilemoneka kwati nafukama alepepa,aba bantu abafwala imingila baliba abashupa mumipepele shabo.","elo boi ndomfwa ati inama ishi shaliba ishakosa saana,shilakwanisha ukwenda inshita iitali ukwabula ukunwapo amenshi. ","ee boi cishinka,ecilenga balefibomfya abantu saana ngabaleenda intanfu iitali saana,tafyashupa elo tafinaka bwangu ngefinama fimbi."
12026,umulumendo nalala panshi naposaika namapepala epo acilalenga ifintu ifya ifyapusanapusana.,uyu mulumendo alemoneka kwati ali mumatontonkanyo ayengi saana.,"walungika boi,nangula limbi fyakucitafye fimubulile ecilengele ambefye ukulenga ifintu.","elo alelolesha afwile pali ifilemushupa saana kumano,saana saana amalyashi yacitemwiko eyalenga ifi.",ee boi limbi abakashi baliya kuncito elo bamusha eka pa ng'anda nomba alebafuluka.
12027,imbwa iyafita ili pa cani ilebutuka elo ilepita pakati katushimbi tubili.,imbwa ilemoneka kwati nishilya bakapokola bateka nomba baleifunda ifyakucita nganabaisenda mukwikata bakabolala.,"ee boi walungika,ilemoneka iyasalapuka imbwa iyi kanshi kabolala kwangalapofue ukumwikata.","imbwa shainonshita ukulatontonkanya kwati muntu,kuti shakutinya nokukutinya.","awe wilatina boi,imbwa imbwa,teti isanguke umuntu nakalya elo umuntu nao teti asanguke imbwa nankwe."
12028,umulumendo alelisha umutolilo busaka busaka.,umulumendo uyu wine alemoneka kwati alitemwa ukulisha utwakulishalisha boi.,ee boi walungika pantu pamenso palemoneka apansansa nganshi.,"ee boi ecintu icikankala saana,ukulaumfwa bwino ifintu ulecita,pantu ifyakupatikisha tafibombeka bwino.",elo icikankala cakweba ati uyu mulumendo alebomfya italanta lyakwe ukusekesha abantu abengi limbi nokupangilapo indalama ishingi pamulu.
12029,"umulumendo nomukashana bali kumbali yamumana baleyangala,kunuma yabo kuli necintu icho bakula pamumana.",cipalile kwati bonse bacilaesha ukwiminina pakulu kumo kwati ifi umulumendo acitile nomba umukashana nafilwa ukukwanisha.,"ee boi walungika,umulumendo ena acili emininefye nokulu kumo nasekelela nokusekelela.","ee boi,ababene babili balemoneka kwati batemwikwa,pantu balemoneka ubusaka saana.","ee boi walungika,nomba umwanakashi acinaka bwangu saana ukwiminina,ubwafya abanakashi balisfulisha utwakukonkelesha."
12030,imbwa iyabutuluka ili pacani ilebutuka.,"imbwa ilemoneka bwino saana,abeene bafwile baliiposako saana amano.","ee boi,inonshita abantu basenda imbwa kwati bana babo,ukushiposako amano saana.",imbwa ifi ilemoneka bwino nabalya abapata ukuteka imbwa ii yena teti bakane kuti baitemwa.,elo imbwa ine ii ilebutuka ubusaka  saana kwati pali ifyo imwene ilepepeka.
12031,abana basano baleshana pakati elyo ibumba lya baice banabo liletamba mumbali.,"ishi enshita shaleumfwika bwino saana kubwaice,ukushana pacintubwingi,icalelenga nicho kwaleba ifilambu ifingi saana panuma yakushana.","ee boi kanshi taulaba ai,kubwaice kwaleumfwika bwino saana,nangula bambi baleumfwa insoni ukushana pabantu abengi.","ee efyo caba boi,batila kafyalweni tekuti kapalaneni,kanshi tebonse bengakwanisha ukushana pabengi.","walungika boi,teti tulande ukucila apa,pantu kwena inshita yakale yena yalewama ukucila mucipimo."
12032,abakashana babili na umulumendo umo bali nefimuti balesalanganya icani icauma.,umumwine balesalanganya icani mulemoneka kwati balefwaya  ukubyalamo fimo.,"ee boi efyocilepala,ifi ifyani fifwile fikabomba nga umufundo wafintu bakabyalikamo.","nomba umwakubyalika ifintu nabafimbapo napamulu,kuti fyakula shani ifilimwa?","boi icalo caliya cilesela,bafwile bakula pela ifilimwa ifi ifyakulya ifyo filekabila fyonse."
12033,"bawishi nomwana nabafwala ifyakufwala ifilesekesha,bawishi nabafukama pamucanga umwana nakontama.","elyo bonse babili,bawishi nomwana balelolesha kuntanshi kwati kuli icintu baletamaba.",ee boi uku kuncende kulemoneka kwati kulasangwa saana inama limbi ninama bamona ilepita eyo baletamba.,"ee boi inama shaliwama ukutamba saana,shilomfwisha bwino ngashileyangala shiletombauka.","eco cawamina ukuyako mumpanga pantu ifyakutamba fyalifula,walolesha uku kuli iconi,upilibukile uku kuli inama."
12034,akamwaice kali panse kalelanda nomwaice munankwe uuli mu ng'anda. ,cilemoneka kwati akamwaice akali panse kaciba pakuya mukwangala nomba bakabwesha kumunankwe.,"ee boi walungika,limbi baleketa mukulya ubwali,takacishiba ati nabupya.","ebwafya bwakubwaice,ngoleyangala kulaba nokulabako kufyakulya,amano yonse yayafye mukwangala.","ala bwafya boi,kubwaice kulomfwika bwino saana ukwangala,emyaka teti ulabekofye mu bumi bobe shakubwaice."
12035,"ibumba lyabantu,abalumendo nabakashana balepanga ifintu ifyapusana pusana.",cilemoneka kwati nababapela ifintu ifyapusana pusana ifyakucita.,"ee boi walungika,pantu bambi bali pama computer yabo,bambi baleputula ifibokoshi elo bambi balecita ifyalekana lekana.",cilemoneka ati aba bantu baleumfwa bwino ukucita ifyo balecita pantu tapali uufulilwe.,"ee boi ecintu icikankala pancito,ukumfwa bwino ifyo ulecita,pantu ngawalacita kwati nabakupatikisha ilingiline tafifuma bwino."
12036,akamwaice akalumendo kali pamulu kaletamba abantu uko baleyangala mumabwato.,"cilemoneka kwati abantu aba abali pamenshi mumabwato nabafula saana,limbi epali abafyashi bakako.",ee boi walungika pantu kali kwati pali ebo kalefwaya ukupundilila.,kalemoneka nakakumbwa saana ukuba pamumana mumabwato cikangafye katombokelepo.,"abantu abali mumabwato bali abapusana pusana,bambi bali nabakashi babo bambi balifye beka."
12037,umulumendo aleyangala aleshungulusha icilitaila mumusana.,"naibukisha ubu ubwangalo,bwaliba ubwawama ukwangalako nganshi.","saana boi nangula bufwaika walinaka umusana ,pantu umusana obe ngawalikosa teti ukwanishe.",ee boi cishinka kaili icifwaika apa kulashungulusha icitaila ici ukubomfwa umusana.,"awe amangalo teti yapwe ukuwama elo teti yapwe,pantu cilabushiku kuleshila bumbi ubupya."
12038,ibumba lyabaice bakalisukulu nalikwela icimbaya mbaya.,"icicine icimbayambaya bakwelele aba bakaliskulu cilemoneka ukucepa,nabafulisha.","ee boi cishinka nomba walishibafye abaice ifyo baba,bena cikulufye nabakwela bonse cibafishe noko baleya.",cilemoneka kwati nabenuka kusukulu nomba pakubwekela ku ng'anda bakumanya icimbayambaya icakweba ati cibasendeko.,"ee boi walungika,bonse abaice balemonekafye abansansa kaili lelo tabayende panshi,nabasanga uwakubasendako."
12039,abantu bali muchisankano balecita ifintu ifyapusana pusana.,namayo umo ali pamwinshi wetuka lyakwe alelolela bakashitoma abakumjombololako amakwebo yakwe.,petuka likonkelepi kukuso pali abantu abengi abaleshita utulubi twakwangasha abana.,umulumendo wiminine petuka ilili ilyatulubi aloleshe na kumbi taposeleko namano kufyo abanankwe balecita.,"ee boi walishibafye mu chisankano musangwa abangu abengi saana,cilamuntu acita ifintu alefwaya."
12040,"akamwaice akakashana nakeminina pacilibwe kumbali yakamana,kwisilya lyakamana kuli shitata umo nanamayo nabekala baleisha.","akamana akakene kalemoneka akabusaka saana,nefimuti mumbali filemoneka ifisuma saana.",ee boi utumana utwingi utupita pancende apa sangwa saaba abantu tulaba utwabusaka.,"ee boi cishinka kaili abayako kuli utu tumana balifula,eico ubuteko bulatuwamya bwatampa nokulipilisha uuli onse uulefwaya ukuya kuli aka kamana.","cishinka ico boi, abangu inonshita bamona indalama apaliponse,icintu icikankala saana."
12041,"umukashana aleyenda nakontamina na panshi,kunuma yakwe kuli shitata naiminina.",umukashana alemoneka pamenso kwati pali fimo ifilubene.,"ee boi,alemoneka kwati muntu bafuma mukutamfya incito.","boi ngapaba icintu cabipa kulusa incito yobe,ukucilishapo nganiwebo ulupwalonse lwacetekelamo.",cishinka ico boi kaili ninshi abalaculilamo ngawalusa iyo ncito abengi. 
12042,"bakateya wamupila bali mucibansa,umo nalala panshi naikata napamenso.",uyu kateya wamupila uulele panshi alemoneka kwati nabamucena kumunankwe.,"ee boi efyo cilemoneka,ecilengela nabakalisha wamupila ukwiminika ubwangalo ukutila bengamutangata.",ubwangalo bwamupila bwaliba ubwawama saana nangula mulafuma ukuicena ifilonda.,ew boi bwaliba ubwawama emulandu cinkupiti wabantu eshile mukutamba uko baleteya.
12043,"abantu mutanda nabeka mu ng'anda,pali aba bantu mutanda pali shikulu bantu umo,banamayo batatu elyo notwana tubili.","cilemoneka kwati nabwakwata insansa saana pamo ngolupwa,pantu nabasekelela saana.","ee boi cipalile kwati baleisula ifilambu bashitile,cilemoneka kwati ninshi ya christmas. ","ee boi walungika,ndemona ecilengele nokuti aba bantu basansamukile capamo ngolupwa.",shikulu bantu alemoneka kwati uyu namayo aleseka mwana wakwe elyo utubaice tubeshikulu twakwe.
12044,"umulumendo naikala pacipuna aletinka nalamya yakwe,pakati yamolu yakwe pali na icola icho alongele ubusaka saana.",uyu mulumendo alemoneka kwati aciba pa lwendo nomba afika pa ng'anda yabeni  pakuti atusheko.,"ee boi walungika,ngefyo caba ngawaya kuncende eko tawakwata balupwa ukulala tulala mu ng'anda yabeni.",umulumendo wine amano aposelefye pali lamya yakwe emukuti teti alandeko nebo apalamene nabo?,"limbu nabalanda kale boi,alelolelafye ukumulangilila uko alasendama ecilengela aloleshefye pali lamya yakwe."
12045,imbwa iyafita ileowa pamenshi naikata nakamuti kukanwa.,ninshi imbwa nasho shilowa saana boi pantu tacaseka ukumona imbwa ilesamba pamenshi.,"ee boi imbwa inonshita shilacita ifintu ifingi saana,cilemoneka pali uwaciiposela akamuti pamumana elo yaya mukutola.","ee boi walungika pantu teti ileyafye mukutola akamuti akashikwete incito,limbi umwine emo aifundila utuntu.",kanshi imbwa ukuteka shaliba ishawama saana pamtu shilemoneka kwati umuntu kuti ashituma ukucita ifyo alefwaya nasho shacita.
12046,ibumba lyabantu lili mucikulwa cabwalwa lilesansamuka.,"pali ili ibumba pali abakashana babili abaloleshenye,chipalile kwati beshile pamo muli ici cikulwa.","ee walungika,mufukulwa mwabwalwa mwaliseka ukusangwa ifibusa,pantu ukusansamuka takuwama uli weka.","cishinka icho walanda boi,elyo kunuma ya aba bakashana kuli nabambi abakashana abalongene pamo baleshimika.","ee boi kuncende ishi efyokwaba,ifibusa filabako ifingi saana,filakolangana pakutila fyasansamukila capamo."
12047,"abalumendo babili balepikana umupila wakuminwe,elyo mumbala yacibansa ici muli ibumba lyabantu ililetamba.","kunuma yaaba abalumendo kuli na kalisha wamupila,nomba ifyo aleloleshapo aba abalumendo,cipalile ubwangalo ubu nabuwama saana.",ee boi cilemoneka kwati umulumendo uuli mufyakufwala fyakashika nabamupika saana kumunankwe.,ee boi kumonafye nefyo abantu balesekelela cipalile kwati baleumfwa bwino saana ukutamba ubwangalo ubu.,"ee boi,ekuwama kwamangalo aya,kulaleta abantu abapusana pusana capamo."
12048,"nabwinga naikala pakapuna elyo namayo umbi mwilaya ilyakashika alemufwika insapato,bonse nabasekelela.","cipalile abantu bali abansansa saana,limbi kale balelolela ukuti ubushiku ubu bukafike.",ee boi takwaba ubushiku ubukankala mu bumi bwamwanakashi ukucila pabushiku bwa bwinga.,ee boi cilemoneka kwati balefwaya baipekanye bwino bwino epo tabalaingila muncende umubelele ubwinga.,ee cishinka ico boi walishibafye abakashana balaisakamana saana pafyo balemoneka pamubili.
12049,umukashana alecofa inchinga alekweleka umulundu.,alemoneka uwasekelela cipalile muli uku kucimfyanya euli pantashi.,ee cishinka boi pantu ngolewina amangalo ayapala ifi cilaleta saana insansa na icimwemwe.,akashila kene balecofelamo icinga kali kwati kapitila mufyani fyani.,ee boi cilemoneka kwati balilimbamo ulunkoto mumbali ya misebo ishi.
12050,akamukashana nakasekelela nakekala pamupila eo kabikile pamulu wafipuna ifyo bakulilila.,iine incende ilemoneka iyafyani fyani saana nefimuti ifikulufikulu mumbali.,"ee boi walungika,cipalile kwati kuncende ii abaice abengi balateyelako umupila.","walungika boi,elyo akamwana akakene kalemoneka nakasekelela saana,kuti caba ati pali abalekasekesha?","ee boi,walishibafye abana pakuya ku ncende shaba nga ifi baba nabakalamba,limbi ebakebele icakweba ati kapoka namuluseko."
12051,abalumendo babili nabeminina nabafwala nefimpompo ifyakubacingilila ngabapona.,ifimpompo bafwele filemoneka kwati nifilya ififwala abensha ama honda.,ew boi cipalile kwati aba bantu bonse bali nama honda yabo bali pakuya kumo.,"uyu mulumendo kukulyo pali ifyo alelanda,bushe kuti caba ati aba bantu bali pa ncito?",ee boi efyocilepala pantu ifi fimpompo tafiibelelefye.
12052,"Abakashana bane bali petebulo,petebulo pali ifntu ifyalekana lekana ukubikapofye nefyakulya.",cipalile kwati pali ukusefya uko aba bakashana bali mukukwata.,"ee boi walungika,nomba ba umukashana umofye euli pa tebulo,ninshi ewatemwafye ukulya?","wansekesha saana,awe boi limbi uyu mukashana takwetefye ifyakucita nangu abakulanda nabena.",kuti wasanga ati icho ekalile palya nicho alefwaya ukuti eo ese mukwakanya ngabatampa ukulya.
12053,"umulumendo aletenda mumusebo nafwala nakaputula, mumbali yamusebo muli nefimuti.",boi uyu mulumendo alemoneka kwati aleya ukuntu ukukankala saana pamtu aletampulafye intampulo ishikulu shikulu.,"ee boi alemoneka kwati nikalisukulu,limbi ninsala imumine ecilengele aleendesha pakuti afike bwangu ku ng'anda.","ee boi,pantu ndeibukisha inshita shama sukulu insala yalekalipa saana icakuti namaka yakwenda taukwe uleikoseleshafye.",elyo munshila mwine umulumendo uyu alepita mulemoneka umwatalalila kwati tamupita abantu.
12054,"shitata umo nanamayo wakwe baleyenda nabekatana napa kuboko,kunuma yabo kuleisa nabanamayo babili baleshimika.",banamayo bene abaleisa panuma balemoneka kwati balelanda pali shitata uyu nanamayo wakwe.,ee boi kuti caba nifyofine walishibafye banamayo ulwambo encito baingila.,"uyuwine shitata nanamayo balemoneka balitemwana saana,pantu bakote lelo baleikatana kwati bacili kubwaice.",efyo icitemwiko chaba boi takwaba icitemwiko cakubwaice necakubukulu fyonse fimofine.
12055,"bawishi,banyina na umwana nabekala,bawishi bena balelisha na banjo.","cipalile kwati ulu ulupwa nalukwata akashita akansansa,balesansamukila capamo.",cilemoneka kwati akamwana kalelosha banyina uko balekangasha banyina nabo balelolesha uko abalume baleimba.,"ee boi walungika, caliba icikankala indupwa ukukwata inshita shamusango uyu.","ee ciahinka boi,pantu munshita shaifi emuma ukulangisha icitemwiko caba palupwa. "
12056,"abalumendo babili bali panshi yamumana baleowa,nabafwala nefyakufwala fyakowelamo.",cilemoneka kwati aba bantu pali ifyo baile mukufwaya panshi yamumana.,"ee boi walungika,ilingiline abaya panshi yamumana ngefi ninshi palinifyo balefwayapo.","awe aba bantu balemoneka abasansamuka,ngeco nabafwala nefyakufwala fyakusambilamo ,tabakwete nangu cimo icilebasakamika.","ee boi walungika,ukucita ifintu ifyapala ifi kulomfwika bwino saana pantu tebonse abengakwanisha."
12057,ibumba lyabantu nalilongana lilelisha imitolilo.,aba bantu balemoneka kwati baba pe sukulu limoline elyo pali uulebafunda ukulisha imitolilo ishi.,"ee boi walungika,kumwenafye nakufyakufwala bafwele ati aba bantu baba pa sukulu pamopene.",caliba icikankala ukulaibimba mufilecitika kusukulu pantu cilalenga wafumya amano kufintu ifyabipa.,"ee boi walungika,pantu ngataubimbile mulicimo kuti waisanga ulecita ifintu ifyakukuletelela."
12058,kafundisha ali nabasambi bakwe bonse nabemya namaboko mumulu.,"aba abana balekula abamano saana,pantu caliba icikankala ukwishiba ifintu fyakusukulu ifyo ifitwafwa munshila ishalekana lekana.","ee walungika boi,elyo abana aba bonse nabapilibukila kunuma,kuti caba ati pali uuli kunuma uusendele amano yabo?","efyocilemoneka boi,limbi nibakafundisha mukalamba abacisa mukumona ifyo abana aba balesambilila.","ee boi kuti caba nifyo,pantu nakafundisha wine naiminina naleka ukufunda."
12059,ibumba lyabantu abalumndo lili mumusebo lilecimfyanya ukucofa incinga.,"abalumendo aba imibili shilamoneka ishashangalala saana,pantu intafu benda nencinga shabo ishi shitali saana.","ee boi walungika,amangalo ayapala ifi yafwika umubili obe ulabomba bwino bwino.","ee boi cifwile nefyakulya aba bantu balya fyalipusanako,bafwile balyafye ifyakulya ifyakubapela amaka.","cishinka ico boi,elyo cilamuntu alebkmbela ukuti awine pantu uwawina balamupela indalama ishingi saana."
12060,shitata umo alekonka umukashana ukuti amushitisheko amakwebo yakwe.,"incende ine ii baliko ilemoneka kwati palasangwa saana abantu,pantu kunuma yakwa shitata nomukashana kuli abantu abalekana lekana.","walungika boi,nomba umukashana uyuwine shitata alekonka taposeleko namano kwati taleumfwa ifyo balemweba.","teti twishibe boi limbi kale amwebele ati talefwaya ukushitapo nomba taleumfwa,nomba walishibafye aba bantu baba nolunkonena.","telunkonena boi iyo,aba bantu balishiba ifyakushitisha amakwebo yabo,balesha namaka yonse ukuzembeleka umuntu paka abashitapo."
12061,abantu abapusana pusana bali mwituka baleshita ifintu ifyapusana pusana.,uyu umulumendo pantanshi alemoneka kwati napwisha kale ukusenda ifyo alefwaya mwituka nomba natantama alelolela bapende ifyo ashitile elo alipile.,"ee boi walungika,nomba ifyo alemoneka pamenso kwati pali abacimupatikisha ukuya muli ili ituka.","cilemoneka kale acitantama,limbi nanaka ukulolela pakuti fye bapende ifintu asendelemo.","awe kwena abalumendo aba,elyo kunuma yakwe kuli akakashana akali nabanyina kena kalifye akansansa."
12062,abantu cine konse konse bali mucikulwa umo basungila  ifintu ifyakale ifikankala.,incende shamusango uyu shaliba ishikankala saana pantu shilesa mukufunda inkulo shakuntanshi ifyalecitika akale.,"ee boi walungika,pantu abantu aba balemoneka kwati nabomfwa bwino saana ukukwata ukumonako ifintu ifyalecitika akale.","elyo incende shine ishi balishisunga ubusaka saana ,shaliba ishikankala pantu shilapela nobuteko indalama.","ee boi walingika,ecilengele aba bantu kanshi ukuba abasansamuka ngananshi."
12063,umulumendo na umukashana bali mwi tuka balelolesha kumbali.,boi aba bantu babili balemoneka kwati ebashitisha muli ili ituka.,"ee boi walungika,nomba bonse baloleshe kukuso cinshi cingalenga?",cilemoneka kwati pali uuleshita fimo nomba pali ifyo alebepusha.,ee walungika pantu balemoneka kwati bonse balelanda.
12064,"ibumba lyabantu naliminina pamulu wa cikulwa,elyo indeke yakashika yapita mupepo nepobali ilefumya necushi ichakashika.",incende ine ii baliko aba bantu ilemoneka kwati nikulya bapangila amabwato.,ee boi walungika cipalile kwati uku kuntu fingifye ifintu bapangako.,"abantu aba cipalile kwati pali ifyo baletamba,katwishi nganindeke nangu fintu fili panshi.","palyapene abantu bakwelele patali saana,tepakukwela aba mwenso pantu ngawapona ninshi ekufwa ekufwa."
12065,imbwa iyafita ili pa cani ica katapa katapa nailolesha nakumulu.,nomba imbwa ine iyi iloleshe kumulu kwati pali ifyo imwine ifipapwishe saana.,cilemoneka kwati umwine wa mbwa naposa kumulu cimo ico imbwa ilelolekesh.,"ee boi walungika,incende ine ii ilemoneka iyabusaka saana,abene baiko balikwata umute waku kwempa.",|
12066,"ibumba lyabakashana nalilongana,bonse baloleshe kumonkwine,nabafwala nefyakufwala fimofine.","boi aba bantu balemoneka kwati bali pakwamba ukucita fimo,maka maka ukubutuka.","ee walungika boi,nomba nombona abakashana babili balesonta kumokwine,kuti chaba ati nifinshi balesonta.",cilemoneka kwati pali uuleisa kuntanshi nomba balelangisha bambi abashimumwene.,ee kuti caba cishinka boi pantu pali ili ibumba abalesontakofye balifye babili.
12067,akalumendo akaice nakekala mumba yakamana kakusambamo nakasuma namu cisabo.,nomba akamwaice ifyo kabifishe pamenso kwati nakalimo kalelya icisabo icishiweme.,"ee boi,cilemoneka kwati tasekelemo mu cakulya alelya kwati bamupatikishefye.",nomba ukubifya pamenso kwaifi kuti wabutusha nabantu abalekumona.,limbi kuti wasanga ati umwaice naisumanya limbi eco abifishe pamenso.
12068,"shikulu bantu naikala pakamupando,kukulyo kwakwe nakupita nakama elyo kukuso kwakwe kuli ifikulwa ifikulu saana.","shikulu bantu naikala ubusaka saana,alifye eka talefwaya nabakumupunfyanya nakalya.",nomba boi aka akama kuti kaba kakupangafye nangula epokalifye nakale?,kalemoneka kwati epo kalifye nakale nomba cilya bakula amayanda mumbali balyambako ukukawaminisha.,"ee boi kwena walungika  pantu aka akamana kalemoneka aka busaka saana, kuti wakwata necilaka cakwikala bwino bwino ngashikulu bantu wine uyu."
12069,utwana utukashana tutatu tuleyangala pamenshi tulepilibauka.,utu utwana tulemoneka utwansansa saana kuti twalenga wakumbwa noku kwata abana.,"cishinka ico boi,abana balomfwisha bwino ngabaleyangala ubusaka saana .",icimana cine tuleyangalapo utwana utu cikulu saana ciwemefye tuleyangalila mumbali.,"ee boi,pantu ngani pakati teti tukwanishe ukwanga,kuti twasendwafye nomukuku pamukumo."
12070,umulumendo aleimya inshimbi nayasamuna nakukanwa napunda.,"umulumendo uyu alemoneka ati wamaka saana,umubili wakwe ulemoneka uwayakanika.",nomba ifyo apundilepo kwati inshimbiyafinisha elo yamwansha ukwimya.,awe boi ifi fyakwimya imya basumina ati ngawapunda cilafwako ukuti amaka yaishilako mumubili.,"namona boi,kanshi ecilengele ukuti asamune kukanwa umusango uyu umulumendo uyu."
12071,"ifilubi ifyo babumba filecofa incinga,kunuma yafiko kuli nabantu abalepita mumusebo.",ifilubi ififine babumba filemoneka kwati balefipalanya kabantu abacitile ifikankala kuncende ii.,"ee boi walungika,ilingiline ifilubi bafibumba mukupalakanya abantu ababombela icalo umupwilapo.",kanshi caliba icikankala saana ukubombela abantu ukucila ukuibombela wemwine. ,"ee boi walungika ,nangula ififine ifilubi  filetinya nafikwata ifilepala ba skeleton ba mitwe shabantu."
12072,abalumendo batatu bali panse balebelenga ututabo uku balekosha umulilo.,aba balumendo cinshi cingabafumya mu ng'anda umuli fyonse ukuya mukwikalafye panse?,boi ishinta shimo shilafwaika mwacitako ifipuseneko limo mu ng'anda mulafuka.,"nimbonafye ifyo abalumendo aba basansamwike,elyo panse palemoneka apatalala mukumonafye ifyakufwala bafwele.","ee boi walungika,ndemona ecilengele ati aba balumendo bakoshe nomulilo."
12073,"umulumendo aleyangala neloba,aleyesha ukupanga icapala ing'anda ukubomfya ililine iloba.","uyu umulumendo cipalile kwati aleibukisha kubwaice,pantu kubwaice eko twaleyanga amangalo yamusango uyu.",ee boi kubwaice kwaleba ukwangasha iloba saana nokupangamo ifintu ifyapusana pusana,"elo umulumendo wine uyu natekanya saana,cipalile kwati aleumfwa bwino ukwangala na iloba.",ee boi kuleba ukumfwa bwino saana ukucita ifintu ifyo wacitilepo kale kubwaice.
12074,"shikulu bantu umo naikala pacela,naikata nomupusa wanama kuminwe alefwaya ukulya.",cipalile kwati uyu shikulu bantu aciba alebomba incito nomba insala yakalipa epakutushako ati alyeko icakulya.,"ew walungika boi,alemoneka ati yacikalipa saana insala pantu efyo alesekelafye pakusuna umupusa.","saana boi,umumwine muncende ali mulemonekafye umwa fyela fyela,cipalile kwati incito ibombwamo intu yakakata saana.","ee boi walungika,cilemoneka kwati ecilengele na uyu shikulubantu ukufwaya ukutushako."
12075,umulumendo naiminina nashintilisha nakukashimbi aletamba ifilecitika panshi.,panshi yapamulu peminine umulumendo uyu palemoneka imyotoka shilepita mumusebo.,ee boi elo kumbali yamusebo kupitile inanji umupita ishitima.,cilemoneka umulumendo ali nefilemushupa mumano eico ele mukupupwako umwela.,"ee boi kuti caba cishinka icho walanda,ukukwine kuncende kulemoneka kwati kuliko nakamana."
12076,shitata umo na namayo umo bali mumbali yamumana nabekala pamulu yamabwe.,umumana ulemoneka kwati wapita pakati kampili shibili.,"ee boi walungika,ndemona shikulu bantu uyu nanamayo bali nensansa saana  ukuya kuncende ii.","cine balinensansa saana,ndemona namayo pali nefyo alepekanya,bushe kuti fyaba fyakulya?","efyocilemoneka boi,incende sha ifi ngamwile mukushunguluka shifwaika namuipekanya saana,ukucilishapo nefyakulya."
12077,abalumendo batatu nabafula namashati bali pamulu ya mumana.,bushe kuti caba ati aba abalumendo balefwaya ukutombokela pamumana?,efyocilemoneka boi pantu nimbona abantu abampendwa nabambi baleowa pali uyu wine mumana.,cilemoneka kwati abalumendo aba nabasansamuka saana ukusangwa kuncende uku.,"ee boi elo cilemoneka kwati aba balumendo fibusa saana,balemoneka kwati bakulila pamo."
12078,"Abakashana batatu naba sangalala,akamwaicepo palu aba bakasha nakema nebaka mumulu.","awe kwena bali abansansa saana aba bakashana,ifintu balecita efilelondolola.",elo boi cilemona kwati aba bakashana bali kukuso ebanyina ba utu utubaice tubili.,"ee efyo cilemoneka boi,nabena nabasansamuka pantu balefwaya baibimbe munsansa shabana babo.","elo kunuma ya aba bakashana kuleisa shitata umo nanamayo,baleseka cilya bamona insansa shikwete aba bakashana. "
12079,namayo aleenda munshila nasenda nakacola kuminwe.,uyu namayo cipalile kwati pali uko alebutukila uko acelelwe.,ee walungika alemoneka kwati pali uko aleya ukuli ukukankala saana.,elyo inshila alepitamo ilemoneka kwati abantu abapitamo tebengi saana.,"ee boi ilemoneka kwati nimumbali yafikulwa,balibyalikamo notumuti busaka busaka. "
12080,shitata umo ali mubwato naikata nentambo alelolesha nobwato uko buleya.,cilemoneka kwati uyu shitata kale saana atampa ukwensha amabwato.,"ee boi walungika,elo alelolesha kwati pali ifyo amwene kuntanshi.",ee boi limbi namona ubwato bwensha umunankwe nomba tashininkishe eco alelolekesha,"walungika boi,elo amenshi ubwato bulipo yalemoneka yengi elo kwati napakati kamumana."
12081,umulumendo aleyangala pa citukutuku aleipilibaula naimya ne wilo lyakuntanshi.,bushe kuti caba ati aleangalafye nangula aleilanga ku banankwe ati alishiba ukwangala ne chitukutuku,cilemoneka kwati aleipekanya ukuya kubwagalo bwakupilibusha ifitukutuku umusango uyu.,"amangalo yene aya boi yalatinya,pantu bena tabatontonkanyako na ifingacitika ngaliponene.","ee boi,ndemona emulandu aleipekanisha na umusango uyu pakweba ati lilya akaya mukucinfyanya tacakamushupe kaili ninshi nabelela. "
12082,abakashana babili nabekata necikope icilelanda ifintu fimo.,"bushe kuti caba mukutila bali kuncende batambila ba filimu, pantu icikope bekete chlepala kwati ni filimu",icikope cilemoneka kwati cileita abantu ukusangwako uko bakulashalikapo bonse bakalisukulu abakalapwisha amasambililo.,"ee boi walungika,aba bakashana balemoneka kwati bacita amasambililo pesukulu likalamba","eico kanshi ilemonekafye abamwentula pamenso,nico bali kunpela yamasambililo yabo."
12083,umulumendo ali muchibansa nafwala na ifyabuta aleteya ubwangalo beta muccingeleshi ati Cricket,"uyu umulumendo alemoneka kwati aleanka aka akamupila babomfya muli ubu ubwangalo,cilemoneka kwati pali uwacikaposa","ee boi walungika,ubu bwine ubwangalo bumoneka bwaliba ubwashupa pantu ukwikata akamupila kacepa ifi nincito iikulu saana.","ala boi takwaba icintu cashupa ngawacibelela,aba bantu balabakansha muli aya mangalo,icakuti balibelela tabafimona nokushupa.","ee boi walungika,kanshi icikankala kutemwafye fintu ulecita,ninshi nafyonse ifikalakonkapo fikalabafye ifyayanguka. "
12084,umulemendo nafwala ifyakufwala ifimufimbile umubili onse nasunsumana kaili cilemoneka kwati ali palubuli alecimfyanya na umo lubali lwakwe,ninshi kuti caba kutila uyu umulumendo balesambilila ukulwa ne myele pantu cilya ekete muminwe cilemoneka kwati mwele,"ee efyo cilepala kabili pakubakansha teti babomfye imyele shacishinka,kabili ninshi tabalaishibisha.","elo boi amangalo ayapala aya yafwaika umuntu uwasalapuka saana,pantu ngamulebomfya imyele yacishinka ngataucenjela kuti waipaya umunobe.","ee boi walungika,nakuba aba bantu tabakwata na umwenso,pantu ukwangala necintu cingakwipaya tacawama nakalya"
12085,"shikulubantu naikala pali honda,kukulyo kwakwe kuli nabantu abapusana pusana baleenda.","iyi incende yamoneka  kwati kwaba fimo ificitikako, pantu kwafulisha abantu ne myotoka ","ee kulemoneka kwati fingi ficitikako,shikulubantu uyu nao alemoneka kwati alatwala abantu ukubaleya elo bamulipila.","ee boi kabili walishibafye umwaume kubombesha pakusanga indalama,umwine umumwine emo atola ishafyakulya.","ee boi walungika,umwaume kobombesha pantu ngataubombeshe kulala nensala."
12086,umukashana naikala pacipuna mu nganda naikata inkomaki alebelenga ne citabo lubali nabika naka bisiketi .,"uyu umukashana alemoneka alebelengela amashindano, cilemoneka kale ambile eico abulako akakulya na utwakunwa",ee boi ukubelenga kulanasha ndemona ecilengele nomukashana ukuti afwayeko utwakulya ngomomwine ulandile.,"umukashana wine uyu alemoneka ati naposa amano saana kufyo alebelenga,cilemoneka kwati talebelenga ishinta yapita nomba ali nefyakucita ifingi cilya amshindano yapalama.","ee boi walungika,efto cabela icikankala ukubelenga inshita yonse,pantu kulaba ukwisa ikatililwa ama shindano ngayafika."
12087,shitata umo nabakashana bane baleshana nabemya namaboko mumulu.,Ulwimbo baleshanako lufwile naluwama saana naumona efyo bomfwile bwino na ukumwentula?,"ee cifwile nacibawimina namgashi ,elyo cilemoneka kwati abali mwibumba nabo nababapelako icmwela.",elyo cilemoneka kwati umwaume eulebatungulula mukushana uku.,"ee boi cakupapa,ilingiline abakashana ebaseka ukushana imishanine ii."
12088,banyina nabawishi bali nabana batatu mubwato pamumana nabafwala nefyakuicingilako umo ngaponena pa menshi.,cilemoneka kwati akamwana kalya bekatilile kuntanshi kali nomwenso pamumana.,ee boi kuti caba nifyo kabili  acili mwaice elo limbi emuku wakwe uwakubalilapo ukukwela ubwato.,"amenshi yene aya yalemoneka kwati yali namabimbi saana,cansambu nomwana kuti akwata umwenso.","elyo bonse balelolesha kumokwine,cipalile kwati kuli icintu cimo iciweme ichi baletamba."
12089,imbwa ili pa cani ilebutuka nayasamuna nakanwa.,"imibutukile yambwa ii ilemoneka bukali bukali,cifwile naimona cimo ico ilepepeka.","ee walungika boi ukubutuka kwambwa ii takuibelele,naumfwilafye uluse ico ilepepeka pantu naikalipa nganshi.",elo ngamuntu ilepepeka afwile natampako nakale ulubilo pantu imbwa ii ukuiloleshafye abashakosa kuti baisundawila abene.,"wansekesha saana boi,kanshi imbwa shaliwama ukuteka pantu kuti cawama saana shilekupepekelako bakabolala mumusango uyuwine."
12090,"shitata na namayo  baleenda mumbali yamumana,kunuma yabo kuli na bantu abaleangala pamenshi.", cilepala kwati akasuba nakabalika saana pantu ngakabalika elyo abantu batemwa ukuya mukusamba.,"ee cacine boi,nomba kumimana kwine uku ificitikako fingi,tekusambafye kweka iyo.",ee cishinka ico boi pantu kunuma yashitata na namayo kuli na utwaice utuleyangala na iloba.,"ee boi walungika,kanshi caliba icikankala ukuyako kuncende shamusango uyu pakuti wamonako uko abantu balecita ifintu ifyapusana pusana."
12091,"namayo naikala pamupando alelanda,muminwe naikata necakubilikishamo.","cilemoneka kwati namayo uyu alelanda na ibumba lyabantu,eco ekatile icakubilikishamo.","nifyofine walanda boi,bushe kucaba ati pali ebo alefunda pamilandu ishalekana lekana?",efyocilemoneka boi pantu alemoneka uwaicefya saana pakulanda.,ee cishinka ico boi elo namayo uyu alemoneka uwamucinshi saana.
12092,"utukashana tubili tuleyangala,kamo nakakumbatila necilini ico babumba balicibika napa cani.",aka kamwaice kalemoneka nakomfwa bwino saana ukumona ilini lyakula umusango uyu.,"ee boi,ifyaba abaice limbi kena kaletontonkanya ati ilini ili lyacishinka telyakubumba iyo.","ee boi,nomba kankashi yakwe kena takaposeleko namano kalifye nefyakako.",limbi ekacibalilapo ukulikumbatila elo kalekelako nomwaice wakwe ukuti nao angasheko.
12093,"utwaice tutatu tuli mufipepala fyabulungana mukati tuleyangala pamenshi,elyo abakalamba mumbali baletutamba.",utu tukashana ifyo tulepilibushe ifi fipepala kwati tuli pa ku cimfyanya.,"ee boi tulecimfyanya efyo tulemoneka,ndemona ecilengele nabafyashi ukulalumba.","nifyofine walanda boi,ndemona akakashana kukuso ekalawina pantu nakacila abanankwe bonse.","ee boi,ndemona ngakawina abafyashi bakako balasansamuka saana,pantu abafyashi balomfwa bwino saan abana babo ukuwina."
12094,nakulubantu umo naikala pamupando alelolesha uko abantu balepitana mumusebo.,nakulubantu ifyo alelolesha kwati alelolela bamo  nomba balekokola ukwisa.,ee boi elo cilemoneka kwati nanaka saana ali napakuyafye nagu umuntu alelolela teshile.,boi limbi kuti caba ati umuntu balelolela ni uyo aleisa na ifyakufwala fyafita pantu bamulolekesha saana.,"ee boi kuti caba cishinka,pantu banakulu balemoneka kwati pali ifyo balefwaya ukulanda."
12095,umukashana umo naiminina alelolesha pafikope ifyo bakambatika kucibumba.,ifikope fine ifi kucibumba filemoneka kwati fikope fyalupwa lwa mukashana.,bushe kuti caba ati umukasha uyu alefuluka abantu nefintu filipafikope ifi?,ee boi efyocilepala pantu naposeshako saana amano elyo alemoneka uwabulanda.,"saana boi,kanshi calibipa nganshi ukwikala ukwabula balupwa nabatemwikwa."
12096,abalumendo basano nabafwala nafimogine nabeminina balelanshanya.,aba balumendo cilemoneka kwati bali ku bwinga nomba balelanshanya ifyo balayangala.,"ee boi walungika,elo cilemoneka kwati bwinga bwacibusa cabo.",ee boi cilomfwika bwino saana umuo epo mwangalila nga euleupa nangu ukupwa.,"ew boi kulaba ukusangalala ukwafikapo,kaili kulaba ukufwaya ukulanga abantu  ukuti shibwinga alikwata abanankwe bamano."
12097,umukashana umo naikala pakamupando kunuma yakwe kuli na icikope ca bantu abashifwele.,elyo umukashana wine alemoneka kwati alemanka ilaya afwele cilepala kwati lyacimankuluka.,"ee boi walungika,muncende mwine umu umukashana ali mulemoneka umwatalalila.",ee boi cipalile kwati nimulya emo babika ifikope nefintu fyabantu bakale.,icho walanda cishinka pantu muli shilya incende tamwaseka ukuba abantu abengi elyo tamuba nacongo.
12098,ci saca icikulu cilepita mumusebo elyo natumbi utumbayambaya utunono natwena tuleyenda.,"elyo paliine incende palemoneka utupuna utwingi,bushe kuti twaba twakwikalapo abantu?",ee boi cilemoneka kwati pakwikala abantu cilya balelolela imyotoka ishapusana pusana ukwisa basenda.,"pancende iyi palemoneka palasangwa abantu abengi saana,elyo kumbali yakukulyo balipangapo napasansa amensi.","ee boi,towni ifwile ilemoneka bwino,ilapela nevimwela cakuyamo ngabaleisunga busaka busaka."
12099,nakulu bantu umo natantika ifyakulya ifyapusana pusana aleshitisha.,ifyakulya fine ifi nakulu atantike filemoneka ifyawama saana.,"saanafye walishibafye abantu bakale balishiba ukwipika saana,pantu tabafusha ifyakubikamo.","elo boi nakulu alemoneka alebombesha saana kubukashana,pantu abantu abengi kubukote tabacita ifilifyonse bekalafye.","cishinka ico boi walanda,alebombesha nakulubantu nalabanako,abantu bamo kuti bakukumbwisha ifyo ukubombesha kupela."
12100,umulumendo umo natomboka ukufuma pacikulwa icikulu alefwaya ukuya pacikulwa icinono.,"uyu mulumendo takwata nomwenso,pantu aletomboka palemoneka patali saana.","ena ifyo mumano tamuli,icilifye mumano gakwe kutombokela pa cikulwa ici.",ee nifyofine nomba ngaicena elo alaisa ebukishe ati kanshi nganacikalafye.,"alemoneka naumfwa bwino umwine,ecikankala saana,ukutemwa fintu ulecita."
12101,umulumendo naikala panshi kumbali yacibumba nakontama nokukontama.,"bushe umulumendo ifi akonteme,emukuti pali ifilemushupa nangula alecitafye fimo panshi palya akontamine?",uyu mulumendo abamoboko yakwe yalolele mukuti alekaka intambo pansapato.,"ee ifyo walanda cishinka boi,nomba nao umulumendo uyu pancende shonse kuti asalapofye umwafisama emo alakakila insapato.","batila akoni kekala pamusambo katemenwe,umwine umumwine emwcimusekesha,elyo nencende aliko ilemonekaiyatalalila."
12102,umukashana ali mu n'ganda alelya icakulya aleifyompa nakuminwe.,"boi uyu mukashana alemoneka kwati natemwa icakulya alelya,icakuti aleimyanga nakuminwe.","elo bou kale namwenepo umuntu aleimyanga kuminwe,cilemoneka aciba nensala saana.",nomba ifyo alelolesha kwati alekumbwisha ebalemonako uko alelya.,"wansekesha saana,alemoneka kwati icakulya alelya alicitemwafye saana."
12103,"abalumendo babili bali mucikulwa nama banjo,umo aleimba nokwimba.",cilemoneka kwati aba bantu baleimbila ibumba lyabantu mucikulwa.,ee boinwalungika aba bantu bafwile emo basangila indalama shabo umumwine.,"ee boi,ngabaimbila abantu abantu bene bafwile babalipa mukutasha pakulenga ubwangalo bwabo kwaba ukwawama.","elyo cilemoneka kwati abalumendo aba balomfwa bwino ukwimba,icintu cimo icikankala saana."
12104,"umulumendo aleangasha incinga,naitombosha ukufuma kukaculu kamo alefwaya ileya kukaculu kambi.","uyu mulumendo takwata mwenso,efyo apupwishe incinga kwati nindeke.",elotaletonkanyako nefingacitika ngacakweba ati ifyo aletontonkanya fyafilwa ukucitika.,elo pakati ka ifi fine ifyulu palemoneka kwati pali ifimuti ifikulu saana.,ee boi kanshi ngaliponene kuti fyamutungaula ububi saana. 
12105,umukashana ali pakati aleshana elo pali nabanamayo bane petebulo abalemona ifyo alecita.,bushe aba banamayo abali petebulo kuti baba ebalelemba umukashana ifyo alecita?,"ee boi efyo cilepala,cilemoneka kwati aba banamayo ngatabasekelemo mukushana kobe ninshi kukutamfya.",awe kanshi ufwile waposako saana amano mukushana kobe pantu tacimoneka bwino ukupelesha panshila ifyo watampile.,"elo umukashana wine uyu alemoneka alyanguka umubili wakwe,pantu ifyo aleikontaula banono bengakwanisha."
12106,shikulubantu umo na nakulubantu balipamo balepanga ifyakulya.,"cilemoneka kwati nakulubantu ewishibe ifyakuputula fintu baleipika,shikulubantu aleyafwilishako.",cilemoneka kwati aba ba shikulu bantu nabanakulu bantu balitemwana saana.,ee cishinka boi pantu banono bakwanisha ukufika kubukote necitemwiko cabo.,ee boi pantu uyu shikulubantu na nakulu bantu balemoneka ati baletemwana kwatifye nifilyafine batemwene kubwaice.
12107,akamukashana kali kumbali yamumana kaletamba abantu bali pa mumana baleowa.,"nomba akamukashana kaletambilafye apatali,bushe kuti caba ati kali nomwenso?","efyokalemoneka,limbi emuku wakako uwakubalilapo ukwisa po kucimana icikulu ngeci.",elo icimana ici cili namabimbi limbi ecilengele kafilwe nokupalama kuli ici cimana. ,"ndemona kalasangako fimbi ifyakucita,kaili kufimana ifi tekusambafye kweka kwabako."
12108,"umukashana naiminina nalolesha namumbali,kunuma yakwe kuli abakashana babili abafwele ifyafita",umukashana uyu alelolekesha kwati namona fimo ifimumfwishe bwino saana.,ee boi kuti caba cishinka pantu takwaba ukusekelela pa cintu icishiweme,"elyo futi alemoneka kwati pali umuntu alelolela,limbi eo alesekelela.","ee boi walungika,elyo kunuma yakwe incende aliko ilemoneka kwati abantu epo balila ifyakulya."
12109,umuntu naikata sefa alesefa fimo ifyo ifilemoneka kwati buci.,bushe kuti caba kutila filya alesefa muli ifiko nangula palifye fimbi efyo alecita ,abangeleshi balyafya baba notwakufwailikisha kuti wasanga alefwaya ukumonapo fimo,ee walungika pantu nencende aliko ilemoneka kwati nishilya incende batila mucigeleshi ati laboratory,wasosa nimbonafye notubale twafulisha umu mucipinda muntu ali awe aba abantu baba nencito
12110,bashikulu bantu batatu baleyangala baleteya isolo.,bonse bashikulu bantu balemoneka abasekelela  chipalile kwati baleumfwa bwino ukuteya ubwangalo ubu.,"ee boi walungika,walishiba kubukote ifyakucita filacepa kanshi abakote balomfwa bwino ukusangako nabanabo.",elo cilemoneka aba bashikulu bantu batatu bakulila nokukotela chapamo.,"ee efyocilemoneka,elonshikulubantu mukasote eusekelele saana copalile kwati euwinine isolo."
12111,"akamwaice akalumendo kaleyangala mumenshi kalebutuka,kunuma yakako kuli na ibumba lyabantu ililetamba.","kunuma yakako nimbonako naka kashana akalepepeka uyu mwaice munuma,bushe kuti caba ati balepepekana?","ee efyo cilemoneka boi,pantu umwaice uyu natonkola imbilo saana,taleloleshako nakunuma.","elo kuliine incende kulemoneka kwati abantu abengi beshile mukwangala,kuti caba ati nindupwa shalekana leka ishili kuncende uku?","ee kwena efyo cilemoneka boi,pantu aba baice teti babaleke ukwisa beka ku ncende iyapala ifi."
12112,"umukashana umo aleyangala,nabantu abali mu mbali baletamba uko aleyangala.","imyangalile ya uyu mukashana ilemoneka kwati nifilya twaleyangala kubwaice,ukupanga utuntu utwabulungana ukubomfya isopo.","ee boi efyo cilemoneka,ndemona ecilengele na uyu mukashana ukusekelela nefi,camwibukisha kubwaice.","abantu abaletambako nabo lumolwine,nabasekelela nganshi,cilemoneka nabena baibukisha ifyalecitika kubwaice.","ee boi,cilomfwika bwino ukumona ifintu ifyo tawamwenepo munshita iitali saana,maka maka ifintu ifyalecitike lintu twali abaice."
12113,"umwana umulumendo ali eka aleyangala,elo kunuma yakwe balilimbako ulunkoto.","akalumendo aka kalemoneka kwati kekete kuminwe icikopo cakufuminisha,kuti caba ati kalefwaya ukufuminsha fimo?","ee boi akakopo kalya muminwe kalemoneka kwati kakufuminisha,ndesubila kali nabakalamba.","ciwamefye kali nabakalamba abalekamona,pantu abaice balifula imisango,kuti katampa ukufuminisha pamusebo kalelembapo ifyo kalefwaya.","ee boi,pantu kalemoneka akasansamuka saana pamenso lelo teti twishibe ifilekapita mumutwe."
12114,umulumendo na umukashana bali muchibansa balebutuka ulubilo lwakucimfyanya.,"ululwine ulubilo balebutuka lulemoneka kwati lwakubutuka babili babili,pantu nimbona aba babili nabekata pakubutuka.","ee boi walungika,elyo cipalile kwati aba bantu ebali kuntanshi,balemoneka ati bacilutonkola saana. ",ee boi apali ukucimfyanya palinga wabikamo amaka yobe yonse pantu cilomfwika bwino saana pa mpela ngawawina.,"ee boi cishinka icho walanda,kanshi ecilengele uyu mulumendo na umukashana ukulutonkola kwati katwishi."
12115,"abakashana babili na umulemendo umo baleyangala mucikulwa,panse yacikulwa pali banamayo abalelengela uko baleyangala.","elyo aba bantu insapato bafwele kumakasa shilemoneka kwati shakushelelelamo,kuti caba ati baleshelela umu bali?","ee boi efyocilemoneka,pantu muli icikulwa mulemoneka umwatelela panshi.","amangalo ya pala ifi yalatinya,ndemona naka kashana efyo kaletinina pantu takalaishibisha ukushelela ngefi.","ee boi,elyo akamukashana kene aka kalemoneka akasekelela kafwile kalefwaisha saana ukwishiba ukushelela muli ishi nsapato."
12116,umwana naikala pakapuna aleyangasha icilubi na akabeketi akanono ifilipe tebulo.,aka kamwaice kalemoneka kwati kali nabakalamba abalekangasha.,"ee boi cilemoneka kwati balekazembeleka,balikapela iclubi mukutila bakapoke akabeketi akanono.",cilemoneka balashupana saana pantu aka kamwaice kalemoneka kwati kaleumfwa bwino ukwangasha fyonse fibili.,"ee boi walungika,elyo mumuputule uyuwine balelingamo ifilubi ifingi kucibumba,ndemona akamwaice kalomfwa bwino saana ukwangala muli uyu muputule."
12117,shitata umo naikala mwi ofeshi alebomba incito.,"muli ili iofeshi muli amapepala naba machine abengi,cipalile kwati shitata uyu alikwata incito ishingi saana ishakucita.","ee boi walungika,ndemona ecilengele shitata uyu alemoneka uwashishita saana pamenso.","ee boi alemoneka nanaka saana ukubomba incito akwata,alemoneka ngakwali inshila imbi iyakusangilamo indalama,ngakale afileka.","ee boi walungika,nomba tapali efyo engacita,icaalo calyafya,kucitafye ifilifyonse cikulufye ulelya nokufwala."
12118,"ibumba lyabantu nalikala lilelisha imitolilo,elyo shitata umo,namayo umo nakalumendo nabekala baletamba.","abalelisha imitolilo ishi balemoneka abacimwemwe saana,ninshi cilomfwika bwino saana ukulisha ifi fintu batini.","ee boi efyocilemoneka,icaba ichikankala kuleumfwafye bwino icintu ulecita,pantu ngawacumfwa bwino ifyashala fyakulakonkapofye.","ee cishinka ico walanda boi,elo nabaletamba nabomfwa bwino saana,cipalile aba balumendo balelisha ubusaka saana.","ee boi inyimbo balelisha shifwile shili isha cimwemwe saana,ecilengele aba bangu ukusansamuka nganshi."
12119,umulumendo umo ali mu nshila aleyangala naba baloon.,uyuwine mulumendo alemoneka uwasekelela nganshi.,ee boi alemoneka kwati nibalya abantu abapitana muncende ishapusana pusana balesekesha abantu.,"ee boi walungika,pantu ifintu alecita uyu mulumendo filemonekafye ifya kusekesha sekesha.",muli baloon yakwe umumwine alesangamo insansa napangamo necintu icapala inama.
12120,umulumendo umo alepita mumbali ya cikulwa aleyendesha.,"uyu mulumendo cilemoneka kwati pali uko alebutukila,pantu aletampula intapulo ishikalamba saana.","ee boi,elyo amano yakwe yalifye kuntanshi,talepukapukako namumbali.","cilemoneka kwati alebutukila kuncito uyu mulumendo,cipalile nacelwa.","ee boi,afwile aendesha pantu kuncito takufwaika ukucelwa ngataulefwaya ukukutamfya."
12121,bashi tata basano nabekala balebomba incito.,cilemoneka aba balumendo baleputaula amabwe ayakulu mutunono.,elo aya mabwe baleputulamo yalemoneka kwati balefwaya ukuyabomfya ukukulila ing'anda.,"ee boi pantu yalemoneka ubukulu kwati ninjelwa,ndemona yena aya kuti yakosapo ukukulila ing'anda.","ee boi walungika,aba bantu balemoneka bamano,pantu banono bengatontonkanya ifi."
12122,umulumendo umo na umukashana nabalala pafimuti ifyo batema mumbali iyamumana.,"aba babili cilemonela kwati bacilabomba incito nomba banaka,ecilengele ukuti balale batusheko.","awe kwena kunaka uku,pantu balemoneka nabalala saana neminkonono balepisha.","nomba umulumendo palya alele palemoneka nipampela saana,teti aponena mumumana ngacakuti apilibuka?","mwena mumumana kuti aponenamo,elyo kabili ifisangwa mumumana efingi,kuti fyaumfwa bwino ati twakwatako umunani."
12123,ibumba lyabantu nalilongana liletamba abantu kuntanshi uko balecita amangalo.,pali ili ibumba pali akamwana akanakashi eko basunshile kubakasendele kuli iikuncende.,"ee boi cilemoneka kacilalilila akati takalemona ifilecitika kuntanshi,kanshi ecilengele bakasunse.",elyo ababene bantu balecita ubwangalo balemoneka kwati balekwelana pamulu.,efyocilemoneka limbi balefwaya ukulangisha abantu ukutila balikosa elyo kuti bapapana abengi pamukumo.
12124,umulumendo alepita pantashi yacikulwa alekumpauka.,"cilemoneka kwati uyu muntu nacelwa saana uko aleya,ndemona ecilengele alekumpauka.","ee boi walungika pantu aleendesha saana uyu mulumendo,aleululukafye.","elyo alemoneka kwati pali efyo ekete kuminwe,bushe kuti caba ati pali uko alefitwala?","ee boi,ndemona ecilengele na uyu muntu ukwendesha,alebutukila ukutwala icili muminwe yakwe."
12125,"umulumendo nomukashana nabaloleshanya,umulumendo alelya na itaba ,elyo kunuma yabo kuli cinkupiti wabantu.",ukukwine kuncende bali kulemoneka kwati niku cisankano pantu abantu baliko bafulisha saana.,"ee boi,elyo umulumendo na umukasha uyuwine nabalolekeshanya saana,cipalile kwati umulumendo pali ifyo alemulondolwela.","ee walungika boi,pantu umulumendo alemoneka kwati eu lelanda elyo umukashana alekutikakofye.","nomba umulumendo wine alelyafye itaba eka teti akontweleko nomukashana,ubutani bulemoneka napa menso."
12126,shikulu bantu umo ali mwituka umulemoneka ifintu ufyapngwa na golide ifingi.,ili ituka mulemoneka kwati muyafye abandalama pantu ifipe fya golide fyaliba ifyadula saana.,"ee boi walungika,elo cilemoneka kwati pali ifyo ekete alepanga muminwe yakwe.",elyo ifipe fine ifi filemoneka kwati nifilya ifipe fyakale lelo balifisungile mukutila fikakwata indalama kuntanshi.,"cine cine,nomba apa cilemoneka kwati balafumyamo indalama ishingi saana pantu ifi fintu fyamutengo."
12127,"bakateya wamupila wakuminwe bali mucibansa,umo naikata umupila alebutuka elyo umbi alemucingilila ukwakuya.",elo kunuma ya aba babili kuli kalisha wamupila elyo nabalumendo babili abeminine.,uyi umupila ulemoneka kwati ufwaika abamaka saana pantu mwaliba ukupunkana punkana.,"ee cishinka ico boi,ngefyo umwene bantu bonse aba mucibansa balemonekafye nimpeta.","pantu ngatawakwata amaka umu kuti ulelusishafye abanobe,kuti ngabakikwesamofye waululukola noko."
12128,utulumendo tubili tuleteya umupila wakumakasa mucibansa.,"utulumendo utu tulemoneka utwasekelela saana,cilemoneka tulomfwa bwino saana ubwangalo bwa kuteya umupila.","ee boi,akali pantanshi kalemoneka kwati nakabela umunankwe katangisha na umupila pantanshi.",nako akali panuma takaleleka ukupepeka kalefwayafye kapoke umupila kumunankwe.,ee boi aba baice ngabakula kuti baisa ba bakateya bamupila abakali saana na icaalo conse catampa ukubatamba.
12129,"bashi tata batatu bali pamusebo,umo shitata ali pa ncinga bale kopa ifikope.",uyu umulemendo kukulyo ena taposeleko namano nalolesha nakumbi.,ee boi cipalile kwati pali ebo alelolesha kunuma yakwa shitata uulekopa ifikope.,shitata nankwe naiminina ubusaka saana ndemona alefwaya icikope cifume ubusaka saana.,"ee cishinka boi pantu na uyu shitata alekopa,naena naiminina ubusaka saana,alefwaya anyelele icikope kaili encito yakwe."
12130,akamwana akakashana kaleyangala mumenshi kuncende ukuli abantu abengi abalecita ifyapusana pusana.,kutiwapapa ifyo abana batemwisha ukwangala mumenshi pafintu fyonse.,boi nga uli kubwaice ukwangala mumenshi kwaliipusaninako namangalo aya yambi.,"ciwemefye kaili kuncende ii kuliko abakalamba,pantu tacawama abana ukwangala mumenshi ilyo balibeka.","ee cishinka icho walanda boi,pantu amenshi yena ayepaya tayacepa,nangu yamunkomaki kuti yakwipaya."
12131,namayo umo naikala pamupando alebelenga nakatabo.,"pambali yakwe pali na inkomaki umuli ifyakunwa,chipalile kwati namayo uyu alekwata inshita iisuma saana.","ee boi,ukubelenga ututabo kulapela inshita iya kuba tondolo,ndemona uyu namayo eco ekalile nakuncende iyatalalila.",elyo kunuma ya apapene ekele kuli ifimuti ifyafunda ubusaka saana.,"ee boi,elyo kunuma yafimuti ifi kulemoneka icikulwa icukulu saana,cipalile iyi ncende baipanga iyakutusishako. "
12132,namayo umo ali pa ng'anda nasekelela aleyangasha na ifisabo fitatu.,"awe kwena nasekelela,cilemoneka kwati ukushungulusha ifi fisabo nakumusekesha saana.","ee boi,ndeibukisha ubu bwangalo bwaleumfwika bwino saana kubwaice. ",saana boi kaili kulaba ukuposeshako amano ukuti cimo icisabo cisanga icinankwe kumimwe.,"ee boi,kanshi namayo uyu epakusansamuka saana pantu nakwanisha ukucita fyonse ifyo ulelanda."
12133,namayo umo umushilika nasekelela aleyangasha utubana tutatu.,"cilemoneka uyu mushilika ali pa ncito elo apita pa ng'anda apali utubaice,kanshi utubaice epakumfwa bwino.","ee boi kuti caba nifyo pantu abashilika balenda saana ,elyo abengi abashilika balakwata imitima.shakuseka nabantu.","cishinka ico boi,abashilika balaseka nabantu saana nomba kukwata apakupelela,pantu ngawapitilila tabawama nakalya.","cishinka ico boi,abashilika ngawabafulwisha balaba abafula saana,kamshi mukuseka kukwata nomwakupelela."
12134,ibumba lyabakashana nalilongana ubushiku lileyangala.,cilemoneka kwati aba bakashana kale bapingile ukukumana pali ubu bushiku.,"ee boi,ayayene emano abakashana bakwata,balapanga inshiku shimo ishakukumanafye beka beka.","ndemona kukulongana kwabakashana ukwapala ifi kulaba saana umulomo,pantu abakashana na umulomo balyampana saana.","nomba ababene bakashana nangu tulelanda pamulomo balemoneka  kwati tabaleshimika na kushimika,bonse balifye nefyabo."
12135,"abantu basano baleyenda munfula nabaifimba nokuifimba,pali aba bantu basano babili baifimbile mumomwine.",cilemoneka kwati aba baifimbile babili bekala ing'anda imo.,"ee boi,elyo infula ilemoneka kwati yaciloka saana pantu epo balepita ponse palifye bamilamba.","ukuloka kwena yaciloka saana elyo ndemona kwati taipwililile nokupwililila,tucili tulesansa tunono.",ii infula iloka umusangu uyu nangu wingaifimba shani ukubomba kwena ufwilefye wabomba.
12136,"bashi tata bane na namayo umo bali kucibansa baletemba ifilecitika,bashitata babili nabekala elo abashala babili nomukashana bena nabeminina.",cilemoneka kwati ibumba balelumba talileteya bwino pantu bonse nabafitika pamenso.,"ee boi nimbona bonse pamenso balifye abafulwa fulwa,ngani uyu shitata kukuso ena nalolesha nakumbi.",elyo bashitata babili abekele nabakwata ifitabo balelembamo.,"ee boi cilemoneka balelemba ifyo ubwangalo baletamba buleenda,nomba pamenso pabo palelanga ati tabuleenda bwino ngemo wacilandila."
12137,umukashana nafwala ilaya naikata na insalu iikulu kunuma nasekelela.,cilemoneka kwati ali kuncende kulya abakashana nabalumendo bafwala ifyakufwala ifisuma nganshi elo baleenda balelangisha abantu.,ee boi cishinka ico walanda pantu nemyendele yakwe ilelangafye ati pali ebo alelanga ifyakufwala afwele.,ee boi elo muli uku kulanga kwafyakufwala abantu abengi balawininamo na indalama.,"ee boi walungika,ciba ati uwafwalapo ifyakufwala ifisuma pali bonse ninshi ewa wina."
12138,ibumba lyabantu lili kuncende imo lilebomba incito.,cilemoneka kwati aba bantu balepekanya incende apakucitila ifintu.,"walungika boi,cilemoneka kwati balifwaya ukutampa ukupanga ama filimu.","elo aba bantu bali uku balemoneka abaikatana saana,balebombela capamo.","ee boi ebu kankala bwancito,ngamulebombela capamo incito ilaba iyaanguka nganshi."
12139,"utubana tubili tuli pa mwinshi ya ng'anda,akakashana kamo nakeminina elyo akakashana kambi nakekala.",akakashana kekele kalemoneka kwati kalitemwa utwakulemba lemba.,elyo akakashana akeminine kalemoneka nakasekelela saana kuti caba ati pali uulekeba ifiweme?,"ee efyocilemoneka boi,pantu amenso yakako pali uko yalelolesha,ndemona kuli iciweme.",akakashana akekele nako ifyo kalelolesha umukalamba wakako kwati nakalufyanya saana nomba kalefwaya ukumuma.
12140,abakashana babili nabalala pabusanshi ubuseneme nabasekelela.,cilemoneka utu tukashana natukwata inshita iisuma saana pantu ukuseka uku takuibelele.,"elo balemoneka ukupalana ababene bakashana,bushe kuti baba fibusafye nangula nibamunyina?","cilepala nibamunyina,nomba balekwatako insansa babili cilya tabalalala.","awe kanshi eco balesekelela,pantu icitemwiko calupwa calipusanako necitemwiko camuntu umbi."
12141,bashi tata babili balekunkulusha icipepala icikulu icabulungana.,"ababene balumendo bafwele fimo fine,bushe kuti caba ati baletwala kwisa ici cintu balekunkulusha?","ici cintu cilemoneka kwati cilaka ngabacisomeka kumalaiti,ndemona balecitwala epo bapekenye ukucibika.","ifyo walanda fishinka,pantu incende baliko ilemoneka kwati nimpanga basungilamo inama.","cine cine,awe kanshi inama shakulaikalafye umwabuta,tashakalelolelafye umweshi. "
12142,bashitata babili nabekala pamwinshi wamucikulwa baleshimika.,cilemoneka aba bashikulu bantu babili niba malonda bapali ii ncende.,walungika boi pantu incende ii ilemoneka tapayayaya abantu iciyeyeye.,naciwama saana balipo babili pantu incito yabumalonda yalishupa saana ukubomba weka.,"cishinka ico boi,pantu ubunang'ani kuti bwakwikata waponena mutulo,lilya wabuka wasanga bakabolala nabasenda fyonse."
12143,"bashitata bamo bali mumpanga nembwa yabo iyabutuluka,imbwa naitangila pantanshi bena nabashalil.",inshila  ine balepitamo bashikulu bantu aba ilemoneka kwati yalepula pakati kalupili.,"ee boi,elyo imbwa yakaena iili na shikulu bantu uyu ilelolesha kwati ilefwailikisha utwakulya munshila.","elo cilemoneka kwati shikulu bantu nanaka saana,pantu aleendafye panono panono.","ee boi ulupili lulanasha ukukweleka,elyo ena mwalunda na ubukalamba,kanshi ukunaka kunaka bwangu saana."
12144,"shitata aleyensha amakwebo yakwe mu chibala,elyo kumpela yamusebo kuli bashitata babili abapapene pali honda,pakati napo lumolwine.","uyu shitata alemoneka kwati ala bombesha saana,pantu banono abafumyapo insoni nokuya mumusebo mukushitisha amakwebo yabo.","ee boi walungika,ngani munshita yesu abantu balicilamo saana ifipale,bafwaya indala shapabwikele.","nomba uyu shikulu bantu ena tafiposeleko namano,ena aletontonkanyafye pamakwebo pantu emo alila.",nabo balya abapapene pali honda balifye nefintu fyabo tabaleloleshako namumbali.
12145,"abantu babili baleoba ubwato pali bemba,nefyoni filepupuka pamulu pali uyuwine bemba.","aba bantu cine tabakwata umwenso,pantu ubwato apa bufikile palemoneka nipakati kabemba.","ee boi elo ninshi akabwato kalemoneka kanono,amabimbi ngayalimine kuti caba icabipa saana.","limbi kale batampa ukupitana pamimana namato,pantu teti weulesambilila ufike konse uku.","ifyoni nafyo fileshungulukafye pali bemba,cipelile kwati filya isabi ilyo fyalakompako."
12146,abantu abapusana pusana bali muma bwato pachimana.,cilemoneka kwati amabwato aya muli abantu abemine pamo ukuya mukwangala.,"ndemona nifyofine walanda boi,limbi ecilengele nokutila yalingane pamo.",nombafye umwensofye eo tabakwata aba bantu pantu pakati kabemba palatinya nganshi.,"ee bena aba bantu bafwaya ukucita ifintu ifyo abengi teti bakwanishe ukucita,pakutila bapanga ishina."
12147,shikulu bantu umo naikala pambali yamwinshi nashintilisha napa lubao epo akobeke amakwebo yakwe.,umwinshi wine uyu shikulu bantu ekelepo ulemoneka kwati ni petempele panse.,"ee boi,cilemoneka namakwebo akwete bulungu bwamumukoshi uyu shikulu bantu.","nomba boi ubu bulungu kuti bwaba bakushitisha nangu alepelafye,pantu pa church tapaba makwebo.","awe boi inonshita ifintu fhonse kushita,finono saana ifyo bapelafye kubupe,ndemona afwilefye aleshitisha."
12148,banamayo batatu nabekala panshi nabaseka nganshi.,"kwena aba banakulu bantu nabasekelela,neco balesekapo cifwile nacisekesha saana.","ee boi,elyo bonse balelolesha kumo kwine limbi pali ifyo bamwene ifilesekesha.","elyo imisekele yabakote taipwa bwangu,ndemona balaposapo saana inshita pakuti baleke ukuseka.","ee boi baleke abene baleseka,icibemba calilanda ati ukuseka muti,kanshi kubalekafye abene balesansamuka."
12149,"umukashana uufwele ifyafita naiminina pakati ka musebo,mumbali yamusebo balibyalikamo nefimuti.",elo uyu wine musebo boi ulemoneka baupisha pakati kamisebo shibili umupita imyotoka.,"cacine ico boi,elo incende ii ilemoneka kwati yalitalala saana,ecilengele umukashana ukufwala ifyatikama umusango uyu.","kwalitalala saana,ndemona ecilengele nokuti aifimbe pantu snow ilepona.","umusebo wine uyu baliupanga ubusaka saana,balibyalilila nifimuti mumbali ifilemoneka ubusaka saana."
12150,"ibumba lyabantu nalikata nensalu ishakashika lileimba,kunuma yebumba ili kuli nama luba ayatali nganshi.",ili ibumba lyabantu lilemoneka kwati pali ifyo lileibukisha pali ubu bushiku.,"cishinka ico boi pantu kutunwa bonse bali kwati baleimba,kuti caba ati pali umuntu uwambele saana uwafwile ubushiku ubu?",ee kuti caba cishinka ico boi pantu abantu tabakolonganafye umusango uyu ngatapali icilecitikapo.,"cishinka ico boi,elyo ndemona aba bantu kutali saana baleya ,limbi kalewa baleimbafye inyimbo na ukwenda."
12151,ibumba lyabantu abafwele ifyakashika nabasekelela nabemya nefilubi mumulu.,cilemoneka ubu bushiku balikwata ifyo balesefyapo aba bantu.,"cishinka ico boi,nefilubi bemisha mumulu filelondolola fyonse.",elo bulemoneka bushiku ubwansansa saana pantu abantu bali uku nabasekelela ngashi.,"saana boi,elyo boi inshiku shaifi shilaleta abantu pamo,ngefyo umwene cinkupiti wabantu nalongana."
12152,umulumendo umo na umukashana bali mwituka lyafyakufwala.,cilemoneka kwati umulumendo alefwaya ukushita ilaya elo umukashana eushitisha mwituka ili.,"walungika boi,umukashana wine ifyo alelangishapo umulumendo ilaya,awe cine ninamakwebo.",ee boi kaili walishibafye ufwile walumbanya saana icintu uleshitisha pakweba ati uulecifwaya acitemenwako.,"awe kwena cishinka,bashi makwebo nabana makwebo baliba abacenjela saana."
12153,"abakashana batatu baleendela pamo nabasansamuka,elyo kunuma yabo kuli utulemendo tubili pa ncinga.",cilemoneka kwati utulumendo tuli pa ncinga tulefwaya ukupita nomba aba bakashana nabasenda inshila yonse.,elo cipalile kwati aba bakashana pali uyo balelolesha uo balesekelela.,"ee cishinka boi,elyo uyu muntu balesekelela afwila ali pamulu mucikulwa. ","walungika boi pantu bonse amenso yalelolesha kumulu,limbi munabo uyo bamwenepo kale saana."
12154,"umukashana natomboka mumulu nakakushelelelako,kunuma yakwe kuli na ifyani ifyauma.",elyo cilemoneka kwati nipali snow aleshelela uyu mukashana elo atomboka.,"ee boi ilingiline abashelela batemwa pali snow,emulandu kafwalile na ifyakufwala ifyakaba.",elyo incende ine ii ilemoneka kwati nikukapanga mulandu wafyani ifili kunuma.," ee boi kulemoneka nikumpanga cishinka,ndemona eco umukashana akutemenwe saana pantu kwaliba ukwatalalila."
12155,"umulumendo ali mumbali yamusebo natomboka,aleyangasha akakushelelelako,kunuma yakwe kulu na ifimbayambaya fibili fileenda.","iine incende aleyangalilako ilemoneka iyatalalila saana,ndemona abantu abapitako tebengi saana.","ee boi,umulumendo wine uyu ifyo alepilibaushapo akakene kangu kakwe teti aicena nokuicena.","abalumendo aba balyangala saana,ndemona atampilefye ukwangala ifi ninshi alifye umwaice,baliicena balinaka.","cishinka ico boi,ndemona eco talelangila nokuba na umwenso pantu alibelela ukupilibauka muli uyu musango. "
12156,umulemendo aleyangasha honda yakwe naitombosha namumulu.,elyo pambao aleyangilila umusango uyu umulumendo palemoneka kwati tepakwangalila iyo. ,"cishinka ico boi,pantu panshi ya mbao ishi pali ifikopo ifikulu ifyapangwa na ifyela,ifingakunkuluka.","awe kwena aba bantu umwenso wena tabakwata,amangalo yamo yalacilamo.","teti tulande saana boi,limbi abene balibelela telelo batampa ukwangala umusango uyu."
12157,namayo umo naiminina alelolesha pacikope apali ba kateya bamupila waku makasa.,uyu namayo alemoneka kwati ici icikope nacimumfwisha bwino saana.,"ee boi pantu imiloleseshe ilelondolola fyonse,cilemoneka alitemwa saana ubwangalo bwamupila.","ee boi efyo cilemoneka,afwilefye alitemwa ubu bwangalo,ndemona aleesha ukwelenganya ukumona ngalaibukishapo fimo.","ee boi,inonshita abantu abengi balitemwa ukutamba ubwangalo bwa mupila wakumakasa."
12158,"ibumba lyabashitata lilebutuka ulubilo lwakucimfyanya,mumbali yamusebo balibukilamo muli na bantu abaletamba.",aba bantu balebutuka balemoneka kwati bashangalala saana cilya bakumanya abantu balebalumba.,"ee boi walishibafye icimwela cabantu cilafwaika saana mumangalo aya,pantu cilapela amaka yakubutuka.",cilemoneka kwati uku kubutuka kuli ukukankala saana kubantu abalebutuka pantu nababikako saana amano.,"saana boi,amangalo yaifi yaliba ayakankala saana pantu yalefwako nemibili shabalebutuka ukuba ishabumi."
12159,"umulumendo ali pa musebo aleensha inchinga,mumatwi aleumfwa ne nyimbo.",uyu mulendo ali uwatekanya saana cipalile kwati tapali ifyo alebutukila.,"walungika boi,limbi elo alebwela uko aciya mukubombela nangu mukutandala.","napapa nechola munuma,limbi uyu mulumendo kuti aba nikalisukulu.","kuti caba nifyofine boi,elyo kuncende kwine apitile kwaliba ukwatalalila kuti takwikala nabantu."
12160,ibumba lyabantu lili mubwantu balefwaya ukwabukila kwishilya lyamumana.,amenshi yamumumana wine uyu yalemoneka ayafundauka kwati nimulamba wamfula.,"efyo yalemoneka boi,ndemona aba bantu mu bwato umushi wabo waliisulilwa namenshi,eico balefwaya ukwabukila kumulundu.","kuti waumfwa na uluse pantu inshita shaifi shilepaya ifingi saana,apali fisabo,ifinama nafifmbi ifyashala.","awe kanshi tacawama boi,ndemona ukuya intashi abantu bakasanga ofyakucingilila ubwafya bwakula umusango uyu."
12161,"umulumendo aleyangala,aleshelela pamulu wakashimbi.",elo uyu mulumendo ngaliponene ebushiku engaleka nokwangala kwamusango uyu.,"afwile aliicenapo fyalibelela,aba balumendo icingabaleshafye ukwangala nimfwa.",imfwa ine ulelandapo kuti yamwishila napapene pantu apa aleshelela patali saana.,"abantu bambi besa mukutontonkanya pafintu lilya fyacitika,palya mumutwe mulifye ati aleyangala."
12162,"shikulu bantu umo alelisha iseleti,elyo ibumba lyabantu nalikolongana lilemutamba.",shikulu bantu alemoneka kwati nikanyekanye saana mukulisha iseleti lyakwe ili.,"ukuba kwena nikanyekanye,kumwenafye kubantu abakolongene mukutamba ifyo alecita.",elyo ilingiline abalisha amaseleti balisha inyimbo ishakale saana.,"ee boi cishinka ico pantu nabangu balekolongana mukutamba balemoneka bakalamba,baleibukishako inshita shakale."
12163,umulumendo umo ali mucikulwa alelisha banjo nasekelela.,ukusekelela kwakwa shikulu bantu uyu kolemoneka kwati abantu bamutotela saana cilya apwisha ukwimba. ,efyocilemoneka pantu namwentula saana aleka nokulisha banjo yakwe.,kulaba ukumfwa bwino saana abantu ngabakutotela pafintu ifyo wacilacita.,"ee boi,ndemona ecilengele nokutila akwate na icicetekelo cakwimbisha saana,kaili ninshi aishiba ati abantu nabatemwa ifyo alecita."
12164,umukashana umo ali kumbali yamu mana nakwela napalubao aleyangala.,aka kakashana kalemoneka kali na icimuti cakulobelako isabi.,nomba pantu kakwelele tekuti ngakaikata isabi ilikulu lyakadonsela mumenshi.,"limbi kakwelelefye palya mukutila kaposelepofye intambo,limbi kalaikila ngakaposa.","ee cishinka ico,kafwile kaleumfwa bwino saana kuncende ukwatalalila ngei."
12165,"abaice babili,akalumendo naka kashana,bali kumbali yamumana baleyangala na umucanga.","cilemoneka nabasansamuka saana abaice aba,pantu ukwangala mufiko kubwaice kulomfwika bwino saana.",kuluba na ico balebumba pantu tacilepalako kucintu nakalya.,"ifintu balepanga boi kwisamoneka ngafyapwa,limbi elo baleyamba abene.",walungika nangula ifintu fyamano kubaice fimoneka fyacabe cabe kuli fwe bakalamba.
12166,"ibumba lyabantu lilecita ifyapusana pusana,bambi nabekala elyo bambi baleyenda.",ii ncende ilemoneka kwati palasangwa saana ifintu ificitikapo pantu abantu abalepitapo bafulisha.,ee boi palemoneka kwati nipesukulu lyama sambililo yakalamba.,"walungika boi,pantu abantu balemonekafye abansale nsale,cilamuntu ali nefyo alecita. ","ee boi,kanshi yalikosa ngataukwete uyo wishibeko,kuleendafye nokucita ifintu weka."
12167,ba wishi nabanyina na akamwana balenda mumbali yamumana.,nomba aba bafyashi umwana batangishe tabakweteko nomwenso ati kuti aponena mucimana ici?,"nabasula nako balesekelelafye,elo ninshi apaleendela akamwana nkaka ipuntulakofye panono ninshi kawila mumenshi.","abafyashi bamo tabaposako amano kufilecitika,abana balinga ukukontolola nokucingilila inshita yonse.","teti tulande saana limbi balikacetekela saana akamwana kene aka,pantu kalemoneka akasalapukisha nganshi."
12168,"ibumba lyabantu,apali abashilika nabaice bamumushi baletunta iloba.",cilemoneka aba abashilika baleyafwa aba bana ukuwamya ulubansa lwabo.,"ee boi walungika,elo abana balemoneka kwati bana banshiwa.","limbi boi,ndemona ecilengele naba bashilika ukwisa kuncende iyi.",ee boi limbi balefwaya ukukulilako aba bana ing'anda naimbi umwakwikala.
12169,"akamwana akakashana,nakafwala icisote uku kalelya na ice cream.","akamwana kene ifyo kaleloleshapo,kwati bakeba ifintu ifyo takasekelemo.","ee boi akamwaice,ubwafya utubaice twainonshita imitima shatuko shabafye fye palupi.","cishinka ico boi,ukukebakofye akantu akanono ninshi kafulwa,cikangafye mwambe na ukulwa.","ala bwafya saana,limbi bacikabalafye abalinakena,akena kaleililafye ice cream mumutalalila."
12170,bashitata batatu nabeminina pambali yamusebo baleshimika.,cipalile ilyashi baleshimika naliwama saana pantu ukusekelela uku takuibelele.,ee boi walishibafye abaume baletemwa ukusekesha ngabali beka beka.,elo bulemoneka bushiku bushe kuti caba ati pali eo balelolela nangula iyo?,ndemona aba bantu bena mupalamano nomba bafumina panse bonse ukutila bashimikeko panono.
12171,"imbwa shibili,imo iyafita imo iyabutuluka shilebutuka.",elyo imbwa ishi shilemoneka kwati shilebutukila ukucimfyanya.,"nomba boi imbwa nasho shilacimfyanya kanshi,pantu tashilanda.","ee boi,ubu bwangalo bantu besa nembwa shabo isho babutusha,imbwa yobe ngayawina ninshi niwe wewakusenda icilambu.","cishinka ico walanda boi,nimbona nabashifimba nakukanwa shonse shibili,baletina ati limbi kuti shasuma abantu."
12172,"namayo umo aleyenda naikata na inkomaki,kunuma yakwe kuli na banamayo babili abalelolesha mumbali.","cilemoneka namayo uyu naumfwa bwino saana,efyo ekete inkomaki na imyendele filelondolola fyonse.",ee boi cilemoneka pali eko alefuma nomba pakuya ku nganda asala ukunwako utwakunwa.,"abakashana nabo kunuma ukulolekesha,tekuti neo balelosha apona, nangu apatwa ngapali ifyo alelya.","ala bwafya abakashan,kufwaya balolekeshe bakuti baleya bashimike bwino uko baleya."
12173,"abakashana babili nabekatana balekopwa icikope,kunuma yabo kuli abantu abalecita ifyapusana pusana.",incende ine kulemoneka abantu abengi kuti caba ati pali ifilecitikako?,ndemona abantu aba bonse bekala kuli iine ncende pantu nimbonako amayanda.,"walungika boi,panuma ya ababene balekopwa icikope pali abakashana abali pamo baleshimika.",elo kunuma yabo kulya kumbi kuli shitata uufwele ifyakashikila alebutuka.
12174,"umulumendo alimumulu,acilashelela pali snow elo atomboka.",umulemendo uyu alemoneka kwati alekwata inshita iisuma saana.,"ee boi,takweteko nomwenso wakuifuna ngaapona,pantu natombokela mumulu saana. ","afwile alibelela kale atampa,cine natombokesha alefwaya na ukukumya pantambo.","elyo kuminwe naikata utumuti tubili,cilemoneka atumbomfya nga inkonto shakumucingilila ukupona cilya aleshelela."
12175,shitata umo nashintilisha petebulo epo atantika amakwebo yakwe.,cilemoneka pali ili tebulo ashitishapofye ifyakulya.,"ee boi,nimbona aleocha na umunani pambali yakwe,uyu muntu alemoneka alabombesha.",ee boi umuntu kubombesha ukucila ukulalolelafye ati umuntu umbi ese akulishe.,"cine cine boi,maka maka umwaume tacaba icayanguka ukulisha ulupwa nawemwine."
12176,"imbwashibili,imo iyafita imo iyakashika shili pakati ka chibansa shilebutuka,mumbali yacibansa muli abantu abaletamba.",cilemoneka kwati imbwa ishi shilebutuka ulubilo lwakucimfyanya.,ee boi pantu abantu mumbali cilemoneka kwati baleumfwa bwino saana ukutamba imbwa ishi uko shileyangala.,nomba imbwa iyafita yena ilebutuka bukali bukali naibifya napamenso.,"ee boi kwaliba imbwa ishakalipafye namukumoneka,icakweba ati ngayakulolesha umwenso wakwingila nangu tailwkupepeka."
12177,namayo umo naikala pakati kama kwebo yakwe nashintilisha nakwilinga.,namayo uyu alemoneka alabombesha saana pantu  amakwebo akwete ayakushitisha nayafulisha. ,"ee boi abafyashi abanakashi balikwata umutima wakubombesha,ndemona balelwisha ifyakuti abana balye.","cishinka ico boi,pantu ngapaba ico umufyashi umwanakashi apata kulalika abana na insala.","cine boi,kanshi abafyashi bakicindikisha pantu balapita mufintu ifingi saana pakuti fye batukushe."
12178,abalumendo babili bali pa menshi balesamba nabasamuna na kutunwa.,aba balumendo cilemoneka kwati balefwaya ukwabuka umumna.,"ee boi pantu balemoneka kwati tabalesamba,balemoneka kwati baleendafye mumenshi.","elyo uyu uushalile alemoneka ali na umwenso,bushe kuti caba ati taishiba ukusamba?",kuti caba nifyofine boi pantu uyu mulimendo uutangile ena alemonekafye uwasekelela.
12179,umukashana umo aleyanda mumusebo na imbwa yakwe ilemukonka panuma.,cilemoneka kwati uyu mukashana aleya kucikulwa cilemoneka kuntanshi.,"ee boi pantu inshila ii eko iletungululafye,elyo ifimuti ifi mumbali balifisunga ubusaka saana",ee boi cilemoneka kwati abene bancende ii bantu ababusaka saana.,icakuti ngawafika pang'anda yamuntu uleumfwa na icipale cakwenda kumulandufye na ubusaka usangilepo.
12180,abantu abampendwa baleensha ama honda yabo pamusebo.,"cilemoneka kuli ii ncende  balyakanya imisebo,ukwakupita ifimbayambaya elyo nokwakupita ama honda.","efyo cilepala boi,elo cilemoneka kwati incende ii kwaliba amatuka ayengi mumbali yamusebo.",ndemona ifi bayakanya umusebo calibako bwino mumyendele pantu takuba ukucelwa mukwenda.,"ee boi cishinka,elyo nefyakucitika citika pamusebo fikemoneka fyalicepanako,pantu abama honda balashipikana ukupita mumisebo mupita ifimbayambaya."
12181,"ibumba lyabantu,abaice nabakalamba nabalongana baleimya namapepala yabo mumulu.",cilemoneka aba bantu pantu ifyo balefwaya ukubacitila nomba tabalebacitila.,ee boi ndemona ecilengele aba bantu ukuya pamusebo ukutila abalengile ukucita ifi baposeko amano.,nomba nabaice bonse nabalongana muli uku kulongana tabakweteko na umwenso.,"ndemona babasendelefye kubafyashi babo,limbi tabeshibe na ifilecitika,balekonkeleshafye abafyashi babo."
12182,"abakashana babili,umo naikala umo alewamya imipando sha mu cikulwa bali.",uyu mukashana alewamya pamipando alemoneka kwati abomba muli icicine cikulwa.,icicine cikulwa cilemobeka kwati muntu balila ifyakulya abantu.,ee chishinka ico boi pantu umukashana ekele alemoneka alenwa ifyakunwa.,"elo alelosha nakumbi,cipalile kwati alelolela bamulutele ifyakulya."
12183,akamwana kali keka mu ng'anda kunuma yakako kuli na itebulo.,aka kamwana kalemoneka pali ifyo kalefwaya nomba takalefisanga.,elo efyokalelolesha kwati nabakatanafye fintu kalefwaya.,limbi balefwaya ukukashupa walishiba utubana tulomfwika bwino ukutwangasha.,"saana boi,bafwile balakapela fyonse kalefwaya,pantu takwaba umufyashi uutana abana."
12184,"imbwa shibili,imo iyafita imo iyakashika shileyangala pamumana nashilosha na ukwapusaana.",imbwa ishi shilemoneka kwati shileumfwa bwino saana ukwangala pamenshi.,"ee boi nangula nacimpapusha,ine naishiba ati imbwa shalipatana namenshi.",imbwa shainonshita boi balashifunda ifingi saana ukubikapofye na ukusamba pa menshi.,awe kanshi kuti wakwatako na icilaka cakutekako imbwa pantu shilemoneka ubusaka saana.
12185,shitata umo ali pa cani alekweleka umulundu uku aledonsa na icikopo capangwa na ifyela.,icicine cintu aledonsa cilemoneka icafina nganshi umulumendo nakaka napamenso pakucidonsa.,"limbi tacifinine saana nombafye ulemoneka kwati mulundu alekweleka,ecilengele ici cintntu ukufina.",kuti caba ati pali uko alecitwala nangu aleangashakofye umubuli wakwe?,"cilemoneka kwati aleyololafye uyu muntu,pantu eko aletwala ici cintu takulemoneka."
12186,umulumendo naikala eka alelenga na utubokoshi mu citabo cakwe.,umulumendo wine uyu ifintu alelenga filemoneka kwati ning'anda alefwaya ukupanga.,"ifyo walanda cishinka boi,ndemona alefwaya ukukula ing'anda nomba aleilenga mwibuku pakuti eshibe bwino ifyo ikalamoneka.","ee boi caliba icikankala ukulenga epo taulatampa ukukula,pakweba ati balya ukapela ukukulilako bakalakonka ifyo wemwine ulefwaya.","elyo umulumendo alemoneka naposhako saana amano,ifili mumbali talifimona na ukufimona."
12187,umulumendo naiminika icimbayambaya cakwe icakashika mumbali yamusebo.,umulumendo wine cilya aiminika icimbayambaya afumanamo.,"elyo cilya alefuma acili alelolekesha mukati,cipalile kwati pali ifyo alaba pakufuma.","limbi boi,nangula icimbayambaya cakwe ici cili icipya,teti akwanishe ukufumyako amenso.",awe kwena icintu icipya calishupa ukufumya kumano kumona kwati ngawafumyako amano balakwibila.
12188,"abakashana basano baleyangala mumensi ayamatipa,pali aba basano,babili nabekata kuntambo ii lebadonsa.",cilemoneka aba bakashana balekwata inshita iyakusansamuka saana.,"saana boi pamenso pabo epalelondololafye fyonse,palifye apansansa nganshi.","nomba abakashana nabo amenshi ubwingi basalapofye ayamatipa,tabalesakamana na ukulamba.","akoni kekala pamusambo katemenwe boi,ndemona abene imitima epo shikele apapene."
12189,"namayo umo naiminina mumbali yamusebo nashinta namunshiku,kuntanshi yakwe kuli na shitata uuli pancinga.",uyuwine namayo alemoneka kwati pali ifyo aletontonkanyapo ifimushupile saana.,"ndemona nifyo,pantu emininefye eka nashinta namunshinku.",limbi kuti caba ati pali ebo alelolela nomba balekokola ukwisa.,elo amenso yalolelefye kuli shikulubantu uuli na incinga kwati eumulufyenye.
12190,shikulubantu umo naikala pali honda yakwe mumbali yamusebo.,shikulu bantu uyu alemoneka kwati pali ebo alelolela ukusenda pali honda yakwe iyi.,"ee boi walungika,pakulolela ebo alelolela shikulu bantu uyu  alefokawilapo na fwaka.","aba bantu balitemwa fwaka,kuluba nefyo basendamo pantu mucushi teti mufume nangu cimo.",balishiba abene ifyo basendamo boi mwati kuti ulecita icintu icishilekupela nangu cimo.
12191,bashitata babili nabakwela pamulu wacipampa balecikakilila.,cilemoneka aba bantu nibakanye kanye mumilimo ishi pantu balemoneka tabakwete na umwenso pamulu palya bali.,"ndemona kale batamba balibelela,incito yonse ngawaibelela boi ilamoneka iyaanguka saana.",shitata uuli pamulu alemoneka kwati emwine wancito ii elyo uyu shitata kunshi alemoneka kwati alemwafwakofye.,ee boi incito ii nangula wingaba kanye kanye teti uibombe weka kanshi ifwaika umuntu uwakukwikatishako.
12192,"cinkupiti wabantu ali mucisankano,aba bantu baleshita ifintu ifyapusana pusana.","ici cisankano cilemoneka kwati cilasenda saana abantu abengi,pantu abali uku kuncende nabafulisha nganshi.",ee boi elo kulemoneka kwati ifintu fyalicipa saana kuncende iyi icilengele abantu ukufula.,ee boi kuti caba cishinka ico pantu abantu balitemwa saana ifyacipa.,ee boi kaili ifyacipa filafwilishako ukusunga indala pantu ukalashita ifintu ifingi pamutengo uunono.
12193,banamayo babili nabekala kunuma yacimbayambaya balelya icakulya.,cilemoneka aba banamayo baciba pancito nomba insala yabekata ati natulyeko icakulya.,"efyo cilepala boi,elyo balemoneka ati balabombesha saana aba bantu,imimonekele yabo ilelondolola fyonse.",elyo boi cilepala kwati aba bantu nibalya abapita mumatuka baleshitisha imikate.,"ee kuti caba cishinka ico,pantu nombona ecakulya balelya nokulya,bafwile balomfwa bwino saana ici cakulya."
12194,"ibumba lyabantu abampendwa nabatantama,uuli pantanshi mukalamba elyo bonse kunuma baice.",cilemoneka kwati uyu mulumendo umukalamba aleyangasha aba baice.,ee boi elyo abaice nabomfwa bwino saana balemukonkafye konse uko aya.,"elyo cilemoneka aba baice bekala muncende imoine,ecilengele bakolongane ubusaka saana.","ee boi,elyo abaice balomfwa bwino saana ukwangala kwakweba ati bali na umukalamba,pantu umukalamba akulabafunda amangalo ayapusa pusana."
12195,"shitata nakwela pamulu we horse alelisbutusha,kunuma yakwe kuli noulekoma kwilinga.",elyo i horse line ili akwelelepo lilemoneka kwati lili mukuponena panshi.,"ee bou efyo cilemoneka,elyo uyu muntu ukwelele pamulu alemoneka kwati alepona nalyena.","awe kwena eco aya mangalo yatinisha,pantu ifingacitika fingi saana.","ndemona balasambilila ifyakucita icinama ukwelelepo nkacapona,afwile palya ali tasakamene nakusakamana."
12196,umukashana umo alikuntashi naikata necakupundilamo aleimba.,uyu mukushana cilemoneka kwati aleimbila ibumba lyabantu ililemutamba.,ee boi elyo alemoneka kwati aleumfwa bwino saana ukwimbila aba bantu.,ee boi umukashana alemoneka alomfwa bwino ifyo acita ecilengele nabantu ukufitemwa.,ndemona ili italanta lyakwe lilamuletela saana indalama pantu ndesubila kwingi saana uko bamwita ukuya mukwimba.
12197,umukashana umo ali muchibansa aleteyaubwangalo bwa tennis.,ubu bwangalo bumoneka kwati bufwaika abantu abayangukilwa.,"ee boi cishinka ico kaili mwaliba ukubutauka mubwangalo umu,kanshi ngawalifinina teti ukwanishe.",elyo uyu wine mukashana alemonekafye uwatekanya talemonekapo nokuti ali na umwenso.,ee boi umwenso teti akwate kaili afwile aliipekanya umupwilapo ilyo ubwangalo ubu bwali tabulafika.
12198,"shitata umo naikala pacilibe icikulu,kunuma yakwe kulemoneka na ifimuti ifingi saana.",cilemoneka shikulu bantu uyu ele kuli ii ncende ukuti akwateko inshita ekafye ukwabula icongo.,"ee boi limo icongo cilacilamo mumayanda,kanshi cikankala saana ukukwatako inshita weka.",ee boi kaili inshita uli weka ilalengako walabako kufintu fimo ifyamucalo.,elyo shitata uyu ilibwe ekalepo lilemoneka ubusaka saana ilikulu bwino bwino.
12199,"bashi tata babili nabasansamuka ngashi,umo nabamupapa namunuma.",aba baume balemoneka kwati nibalya abaume abopana beka beka.,ee boi pantu abaumefye bwino bwino tabangala umusango uyu.,elo balemoneka kwati baciya mukushita ifintu ifyalekana lekana.,"ew boi,apa teti wishibe ngacakuti umulume niwisa nangula uukashi niwisa."
12200,shitata umo nasekelela nganshi naikata na injuka kuminwe.,uyu shikulu bantu alemoneka kwati nibalya abapitana balelangisha abantu ifyo bengacita na injuka.,"ee boi walungika,elyo ababene bantu balaba abasalapukisha saana kuluba nefyo bacita injuka shabo shine ishi.",ee boi kutiwapapa pantu kuli ifwe fwebashafishiba fimoneka kwati buloshi.,"teti twishibe limbi balabikamo na ubuloshi,pantu ifintu bacita fimo filacilamo."