IMAGE #,SPEAKER 1,SPEAKER 2,SPEAKER 1,SPEAKER 2,SPEAKER 1
9951,Umwaume uwamushinku wapakati no mwefu uwafita alelisha icilimba ca nsale uku ninshi naikala.,Bushe nifinshi ifili kunuma ya uyu umwaume uulelisha icilimba ca nsale?,Kunuma ya uyu umwaume uulelisha icilimba ca nsale kuli icitukutuku ico bafimbilepo insalu iyafita.,Bushe nifinshi fimbi ifili lubali lwa uyu umwaume uulelisha icilimba ca nsale?,Lubali lwa uyu umwaume uulelisha icilimba ca nsale kuli abantu abengi abapusanapusana abaleingila mukati kacikulwa.
9952,Umukashana umusepela nakakashana akanono ababuuta inkanda nabeminina pamo.,Bushe nikwisa uyu umukashana umusepela eminine no uyu umukashana umunono?,Uyu umukashana umusepela no mukashana umunono beminine pecinka lyakwa kabalwe.,Bushe nifinshi ifyo aba abakashana babili balecita ilyo beminine pecinka lya kwa kabalwe?,cilemoneka kwati uyu umukashana umusepela alefunda uyu umukashana umunono ifyakulihsa kabalwe.
9953,Abantu abengi abapusanapusana imishinku baleenda mumusebo uukalamba uwamanenekela.,Bushe uyu umusebo uukalamba uo aba abantu abapusanapusana imishinku baleendamo ubelele kwisa.,Uyu umusebo uukalamba uo aba abantu abengi abaleendamo ubelele mupepi ne cikulwa cabwalwa.,Bushe aba abantu abapusanapusana imishinku abaleenda muli uyu umusebo uukalamba nifinshi balecita?,Bamo Pali aba abantu abengi nabeminina elyo bambi nabekala mumbali ya cikulwa ca bwalwa.
9954,Umwaume uwamushinku wapakati uwabuuta inkanda aleoba akabwato akanono.,Bushe aka akabwato akanono uyu umwaume aleoba kalemoneka shani?,Aka akabwato akanono uyu umwaume aleoba kakwete ilangi ilyakatapa katapa elyo kakuninamofye umuntu umo.,Bushe uyu umumana  umo uyu umwaume aleoba akabwato akanono ulemoneka shani?,Uyu umumana uyu umwaume alipo uli nnmeenshi ayabuuta ayalepona ukufuma kucipoma.
9955,Abacaice babili abanono ababuuta inkanda bali mumbali yacikulwa icikalamba., Bushe bana bamusangonshi abeminine mumbali ya ici cikulwa icikalamba ,Pali utu utubana Pali akamulumendo kamo akabuuta inkanda elyo na kanakashi akanono akankanda yabuuta.,Bushe utu utubana tubili utunono utwabuuta inkanda nibani tulinabo ili tuli Pali iyi incende?,Utu utubana tubili utunono utwabuuta inkanda tuli no muntu umukulu uwabuuta inkanda uwikete aka akamwana akaume pakuboko.
9956,Umwaume umukoloci umwipi uwabuuta inkanda alekansana no mwaume umukolochi umutali uwabuuta inkanda.,Bushe nifinshi ifyo aba abaume babili ababuuta inkanda abalekansana bafwele?,Uyu umwaume umukoloci umwipi uulesoka umunankwe afwele suti iyafita elyo uyu umbi umutali afwele suti iyafita.,Bushe nifinshi ifili kunuma ya uyu umwaume umwipi uulesoka umunankwe?,Kunuma ya uyu umwaume umukoloci kuli namayo uwamushinku wapakati uwabuuta inkanda no mushishi uwipi uwafita 
9957,Abana be sukulu abanono ababuuta inkanda baletukusha umubili., Bushe aba abana abanono ababuuta inkanda bali nabani ilibaletukusha umubili?,Aba abana abanono abaletukusha umubili bali na namayo umukulu uo balebutuka nankwe.,Bushe nifinshi ifyo aba abana abanono ababuuta inkanda abalebutuka bafwele?,Abana bamo bafwele amashati ayabuuta elyo bambi bafwele amashati ayelangi lyamutuntula kabili abengi bafwele atuputula kunshi.
9958,Shikulu bantu umukoloci naikala pakapuna mupepi netebulo apali ifyakunwa,Bushe uyu shikulu bantu umukoloci fyakufwalanshi ifyo afwele kumubili wakwe?," uyu shikulu bantu umukoloci afwele ishati ilyabuuta, akasote elyo namagalashi yakumwenako.",Bushe nifinshi ifili kunuma ya uyu umwaume umukoloci uwikele pakapuna?, kunuma ya uyu umwaume umukoloci uwikele kuli insalu iikalamba iikwetemo imilaini ayakashika neyabuuta.
9959,Ici icikulwa icikalamba cilemoneka ngomobangalila ubwangalo bwa kwensha utubao utwakwata imipeto ine panshi.,Bushe bantu bamusangonshi abali muli ici icikulwa umo bangalila ubu ubwangalo?,Muli ici icikulwa icikalamba muli abantu abapusanapusana abalecita ifintu ifyalekanalekana?,Bushe fintu nshi fimo ifyo aba abantu abapusanapusana abali muli ici icikulwa balecita?,"Bamo aba abantu abali muli ici icikulwa nabanina pa ntontoka, bambi nabekala balelangishanya icitemwiko elyo bambi nabekala baleambaula."
9960,Abaume babili banakashi babili abamushinku wapakati nabeminina pamo., Bushe nifinshi aba abaume babili balecita nabanakashi babili?,Aba abaume babili nabanakashi babili ababuuta inkanda balekopelwa ifikope capamo uku ninshi bapalamana.,Bushe aba abaume abalekopelwa pamo naba abanakashi babili balemoneka Shani pamenso?,Pali aba abaume babili Pali umo umutali uufwele icisote cafita no mwefu uukulu elyo uyu umbi nakwata umushishi uwipi uwafita.
9961,Abaume babili ababuuta inkanda balelishisha ifilimba nokwimba ulwimbo pacisebele.,Bushe filimba fya musango nshi aba abaume balebomfya pakwimba ulwimbo?,Aba abaume babili abamushinku wapakati nabakwata ifilimba fya nsale elyo balebomfya nefisoselo.,Bushe uku kuli iyi incende  ukuli aba abaume babili nibani bambi abaliko?,pantanshi ya ici icisebele apali aba abaume babili Pali abantu abengi abaletamba aba abaume.
9962,Abantu batatu balelisha ifilimba mucikulwa umushili ulubuuto ulwingi saana.,Bushe aba abantu batatu abalelisha  ifilimba bantu bamusango nshi?,Pali aba abantu batatu Pali umwaume umo umutubilishi elyo na abanakashi babili.,Bushe nifinshi fimbi ifili kuli Ici cifulo aba abantu batatu balelishisha ifilimba fyabo?.,Pantanshi ya aba abantu batatu Pali abantu abapusanapusana imishinku abaletamba uko aba abantu balelishisha ifilimba.
9963,Abantu abapusanapusana imishinku balecita ifintu ifyalekanalekana mwi tauni ilikalamba nganshi.,Bushe ili itauni aba abantu abalekanalekana balimo lilemoneka shani? ,Ili itauni ilikalamba nganshi nalikwata ifikulwa ifikalamba nganshi ne misebo ya manenekela,Bushe nifinshi ifili Pali ifi ifikulwa ifikalamba ifili muli ili itauni ilikalamba?,Pali ifi ifikulwa Pali ifitunshi tunshi ifikulu apo balelangisha ifintu ifyalekanalekana.
9964,Umwaume  umunono uwankanda yabuuta no mushishi uwafita aleangala mu mpanga.,Bushe nifinshi ifyo uyu umulumendo wacaice uuleangala mumpanga afwele?,Uyu umulumendo wacaice uuleangala mumpanga afwele ishati iyamindoloshi  kabili Pali ifyo alekaka muli iyi impanga., Bushe iyi impanga uyu umulumendo wacaice aleangalilako ilemoneka shani mumenso?,Kuli iyi impanga uyu umulumendo wacaice ali kuli ifyani ifyakatapa katapa ifyalelema kabili ifitali.
9965,Pali iyi incende pali ifimbayaya ifikulu ifingi nishi nafiminina.,Bushe nifinshi fimbi ifili Pali ici icifulo apali ifi ifimbaya mbaya  ifikalamba?, Pali ici icifulo apali ifi ifimbaya mbaya ifikalamba Pali abantu abengi abalebomba imilimo iyapusana pusana.,Bushe nifinshi fimbi ifili Pali ici icifulo apali ifi ifimbaya mbaya nabantu abalebomba?, Pali ici icifulo Pali ifipe ifingi ifyapusana pusana imitundu na malanginshi.
9966,Nakulubantu umukoloci uwankanda yabuuta naikala  mu mwinshi wa ng'anda pakapuna,Bushe uyu nakulubantu umukoloci uwikele mumwinshi wang'anda finshi alecita?, Uyu nakulubantu umukoloci uwankanda yabuuta alebelenga ifyebo ifili mukatabo aka ekete muminwe yakwe.,Bushe Pali iyi incende uyu nakulubantu umukoloci alebelengela akatabo palemoneka shani?,Pali iyi incende apo uyu nakulubantu umukoloci ekele Pali ulupango lwa kashika elyo ne njelwa isho bapenta ilangi ilyakashikila.
9967,Abantu abengi abapusanapusana imishinku bali mukati kacikulwa ico bashitishamo amaluba,Bushe nifinshi uyu umwaume uwamushinku wapakati uwiminine mupepi ne tebulo ilyabutulukila alecita?,Uyu umwaume uwamushinku wapakati uwabuuta inkanda alelolesha pa maluba ayali Pali ili itebulo lyabutulukila.,Bushe umwaume uwamushinku wapakati uwiminine mupepi ne tebulo ilyabutulukila afwele ifyakufwala fyamusango nshi?,Uyu umwaume uwankanda ya buuta afwele itoloshi lya gini ilyamakumbi makumbi necampepo icelangi ilyamutuntula.
9968,Umwanakashi uwamushinku wapakati uwabuuta inkanda no mushishi uutali aleenda mumpili umwaba ameenshi makasa ayengi sana,Bushe nifinshi ifyo uyu namayo uwabuuta inkanda alebomfya pakwenda mumeenshi makasa?,Uyu umwanakashi uwamushinku wapakati nakwata inkonto shibili ishilemwafwilisha ukwenda bwino mumeenshi makasa ayengi.,Bushe nifinshi ifyo uyu namayo uwabuuta inkanda uuleenda mumeenshi makasa ayengi afwele?, Uyu namayo uuleenda mumeenshi makasa ayengi nafwala itoloshi ilyelangi ilyafita  ne campepo icabutuluka.
9969,Umwaume umunono balemwensha pakapala incinga akakwata utumipeto utunono utwafita utwipi.,Bushe nibanani a abaleensha uyu  umwana umunono Pali aka akantu?,Cilemoneka kwati uwikatilile uyu umwana  ni uyu umwaume uwamushinku wapakati ulemoneka kwati nibawishi nakamwana.,Bushe iyi incende aba bawishi no mwana wabo baliko ilemoneka shani?,Kukulyo kwa aba bawishi no mwana kuli amaluba ayelangi ilyakatapa katapa elyo kunuma yabo kuli imyotoka shibili ishelangi lyafita.
9970,Abakashana babili abacaice ababuuta inkanda no mushishi uutali baleangala uku ninshi nabasekekela., Bushe aba abanakashana babili abacaice ababuuta inkanda no mushishi uutali nikwisa uko baleangalila?, Aba abanakashi abaice ababuuta inkanda beleangalila kuncende ukwaba ameenshi makasa ayengi.,Bushe aba abakashana babili abacaice bafwele finshi ilyo baleangala mumeenshi makasa.?,Aba abanakashi abaice bonse nafwala amatoloshi ayamakumbi makumbi amajombo elyo na ifyampepo.
9971,Namayo uwamushinku wapakati uwabuuta inkanda naikala pa mupando ukunishi nashintilisha na maboko pe tebulo.,Uyu namayo uwabuuta inkanda nifinshi ifyo afwele kumubili wakwe?,Uyu namayo uwamushishi uutali afwele ishati ilikwete ilangi ilyabutuluka.,Bushe nifinshi ifyo uyu namayo uwabuuta inkanda no mushishi uutali alecita ili ekele pacipuna?,Uyu namayo uwabuuta inkanda Pali ifyo alepikula kuminwe yakwe kabili aletamba ne citunshi tunshi ilyo ekele pacipuna.
9972,Umwaume umukoloci nalambalala pacipuna icelangi lyakatapa katapa., Bushe ninshi uyu umwaume umukoloci uwiminine alecita kuli uyu umwaume umukoloci uulambalele?,uyu umwaume umukoloci uwiminine alemoneka kwati elebeya uyu umwaume umukoloci uulambalele umushishi.,Bushe ici icikulwa aba abaume abakoloci bekelemo  cilemoneka kwati ni kwisa?,Ici icikulwa aba abaume babili abakoloci balimo cilemoneka kwati cikulwa cakubeyelamo umushishi.
9973,Abaume batatu abamibili iyapamfuka baleteya ubwangalo beta mucingeleshi ati American football., Bushe aba abaume abaleteya ubu ubwangalo fyakufwala fyamusangonshi bafwele kumubili?,Abaume bonse bafwele atuputula utwabuuta  elyo ne fimpompo ifyakucingilila umutwe.,Bushe finshi fimbi ifili kuli iyi incende aba abaume baleteyela ubu ubwangalo?,Mumbali ya cibansa umo aba abaume baleteyela ubu ubwangalo muli abantu abengi abapusanapusana imishinku abaletamba ubu ubwangalo.
9974,Imbwa iyamafufu ye langi ilyabutulukila ilebutuka mumpanga ninshi ilifye yeka.,Bushe iyi incende uko iyi imbwa ili ilemoneka shani mumimonekele ya mumenso ,Iyi incende ukuli iyi imbwa iyamafufu ayabutulukila ilemoneka naikwata ifimuti elyo nefyani ifyakatapa katapa,Bushe iyi imbwa iyamafufu ayabutulukila ilemoneka shani  ilyo ileenda muli iyi impanga?,Iyi imbwa iyamafufu ayabutulukila nayasamuna akanwa ilyo ilebutuka kabili naimya na molu yakuntanshi ayaiko.
9975,Nakulubantu uuli nendale mumutwe naikala no mwanakashi uwamushinku wapakati uuli no mushishi uwafita petebulo.,Finshi Fili petebulo apekele uyu nakulu bantu umukoloci no mwanakashi uwamushinku wapakati?,Pali ili itebulo apekele uyu nakulu bantu umukoloci no mwanakashi Pali ifyakulya ifyamitundu iyapusana pusana ifilemoneka bwino mumenso.,Bushe finshi ifili kunuma yakwa uyu namayo nanakulu bantu umukoloci abekele pafipuna ifili petebulo.,Kunuma ya kwa uyu nakulubantu umukoloci nomwanakashi uwamushinku wapakati nakwiminina umwaume uwamushinku wapakati. 
9976,Umwaume uwamushinku wapakati uwabuuta inkanda nanina pacikocikala.,Bushe nifinshi ifisendele Ici icikocikala Ici uyu umwaume uwamushinku wapakati aninepo?,Impunda iyamafufu ayafita eiletinta ici icikocikala icamipeto ibili icinininepo uyu umwaume.,Bushe iyi incende uyu umwaume uuninine pa cikocikala aliko ilemoneka shani?, kuli iyi ukuli uyu umwaume kuli ifikulwa  nemisebo. kuli iyi incende kuli ne ntambo ishamalaiti.
9977,Umwaume uwacikulile uwabuuta inkanda naiminina pacisebele uku ninshi aleimba ulwimbo.,Bushe finshi uyu umwaume uwacikulile uwabuuta inkanda ekete muminwe ilyo aleimba ulwimbo?,Uyu umwaume uwacikulile naikata icisoselo kukuboko kumo elyo na icilubi cakwa bele kuboko kumbi.,Bushe nifinshi ifili pantanshi ya uyu umwaume uuli nendale uuleimba  ulwimbo?, Pantanshi ya uyu umwaume uwamushinku Pali abantu abengi abapusanapusana imishinku abaletamba no kukopa uko uyu umwaume aleimba ulwimbo pacisebele.
9978,Umwaume uwamushinku wapakati ne nkanda yabuuta naiminina nakacola mumusana wakwe., Bushe uyu umwaume uusendele akacola mumusana wakwe nifinshi ifyo afwele kumubili?,"Uyu umwaume uwamushinku wapakati nafwala akaputula, insapato elyo ne shati lyamaboko ayatali.",Bushe iyi incende uyu umwaume uwamushinku wapakati emininepo ilemoneka shani mumimonekele?,Uyu umwaume eminine ku ncende iipalile kuncende ya lupili ulukulu ulwakwata nefimuti fya katapa katapa ifingi.
9979,Namayo uwacikulile uwankanda yabuuta uufwele icitambala napapa icifunda cafimenwa ifya katapakatapa.,Bushe uyu namayo uwabuuta inkanda uufwele icitambala asendelefye eka Ici icifunda cafimenwa?,Kunuma ya kwa uyu namayo uusendele icifunda cafimenwa kuli umuntu uulemutungilila ilyo asendele icifunda cafimenwa.,Bushe uyu namayo uupapile icifunda no ulemutungilila nikwisa uko Bali?,Cipalile kwati uyu namayo no ulemutungilila baleciluka ubulalo uno batungilila notushimbi twamutuntula.
9980,umulumendo umunono uwankanda yabuuta nomushishi uwafita alepeluka pacimpelwa .,Bushe nifinshi uyu umulumendo wacaice uwabuuta inkanda uulepeluka pacimpelwa afwele?, uyu umulumendo wacaice uulepeluka pacimpelwa nafwala ishati nakasote ifyakashika .,Bushe iyi incende uyu umulumendo wacaice uulepeluka aleangalilako ilemoneka shani?,Iyi incende uyu umulumendo wacaice aleangalilako ilemoneka kwati ni paka uwakangalamo abacaice kabili alikwata nefimuti ifikalamba.
9981,Abantu abamitundu iyapusana pusana bali  kululamba lwa cimaana icikulu ulwakwata umucanga uwingi.,Bushe nifinshi fimbi ifili kululamba lwa cimaana icikulu icikwete ameenshi ayalemoneka kwati yamakumbi makumbi?,kululamba lwa ici icimaana icikalamba kuli nengamila shitatu ishikulu apali na imo apaninine umukashana umunono.,Bushe nibanani abaletungulula uko ishi ingamila shileya?,Cilemoneka kwati ishingamila shitatu shiletungululwa nabaume abafita inkanda apali umo umwaice elyo umbi umukalamba.
9982,Muli ici icikulwa muli abaume na banakashi abakoloci ninshi nabekala.,Bushe nifinshi aba abaume nabanakashi abakoloci balecita ili bekele.,Aba abaume nabanakashi abakoloci balelosha inyimbo uku ninshi nabekala.,Bushe aba banamayo nabashitata abakoloci abekele nifinshi balebomfya pakulisha ulwimbo?," Aba abaume nabanakashi abakoloci nabakwata ifyakulishishako inyimbo pamo nga ipenga, ifilimba fya nsale elyo na ifilimba fimbi."
9983,Umwaume no mwanakashi ababuuta inkanda baleenda mumusebo uo bapangila na manenekela.,Bushe uyu umwaume no mwanakashi nifinshi ifyo bafwele ilyo bali pamusebo., Uyu umwaume afwelefye akaputula akamukati kekakeka elyo namayo afwelefye icakucinga inuma.,Bushe uyu umwaume uufwele akaputula kekakeka nifinshi ifyo ekete kukuboko kwakwe ukwakukulyo?,Uyu umwaume naikata cimo icapala intontoka icakwata umupeto umofye uwafita napakwikala.
9984,Umwanakashi uwamushinku wapakati no mushishi uutali uwafita naiminina uku ninshi nashibata.,Bushe uyu namayo uwamushishi uutali uwafita nifinshi afwele ili eminine apa.?,Uyu umwanakashi uwabuuta inkanda no mushishi uutali  afwele ishati ilyakashikila ne toloshi lyamakumbi makumbi.,Bushe uyu umwanakashi uwamushinku wapakati nifinshi ekete muminwe yakwe?,Uyu umwanakashi uwabuuta inkanda naikata ibotolo lya bwalwa kukuboko kumo elyo necilubi kuli uku kumbi
9985,Banamayo batatu nabafwala insapato ishakwata utumipeto tune panshi.,Bushe aba banamayo abafwele insapato shatumipeto fyakufwalanshi bafwele?,Aba banamayo nabafwala ifimpompo ifyakucingilila umitwe elyo ne fyakucingilila amakufi notuboyo.,Bushe aba banamayo abafwele insapato shatumipeto finshi balecita muli ici icibansa?,Aba banamayo batatu balecimfyanya muli nakatango wa kubutuka no tusapato utukwete imipeto.
9986,Abantu abengi abapusanapusana imishinku baletamba ifilubi ifyakupanga,Bushe aba abantu abengi abapusanapusana imishinku nifinshi balecita ilyo baletamba?, Aba abantu abengi abapusanapusana nabatitikana kabili balekopa ifi ifilubi  fibili.,Bushe ifi ifilubi ifyo aba abantu baletamba no kukopa filemoneka shani?, Ifi filubi filemoneka ngabantu kabili bafipenta ilangi ilyabutuluka elyo bafipanga kwati fileamfula panshi.
9987,Abaume batatu apali abamushinku wapakati babili elyo no munono umo Bali mumuputule wakwipikilamo.,Bushe aba abaume batatu ababuuta inkanda finshi balecita mumuputule wakwipikilamo?,Aba abaume batatu abali mumuputule wakwipikilamo balepanga umukatabe ukubomfya ingano.,Bushe aba abantu batatu abalepanga umukate ukubomfya ingano finshi bafwele?,Aba abaume babili abakulu bafwele amashati ayabuuta elyo uyu umwaume umunono afwele ishati ilikwetemo ilangi lya makumbi makumbi.
9988,Umwaume uwabuuta inkanda uufwele akaputula alesambilisha abana abanono ifyakushana .,Bushe aba abana abanono uyu umwaume alesambilisha ukushana bali banga?, Pali aba abana uyu umwaume alesambilisha ukucinda Pali utulumendo utwaice tutatu nakakashana kamo.,Bushe palemoneka nipesa uyu umwaume alesambilishisha aba abana ukucinda?,Uyu umwaume ali pacisebele ilyo alesambilisha abana abanono ifyakushana uyu umusango wamasha kabili kunuma yabo kuli abantu abengi abalebatamba.
9989,Namayo na shitaata  awabuuta inkanda balesefya ubwinga bwabo ninshi nabatemwa.,Bushe uyu nabwinga nashibwinga abalesefya ubwinga fyakufwala nshi bafwele?,Nabwinga nafwala icitebo nendeleshi ifyabuuta elyo shibwinga afwele suti iyafita nenkolo mumukoshi.,Bushe nifinshi ifili kunuma ya aba bana bwinga na na shibwinga abalesefya ubwinga.,Kunuma ya aba bana bwinga  nashibwinga kuli abantu abengi abapusanapusana imishinku abaletamba ubu ubwinga.
9990,Abantu abengi ababuuta inkanda abafwele ifyakufwala ifyapusana pusana baleenda mumbali yamusebo.,Bushe finshi fimbi ifili Pali uyu umusebo umo aba abantu abapusanapusana baleenda?,Muli uyu umusebo umuli abantu abengi abapusanapusana muli imyotoka ishapusana pusana amalangi.,Bushe nifinshi ifili mumbali ya uyu umusebo umuli abantu abengi abapusanapusana?,Cila lubali lwa uyu umusebo uukalamba kuli ifikulwa ifyakwata imendela yakucalo ca united states' of America.
9991,Namayo uwabuuta inkanda nalolesha mumulu uku ninshi namwe tula nokumwentula.,Bushe nifinshi uyu umwanakashi uwabuuta inkanda alimukwamba ukucita?,Uyu umwanakashi nakwata intambo iyamindoloshi kabili cipalile kwati alefwaya ukumina pumulu we libwe.,Bushe iyi incende uyu umwanakashi aliko ilemoneka shani mumominekele?,Uyu umwanakashi alikuncende iikwete ifimabwe ifikulu kabili kuli  ifimuti ne fyani ifyakatapa katapa ifingi.
9992,Nakulubantu na shikulu bantu abakoloci balelangishanya icitemwiko ilyo balelishanya.,Bushe finshi uyu nakulubantu na shikulu bantu abalelangishanya icitemwiko bafwele?, Nakulubantu umukoloci afwele indeleshi iyafita elyo shikulubantu afwele suti iyafita ne nkolo iyakashika.,Bushe nifinshi ifyo uyu umwaume uwamushinku wapakati uuli kunuma ya aba abakoloci babili alecita?,"Uyu umwaume uwamushinku wapakati uufwele ishati ilya
kashikila alemoneka kwati alependa indalama."
9993,Abantu abengi ababuuta inkanda abamishinku iyapusana pusana nabeminina mumusebo.,Bushe nifinshi aba abantu abapusanapusana imishinku abeminine balecita?,Cilemoneka kwati aba abantu ababuuta abapusanapusana imishinku Pali ifyo baletamba kuntanshi yabo.,Bushe nifinshi ifyo uyu umulumendo umwaice uulefuma mwibumba alecita?,Uyu umulumendo umunono uwankanda yabuuta nafwala umwingila uwabutulukila  elyo na kasote akafita.
9994,abaume mutanda abafita inkanda nabeminina uku ninshi baleambaula.,Bushe nifinshi aba abaume mutanda abafita abaleambaula bafwele kumubili?,Pali aba abaume mutanda basano  bafwele amasuti ayafita elyo uyu umo afwele itoloshi lya fita elyo na icampepo icabuuta., Bushe aba abaume mutanda abafita inkanda palemoneka shani apa beminine?,Aba abaume mutanda abafita inkanda beminine mupepi no lupango ulwafita pantunti ya cikulwa icikalamba.
9995,Namayo uwacikulile uwankanda yabuuta no mushishi uwipi uwafita naiminina pamusebo.,Bushe fyakufwala fyamusangonshi uyu namayo uwabuuta inkanda uwiminine pa musebo afwele?,Uyu namayo uwacikulile uwabuuta inkanda nafwala itoloshi lya gini ilyamakumbi makumbi neshati ilyabuuta.,Bushe nifinshi fimbi ifili muli uyu umusebo umo uyu namayo eminine?,Muli uyu umusebo umwiminine uyu namayo muleenda abantu abapusanapusana imishinku nemifwalile.
9996,Abalumendo babili abacaice ababuuta inkanda nabeminina uku ninshi balemwentula.,Bushe aba  abalumendo babili abacaice nifinshi balecita kuli iyi incende munshita ya bushiku?, Aba abalumendo babili abacaice ababuuta inkanda nabakwata amatumbo ayameenshi ayo balebomfya pakuiisansa ameenshi.,Bushe aba abalumendo babili abacaice abaleisansa ameenshi nifinshi ifyo bafwele kumubili?, Aba abalumendo babili abacaice bafwele amatoloshi ya gini  ayamakumbi makumbi elyo namashati ayabomba.
9997,umwaume uwankanda ya buuta nomushinku wapakati uufwele icisote necampepo ifyafita naikala pa mupando.,Bushe uyu umwaume uwamushinku wapakati uwikele pacipuna nibani ali nabo?,uyu umwaume uwamushinku wapakati  ali nabacaice babili apali umwanakashi nomwaume abankanda iyabuuta.,Bushe iyi incende aba abantu batatu bekeleko ilemoneka shani mumimonekele ya mu menso?,Kunuma ya aba abantu batatu kuli amaluba ayelangi ilyakatapa katapa elyo na ifikulwa ifikalamba ne misebo iingi.
9998,umwaume umukoloci uwankanda yabuuta alelanda uku ninshi naiminina,Bushe nifinshi uyu umwaume umukalamba uwiminine alebomfya pakulanda?, Uyu umwaume umukoloci uwiminine alebomfya  icisoselo icafita pa kulanda., Bushe uyu umwaume umukoloci uulebomfya icisoselo pa kulanda  nifinshi afwele kumubili,Uyu umwaume umukoloci nafwala ishati ilyabuuta kunse ne kashati kunse akamaboko ayepi akakashika.
9999,umwaume umukalamba uwankanda ya buuta naikala uku ninshi aleimba ulwimbo ukubonfya icilimba ca nsale.,Bushe uyu umwaume uulelisha icilimba ca nsale nibani Ali nabo apa aleimbila?,Uyu umwaume umukalamba ali no  mulumendo uwacaice uwabuuta inkanda neshati ilikwete ilangi ilyakashika.,Bushe iyi incende uyu umwaume umukalamba aleimbilako ulwimbo ilemoneka shani mumominekele,Mupepi noyu umwaume umukulu Pali itebulo apali amabotolo yabwalwa ayengi kabili kunuma yakwe kuli ifilimba ifikulu.
10000,Umulumendo umwaice uwankanda yabuuta no mushishi uwipi aleangala uku ninshi alemwentula.,Bushe uyu umulumendo wacaice uwankanda yabuuta uuleangala afwele ifyakufwala fyamalangi nshi?,"Uyu umulumendo wacaice  afwele insapato ishikwetemo ilangi ilyabuuta, akaputula akamindoloshi elyo na ishati ilyamutuntula.",Bushe cilemoneka shani ici  uyu umulumendo wacaice uwabuuta inkanda aleangalapo munshita ya kasuba?,Uyu umulumendo wacaice uuli no mushishi uwipi aleangalila Pali cimo icikwete ilangi lya kashika  elyo ne lya mutuntula.
10001,Pali ici icikope Pali abantu abaume na banakashi abamishinku iyapusana pusana, Bushe aba abantu abapusanapusana imishinku nikwisa bali Pali iyi inshita iyakasuba.,Aba abantu abapusanapusana imishinku baleenda mumusebo uukalamba.,Bushe  finshi Fili pantanshi ya ici icikope apali aba abantu abapusanapusana imishinku.,pantanshi ya ici icikope Pali banamayo batatu abaleenda pamusebo  apali umo uulepepa fwaka
10002,Pali ici icikope Pali umwanakashi umukulu uukwete indale ku mutwe wakwe.,Bushe uyu umwanakashi uukwete indale nifinshi ali nafyo ilyo eminine Pali iyi inshita.,Uyu umwanakashi uukwete indale ali ne mbwa iikwete amafufu ayabutulukila nayabuuta mumukoshi.,Bushe incende uyu umwanakashi uuli ne mbwa emininepo ilemoneka shani ?,Uyu umwanakashi eminine mupepi na icikulwa icikwete amlauba aya katapa katapa mumbali ya lukungu laciko.
10003,umuntu uwabuute nkanda alefwala icisote cakucingilila umutwe kumasanso ayapusana pusana.,Bushe uyu umuntu uulefwala ici icisote afwele ifyakufwala fyamusango nshi ku mubili?,uyu umuntu afwele ishati ilyamutuntula kabili nakwata nefilembo ifyafita kumabako yakwe.,Bushe uyu umuntu uufwele icisote cakucingilila umutwe kumasanso nikwisa uko alinpali iyi inshita?,Pali iyi inshita uyu umuntu uufwele icisote cakucingilila umutwe kumasanso  naiminina muputule umushi sana ulubuuto.
10004,iyi imbwa iili pali ici icikope naikwata amafufu ayelangi lyafita nomushipi  uwakashika mumukoshi.,Bushe iyi imbwa iyamafufu ayafita no mushipi  uwakashika mumukoshi finshi ilecita?,Iyi  imbwa iyamafufu ayafita no mushipi uwakashika ileangalila mumeenshi mumbali ya cimaana.,Bushe uyu umushipi uuli mumukoshi wa iyi imbwa iyamafufu ayafita finshi ifyo baibomfya?,Uyu umushipi uwakashika uuli mumukoshi wa iyi imbwa balaubomfya ukukakilako imbwa pakutila shilaendauka.
10005,"bantu abapusanapusana imishinku,imitundu ne mimonekele ninshi baleenda.",Bushe uku aba abantu abapusana pusana imishinku bali kulemoneka shani mumenso?, Kuli iyi incende kuli ifikulwa kabili mumbali ya ifi ifikulwa namwiminina imyotoka shibili.,Londolola bantu bamusangonshi aba abali  muli uyu umusebo Pali iyi inshita?,Pali uyu umusebo Pali abanakashi babili afwele ifitambala elyo naumo uuli no mushishi uutali kabili Pali nabaume babili.
10006,Umwaume uufwele icisote ne campepo icakashika ali pamumana apali utumabimbi utunono,Bushe uyu umwaume nifinshi alecita Pali uyu umumana uukwete utumabimbi utunono?,Uyu umwaume aleoba akabwato akanono akwete ilangi lya mutuntula munshita ya kasuba.,Bushe mumbali ya uyu umumana apali uyu umwaume  mulemoneka  shani?,Kumbali ya uyu umumana kuli ulupili ukwete amabwe ayafita elyo na meenshi makasa ayengi.
10007," umwana umwaume uwabuute nkanda, uwayemba naiminina naikata kumutwe.",Bushe uyu umwana umwaume umusuma uwayemba finshi afwele?,Uyu umwana umwaume uwayemba afwele akaputula aka makumbi makumbi ne shati ilya mindoloshi.,Bushe uku uyu umwana umwaume uwayemba ali kulemoneka shani kabili nibani bambi abaliko.,Kunuma ya  uyu umwana umwaume uwayemba  kulemoneka kuli  abantu nabambi babili kabili pali iyi incende Pali ifyani ifyakatapa katapa.
10008,Pali ici icikope Pali umwaume uwamushinku wa pakati ninshi nasenda nefintu kuminwe.,Bushe fyakufwala fya musango nshi uyu umwaume uwamushinku wapakati afwele?,"Uyu umwaume afwele icampepo  icabutulukila, itoloshi lya butuluka  elyo na icisote.",Bushe nifinshi fimbi ifili kuli iyi incende ukuli uyu umwaume uwamushinku wapakati.,Kukuso kwa uyu umwaume uwamushinku wapakati kuli umusebo uo bapangila na manenekela.
10009,bantu abali mumabumba yabili apali ibumba limo ilyabantu abeminine elyo na limbi abantu abekele.,Bushe bantu nshi abali muli Aya amabumba yabili ayali Pali iyi incende?,Pebumba lya bantu abeminine Pali umwanakashi umo na baume babili Pali ili ilyabekele Pali abaume bekabeka.,Bushe iyi incende ukuli ayamabumba yabili ayabantu  babuuta inkanda ilemoneka shani?,Iyi incende ukuli aya amabumba ya bantu babili ilemoneka iyayemba ne fimuti ne fyani ifyakatapa katapa no puna twakwikalapo.
10010,Umuntu uwabuuta inkanda no mushishi uutali alenina pamulu wafimabwe ifikulu .,Bushe uyuwine umuntu uulenina  pamulu wafimabwe ifikulu afwele ifyakufwala nshi?,Uyu umuntu nafwala icampepo cafita icikwete icisote elyo  netoloshi ilyafita.,Bushe ifi ifimabwe uyu umuntu aleninapo filemoneka shani  mumimonekele ya mumenso?,Ifi ifimabwe uyu umuntu uwamushishi uutali aleninapo filemoneka ifyakalabana kabili ifikulu.
10011,Banamayo babili abamushinku wapakati bali mucimana icikalamba umuli ameenshi ayengi.,Bushe nifinshi aba banamayo babili abamushinku wapakati balecita mucimana?,Aba banamayo babili abamushinku wapakati ne nkanda yabuuta baleowa mucimana icikalamba.,Bushe aba banamayo babili abamushinku wapakati finshi bafwele pakowa muli ici  icimana?,Aba banamayo babili abaleowa mucimana icikalamba bafwelefye utwakucinga amabele notuputula twamukati.
10012,Umwaume uwamushishi uutali nakalupala  naiminina pacisebele aleimba ulwimbo.,Bushe uyu umwaume uwamushinku  wapakati umutali uuli nakalupala aleimbafye ulwimbo eka?, uyu umwaume bali babili nomunankwe uufwele icisote itoloshi ne shati ifyafita .,Bushe aba abaume babili abaleimba ulwimbo pacisebele nifinshi balebomfya pakwimba?,Aba abaume babili abamushinku wapakati bonse  balelisha ifilimba fya nsale elyo bonse  beminine mupepi ne fisoselo.
10013,Umulumendo wacaice uufwele ishati lyabula amaboko nakaputuula naikala mulukungu.,Bushe nifinshi fimbi ifili muli ulu ulukungu umwikele uyu umulumendo wacaice? ,Mulukungu lwacikulwa umwikele uyu umulumendo wacaice muli icipe ca meenshi icakatapakatapa.,Bushe ukucila pali uyu umulumendo wacaice nifinshi fimbi ifili mulukungu lwa icikulwa?,Pamwinshi wa Ici icikulwa Pali umulumendo wacaice naumbi uusunsume  mumwinshi kabili uufwele ishati ilyabutuluka.
10014,Abaume abengi abakulu abamushinku wapakati nabeminina ninshi nabemya namaboko mumulu.,Bushe aba abaume abengi abakulu abamushinku wapakati balemoneka nifinshi balecita?,Abaume abengi abakulu abamushinku wapakati balesefya uku ninshi nabemya amabotolo yabwalwa mumulu.,Bushe aba abaume abamushinku wapakati bafwele ifyakufwala fyamusango nshi ilyo balesefya?,Aba abaume abamushinku wapakati bafwele amashati ayabuuta umuli imishilwa elyo namayoloshi ayafita. 
10015,Umulumendo umusepela naiminina mumuputule umo bapangila ifyakupanga panga.,Bushe uyu umulumendo umusepela uwiminine muli uyu umuputule finshi afwele?,Uyu umulumendo umusepela afwele itoloshi lya gini ilyamakumbi makumbi  necampepo icafita.,Bushe ni finshi fimbi ifili muli uyu umuputule uyu umulumendo umusepela emininemo?, Muli uyu umuputule muli fimashini nefisolobelo fya kubomfya pakupanga ifintu elyo na imbao.
10016,Ishitima ilibomfya amalaiti lilelenda pa nyanji uku ninshi lilebutukisha ubushiku.,Bushe finshi ifili mumbali ya nyanji umo ili ishitima ilibomfya amalaiti lileleenda?,Mumbali ya iyi inyanji namwiminina umwaume uufwele winifomu uwapala uwabakapokola,Bushe apa apemininine uyu umwaume uufwele winifomu uwapala uwabakapokola palemoneka shani?,Pali iyi incende Pali abantu nabambi bane abalecita ifyapusana pusana kabili aba bonse balelolela ishitima ubushiku.
10017,Abalumendo babili apali umo umusepela elyo nomwaice nabekala pacipuna.,Bushe nifinshi uyu umwaume umusepela alecita no uyu umwaume uwacaice?,Uyu umulumendo umusepela alelanga uyu umulumendo wacaice ifyakubomfya kompyuta.,Bushe uyu umuputule aba abalumendo  babili balimo ulemoneka shani mu menso?,Uyu umuputule aba abalumendo babili balimo baupenta ilangi ilyakatapa katapa kabili mwaliba nefipuna.
10018,Umuntu nanina pa tukutuku icakwata imipeto ine icelangi ilyamutuntula nemipeto iyafiita,Bushe iyi incende uyu umuntu aleenshako icitukutuku munshita ya kasuba ilemoneka shani?,Iyi incende uyu umuntu iliko naikwata imisebo iishakwata amanenekela  elyo na ifimuti.,Bushe uyu umuntu uuninine pacitukutuku  alemoneka nifinshi alecita kuli iyi incende?,Uyu umuntu alemoneka kwati alecimfyanya nabanankwe muli nakatango wapa fitukutuku.
10019,Abaume abafwele ifyakufwala ifyapalana bafuma mukuteya umusango umo uwabwangalo.,Bushe aba abaume abacilateya abwangalo  nifinshi ifyo bafwele kumubili?,Aba abaume nabafwala ifimpopo kumitwe ifyafita elyo na mashati ayakwetemo ilangi lya buuta nelya mucungwa mucungwa,Bushe nifinshi ifili kuntanshi uko aba abantu abacilateya abwangalo baleya?,Kuntanshi ya aba abantu abacilateya abwangalo kuli cinkupiti wabantu awacilatamba ububwine abwangalo.
10020,bantu abamutundu waba Chinese nabeminina uku ninshi nabafwala ifyakufwala ifyapalana,Bushe aba abantu aba Chinese fyakufwala fyamusangonshi bafwele apa epo baali?,Aba abantu bafwele imitundu ibili iyafyakufwala bamo bafwele ifyakatapa katapa elyo bambi ifyamindoloshi.,Bushe iyi incende aba abantu baliko ilemoneka shani mumominekele mumimonekele ya mu menso?,Apa aba abantu beminine nipamusebo uo bapanga namanenekele balishilamo ne mishilwa yabuuta.
10021,Namayo uwamushinku wapakati nomushishi uutali naiminina mucibansa.,Bushe nifinshi ificitikila muli ici icibansa uyu namayo uwabuuta inkanda eminimo?,Muli ici ibansa uyu namayo eminine mulabela ukucimfyanya kwalubilo lwa nakatango.,Bushe uyu namayo uwabuuta inkanda nifinshi alecita muli ici icibansa icikulu mu nshita ya kasuba?,Uyu namayo uwamushinku wapakati alemoneka ngo ulesekelela  pamulandu wakuwina ulubilo lwa nakatango.
10022,Abatemwikwa babili ababuuta inkanda balekopwa ifikope kululamba lwa mumana.,Bushe uyu umwaume uulekopa aba abatemwikwa ifikope afwele finshi?,Uyu umwaume uulekopa aba abatemwikwa ifikope afwele ishati nakaputula akapelele mumakufi. ,Bushe iyi incende aba abatemwikwa balekopelwako ilemoneka shani?,Ulu ululamba lwa mumana ulwayemba nalukwa ifimuti ne fyani ifyakatapa katapa ifyalelema.
10023,Umwaume uwabuuta inkanda no mwanakashi uwankanda iyafiita baleshana amasha.,Bushe uyu umwaume no mwanakashi abaleshana nifinshi bafwele kumubili?,Uyu umwaume afwele itoloshi lya katapa katapa elyo umwanakashi afwelefye akaputula kekakeka .,Bushe iyi incende uyu umwaume no mwanakashi abaleshana baliko ilemoneka shani mu mumimonekele ya mu menso?,Kuli iyi incende uyu umwaume no mwanakashi abaleshana bali kuli aba abantu aba bashingulwike  abalebatamba uko baleshana.
10024,Ili ibumba libumba lyabaume abali mukuya mukuteya ubwangalo bwa  hoki., Bushe ili ibumba lyabaume abaleya mukuteya ubwangalo finshi lifwele?,"Aba babume nabafwala ifisote ifyakucingila imitwe, kabili nafwala namashati ayakwetemo ilangi ilya buuta.",Bushe aba abaume abaleya mukuteya ubwangalo nifinshi ifyo bekete ku maboko yabo?,Aba abaume nabekata ifyapala inkonto ifyapapatala kunshi ifyo babomfya pakuteya ubu ubwangalo bwa hoki.
10025,Umwanakashi uwamushinku wapakati no mulumendo umusepela nabekala pacipuna ca kutushishapo.,Bushe ici icipuna cakutushishapo aba bantu babili bekelepo cilemoneka cibelele kwisa?,Ici icipuna calutushishapo aba bantu babili bekelepo cibelele mumbali ya musebo umuli namabula.,Bushe uyu umwaume no mwanakashi abekele pacipuna fyakufwala fyamusangonshi bafwele,Bonse babili umwaume no mwanakashi nabafwala ifyampepo ne nsapato ifyafita. Umwaume afwele itoloshi Ilya makumbi makumbi nomwanakashi ilyabutulukila.
10026,Abantu abengi abapusanapusana imishinku nabeminina pacitesheni ce shitima.,Bushe nifinshi ifili Pali ici icitesheni ce shitima apali aba abantu abapusanapusana imishinku?,Pali ici icitesheni Pali icikulwa  icakwikalamo abalelolela ishitima elyo na mashirima yabili.,Bushe nifinshi aba abantu abapusanapusana imishinku balecita ili beminine pacitesheni ce shitima?,Cipalile kwati aba abantu abapusanapusana imishinku abalelolela ishitima ilyakubtwala uko baleya.
10027,Umulumendo uwacaice uwabuuta inkanda naiminina uku ninshi alemwentula.,Bushe uyu umulumendo wacaice nikwisa uko eminine ili alemwentula ?,Uyu umulumendo wacaice eminine mumeenshi makasa  ayabela m in mpanga iyakwata ifimuti..,Bushe uyu umwaume umwaice nifinshi afwele ili aleangala mu meenshi makasa?,uyu umulumendo wacaice nafwala icampepo netoloshi ifyafita elyo nakasote akamindoloshi pamo nefyakufwala kuminwe
10028,Namayo uwamushinku wapakati alemoneka uwabulanda kabili nafwala ne fyakufwala ifyaboomba.,Bushe uyu namayo uuli no bulanda nefyakufwala fyabomba nikwisa ali,Uyu namayo uwabuuta inkanda ekele mwisamba lya kapoma kameenshi akanono ,Bushe fyakufwala fyamusangonshi uyu namayo uuli no bulanda afwele ,Uyu namayo uwamushinku wapakati uuli no bulanda afwele akalilaya akepi akafita akabula amaboko 
10029,Abantu abengi abapusanapusana imishinku baleenda mumbali yacikulwa,Bushe aba abantu abaleenda mumbali ya cikulwa finshi balecita ilyo baleenda?,Aba abantu abapusanapusana balecita ifintu ifyalekanalekana ilyo baleenda mumbali ya musebo.,Bushe nifinshi fimbi ifili Pali ici icikope apali aba abantu abapusanapusana imishinku abaleenda mumusebo?,Kunuma ya aba bantu kuli ifimalaiti ifilangilila abantu ne myotoka ilyakuciluka umusebo kabili Pali no mwaume uwikele mumbili yacikulwa.
10030,Abanakashi babili abamushinku wapakati nabekala uku ninshi nabashintilishanya.,Bushe iyi incende aba abanakashi babili baliko ilemoneka shani?,Pali iyi incende aba abanakashi babili abashintilishenye bekele Pali ifyani ifyakatapa katapa.,Bushe nifinshi ifili pantanshi ya aba abanakashi babili abashintilishenye?,pantanshi ya aba abanakashi babili Pali icikulwa icikalamba ico bakula na magalashi kabili munshi ya ciko muli abantu namotoka iyafiita.
10031,Abaume babili abamishinku wapakati baleteya ubwangalo bwa kuposelana inkonya.,Bushe aba abaume babili abaleteya ubu ubwangalo nifinshi bafwele kumubili?,"Aba abaume babili tabafwele amashati lelo bafwelefye  utuputula utukwetemo ilangi ilyafita
",Bushe nibani bambi abaliko kuli ubu ubwangalo bwa nkonya?,Kuli ubu ubwangalo kuli umwaume uulemwenenena ubwangalo elyo nabantu bambi abaletamba ubu ubwangalo
10032,Namayo uwabuuta inkanda no mushishi uwipi uwafita naiminina necola icafita.,Bushe nikwisa uyu namayo uwabuuta inkanda no mushishi uwipi eminine?,Uyu namayo uwabuuta inkanda no mushishi uwipi uwafita eminine pacitesheni ce shitima.,Bushe finshi uyu namayo alecita apa pacitesheni eminine ne cola cakwe?,uyu namayo uwabuuta inkanda alelolela ishitima uku ninshi alebelenga icipepela ca mbila.
10033,Umulumendo umusepela uwankanda ya buuta no mushishi uwipi uwakashika naikala.,Bushe uyu umulumendo umusepela  uwikele pacipuna nifinshi alecita?,Uyu umulumendo umusepela uwikele pacipuna nafwala ishati ilyakatapa katapa nefikosa  kumabiko yakwe.,Bushe uyu umulumendo umusepela nifinshi alecita kabili nikwisa ali?,Uyu umulumendo umusepela alemoneka kwati ali mukalashi kabili Pali ifyo alelemba mwibuku ilyamapepa ayabuuta.
10034,Muli ici icikulwa icikalamba muli amatebulo  ayakalamba nefipuna fyakwikalapo., Bushe Ici icikulwa icikalamba umuli amatebulo ayakalamba nefipuna cilemoneka shani,Muli ici icikulwa icikalamba muli amalaiti kabili baliyemfya bwino.,Bushe ni finshi fili pamatebulo ayali muli ici icikulwa icayemba nganshi?, Pali aya amatebulo ayakalamba Pali ifyakulya ifyamitundu iyapusana pusana ifilemoneka bwino mumenso kabili fileletela nensala ukufimona.
10035,Kapushi akanono akamafufu ayabutulukila kali pacibumbili icapangilwa na cementi,Bushe aka kapushi akanono akamafufu ayabutulukila finshi ifyo kalecita apa Kali?,Aka kapushi akamafufu ayabutulukila kaletusha uku ninshi nakekala pacibumbili.,Bushe iyi incende aka kapushi akanono akamafufu ayabutulukila Kaliko ilemoneka shani mumenso?,Kunuma ya aka kapushi kuli ifimenwa ifilemoneka bwino ifyamabula ya katapakatapa.
10036,Shikulu bantu umukoloci uwankanda yabuuta naikala pacipuna uku ninshi aleshipula.,Bushe cilemoneka nikwisa uko uyu shikulubantu umukoloci ekele ili aleshipula?,Uyu shikulubantu umukoloci uuleshipula ekele pacipuna icili mwishitima lya bantu.,Bushe finshi ifyo uyu shikulubantu umukoloci uuleshipula alelele pamolu ilyo ekele pacipuna?, Uyu shikulubantu umukoloci uuleshipula ninshi naikala pa mupando wamwishitima nalela icola icafita pa matanta yakwe.
10037,Umwanakashi uwamushinku wapakati uwabuuta inkanda no mushishi uutali uwabutulukila naikala pa mupando.,Bushe finshi uyu umwanakashi uwabuuta inkanda no mushishi uutali alecita ili ekele pacipuna?,Uyu umwanakashi uwamushinku wapakati uwabuuta inkanda alenwa ameenshi ayali petebulo ilili mupepi yakwe.,Bushe nifinshi ifili kunuma ya uyu umwanakashi uwabuuta inkanda uwikele pakapuna.,Kunuma ya uyu umwanakashi uwamushinku wapakati uwabuuta inkanda kuli abaume babili abaleshimika ilyashi
10038,Abantu abengi abapusanapusana imishinku nabekala panshi mulubansa. ,Bushe aba abantu abapusanapusana imishinku abekele panshi mulubansa finshi balecita?, aba abantu iminshipendwa abapusanapusana imishinku abekele panshi baletamba abaume babili abalelisha inyimbo.,Bushe aba abantu abapusanapusana imishinku abaletamba abalelisha inyimbo finshi bafwele?,Aba abantu abengi abapusanapusana nabafwala ifyakufwala ifyalekana lekana pamo nga ifyelangi lyakatapa katapa ilyafita elyo nelya mutuntula 
10039,Imbwa shitatu ishapusana pusana amalangi shileangala capamo mumpanga,Bushe malanginshi ishi imbwa ishileangalila capamo shikwete?,Imbwa imo ikwete ilangi ilyabuuta elyo imbi ilangi ilyafita elyo iyabutatu ilyabutulukila.,Bushe iyi incende ishi imbwa shitatu ishapusana pusana amalangi shileangalilako ilemoneka shani?,Iyi incende ukuli ishi imbwa shitatu naikwata ifyani ifyakatapa katapa ifyalelema ifingi sana.
10040,Umwana umunono uwankanda yabuuta uushenda aleamfula uku ninshi ali mukulila.,Bushe finshi uyu mwana umunono uushenda afwele kumubili wakwe?,Uyu umwana umunono uushenda nafwala itoloshi lya makumbi makumbi elyo na ishati ilyakashikila.,Bushe iyi incende uyu umwana umunono uushenda aleamfulapo ilemoneka shani?,Iyi incende ukuli uyu umwana umunono uushenda naikwata ifimuti ne fyani ifyakatapa katapa ifyalelema.
10041,Umwanakashi uwamushinku wapakati uufwele ifyakufwala ifyafita naiminina pantunti ya cikulwa.,Bushe uyu umwanakashi uwamushinku wapakati finshi alecita apa epo eminine?,Uyu umwanakashi uufwele ifyakufwala ifyafita naikwata icakukopelako ico alekopelako ifikope.,Bushe iyi intunti uyu umwanakashi emininepo ilemoneka shani?,Iyi intunti apemininine uyu umwanakashi nikwata amaluba ayelangi ilyakatapa katapa ayapombeke kutushimbi.
10042,Umwaume uwamushinku wapakati uwabuuta inkanda no lupala kumutwe naiminina mumbali ya musebo ,Bushe nifinshi uyu umwaume uwamushinku wapakati uukwete  ulupala afwele?,Uyu umwaume uwamushinku wapakati uuli no lupala nafwala icampepo cafita elyo na itoloshi lya gini ilyamakumbi makumbi.,Bushe finshi ifi ifili muli uyu umusebo umo uyu umwaume eminine mumbali yauko?,Muli uyu umusebo muli abantu abengi abapusanapusana imishinku balesefya uku ninshi nabekata ne mendela 
10043,Umukashana umusepela no mushishi uutali uwafita aletoloka uku nshi nasekelela.,Bushe nifinshi ifyo uyu umukashana umusepela uuletoloka afwele kumubili.,Uyu umukashana umusepela nafwala ishati ilyabula amaboko ilyamakumbi makumbi ne toloshi lyabutuluka ,Bushe uyu umukashana finshi ifyo alecita pakutoloka uku uko ali munshita ya kasuba?, uyu umukashana umusepela no mushishi uutali uwafita aleimya amaboko mumulu elyo apeta na molu pakutoloka.
10044,Abantu abengi abapusanapusana imishinku a nabeminina kumbali ya cimaana icikalamba.,Bushe aba abantu abapusanapusana imishinku finshi balecita kumbali ya cimaana icikulu?,Aba abantu abapusanapusana balecita ifintu ifyalekanalekana bamo baleloba isabi ukubomfya indobo.,Bushe aba abantu abaleloba isabi ukubomfya indobo nifinshi bashintilisheko?,Aba abantu abaleloba isabi ukubomfya indobo bashintilishe kulupango ulwelangi lya buuta kabili balupangila no tushimbi.
10045,umwaume uwamushinku wapakati uwabuuta inkanda naipenta amalangi ayapusana pusana.,Bushe uyu umwaume uuipentele amalangi ayapusana pusana finshi afwele.,Uyu umwaume nafwala icakufwala icikwete ilangi pamo nga ilangi ilya makumbi makumbi elyo nelya mutuntula ,Bushe nifinshi ifyo uyu umwaume uuipentele amalangi ayapusana pusana pamenso ekete muminwe?,Uyu umwaume uwamushinku wapakati uuipentele amalangi ayapusana pusana pamenso nikata ipenga lya kashikila muminwe.
10046,Umulumendo umusepela uwameno ayabola naiminina ninshi nafumya no lulimi.,Bushe finshi uyu umulumendo umusepela uufumishe ululimi afwele apa epo ali?,Uyu umulumendo wacaice nafwala icampepo icakashika elyo necisote cabuuta kumutwe.,Bushe incende uyu umulumendo wacaice ekelepopo ilemoneka shani mumenso?,Iyi incende uyu umulumendo wacaice emininepo ilemoneka naikwata ameenshi makasa nefyani ifyauma.
10047,Imbwa iyamafufu ayafita ilebutuka uku ninshi nayasamuna akanwa naifumya no lulimi.,Bushe uku iyi imbwa iyamafufu ayafita ili kulemoneka shani?,Iyi incende ii imbwa iyamafufu ayafita iliko naikwata amabwe ayengi.,Bushe iyi incende iikwete amabwe ayengi ukuli iyi imbwa ilemoneka shan mumimonekekei?,Kuli iyi incende ukuli iyi imbwa iyamafufu ayafita kuli ifyani ifyauma na makumbi  yamfula.
10048,Umulumendo umusepela uwankanda yabuuta nanina pantontoka yakwe., Bushe uyu umulumendo umusepela uuninine Pali iyi intontoka finshi afwele kumubili?,Uyu umulumendo umusepela uuninine pa ntontoka afwele itoloshi lya fita elyo na ishati ilyamakumbi makumbi.,Bushe iyi intontoka uyu umulumendo wacaice aleensha ilemoneka shani?,Iyi intontoka uyu umulumendo wacaice amininepo ikwete ilangi ilyabuuta nemipeto ibili iyafita?
10049,Imbwa iyamafufu ayelangi lyafita no twabuutamo utunono ilebutuka ,Bushe nikwisa iyi imbwa iyamafufu ayafita iyilebutuka ili munsita ya kasuba?,Cilemoneka kwati umu iyi imbwa iyamafufu ayafita ilebutuka ni mumeenshi ya mumumana.,Bushe kumbali ya uyu umumana iyi imbwa iyamafufu ayafita ilebutukamo kulemoneka shani?,Kumbali ya uyu umumana iyi imbwa iyamafufu ayafita ilebutukamo kuli ifimabwe ifikulu 
10050,Umwanakashi uwamushinku wapakati uwabuuta inkanda nanina pantontoka.,Bushe uyu umwanakashi uwabuuta inkanda uuninine pa ntontoka nifinshi afwele?,Uyu umwanakashi uuninine pa ntontoka afwele itoloshi ilyafita elyo neshati ilyamakumbi makumbi.,Bushe iyi incende uyu umwanakashi eleenseshako intontoka ilemoneka shani?,Iyi incende ukuli uyu uwakashi uuli pa ntontoka kuli ifyani ifyakatapa katapa ifingi nakam up sebo akanono.
10051,Banamayo batatu abamushinku wapakati ababuuta inkanda nabekala pafipuna.,Bushe aba banamayo batatu abamushinku wapakati abekele pafipuna finshi balecita?,cipalile kwati aba abanakashi batatu bekele mupepi no mililo uo baleonta.,Bushe ilemoneka ninshita nshi iyi aba abanakashi batatu ababuuta inkanda baleontelapo umulilo?,kuli iyi incende aba abanakashi batatu bali kulemoneka kwati nakufita kanshi iyi inshita ilemoneka kwati bushiku
10052,Abaume babili abamushinku wapakati balepyanga mukati kacikulwa icikalamba.,Bushe aba abaume babili abalepyanga mukati kacikulwa icikalamba bamutundu nshi?,Cilemoneka kwati aba abaume babili abalepyanga muli ici icikulwa icikalamba ni bamwenye abafita.,Bushe Ici icikulwa aba bamwenye abafita balepyangamo cilemoneka shani?,Ici icikulwa icikalamba nganshi kabili balilengako ne fintu ifyapusana pusana kucibumba caciko.
10053,Abantu bane ababuuta inkanda nabeminina kunuma ya lupango ulo bapangila ne fikopa,Bushe bantu bamusango nshi aba abeminine kunuma yalupango lwa katapa katapa?, Pali ici aba abantu bane ababuuta inkanda babili banakashi elyo bambi babili baume., Bushe aba abantu bane ababuuta inkanda finshi balecita ilyo beminine kunuma ya ulu ulupango?,Cilemoneka kwati aba abantu bane ababuuta inkanda baletamba impanga iyalelema iili pantanshi yabo.
10054,Umwanakashi uwamushinku wapakati uwabuuta inkanda no mushishi uutali naiminina mumenshi,Bushe uyu namayo uwabuuta inkanda finshi afwele ilyo eminine mumeenshi?,Uyu umwanakashi uwamushishi uutali afwele akaputula kamukati kunshi elyo neshati ilyakashika.,Bushe uyu umwanakashi uwiminine mumeenshi alemoneka alimukwamba ukucita finshi?,Uyu umwanakashi uwiminine mumeenshi alemoneka alimukwamba ukowa ukubomfya akantu kamo akapapatala.
10055,Umwaume uwamushinku wapakati uwabuuta inkanda aletanika isumbu lya bamung'wing'wi.,Bushe nifinshi uyu umwaume uwikete isumbu lya bamung'wing'wi afwele?,Uyu umwaume uwamushinku wapakati uwabuuta inkanda nafwala akaputula elyone shati lyamaboko ilyabula amaboko.,Bushe iyi incende uyu umwaume uwamushinku wapakati aletanikilako isumbu lyabamung'wi ng'wi ilemoneka shani?,Kuli iyi incende uyu umwaume uwamushinku wapakati ali kuli ifimuti fyakatapakatapa ifingi sana elyo ne fyani.
10056,Abantu abengi abapusanapusana imishinku nemitundu nabeminina ., Bushe apa apo aba abantu abapusanapusana imitundu palemoneka bali kwati ni kwisa? , Pali iyi incende aba abantu abapusanapusana imitundu beminine palemoneka kwati ni pacitesheni.,Bushe mitundu nshi iyabantu abapusanapusana iminine Pali ici icitesheni?,Pali iyi imitundu ya bantu Pali abantu ababuuta inkanda elyo nomutundu uo beta ati aba japanese.
10057,shikulubantu umukoloci uwankanda yabuuta uukwete indale mumutwe naikala pacipuna.,Bushe nifishi uyu shikulubantu umukoloci alecita ilyo ekele pacipuna?,Uyu shikulu bantu umukoloci alebelengela icipepala camalyashi ico ekete muminwe yakwe.,Bushe uyu shikulubantu umukoloci uulebelenga icipepala camalyashi finshi afwele?,Uyu shikulubantu umukoloci nafwala icampepo icabutuluka elyo nakasote akafita kumutwe wakwe nashikafu wakashika mumukoshi.
10058,umwaume uwamushinku wapakati uwabuuta inkanda naiminina pamulu wafimabwe ifikulu , Bushe uyu umwaume uwamushinku wapakati uwiminine pa mulu wafimabwe ifikulu finshi afwele ,uyu umwaume nafwala icampepo cafita ne toloshi ililemoneka kwati lyakatapa katapa.,Bushe iyi incende uyu umwaume uwamushinku wapakati emininepo ilemoneka shani mumominekele ,iyi incende uyu umwaume uwamushinku wapakati emininepo naikwata ifimabwe ifikulu makumbi yamfula
10059,umuntu uwamushinku wapakati uusendele akachola kafiita aleangala nembwa yakwe , Bushe nikwisa uyuwine umuntu aleangalila ne mbwa yakwe?,Uyu umuntu uuleangala me mbwa yakwe Bali kululamba lwa bemba, Bushe uyu umuntu uuleangala me mbwa nifinshi ifyo afwele?, uyu umuntu uuleangala ne mbwa yakwe afwele itoloshi lya gini ilyamakumbi makumbi necampepo icafita 
10060,Ibumba lyabaume ababuuta inkanda lileingila mucibansa icikalamba.,Bushe nifinshi ili ibumba lyabaume lileya mukucita mucibansa.,Ili ibumba.lya baume abankanda ya buuta lileya mukuteya umusango umo uwabwangalo .,Bushe Ili line ibumba lyabaume ilileya mukuteya umusango umo uwabwangalo finshi lifwele?,Abantu abali muli ibumba bafwele ifyakufwala fimofine pamo ngamashati lyamakumbi makumbi namatoloshi ayabuuta.
10061,Abantu babili abapusana imitundu baleshinguluka umupando uwakashika .,Bushe aba abantu babili abaleshinguluka umupando uwakashika bamitundunshi?,umwanakashi umo wankanda yabuuta elyo uyu umbi ni mwenye.,Bushe nifinshi ifili mumbali ya aba abanakashi abaleshinguluka umupandao?,Mumbali ya aba abanakashi namwikala abanakashi bamwenye nabambi abengi abapusanapusana imishinku.
10062,Shikulu bantu umukoloci uwabuuta inkanda naikala pacipuna mumbali yacikulwa ,Bushe nifinshi uyu shikulubantu uwikele munshi yaici icikulwa alecita?,uyu shikulu bantu umukoloci alelisha icilimba ca nsale Ili ekele pacipuna icili mumbali ya cikulwa ,Bushe ici icifulo ico uyu shikulubantu umukoloci ekelepo cilemoneka shani?, Pali ici icifulo Pali ici icikulwa icikalamba icikwete intunti shibili kabili Pali necishiba panse apo uyu shikulubantu ekele 
10063,Umulumendo uwacaice uwabuuta inkanda aletolekela mumumana uukulu ,Bushe finshi uyu umulumendo wacaice uuletolokela mumumana afwele? ,Uyu umulumendo wacaice uwabuuta inkanda afwelefye akaputula kekakeka.,Bushe uyu umumana umulumendo wacaice aletolekelamo ulemoneka shani?,Uyu umumana uyu umulumendo wacaice aletolokelamo ikwete ameenshi ayengi ayelangi lyamakumbi makumbi 
10064,umwaume uwamushinku wapakati uwabuuta inkanda no mushishi uwafita naikala petebulo ,Bushe nifinshi uyu umwaume uwamushinku wapakati alecita ili ekele Pali ili itebulo?,Uyu umwaume uwabuuta inkanda alebelenga ifyebo ifili mucitabo nokufilemba mwibuuku limbi.,Bushe. uyuwine umwaume nifinshi afwele kumubili wakwe ili alebelenga icitabo,uyu umwaume uwamushinku wapakati uwabuuta inkanda afwele ishati ilyamakumbi makumbi 
10065,Abalumendo cinekonse konse imisepela ababuuta inkanda nabekala pamo.,Bushe nipali finshi aba abalumendo cinekonse konse imisepela bekele?,Aba abalumendo imisepela ababuuta inkanda bekele pafipuna ifitali ifili mupepi ne tebulo.,Bushe nifinshi ifili Pali ili itebulo apekele aba abaume imisepela ababuuta inkanda?,Pali ili itebulo apali imisepela cine konsekonse Pali amabotolo yabwalwa ayengi ayapusana pusana imitundu.
10066,Abalumendo bane abacaice ababuuta inkanda balebutauka mumusebo ,Bushe nifinshi aba abacaice bane balebutukila muli uyu umusebo?,Cipalile kwati aba abacaice bane ababuuta inkanda baleangala ubwangalo bwakupepekana .,Bushe nifinshi ifili mumbali na kuntanshi ya uyu umusebo aba abacaice baleangalamo?,Mumbali ya uyu umusebo muli amaluba ayakashikila kabili kuntashiya uko kuli icikulwa ico bapangila ne njelwa.
10067,Imisepela itatu ileenda mumbali ya cikulwa icelangi ilyabutulukila ,Bushe Pali iyi imisepela ileenda Pali abantu bamusangonshi?,Pali iyi imisepela itatu Pali abaume babili no mwanakashi umo bonse ababuuta inkanda.,Bushe uyu umusebo ishi imisepela shileendamo ulemoneka shani mumenso?,Cila lubali ulwa uyu umusebo umuleenda iyi imisepela kuli ulupango. kukulyo kuli ulwelangi lya kashika elyo kukuso kuli ilyelangi ilyabuuta.
10068,Umwaume uwamushinku wapakati uwabuuta inkanda naiminina .,Bushe nifinshi uyu umwaume uwamushinku wapakati alecita ili eminine?,"uyu umwaume uwamushinku wapakati aleoca ifyakulya pamulilo ukubonfya waya
",Bushe uyu umwaume uuleoca ifyakulya pamulilo nifinshi ifyo afwele pamubili?,Uyu umwaume uwamushinku wapakati uwabuuta inkanda afwele itoloshi lya gini neshati ifyamakumbi makumbi.
10069,Abantu bane abamitundu iyapusana pusana balelisha ulwimbo pacisebele,Bushe aba abantu apa apo beminine palemoneka shani mumenso?, Apa aba abantu abaleimba ulwimbo bali Pali ifyani ifyakatapa katapa elyo kunuma yabo kuli ifimuti ne cikulwa icikulu., Bushe ni finshi ifili pantanshi ya aba abantu abaleimba ulwimbo?,pantanshi ya aba abantu abaleimba ulwimbo Pali abantu abaletamba uko aba abantu baleimba ulwimbo.
10070,Umwaume uufwele ifyakufwala fyakatapakatapa aleensha icitukutuku.,Bushe uyu umwaume nikwisa uko aleensesha icitukutuku icakatapakatapa?,uyu umwaume uwamushinku wapakati aleensha icitukutuku icakatapakatapa pamusebo uwamanenekela.,Bushe nifinshi uyu umwaume uuleensha icitukutuku icakatapakatapa alenutushisha umusango uyu,Cilemoneka kwati uyu umwaume uuleensha icitukutuku icakatapakatapa pamusebo alecimfyanya muli nakatango wa pa fitukutuku.
10071,Ishitima ilyo bapentamo ilangi ilyamacungwa macungwa naliminina pacitesheni.,Bushe nifinshi ifili muli Ili ishitima iliminine pacitesheni?,Muli  ili ishitima iliminine namwikala abantu abengi abapusanapusana imishinku.,Bushe nifinshi ifili mumbali ya Ili ishitima iliminine pacitesheni?,Mumbali ya ili ishitima iliminine pacitesheni muli ing'ombe shibili ishamafufu ayabutulukila.
10072,Umwaume uwamushinku wacikulile aleciluka umusebo uku ninshi alebuka.,Bushe nifinshi fimbi ifili muli uyu umusebo uyu umwaume aleciluka?,Muli uyu umusebo wamanenekela muli imyotoka ishapusana pusana amalangi ishingi.,Bushe nifinshi ifili kuntanshi ya uyu umusebo uyu umwaume aleciluka?,Kuntanshi ya uyu umusebo uyu umwaume aleciluka kuli icikulwa ico icikalamba balekula.
10073,Namayo uwamushinku wapakati uwabuuta inkanda nomushishi uutali naiminina.,Bushe iyi incende iyo uyu namayo emininepo ilemoneka shani mumenso?,Incende iyo uyu namayo emininepo naikwata ameenshi makasa ayengi.,Bushe uyu namayo uwiminine mumeenshi makasa nifinshi afwele kumubili?,"Uyu namayo uwabuuta inkanda nafwala ikoti ilitali, akasote katapakatapa elyo ne fyakucingilila amenso."
10074,Nakulubantu umukoloci uwankanda yabuuta naiminina nomukashama umunono.,Bushe uyu umukashana umunono finshi alecita ili eminine na nakulubantu .,Cilemoneka kwati uyu umukashana umunono Pali ifyo alepela uyu nakulubantu umukoloci.,Bushe uyu nakulubantu umukoloci nifinshi ifyo afwele kumubili?,Uyu nakulubantu umukoloci uwankanda yabuuta nafwala shiketi uwafita ne shati ilyabuuta.
10075,Umulumendo uwamushinku wapakati uwabuuta inkanda nanina pantontoka.,Bushe nifinshi uyu umwaume uwamushinku wapakati afwele mumatwi yakwe.,Uyu umwaume uwamushinku wapakati uwabuuta inkanda nafwala utulimba utunono utwabuuta mumatwi yakwe.,Bushe nikwisa uyu umwaume uwamushinku wapakati aleensha intontoka yakwe.,Uyu umwaume uwamushinku wapakati uwabuuta inkanda aleensha intontoka yakwe pamusebo uwamanenekela 
10076,Abantu abalekanalekana bali mu muputule umo munshita ya bushiku.,Abanakashi babili apali uwaina umo no waonda umo nabeminina mupepi,umwanakashi uufwele ishati lya fita ne caketi lya buuta no mushishi uwipi Ali na kapu.,Bushe ni finshi uyu mwanakashi alecita neyi kapu muminwe?,Uyu mwanakashi cipalile kwati alenwa ubwalwa ubulemoka ubwafiita muli kapu iye kalashi.
10077,Abantu pabuula  bali kuncende imo ine munshita yakasuba.,Bushe iyi incende aba abantu baliko ilemoneka shani?,Iyi incende ilemoneka kwati yapalamina ne mpaanga iyakwata ifimuti ifingi.,Bushe nifinshi aba abantu balecita kuli Ici cifulo Pali iyi inshita?,Aba abantu balemoneka kwati Bali pa ncito kabili balemoneka kwati nabeminina pakuti bakopweko icikope.
10078,Umwaume uufwele itoloshi lya fita ne campepo icamakumbimakumbi umwapita no twa buuta naikala pa cifulo cimo,Bushe icifulo uyu mwaume ekeleko cipali ku cifulo nshi?,Icifulo uyu umwaume ekeleko nacipala ku cifulo uko abantu babombela.,Bushe nifinshi uyu umwaume uwankanda ya bulauni alecita apa akonteme?,Cilemoneka kwati uyu umwaume alepanga ifyakupangapanga apa epo ekele pantu mumeseke elyo napansi peswilefye ifibombelo elyo no tuntu utwapangwa kuminwe.
10079,Abantu abalekanalekana Bali panse ya cikulwa icapalamina no musebo.,Bushe aba abantu abeminine panse ya ici cikulwa nifinshi balecitapo?,Cipalile kwati aba abantu balelolela nabwinga nashibwinga abeshile mucikocikala.,Bushe uyu nabwinga uwikele mucikocikala na shibwinga uwiminine bafwele finshi?,Uyu nabwinga afwele icitebo cabuta elyo shibwinga ena afwele itoloshi ne caketi lyafiita elyo neshati ilyabengeshima.
10080,Umwaume uwankanda iyafiita ne myefu iitali aleenda.,Bushe nifinshi uyu umwaume afwele ilyo aleenda?,Uyu umwaume afwele itoloshi lya buuta elyo ne shati Ilya maboko ayatali necisote camacungwamacungwa.,Bushe uyu umwaume nikwisa uko afilile ilyo aleenda? ,uyu umwaume cipalile kwati afikile ku cifulo ukwaba icikulwa icakupepelamo amapepo icikalamba elyo ukwaba no lupango ulwipi
10081,Uwacaice umwaume uufwele itoloshi Ilya makumbi makumbi Ali ku ncende iyo abacaice bangalako.,Bushe nifinshi uyu mwaice alecita kuncende ukwaba ifimuti ifitali?,Uyu uwacaice iwa mushishi ne nkanda yabuuta aleyangala kucifulo Ici ukwaba ifimuti.,Bushe nifinshi uyu uwacaice alecita ilyo aleyangala?,Uyu uwacaice alepeluka pacimpelwa icakwata ifyakupelukapo fibili.
10082,Imbwa iyi kwete amasako aya buulauni na ya buuta ili ku mpaanga. ,Bushe iyi incende ico iyi imbwa iliko cilemoneka Shani mumimonekele?,Ici icifulo cilemoneka icashingama kabili cili kunuma ye linga ilitali kabili kuli no tufyani elyo ne cimuti icikulu.,Bushe ni finshi ifyo iyi imbwa ilecita uku eko ili munshita yakasuba?,Cipalile kwati iyi imbwa ileyangala pa mucanga kabili naikwata ne cakwangasha ica fitulukila mukanwa.
10083,Abantu abalekanalekana apali abaume na banakashi abankanda iya buuta abengi nganshi Bali ku ncende imo.,Bushe iyi incende aba abantu baliko ilemoneka Shani ?,Iyi incende uko aba abantu Bali kulemoneka ifikulwa ifitali elyo ne fimuti ifyalukusha amabuula.,Bushe ni finshi aba abantu baleciita kuli iyi incende munshita yakasuba?,Cipalile kwati aba abantu balesefya pantu Pali umwaume umo uo bemishe mu muulu elyo balepunda no kwaula nganshi.
10084,Umulumendo uwacaice uufwele ishati Ilya fiita ne toloshilya bulauni no mushishi uwipi Ali mumpanga.,Impaanga iyo uyu umulumendo aliko ilemoneka iikulu kabili naikwata notumuti utwipi. ,Iyi incende iyo uwacaice umulumendo aliko ilemoneka iyafitulukila cipalile kwati iyi ni nshita ya cungulo cilya akasuba kalewa.,Bushe ni finshi uyu umulumendo alecita muli iyi inshita iya cungulo?,Uyu umulumendo aleyangala kabili aletolokela na mu muulu ilyo aleyangala uku ninshi naisula na kanwa.
10085, Imbwa shine ishikalamba kabili ishafitulukila ishaina  shili pamo.,Bushe ni finshi ishi imbwa ishakatama bashifwikile pa mubili?,Ishi imbwa namashifwika ifyakufwala ifyamalangi yapisanapusana pamubili elyo nabashifwika nefyapakanwa ifya buuta pakuti shilasuma abantu. ,Bushe ni cinshi ishi imbwa shilecita mu nshita yakasuba mu musebo?,Ishi imbwa shilebuutuka ulubilo cipalile kwati ulu ulubilo shilebuutuka lwa kucimfyanya pantu pafyakufwala shifwele Pali amanambala iyapusanapusana.
10086,Imbwa shibili imo iikulu ikwete ilangi ilya buuta nama ntonintoni Aya fiita e neyi  nono iyelangi ilyafiita  na pamukoshi apabuuta shili pamo., Bushe nikwisa ishi imbwa shibili shili munshita yacungulo?,Ishi imbwa shibili shili mulubansa ulwa cingililwa ne linga ilwapangwa na ba waya.,Bushe ni finshi ishi imbwa shibili imo Iyaina elyo imo Iyaonda shilecita?,Ishi imbwa shibili shileyangalila pamo mu mucanga iwingi ulemoneka uwabulauni 
10087,Abaume babili abacikoloci abankanda iya buuta bakebombela pamo.,Bushe ni finshi aba abaume babili bafwele munshita yakasuba,Umwaume uwaina uwikele afwele ishati Ilya bulauni ne toloshi lya makumbimakumbi elyo shikulubantu uukonteme afwele ifyakufwala ifyabuutulukila.,Bushe ni finshi aba abakoloci babili balecita ukukucifulo ukulemoneka kwati ni kuncende uko babombela?,Cilemoneka kwati aba abaume babili balelungisha mashini umukalamba uwa fiita na katapakatapa.
10088,Abantu bane apali umwanakashi umo Bali mu muputule munshita yabushiku .,Bushe ni finshi aba abantu bane balecita muli uyu umuputule ulemoneka uwafita?,Aba abantu bane cilemoneka kwati baleshika inyimbo no kulisha elyo no nabakwata ifilimba ifyapusanapusana.,Bushe ni  finshi aba abantu bane apali no mwanakashi uwa mushishi uwipi bafwele ?,Aba abantu bafwele amatoloshi ayatali ayelangi lyafiita elyo nama shati ayafiita .
10089,Umukashana umutali uufwele icampepo cafiita nakashiketi akatubokoshi twafiita no twa buuta naiminina.,Bushe uyu mukashana ufwele amakalashi yamumenso ayafiita ninshi ekete.?,Uyu mwanakashi nakwata fwaka iitali kukuboko uko afwele inindanimwe  yafiita cipalile kwati alepepa uyu fwaka.,Bushe ni finshi ifishingulwike uko uyu umwanakashi eminine?,Mupepi noko eminine kuli utumaluba elyo akatalamukila kuli bamotoka abengi abalepita mu musebo. 
10090,Umwaume uufwele icaketi lya fiita ne shati lya buuta Ali mu muputule eka.,Bushe umuputule uyu umwaume alimo ulemoneka Shani?,Uyu umuputule ulemoneka uwafita cipalile kwati ni nshita yabushiku elyo Kabili uyu umuputule ulemoneka mwakubombela,Bushe ni cinshi uyu mwaume  uukwete umushishi uwipi alecita muli uyu umuputule? ,Uyu mwaume alelisha umutolilo elyo Kabili Ali pepipepi ne cisoselo icafiita iciminine pa ntanshi yakwe cipalile kwati eco alebomfya pakulisha umutolilo.
10091,Abantu abalekanalekana apali abaume aba mishinku iyapusanapusana   abengi Bali ku ncende imo munshita iya kasuba,Bushe iyi incende baliko ipali ku ncende nshi mufyo ilemoneka mumenso?,Iyi incende naipala kabili ilemoneka nge ncende uko bepika elyo no kushitisha ifyakulya ifyalekanalekana,Bushe aba abantu abalekanalekana abali kuli ici cifulo cipalile kwati ni finshi ifyo balecita pali iyi inshita?,Abaume babili abafwele ifyakufwala ifyakwipikilamo ifya buuta elyo nafyafiita cipalile kwati ebaleipika ifyakulya elyo no kushitisha elyo abashala cicpalile kwati beshile uku mukushita ifyakulya
10092,Abantu abalekanalekana apali abume na banakashi aba mishinku iyalekanalekana abankanda ishapusanapusana baali ku cifulo cimo munshita yakasuba,Bushe icifulo aba abantu abalekanalekana baliko cilemoneka shani mu mimonekele ?,Ici cifulo cilemoneka icikulu kabili icapamfiwa nakabili kuliicikulwa icitali ica kuminkana cipalile kwati mashitolo yabamo muli ici cikulwa,Bushe cilemoneka kwati ni finshi aba bantu balecita kuli ici cifulo mu nshita ya kasuba?,Aba abantu  abali uku balemoneka  beshile mukucita ifyapusanapusana. Bambi cipalile kwati beshile mukushita elyo bambi  bena balepitafye kuli ici icifulo
10093,Abantu batatu apali umwanakashi umo uufwele amakalashi na baume babili aba mushishi uwipi bali kucifulo cimo cine.,Bushe icifulo aba abantu abalekanalekana baliko cilemoneka shani mu mimonekele ?, Ici icifulocilemoneka kwati muputule uunono uwaba mu cikulwa icikulu elyo kabili ici cifulo cilemoneka calipentwa ne langi ilyabuuta ilisuma nganshi,Bushe ni finshi aba bantu balecita muli uyu umuputule uukwete ifintu ifingi kucibumba?,Umwanakashi no mwaume abafwele amakalashi balemoneka kwati beshile uku ku ncende mukulungisha incinga iyafiita elyo uyu umbi umwaume ena eulelungisha iyi incinga.
10094,Umwaume uufwele itoloshi ne shati ifya makumbimakumbi uusendele na ka coola akafiita aleenda eka mu musebo,Bushe uyu umusebo uyu umwaume aleendamo ulemoneka shani kabili bushe iyi inshita aleenda ni nshita nshi?,Uyu umusebo ulemoneka uukalamba kabili muli naba motoka abakalamba elyo  na banono. kulemoneka nakufiita cipalile kwati bushiku.,Bushe nifinshi ifishingulwike nelyo ifili muli uyu umusebo ukucila pali bamotoka?,Muli uyu musebo muli ne fikulwa ifyo bakuula ukubomfya injelwa ifitali sana nganshi kabili ifingi . Ifi ifikulwa filemoneka kwati fyakubombelamo
10095,Umwaume uufwele ishati ilya fiita ilya maboko ayepi ne cakunshi icamishilwa naiminina Ku cifulo cimo eka.,Bushe  Uyu umwaume uwankanda iyabuuta uko eminine kulemoneka shani?,Iyi incende iyo Uyu umwaume aliko ilemoneka iya fuunda elyo kabili naikwata ne ifimuti ifingi ifye langi lya katapakatapa.,Bushe ni finshi Uyu umwaume uwa mushishi uwipi alecita kuli ici icifulo eka?,Uyu umwaume nakwata akantu akabulungana mu minwe  cipalile kwati alebomfya aka akantu ukuteya ubwangalo ubwakuminwe.
10096,Abantu batatu apali abakulu babili no wa caice umo abankanda iya buuta baali Ku ncende imo ine munshita ya kasuba.,Bushe aba abantu abatatu abapusana imishinku balemoneka shani?,Umwanakashi uufwele ishati ilyabula amaboko ilya mantonintoni alemoneka kwati ni nyina wa wacaice uufwele akashati akabuuta.  Uyu umbi uukonteme alemoneka  ali eka.,Bushe ni finshi ifyo aba abantu abali Ku cifulo icipalile ishitolo balecita.,Umwanakashi uuli na kacoola ka bulauni elyo no wacaice balemoneka beshile mukushita insapato elyo Uyu uukonteme alemoneka kwati euleshitisha pali ili ishitolo
10097,Abantu abalekanalekana kabili abankanda ishapusanapusana ne mishinku ishalekalekana nabekala Ku cifulo cimo.,Bushe ici icifulo aba abaume na banakashi abafwele ifyakufwala ifyalekanalekana baliko cilemoneka shani?,Ici icifulo cilemoneka icikulu kabili icafunda . Kuli ici icifulo kuli ifimuti mumbali elyo nefyani pakati ifyakatapakatapa epo bekele no kwikala.,Bushe ni finshi aba abantu abanono baleciita kuli ici icifulo icilemoneka icisuma?,Aba abantu balemoneka kwati beshile kuli ici icifulo mu kwangala no kulila pamo pantu nabakwata umo basendele ifi palile ifyakulya elyo nabakwata no mupila uwakwangasha.
10098,Abalumendo babili aba mushinku uwa pakati abankanda yabuuta bali mu mumana uukulu lelo uushashika sana.,Bushe ni finshi aba abacaice abalumendo baleciita kuli Uyu umumana beka?,Aba abacaice balesamba no kwangala muli uyu umumana elyo kabili cilemoneka kwati iyi ni nshita yakasuba.,Bushe ni finshi aba abacaice babili abalumendo bafwele ilyo balesamba muli Uyu umumana?,Aba abalumendo bonse nabafwala utusote utwa makumbimakumbi apali ifilembo ifya fiita uto bafwala pa kowa elyo kabili umo pali bena nafwala nama kalashi yakowelamo.
10099,Abanakashi babili abacikoloci abafwele ifyampepo ifya kaba sana elyo me fitambala ifya malangi ayafiita elyo no tumaluba utwa mutuntula nabekala kucifulo cimo.,Bushe ici icifulo aba abanakashi babili abanakashi baliko cilemoneka shani?,Ici icifulo cilemoneka icikulu sana elyo kabili nacikwata ne fintamba apo banike  ifintu fimo ifilemoneka ifingi sana .,Bushe ni finshi aba abanakashi balecita uku kucifulo uko baali munshita iya kasuba?,Aba abantu balemoneka baleshitisha isabi ilyauma mumbali yamusabo ili pa cakubikapo icitali elyo nakabili aba abanakashi babili balemoneka balelanda ilyashi .
10100,Umuntu ulemoneka ne cakufwala icakashikila elyo necisote  icikwete ilangi lya buuta elyo ne langi lya macungwamacungwa Ali kuncende iyikalamba.,Bushe ni finshi ifili kuli iyi incende ukuli uyu umwaume  uuli ne nkanda iyabuuta?,Kuli iyi incende kulemoneka icipalile kwati cikontena ica pangwa ne cela icelangi ilya bulauni .kumbali kulemoneka no lupili elyo nakabili kuli no lupango ulo bapenta ilangi ilyakashika ne lya buuta. ,Bushe ni cinshi uyu umwaume aleciita kuli iyi  eka mumshita iyakasuba kantandemono? ,Uyu umwaume alecofa incinga iya buuta iinono iyikwete imipeto iya fiita pacipalile kwati mutanto uo bakulilila panshi bwino bwino
10101,Abantu abalekanalekana apali abaume na abanakashi abamishinku iyalekalekana ababuuta inkanda baali Ku ncende imo .,Bushe iyi incende iyo aba abantu baliko ilemoneka shani mu mumonekele iya mu menso?,Iyi incende ili panse yacikulwa icitali nganshi icikwete ne fishimbi ifikulu ifyafiita kabili ici icikulwa balicipenta ilangi ilya butulukila.,Bushe ni finshi aba abantu baleciita kuli iyi incende munshita iyakasuba.,Cipalile kwati aba abantu pali ifyo balelanda kuba  buteko pafyo bashitemenwe pafilecitika mucaalo uku ninshi bamo nabemya ne fipampa apalembelwe fimo .
10102,Uwacaice umwanakashi uufwele ishati ne toloshi ifye langi limo line alepeluuka .,Bushe nikwisa uyu uwacaice uwa mushishi uwipi na menso  aali ilyo alepeluka?,Uyu  uwacaice uko aali kulemoneka kwati ni mucikulwa icinono ico bakuula icili panse iya ng'anda. , Bushe uyu uwacaice umwanakashi aleciita shani pakupeluka ilyo alepeluuka?,Uyu uwacaice umwanakashi aleciita aya mu muulu elyo abwela panshi uku ni nshi naikatilila Ku ntambo ishili pacakwikalapo ica makumbimakumbi.
10103,Shikulu bantu uwacikoloci uufwele ishati ilya mutuntula ne toloshi lya fiita ne nsapato sha buuta aleenda ali mu musebo,Bushe uyu umusebo uo umuntu aleendamo ulemoneka shani kabili ni finshi ifilimo?,Uyu umusebo ulemoneka uukalamba kabili uwa manenekela na kabili muli ifikulwa ifikulu ne fimuti ifitali.,Bushe ni finshi ifyo uyu umwaume aleciita muli uyu umusebo uukalamba umuli ama motoka ayengi?,Uyu shikulu Bantu cipalile kwati aletukusha umubili ukupitila mukwendako mu musebo mu nshita iyakasuba.
10104,Umwaume uufwele ikoti ilya butuluka nakasote aka ili line ilangi nakontama mu musebo,Bushe ni finshi uyu umwaume asendele ilyo Ali muli uyu umusebo?,Uyu umwaume asendele aka kwenseshapo ifintu ifingi akakwata ama wilo ayanono aya fiita.,Bushe ni finshi uyu umwaume asendele pali aka akakwenseshapo kabili finshi aleciita?,Uyu umwaume asendele ifibokoshi fibili apali icikulu elyo ne cinono apali ifilembo ifyakashika elyo nefya katapakatapa  ifinono 
10105,Umwaume uufwele ishati ilya buuta ne toloshi lya fiita ne nsapato ishafiita umwapiita no twabuuta Ali mukamuputule akanono,Bushe uyu umuputule uunono uo uyu umulumendo alimo ulemoneka shani?,Aka akamuputule kalemoneka na fipenti ifingi elyo kabili nakakwata ne filembo ifya malangi ayelekanalekana.,Bushe ni finshi uyu umulumendo uwa mushinku wa pakati aleciita muli aka akamuputule?,Uyu umulumendo aletantala Ku cibumba ca aka akamuputule akanono kabili akepi sana. 
10106,Abantu batatu apali umwaume umo umukoloci na abanakashi babili baali Ku cifulo cimo icinono.,Bushe ici icifulo cipalile Ku cifulo nshi mumiminekele iya mu menso?,Ici icifulo cilemoneka kwati ni mucifulo ico bamashitishishamo ifintu ifyalekanalekana nganshi.,Bushe ni finshi aba abantu abapusapusa  imishinku baleciita kuli ici icifulo mu nshita iyakasuba?,Namaayo uufwele icampepo icafiita ne toloshi lya makumbimakumbi aleenda elyo umwanakashi uwamushishi uwabuuta ne campepo cafiita ena naikala pa cipuna kumfwa shikulu Bantu ena cipalile kwati aleshiita muli ici cicikulwa.
10107,Abanakashi batatu na bacaice bane apali abalumendo babili na bakashana babili baali Ku cifulo cimo cine ,Bushe ici icifulo aba abantu cinelubali baliko mu nshita iyakasuba cilemoneka shani? ,Ici icifulo cilemoneka icikalamba elyo nakabili kuli iyi incende kuli amabwe ayakalamba ayengi nganshi elyo kuli nefyani na kamulonga.,Bushe cinshi aba abantu baleciita kuli ici icifulo pali iyi inshita ya kasuba?,Abanakashi abakulu batatu balecapa ifyakufwala ifyalekanalekana  kumfwa abacaice bane bena baleyangalafye pa mabwe namu kamulonga.
10108,Umwaume uwa mushishi uwipi uwafiita uwankanda iya fiita kabili uwaina  Ali mu muputule umo uunono eka.,Bushe ni finshi uyu umwaume uwikele eka ni finshi ifyo afwele?,Uyu umwaume afwele ishati ilya bututuluka ne toloshi lya bulauni elyo nafwala ne nkoloko Ku kuboko kwaku kulyo.,Bushe uyu umwaume uukwete ubupipi ubwingi Kumaboko ni finshi ifyo aleciita muli uyu umuputule eka ?,Cipalile kwati uyu umwaume Ali mu umuputule umo asendama elyo ekele pa busanshi uku ninshi alebelenga na ka kalata akali pe pepala ilya makumbimakumbi.
10109,Umwanakashi umukote uwankanda iya fiita no mushishi uwafiita naiminina kuntanshi ya cikulwa icapangilwa ne njelwa.,Bushe ni finshi ifyo uyu umwanakashi uwaciloci afwele Ku mubili apa apo eminine?,Uyu umukoloci afwele ishati ili kwete ilangi ilya  buuta ne lya makumbimakumbi nacakufimbana icakashilila ne cisote icakashika,Bushe uyu umukoloci uufwele ifi ifyakufwala  ifipalile ifyo bafwele Ku mutundu umo aleciita finshi?,Uyu namaayo naimina uku ninshi alemwentula no Ku mwentula cipalile kwati aleseka na Bantu bamo abali kuntanshi yakwe.
10110,Abantu abalekanalekana  apali abaume na banakashi abapusanapusana umushinku baali Ku cifulo cimo.,Bushe iyi incende aba abantu baliko ilemoneka shani mumimonekele?.,Iyi incende ilemoneka kwati ni ncende ulusangwa abantu abengi saana pantu kulemoneka abantu abengi nakabili kuli naba motoka kuli ici icifulo,Bushe umwaume no mwanakashi  abafwele amakalashi aya kufwala munshita iya kasuba baleciita?,Uyu umwanakashi no mwaume abankanda iya buuta balemoneka Bali pamo elyo cipalile kwati batemwikwa balelanshanya uku baleenda no kwenda.
10111,Imbwa shibili imbi iyana imbi iyikulu shili Ku cifulo cimo munshita iya kasuba.,Bushe ici icifulo ico ishi imbwa shiliko cilemoneka shani mumimonekele?,Ici icifulo cilemoneka kwati ni ncende iyi bapishako akalupango akanono kabili akepi nakabili akatalamukila no kuli ishi imbwa kuli icimuti icikulu.,Bushe ni finshi ifyo ishi imbwa shibili ishikwete amafufu ayengi shilecita?,Ishi imbwa shibili shilemoneka kwati shilecena kabili apo shilecenena pali umucanga uulengele ishi imbwa ukumoneka ishalamba
10112,Umwaume umukulu uufwele ishati ilya mutuntula ne toloshi lya butuluka ne cisote ica buuta no mwana uwacaice uufwele kaputula wa makumbimakumbi baali Kulumba lwa mumana,Bushe ulu ululamba lwa mu mumana kulemoneka shani mumimonekele ya mu menso?,Ulu ululamba lulemoneka nalukwata umucanga uwingi nganshi elyo kulemobela ne cilibwe icalinga.,Bushe ni finshi Uyu umwaume no mwana umwaume uwacaice baleciita kuli ulu ululamba?,Uyu umwaume no mwana umwaume ulemoneka kwati mwana wakwe baleangala mu mucanga kabili balepanga ifyakupanga ukubomfya  iloba.
10113,Abacaice batatu  abaume aba nkanda iya buuta baali Ku cibansa icikalamba uko bateyela amangalo.,Bushe ni finshi aba abacaice batatu abalumendo ni finshi bafwele?,Babili bafwele amashati ayabuuta  no tuputula twa kashikila elyo Uyu umbi afwele ishati ilya makumbimakumbi na maboko iya buuta.,Bushe ni finshi aba abacaice batatu baleciita kuli ici icibansa icakwata icani ica katapakatapa?,Aba abacaice cipalile kwati baali kuli ici icibansa  mulutukusha umubili ukupitila mu kucilauka utwakuculukapo itwa  buuta.
10114,Abantu abalekanalekana apali abaume na banakashi abapusana imishinku baali Ku cifulo cimo cine munshita ya kasuba. ,Bushe iyi incende aba abantu baliko ilemoneka shani kabili ni finshi ifiliko?,Ici icifulo aba abantu baliko cilemoneka kwati cifulo uko abantu baya mukutusisha pantu kuli apa kwikala elyo kuli no tusaka utwapangwa ne mbao,Bushe cilemoneka ni finshi aba abantu abaali kuli iyi incende baleciita mu nshita ya kasuba?,Cipalile kwati aba abantu beshile mukutusha kuli ici icifulo uku ninshi balelanda ne lyashi.Umwanakashi uwikele no mwaume uufwele icampepo ica fiita alelolesha icuni icelangi ilyabuuta iciminine pa mbao.
10115,Uwacaice umulumendo uwankanda iya fiita  ne cakufwala ica katapakatapa Ali ne mbwa mu muputule umo.,Bushe uyu umuputule umuli  uwacaice ne mbwa ulemoneka shani mu menso?,Uyu umuputule umuli uyu uwacaice ne mbwa yakwe ulemoneka uunono kabili naufiita cipalile kwati ni munshita ya bushiku .,Bushe cinshi uyu uwacaice aleciita ne mbwa yakwe iya mafufu ayabuuta balecita muli uyu umuputule?,uyu uwacaice ne mbwa yakwe baleceena uku ninshi nabekela na pabusanshi apo banshike bwino. Uyu uwacaice aleikata ne mbwa yakwe kukanwa.
10116,Abantu babili apali nyina no mwana wakwe umwaume elyo ne mbwa iya fiita iikwete no mushipi uwakashiika baali mu mumana.,Bushe uyu umumana uo aba abantu babili ne mbwa baliko ulemoneka shani.,Uyu umumana ulemoneka uukalamba kabili ulemoneka uwa makumbimakumbi nakucilisha ulemoneka taushikile saana.,Bushe uyu namaayo no mwana wakwe umwaume elyo ne mbwa yabo ni finshi baleciita muli uyu umumana?,Uyu nyina no mwana wakwe baleowa mu mumana uku ninshi nabiika no mwana wakwe pa cakowelapo ica makumbimakumbi.
10117,Abanakashi batatu apali abakashana babili aba mushinku wapakati babili no mukalamba umo baali Ku lulamba ulwa mumumana,Bushe ni finshi aba abanakashi batatu aba nkanda iyabuuta bafwele finshi?,Abanakashi abakashana bonse bafwele utuputula utwipi elyo na mashati kumfwa umwakashi umukalamba wena afwele indeleshi iya makumbimakumbi.,Bushe ni finshi aba Abanakashi batatu abayemba baleciita kuli ulu ululamba lwa mumana?,Abanakashi babili abakashana baletukusha umubili ukupitila mu kubuutuka elyo umwanakashi umukalamba wena aleendafye mupepipepi no mamana.
10118,Umwaume uwankanda iyabuuta umukulu uufwele akashati aka katapakatapa na makalashi ayafiita Ali mu cikulwa Cimo,Bushe icikuluwa ico uyu umwaume uufwele akasote alimo cilemoneka shani mumimonekele?,ici icikulwa cilemoneka icafiita sana cipalile kwati nabashimya amalaiti elyo ni munshita iyabushiku.,Bushe ni finshi ifyo uyu umwaume aleciita muli ici ivikulwa mu nshita iya bushiku?,Uyu umwaume aleeimba inyimbo ukubomfya icisoselo icitali icafiita muli ici icikulwa munshita iya bushiku saana. 
10119,Umwaume umukote uwa buuta inkanda uukwete imyefu ishitali ishabutuluka naimina mu musebo.,Bushe ni finshi uyu umwaume uukwete umushishi uutali afwele Ku mubili?,Uyu umwaume afwele umukansu uutali uwabuuta uukwete amaboko ayatali elyo kumutwe nafwalako icitambala ica butulukila.,Bushe ni finshi uyu umwaume uwacikoloci baleciita apa pamusebo apo eminine?,Uyu umwaume cipalile kwati acilashiita ifi ifyakulya ifyo alelya mukakopo ifilemoneka ifya katapakatapa kunse .
10120,Abaume babili aba mushinku uwapakati abaonda  kabili abankanda iya fiita baali mucibansa ica kuteyelamo umupila .,Bushe ni finshi aba abaume babili aba mushinku uwa pakati baleciita muli ici icibansa?,Aba abalumendo babili abaonda baleteya umupila uwa kuminwe uo beta mucingeleshi  umupila uwa ku America,Bushe ni finshi ifyo aba abalumendo babili bafwele ilyo baleteya uyu umupila mu nshita iya kasuba?,Umo afwele akatoloshi aka makumbimakumbi ne shati ilya makumbimakumbi apalembwa ifya buuta elyo umbi afwele itoloshi ilyafiita ne shati ilya buuta apalembwa ifilembo ifyakashikila. 
10121,Umwana umulumendo uwakanya uufwele ishati  ilya mutuntula apali nakalubi aka makumbimakumbi Ali mumuputule uwa mu ng'anda.,Bushe uyu umuputule umo uyu umwana wakanya uwabuuta inkanda alimo kulemoneka shani?,Uyu umuputule ulemoneka kwati muputule uwa kutushishamo uwa mu ng'anda kabili baupenta ne langi ilya buuta.,Bushe ni finshi uyu umwana umunono uwakanya aleciita muli uyu umuputule mu nshita iya kasuba?,Uyu umwana aleangala  muli uyu umuputule uku ninshi naikala namukapuna akatunya cipalile kwati pali abo alelolesha uku ninshi alemwentula no kumwentula.
10122,Abaume babili abamushinku uwapakati baali mu meenshi ayengi nganshi.  ,Bushe aya ameenshi umuli aba abalumendo yalemoneka shani mu menso?,Aya ameenshi yalemoneka ayengi saana kabili yakwete ilangi iyabuuta  cipalile kwati yali mumumana,Bushe ni finshi aba abaume babili baleciita kuli aya ameenshi aya mumumana?,Cipalile kwati aba abaume batatu baleangala muli aya ameenshi ayali muli uyu umumana uunono kabili no kusamba balesamba.
10123,Abalumendo Abacaice bane aba mushishi uunono kabili abankanda iyafiita baali kucifulo Cimo icisuma sana,Bushe icifulo aba Abacaice apali abafwele fye bakapitula no ufwele kaputula ne shati baliko cipalile Ku cifulo nshi?,Ici icifulo na cipala kunika ukuli ameenshi ayanono ne fyani ifingi ifyakatapakatapa elyo kuli na matipa,Bushe ni cinshi aba Abacaice bane abalumendo baleciita kuli ici cifulo munshita yakasuba?,Aba Abacaice bane abalumendo baleangala mu matipa ayali kuli ici icifulo  no kwangala mu ameenshi aya yene ayali uku.
10124,Umwanakashi uwankanda iyabuuta uufwele indeleshi iya fiita nasenda ne coola ica makumbimakumbi aleensha akantu kamo.,Bushe ni kanshi ako uyu namaayo uwaina aleensha umu mumbali ya musebo umo Ali mu nshita iya kasuba?,Uyu namaayo aleensha akantu akakwete ukwa kwikakata ukuli utuntu utwakashika na pakunyanta ukulu kumo elyo nakakwata no mupeto umo,Bushe uku uko uyu umwanakashi aleensesha aka akakwensha uku ninshi alemwentulano kumwentula kulemoneka shani?,Uko uyu umwakashi Ali kulemoneka ni kumbali ya musebo uukalamba umuli bamotoka abengi elyo nefikulwa ifitali nganshi.
10125,Uwacaice umulumendo uwa mishishi uwipi ne nkanda iyabuuta  elyo na menso ayanono ali mu meenshi.,Bushe ni finshi uyu uwacaice umulumendo afwele ilyo Ali muli aya ameenshi ayengi nganshi?,Uyu uwacaice umulumendo afwele ishati ilyakowelamo ilya katapakatapa na makalashi ayakowelamo aya makumbimakumbi.,Bushe aya ameenshi ayo uyu umwana umwaume aleowamo yalemoneka shani mumimonekele?,Aya ameenshi yalemoneka ayengi kabili yakwete ilangi ilya makumbimakumbi kabili cipalile kwati yaali mucishiba umwa kusamba abantu.
10126,Abantu abalekanalekana apali abaume nabanakashi Bali kucibansa uko bateyela amangalo  aya mupila. ,Bushe ici icibansa ICO aba abantu baliko cilemoneka shani kabili ni finshi ifilimo?,Ici icibansa cilemoneka icikalamba elyo umo bateyela amangalo noko abantu bekala balikuputula ukubomfya ulupango ulo bapentapo ifya katapakatapa,Bushe ni finshi aba abantu abapusanapusana baleciita kuli  Ici icibansa mu nshita iya yasuba?,Aba abantu baletamba uyu umwaume uuleteya uufwele ishati ilya buuta nakaputula ka bulauni elyo nakamumutwe uku ninshi nabekala no kwikala.
10127,Abantu batatu apali abaume babili no mwanakashi umo baali panse yacikulwa cimo icitali saana icapangilwa ne njelwa.,Bushe ici icikulwa ico aba abantu bemininepo cipalile ku cikulwa nshi mumimonekele?,Ici icikulwa ico aba abantu bemininepo cilemoneka kwati ni ng'anda iya kwikalamo abantu iyapangilwa ne njelwa,Bushe ni cinshi aba abantu batatu baleciita panse ya iyi ing'anda ikalamaba nganshi munshita iya kasuba?,Cipalile kwati aba abantu balekusha ifipe ukufumya muli iyi ing'anda no kubiika muli cimotoka iciminine umwiminine noyu umwaume
10128,Abantu abalekekanalekana apali abaume abengi aba mishinku iyalekanalekana bali ku ncende imo ine.,Abaume babili abankanda iya buuta apali uwaina umo elyo nawaonda umo nabanine na finama.,Bushe ni finshi aba abaume abanine paali ishi nama shibili bafwele kabili balemoneka kwati nibani?,Aba abaume babili bafwele amatoloshi ayabutuluka na macaketi iyakashiika ne fisote ifitali kabilibalemoneka kwati bashilika.,Inama isho aba abaume banininepo shilemoneka ishaina kabili shikwete ilangi ilya fiita kabili bashiita ati bakabalwe.
10129,Abantu batatu apali no mwanakashi uwaina uukwete umushishi uwafitulukila baali mu muputule umo uunono,Bushe ni finshi ifili muli uyu umuputule umuli aba abantu batatu abapusana inkanda ne mimonekele?,Muli uyu umuputule muli itebulo ilitali nganshi nakabili muli ne fintu ifingi sana ifye buumba ifyo bapanga ukubomfya fye iminwe.,Bushe ni finshi umwanakashi uufwele indeleshi iyamalubamaluba ne fya ku minwe ifya makumbimakumbi aleciita muli uyu umuputule?,Cipalile kwati uyu umwanakashi alebuumba ukubomfya iloba muli uyu muputule pantu mu minwe yakwe naikata icipe ico alebumba ne loba icilemoneka icabuuta.
10130,Abacaice babili abanakashi  apali umutali no mwipi aba mushishi uwipi bali mwituuka limo.,Bushe ni finshi ifyo aba abacaice babili bafwele ilyo baali muli ili ituka munshitsa iya kasuba?,Uwacaice ulemoneka umutali afwele shiketi uwa fiita elyo ne shati kumfwa uulemoneka umwipi ena afwele indeleshi iikwete amalangi ayengi saana nganshi.,Bushe ni cinshi aba abacaice baleciita muli ili ituka umo baali babili munshita iyakasuba?,Cipalile kwati aba abacaice beshile muli ili ituka mukushiita ifilubi fya kwangasha pantu apo beminine pali ifilubi ifingi nganshi ifyo batantike ifyakushitisha
10131,Imbwa iyaina iikulu iikwete amafufu ayabulauni iifwele na kasote naikala mu muputule umo uunono.,Bushe ni kwisa iyi imbwa iikulu kabili iyaina ikele muli iyi inshita iyakasuba?,Iyi imbwa ikele pa cipuna icilemoneka icinono kabili ice langi ilya butuluka icili mu muputule ulemoneka kwati wakwikalamo uwa mukati ka ng'anda,Bushe ni finshi ifyo iyi imbwa ileciita apa apo ikele bwino bwino munshita iyakasuba?,cipalile kwati pali ifyo iyi imbwa iletamba pantu naitonta amenso pamo kabili naiyicindika apo ikele tailesela no kusela.
10132,Umwanakashi uufwele ishati ilya fiita ne toloshi ilyabutuluka elyo ne nsapato ishamakumbimakumbi pamo nakasote ali na bana bakwe babili kucifulo cimo,Bushe abana abo uyu umwanakashi uupalile kwati ni nyina alinabo balemoneka shani?,Umwana uwacaice uuleenda alemoneka uwabuuta inkanda kabili uwaonda elyo umwana umwaume uuli muco basendelamo abana ena alemoneka kwati kanya kabili ali no mushishi uwipi.,Bushe uyu namaayo na bana bakwe babili balemoneka nalecita finshi kuli iyi incende?,Cipalile kwati aba abantu beshile kuli ici icifulo kukukwata inshita iisuma no kutushako ukulaba ku fintu fimbi.
10133,Abantu abalekanalekana apali abaume elyo nabanakashi aba mishinku iyalekanalekana bali kucifulo cimo icisuma sana nganshi, Bushe ici icifulo aba abantu baliko mu nshita ya kasuba cilemoneka shani mumimonekele?,Ici icifulo cilemoneka ica yemba nganshi kabili nacikwata ne fimuti ifileponya utumaluba utwa malangi ayapusanapusana.,Bushe ni finshi aba abantu abapusanapusana baleciita kuli ici icifulo mu nshita iyi iyakasuba?,Cipalile kwati aba abantu beshile kuli ici icifulo kukukwata inshita iisuma no kutushako ukulaba naku fintu fimbi.
10134,Umwanakashi  umukulu uwa nkanda iyafiita uukwete no mushishi uwa fiita ali mumuputule umo eka,Bushe uyu umuputule uo uyu namaayo alimo upalile ku muputule nshi uwa mu ng'anda?,Uyu umuputule ulemoneka kwati muputule wa mung'anda uwakwipikilamo pantu mulemoneka ifipe ifingi ifyakubomfya pa kwipika ifyakulya.,Bushe ni finshi uyu umwanakashi umutali aleciita eka muli uyu umupule pali iyi inshita iyakasuba?,Uyu mwanakashi cipalile kwati alewamya uyu umuputule uwa kwipikilamo elyo alewamya ne fipe ifya kubomfya pa kwipika.
10135,Imbwa shibili imbi iikulu elyo naimbi iinono shili ku mpaanga ukuli ifimuti elyo nama buula panshi,bushe ishi imbwa ishishaina sana shilemoneka shani mumimonekele iya mu menso?,Ishi imbwa shibili  shikwete  amalangi ayapusana .Iilemonekapo iikulu ikwete ilangi ilya buuta pamala elyo kumbi kumubili ikwete ilangi ilyabutuluka kumfwa iilemonekapo iinono yena ikwete ilangi ilya bulauni no twabutamo.,Bushe ni finshi ishi imbwa shibili shileciita kuli iyi impaanga iyikalamba ?,Ishi imbwa shibili cipalile kwati shishile kuli ici icifulo mukwaangala pantu cilemoneka kwati shilecena apa epo shili.
10136,Umwaume uufwele ishati ilya buuta ne toloshi ilya fiita ali mu muputule eka munshita ya cungulo kasuba,Bushe uyu umuputule uyu umwaume uyu uwa mushishi uwipi alim ulemoneka shani?,Uyu umuputule ulemoneka uunono kabili uwafitulukila cipalile kwati ni nshita yacungulo kasuba na kabili ulemoneka muputule wa kulalamo ,Bushe ni finshi uyu umwaume aleciita eka muli uyu umupule pali iyi inshita iya bushiku?,Uyu umwaume aletolauka pa busanshi ubo banshike busakabusaka sana uwakulalapo apali na ba pilo babili abakushintilishapo
10137,Abantu mutanda abalekanalekana apali  abaume babili nabanakashi bane Bali mumusebo umo wine.,Bushe uyu umusebo umuli aba abantu ulemoneka shani mumimonekele ya mu menso?,Uyu umusebo ulemoneka uukalamba kabili Muli na bamotoka elyo mumbali Muli ifilulwa ifitali.,Bushe ni finshi aba abantu abalekanalekana baleciita Muli uyu umusebo mu nshita iya kasuba?,Abaume abafwele amakoti aya fiita baleenda abanakashi batatu bena nabeminina elyo umwanakashi umo wena naikala mu mbali ya uyu umusebo.
10138,Abaume abengi aba cilumendo baali mu muputule wa mucikulwa icikulu mu nshita iya kasuba,Bushe uyu umuputule aba abaume balimo ulemoneka kwati muputule wa musango shani?,Uyu umuputule ulemoneka kwati muputule uo bateyelamo ifyangalo ifyo bashiteyela panse .,Bushe ni finshi abaume abafwele ifya makumbimakumbi ne fya bulaunibulauni baleciita?,Aba abaume abali mu mabumba yabili baletukusha umubili ukupitila mu kuteya icangalo cakushelemuka ukubomfya insapato ishakwata imipeto
10139,Umwaume uufwele ishati ilya buuta ne toloshi ilya fitulukila ali Ku cifulo cimo mu nshita iya kasuba,Bushe icifulo uyu Umwaume umulumendo aliko cilemoneka cifulo nshi?,Ici icifulo uko uyu umulumendo ali cilemoneka kwati niku maofeshi pantu  kuli imendela iyamalangi yatatu.,Bushe ni finshi uyu umulumendo aleciita kuli ici icifulo ukuli ne fimuti ifiingi?,Uyu umwaume aleangala ukubomfya akakushelemukilako pamusebo kabili aleima na mu muulu sana ukubomfya aka kene akakushelemukilako.
10140,Abantu abalekanalekana abengi nganshi Bali Ku cifulo cimo icikalamba nganshi,Bushe Umwaume uwikele eka pacibumbili uwamushishi uwabuutuluka afwele finshi?,Uyu umwaume uwaonda uwamushinku uwapakati afwele ishati ne toloshi ifye langi ilyabutuluka.,Bushe ni finshi ifyo uyu Umwaume uufwele insapato ishafiita  aleciita apa epo ali?,Uyu umwaume aleliisha icintu cimo icikulu ico alelele pa moolu yakwe ukubomfya iminwe yakwe yonse yibili.
10141,Umwaume uufwele ishati ilya makumbimakumbi ne cimpompo ca ililine ilangi ali Ku mpaanga.,Bushe iyi impaanga iyo uyu Umwaume aliko ilemoneka  mumimonekele?,Iyi impanga naikwata ifimuti ifitali saana nganshi kabili naikwata na mabwe eyengi elyo ne mishila iikulu iya fimuti.,Bushe finshi ifyo uyu Umwaume uufwele ifya makumbimakumbi aleciita kuli iyi impaanga? ,Uyu umwaume alecofa incinga lelo pamulandu wa musebo ukubipa naikila alekunkulushafye pantu akamusebo nakakwata imishila iyingi iikalamba
10142,Abaume babili aba mushinku uwapakati baali Ku cifulo cimo cine mu nshita iya kasuba.,Bushe ici icifulo aba abaume babili aba mushishi uwipi cilemoneka shani mumimonekele?,Ici icifulo cilemoneka icinono kabili icabusaka saana icakuti na panshi palebeka.,Bushe ni finshi aba abaume babili baleciita kuli ici cifulo cimo uko baali?,Umwaume uufwele icampepo icafiita naikala pakapuna aka buuta kumfwa umwaume uufwele ishati ilya katapakatapa ena naiminina Cipalile kwati pali ifyo balelolela.
10143,Abantu abengi nganshi abalekanalekana kabili abamishinku iyapusanapusana baali kucibansa icikalamba,Bushe ni finshi ifyo aba abantu abalekanalekana abali kucibansa bafwele?,Abantu abalekanalekana abali kucibansa nabafwala amashati ayamaboko ayepi ayelangi ilya macungwamacungwa,Bushe ni finshi ifyo aba abantu abalekanalekana kabili abengi baleciita kuli ici icibansa mu nshita iya kasuba?,Cipalile kwati aba abantu abalekanalekana beshile mukutamba umupila pantu balemoneka abansansa kabili balelumba abaleteya.
10144,Abantu abalekanalekana apali Abacaice abengi  elyo nabakote abanono  baali Ku mumana,Bushe uyu umumana uukalamba uo aba abantu abalekanalekana baliko ulemoneka shani?,Uyu umumana ulemoneka uukalamba kabili ukwete ilangi ilya makumbimakumbi kabili kumbali kulemoneka ne fimuti ifitali,Bushe ni finshi aba abantu abalekanalekana baleciita kuli uyu umumana uukalamba?,Abakoloci nabekala mu myamfuli kuli uyu umumana Bambi nabafuula no kufuula elyo Abacaice bena balesamba mu mumana.
10145,Abaume bane apali umukoloci umo na Ba mushinku uwapakati batatu baali mu muputule umo ,Bushe ni finshi ifili mu muputule umo aba abantu bane bekele ukwabula ubwafya?,Muli uyu umuputule Muli amatebulo yabili ayanono ne fipuna fine  elyo Muli ne Cipalile banjo iciminine.,Bushe ni finshi aba abaume bane  bane baleciita Muli uyu umuputule?,Cipalile kwati aba abaume bane balelanshanya ifyaku ncito uku ninshi balenwako nafimo pantu nabakwata amabuuku elyo na kompyuta uwafiita umo
10146,Abantu abalekanalekana abafwele ifyakufwala ifyapusanapusana baali kuncende imo mu nshita ya cungulo kasuba.,Bushe iyi incende iyo aba abantu abalekanalekana baliko ilemoneka ni ncende nshi?,Iyi incende ipalile kuncende iyaba mu cikulwa icikulu icantunti ishiingi nganshi.,Bushe ni finshi aba abantu abalekanalekana baleciita kuli ici icifulo mu nshita iya cungulo kasuba?,Cipalile kwati aba abantu abalekanalekana beshile mukusefya ubwinga pantu kuli ici icifulo kuli banabwinga na bashibwinga elyo abanakashi abeminine pepipepi naba Bantu nabakwata na maluba.
10147,Umwanakashi uwaina uwamushishi uutali naiminina mu mbali ya musebo  mupepi ne shitolo. ,Bushe apa apo uyu Umwanakashi eminine palemoneka shani mumimonekele?,Iyi incende ilemoneka iya busaka kabili kuli ne cikulwa icitali saana apali kwati pali amashitolo.,Bushe  ni finshi uyu Umwanakashi uwiminine kunuma ya cimpashanya icili mu mbali ya musebo?,Uyu Umwanakashi alelengela pe windo ilili peshitolo apo balembele ifilembo ifikulu ifya fiita ilyo bapangila ne mbao isha bulauni
10148,Umwaume uufwele ishati ilya butuluka ne lya mukati ilya buuta ali mu muputule eka munshita iyakasuba,Bushe uyu umuputule uo uyu umwaume ekelemo ulemoneka shani mu mimonekele ya mu menso?,Uyu umuputule ulemoneka uunono elyo kabili ulemoneka kwati baliupenta ne langi ilya buuta ku cibuumba icilemoneka kunuma ya uyu umwaume,Bushe ni finshi ifyo uyu umwaume aleciita muli uyu umuputule umo ekele eka  mu nshita iya kasuba .?,Uyu umwaume uwikele pa kapuna alelemba mwi buuku ilili pe tebulo ilinono  apali na kapu iyo balengapo utulubi tubili
10149,Abanakashi batatu abafwele amashati na matoloshi ayakulu elyo nefisote ifikulu na bekala panshi,Bushe ni kwisa uko aba abanakashi babili bekele  mu nshita iyakasuba uku ninshi nabakontama no kukontama ?,Aba abanakashi baali pacisankano icinono apali ifintu ifingi nganshi  na Bantu abengi,Bushe ni finshi ifyo aba abanakashi batatu baleciita pali ici icisankano icinono?,Aba abanakashi batatu baleshitisha umusalu uwalekanalekana  mu miseke pali ici icisankano icinono sana  
10150,Abantu abapusanapusana abamishinku iyalekanalekana baali mucikulwa cimo icikalamba saana ,Bushe ici icikulwa umuli aba abantu abalekanalekana cilemoneka shani mu menso?,Ici icikulwa cilemoneka icikulu elyo kabili na cifiita saana cipalile kwati iyi ni nshita iyabushiku.,Bushe ni finshi ifyo aba abantu abalekanalekana baelciita muli ici icikulwa pali iyi inshita ya bushiku,Cipalile kwati pali ifyo aba abantu baletamba ifili pa fitunshitunshi ifikalamba saana ifili kuntanshi ya ici icikulwa
10151,Abanakashi abengi abapusana mumimonekele baali ku cifulo cimo munshita iya kasuba katande mono,Bushe icifulo ico aba abanakashi abalekanalekana baliko cilemoneka shani mumimonekele ya mu menso?,Ici icifulo ukuli aba abanakashi abalekanalekana cilemoneka kwati ni mumusebo uwaba pakati kafikulwa fibili ifitali  kabili uyu umusebo ulemoneka uwapabuuka saana,Bushe ni finshi ifyo aba abanakashi baleciita kuli ici icifulo mu nshita iyakasuba katande mono?,Aba abanakashi abalekanalekana baleciita ifintu ifyapusanapusana kuli ici icifulo. bambi nabeminina elyo bambi baleenda
10152,Umwaume umo uulemoneka ne fyakufwala ifyafiita ali kuncende imo eka munshita iya cungulo kasuba,Bushe incende iyo uyu umwaume umo aliko ilemoneka shani mumimonekele iya mu menso?,iyi incende ilemoneka ni mu musebo uwapiita pakati ka mayanda aya bantu kabili naikwata ne fimuti nakabili umuulu naukwata no munkolamfula kuli iyi incende.,Bushe ni finshi uyu umwaume uulemoneka uwafiita aleciita muli uyu umusebo uutali uwapita pakati yamayanda?,Cipalile kwati uyu umwaume aletukushako umubili ukupitila mukwendako panono panono mumusebo uyu.
10153,Abacaice basano apali abakashana babili na balumendo batatu baali kucifulo cimo mu nshita ya kasuba,Bushe ni finshi abacaice basano abalemoneka kwati baali ne mishinku iyalekanalekana bafweele?,Abacaice abalumendo babili bafwele amashati ayelangi limo line ayabuuta na makaputula ayamakumbimbi uyu umbi umulumendo afwele itoloshi ne shati elyo abakashana pali uufwele itoloshi umbi shiketi,Bushe ni finshi ifyo aba abcaice baleciita kuli ici cifulo uko balifye beka ukwabula umukulu uuli onse?,Cipalile kwati aba abacaice baleyangalila pamo pantu aba batatu bena nabakumbatana no kukumbatana pamo kabili balesekelela
10154,Umwaume uwa mushishi uwipi kabili uwankanda iya buuta uukwete no bupipi kumaboko ali mumuputule eka.,Bushe ni finshi ifyo uyu umwaume uwaina icalinga afwele ilyo ali kuli ici icifulo mu nshita iya kasuba?,Uyu umwaume afwele ishati ililemomoneka kwati lyakufwala pa ncito ilya maboko ayepiko apalembelwe no tulembo tumo utunono,Bushe ni finshi ifyo uyu umwaume aleciita apa epo ali eka fye mu nshita iya kasuba?,Uyu mwaume cipalile kwati alebomba elyo napamfiwa sana ukulemba ifyo alelemba pe buuku apo akontamine
10155,Abantu batatu apali abakulu babili elyo no wacaice umo baali kuncende imo ine mu nshita iyakasuba,bushe ni finshi ifyo aba abantu batatu abali ku cifulo ici icilemoneka bwino bafwele  kumubili?,Abakulu babili abali kuliici icifulo bafwele amatoloshi elyo ne fimashati ifitali ifya malangi ayalekanalekana kumfwa uwacaice wena afwele itoloshi elyo ne campepo,Bushe ni finshi aba abantu batatu baleciita kuli iyi ncende pali iyi inshita iya kasuba?,Umwanakashi uufwele ishati ilyafiita ali kwati alelolesha pali cimo elyo uyu umbi alepyanga kumfwa uwacaice wena cipalile kwati aleangala.
10156,Abacaice babili abankanda yabuuta nabekela patupuna utwa malangi ayalekanalekana mu mpaanga ,Bushe iyi impaanga iyo aba abacaice bekeleko ilemoneka shani mumimonekele ya mu menso?,Iyi impaanga ilemoneka iisuma kabili naikwata ne fimuti ifitali ifikulu kabili ifye langi ilya katapakatapa,bushe ni finshi ifyo aba abacaice baleciita kuli iyi impaanga munshita iya kasuba katande mono?,Aba abacaice cipalile kwati bele kuli ici cifulo mukwanangala na mukutusha nabasenda ne fyakulya ifyo baeoca pa mulilo
10157,Abaume mutanda abalumendo aba mushishi uwa fiita baali kucifulo cimo mu nshita iya kasuba ,Bushe ici icifulo cipalile kucifulo nshi kabili cilemoneka shani mumimonekele?,Ici icifulo cilemoneka kwati cibansa umo abantu bangalila icapalamine na mayanda ayakwikalamo elyo ici icibansa nacikwata ifyani ifingi ifyakatakatapa,Nifinshi ifyo aba abaume bane abankanda yafiita baleciita kuli ici icibansa mu nshita yakasuba?,Cipalile kwati aba abaume mutanda baleangalila pamo no kutukusha umubili ukupitila mu Ku kupepekana no kwikatana
10158,Abantu abalekanalekana apali abaume na banakashi baali mu cikulwa icikalamba umo bateyela amangalo ayalekanalekana,Bushe ici icikulwa cilemoneka shani elyo kabili ni finshi ifili Muli ici icikulwa?,Muli ici icikulwa mulemoneka umwabuuta elyo Muli no tupuna utwingi apekele abantu elyo na kabili Muli ne cipampa icalinga apali ifilembo.,Bushe ni finshi ifyo aba abantu abalekanalekana baleciita kuli ici icifulo mu nshita ya kasuba,Ibumba lya banakashi ilifwele ifyakashiika lilecimfyanya mu bwangalo bwakushelemuka ukubomfya insapato ishakwata imipeto ne bumba lya banakashi ilifwele ifya makumbimakumbi kumfwa abekele mutupuna bena baletamba.
10159,Abantu bane apali abaume batatu no mwanakashi umo baali Ku ncende imo mu nshita ya cungulo kasuba,Bushe iyi incende iyo aba abantu bane baliko ilemoneka shani mumimonekele?,Iyi incende ilemoneka ni pamuulu wacikulwa icitali elyo kabili ili akatalamukila na mayanda aya Bantu elyo akasuba kalemoneka kwati Kali mu Ku wa.,Bushe ni finshi ifyo aba abantu bane abafwele ifya kufwala ifyalekanalekana baleciita kuli iyi incende.,Abaume babili abafwele amatoloshi ayalemoneka aya fiita baleenda elyo umwaume uukwete icimpompo muminwe ena nakumbatana na Umwanakashi
10160,Imbwa shibili shili kululamba ulwa mumana uukalamba ukuli umucanga uwingi saana nganshi,Bushe ishi imbwa shibili ishili kuli Uyu umumana ukulemoneka ne fimuti akatalamukila shilemoneka shani?,Imo pali ishi imbwa shibili ilemoneka iya fiita kabili iiyikulu elyo imbi ilemoneka iya bulauni kabili iyaina,Bushe ni finshi ifyo ishi imbwa shibili ishili kuli ulu ululamba lwa mumana shileciita mu nshita iya kasuba?,Cipalile kwati ishi imbwa shibili shileangala elyo no kuceenena pamo uku Ku cifulo uko shili pantu shilemoneka ishaanga elyo imo naitolokela na mu muulu
10161,Abantu abalekanalekana apali abaume na banakashi aba mishinku iyalekanalekana baali kuncende imo,Bushe incende apa abantu abalekanalekana baliko mu nshita iya kasuba ilemoneka shani?,Iyi incende ilemoneka iyapamfiwa elyo kabili nakupiita no musebo uukulu uwa bamotoka elyo kabili mumbali ya Uyu umusebo Muli ifikulwa ifitali saana.,Bushe ni finshi ifyo Umwanakashi no Umwaume abaleendela pamo bafwele elyo kabili finshi baleciita?,Umwaume uuli no mwanakashi afwele itoloshi ilya makumbimakumbi ne shati ilya buuta ne campepo ica bulauni elyo Umwanakashi ena afwele itoloshi ilya makumbimakumbi ne campepo icabutuluka Cipalile kwati aba babili baleshiita
10162,Imbwa iyaina iikwete amafufu ayabulauni elyo no mushipi uwa makumbimakumbi na mantonintoni ayabuuta ili Ku cifulo cimo yeka,Bushe uku uko ii imbwa iyiswile akanwa ikele kulemoneka shani mumimonekele?,uku uko iyi imbwa ikele kulemoneka ni Ku ncende iili mupepi no mumana uunono elyo kuli no tufyani utwingi.,Bushe ni finshi ifyo iyi imbwa ileciita apa patufyani epo ikele mu nshita iya kasuba uku ninshi naifumya no lulimi?,Iyi imbwa cilemoneka kwati iletuusha apa apo ikele pantu tailesela elyo kabili ilemoneka kwati ilepema sana pakuti ituushe pantu akanwa nakesuuka.
10163,Umwaume umo no mwanakashi umo abalemoneka abapalamana saana Bali kuncende imo mu nshita iya kasuba,Bushe ni finshi ifyo aba abantu babili abali kuli iyi incende bafwele kuli ici cifulo?,Bonse babili nabafwala ifyampepo ifya fiita elyo bafwala na matoloshi iya fiita elyo no tusote Cipalile kwati uku baali nakutalala saana,Bushe ni finshi ifyo aba abantu babili abalemoneka kwati batemwikwa baleciita kuli ici cifulo uko baali?,Aba abantu Cipalile kwati beshile mukukwata inshita iyisuma babili no kumona iyi incende ukuli amabwe elyo no mukonko uwashiika.
10164,Abantu abalekanalekana apali abaume na banakashi  aba mushinku iyalekanalekana baali Ku cifulo cimo mu nshita iya kasuba.,Bushe imicele ilemoneka shani uku uko aba abantu abalekanalekana baali  paali iyi inshita.,Imiceele ilemoneka iyataalala saana nganshi pantu bonse abantu nabafwala ifyakufwala ifya kaba icine cine saana.,Bushe ni finshi ifyo aba abantu abalekanalekana baleciita kuli ici cifulo cimo uko baali mu nshita iya kasuba?,Aba abantu baleciita ifyapusanapusana Bambi baleenda ukuninika pakakwendelapo akalemoneka akafitulikila akataali elyo Bambi baletentemuka pali aka kene akakwendapo.
10165,Umwaume uwainako kabili uwa mushinku uwapakati umwipi kabili uwankanda iyabuuta naikala mupepi ne cikulwa icitali.,Bushe ni finshi ifyo uyu Umwaume uwainako panono  afweele apa apo ekele mu nshita iya kasuba?,Uyu umwaume afweele ishati ilya buuta ne toloshi ilya fiita nakakubiika pa muulu we shati akafiita nefyakufwala kuminwe ifya buuta ne nsapato isha fiita,Bushe ni finshi ifyo uyu Umwaume uwikele fye eka aleciita apa apo ekeele mu nshita iya kasuba?,Uyu umwaume aleliisha icintu icikalamba nganshi ico babomfya Ba kulisha inyimbo ico alelele pa moolu yakwe  uku ninshi nacikata no kwikata.
10166,Imbwa iya mafufu ayengi iyabuuta no moona uwafiita elyo na mu menso umwafiita  naikala panshi ,Bushe apa apo iyi imbwa iyaina ikeele  palemoneka ni pesa ukulingana ne mimonekele?,Apa apo iyi imbwa ikele palemoneka ni panshi apo babiika utumabwe utwatelela bwino elyo kabili cilemoneka kwati ili mu muputule uwa mukati ka ng'anda,Bushe ni finshi iyi imbwa aleciita apa apo ikele mu nshita iya kasuba uku ninshi naikwata ne Cipalile umushipi?,Cipalile kwati iyi imbwa ilefwaya ukulya ifyakulya ifilemoneka ifya lowa ifyo umuntu uwikele uufwele icakunshi ica makumbimakumbi ayitambike 
10167,Umwaume uufwele icampepo ica makumbimakumbi ne toloshi ilya butuluka nanina pali cimo icintu.,Bushe ici icintu ICO uyu umwaume uwa mushinku uwa pakati anininepo cilemoneka shani?,Ici ICO uyu umwaume anininepo cilemoneka kwati cibwato ica pameenshi icaonaika kabili cikwete ilangi ilya makumbimakumbi,Bushe ni finshi fimbi ifili uku kucifulo ukuli uyu umwaume uwa mushishi uwipi kabili uwafiita?,Uku kuncende ukuli na meenshi kulemoneka ne mbao ishingi cipalile kwati kwali ing'anda iyambao elyo nomba yaonaika elyo na kabili kuli ne fipe na fimbi ifyakubomfya .
10168,Abantu abalekanalekana apali Abanakashi  abengi elyo nabaume baali Ku cibansa icikalamba.,Bushe fyakufwala fyamusango nshi ifyo aba abantu abali mukati ka cibansa bafwele ?,Abanakashi na baume abali kuli ici icibansa bonse bafwele utuputula na mashati yakuteyelamo umupila pamo pene ne nsokoshi elyo ne nsapato.,Bushe ni finshi ifyo aba abanakashi no mwaume umo abali mu cibansa baleciita pali iyi inshita. ,Aba Abanakashi cipalile kwati baleteya umupila kabili baali mumabumba yabili elyo umwaume umo uuli mu cibansa ena euleangalila uyu umupila
10169,Abanakashi batatu abankanda iya buuta no mushishi uwipi baali pa cifulo cimo cine mu nshita iya kasuba.,Bushe ni finshi ifyo aba abanakashi babili abaminine kabili apali umo uulemoneka uwacikote bafwele?,Umwanakashi uusendele icoola afwele ishati ilya mishilwa yabuuta neya fiita kumfwa uukwete umushishi wakashikila ena afwele ishati ilya malubamaluba .,Bushe ni finshi ifyo aba abanakashi batatu baleciita kuli ici icifulo uko balifye beka?,Abanakashi babili abeminine balekumbatana cipalile kwati kale bamonenepo elyo uwashala umo ena naikala muli motoka iya butuluka
10170,Shikulubantu uwankanda iyabuuta kabili umukote uuli no mushishi wabuuta naiminina pe windo ilikalamba.,Bushe ni finshi ifyo uyu shikulubantu umukote uwiminine afwele kumubili?,Uyu shikulubantu afwele ishati ilya buuta tutu elyo nakakubiika pe shati aka kashiika sana nafwale nakasote aka buuta Ku mutwe wakwe.,Bushe ni finshi ifyo uyu shikulubantu umukote aleciita APA apo eminine mu nshita iya kasuba?,Uyu shikulubantu uufwele amakalashi ayabeeka alelisha icipalile ipenga icikulu saana ico akobeke pa kubeya ukubomfya iminwe elyo na kanwa kakwe
10171,Abacaice mutanda abaume abapusanapusana imishinku  baali Ku cibansa cimo cine mu nshita iya kasuba katande mono,Bushe ni finshi ifyo aba abacaice mutanda ni finshi ifyo bafwele uku uko baali mu nshita iya kasuba?,Bane pali aba bafwele utuputula na mashati ayakashiika umwapita no twabuuta  elyo babili pali bena bafwele amashati no tuputula utwakatapakatapa umwapita ne langi ilya mutuntula,Bushe ici icibansa baliko cilepala kwati bwangalo nshita bateyelamo elyo finshi aba mutanda beleciita uku?,Ici  icibansa icilemoneka icalinga cipalile kwati bacibomfya ukuteyelamo umupila uo beta mucingeleshi ati hoki kabili uyu wine  emupila aba abaume baleteya 
10172,Imbwa ayaina kabili iyamafufu eyalangi ilya bulauni bulauni nelya buuta  ili Ku mpaanga imo.,Bushe iyi impaanga ukuli iyi imbwa iyainako panono ilemoneka shani mumimonekele?,Iyi impaanga ilemoneka  iyabusaka kabili naikwata no tufyani elyo akatalamukila ukufuma apali imbwa paliko ne fimuti ifitali,Bushe ni finshi ifyo iyi imbwa ileciita kuli iyi impaanga pali iyi inshita iya kasuba?,Cipalile kwati iyi imbwa ileangala kuli iyi impaanga uku ninshi naikwata ne cakwangasha ica mutuntula mukanwa kaiko.
10173,Abantu basano apali abaume elyo na banakashi abakupenda baali mu musebo umo wine mu nshita iya kasuba.,Bushe uyu umusebo ulemoneka shani mumimonekele ya mu menso?,uyu umusebo ulemoneka uukalamba elyo cipalile kwati wapiita mupepi ne cilulwa icitali nganshi icakwata nama windo ayengi nganshi,Bushe ni finshi ifyo aba abantu abalekanalekana abali muli uyu umusebo baleciita ?,Umwaume uufwele akasote naiminina elyo abashala bane apali umwaume umo na banakashi batatu bena beleenda ukuya muntunga ishapusanapusana
10174,Umwaume uwankanda iya fiita uwamushinku uwapakati kabili uwaonda Ali mupepi ne cibumba icanjelwa icitali,Bushe ni finshi ifyo uyu umwaume afwele ilyo eminine apa apo ali munshita iya kasuba?,Uyu umwaume afwele ishati ilya buuta ne toloshi ilya fitulukila elyo na kasote  akafiita.,Bushe ni finshi ifyo uyu umwaume uwa mushinku uwa pakati alciita apa apo eminine?,Uyu umwaume alemoneka alebika elyo no kuwaminisha icipampa pali Ici icibumba icitali apali ifilembo ifikalamba uku ninshi nasansamina no kusansamina
10175,Abantu abalekanalekana apali abaume na banakashi aba mishinku iyapusanapusana baali kucifulo cimo,Bushe iyi incende aba abantu abalekanalekana baliko ilemoneka shani mumimonekele? ,Iyi incende ilemoneka ni ncende ukusangwa abantu abengi nganshi kabili cipalile kwati ni kuncende uko abantu bashitako ne fintu,Bushe umwaume Umulumendo uwankanda iya buuta no mushishi uwapolombana ni finshi ifyo baleciita apa apo ekele?,Uyu umwaume Umulumendo uufwele ishati ilya fiita apali nefilemo ifyabuuta alelya iapele uku ninshi naikala napa cibumbili.
10176,Abalumendo babili abankanda iya buuta abafwele ifyakufwala ifyapusana sana baali kucifulo cimo mu nshita iya kasuba.,Bushe ni finshi ifyo aba abalumendo babili abaali kuli iyi incende iilemoneka kwati elyo balekula bafwele?,Umulumendo uwikele   afwele ishati ilya buuta  apali nefyalengwa ifyafiita nakaputula aka makumbimakumbi elyo uyu umbi afwele ishati ilya kashikila ne toloshi ilya makumbimakumbi,Bushe ni finshi ifyo aba abalumendo babili abali kuli iyi incende iilemoneka iyalamba baleciita?,Umulumendo uufwele ishati ilyakashikila aleshelemuka no kwima mu muulu ukubomfya ako bashelemukilako pa mushili elyo uyu Umulumendo umbi ena ekelefye napeta na makunda.
10177,Abantu abalekanalekana apali Abanakashi na baume aba mishinku iyapusanapusana baali mu musebo uukalamba nganshi.,Bushe ni finshi ifyo aba abantu abalekanalekana abali mu musebo uyu uwamanenekela bafwele?,Aba abantu abalekanalekana abali mu musebo uyu uwa manenekela bafwele ifyakufwala ifyo bafwAle pakutukusha umubili.,Bushe ni finshi ifyo aba abantu abalekanalekana abali muli uyu umusebo uukalamba baleciita?,Aba abantu abalekanalekana cipalile kwati baletukusha umubili ukupitila mukubutuka ulubilo muli uyu umusebo uukalamba sana
10178,Umwanakashi umukote uukwete umushishi uwabuuta  kabili uwaonda Ali mu muputule umo eka,Bushe uyu namaayo uufwele icampepo ica makumbimakumbi ni kwisa uko Ali?,Uyu namaayo alemoneka Ali mung'anda yakwe iinono umuli ne fipe ifyalekanalekana kabili namwaka na malaiti,Bushe ni finshi ifyo uyu uwacikoloci aleciita muli iyi ing'anda yakwe iinono munshita iya kasuba?,Uyu namaayo Cipalile kwati alewamya ici icifulo cakwe pantu nakwata icipyango elyo ne mbeketi iilemoneka kwati yakukolopelamo
10179,Abaume batatu apali umukote umo naba mushinku uwa pakati babili nabanina mu cintu cimo ,Bushe abaume babili abankanda iya buuta abeminine pamwinshi waici cimashini icikalamba bafwele finshi?,Umo pali aba abaume afwele itoloshi ilya makumbimakumbi ne shati ilya tubokoshi uyu umbi afwele ishati ilya fiita elyo necitoloshi icikwete imishipi yakupisha pamabeya,Bushe ni cinshi ici ico aba abaume batatu abalemoneka abaina baleninamo?,Ici cimashini ico aba abaume baleninamo cipalile kwati bwato ubukulu ububombela na malaiti elyo bulemoneka ubwabuuta ubu bwine ubwato
10180,Imbwa iya fiita iyikwete umushipi uwa kashiika kabili iyishaina sana ili kuncende imo yeka.,Bushe iyi incende iyo iyi imbwa iliko ilemoneka shani mumimonekele ya mu menso?,Iyi incende ilemoneka iisuma sana nganshi elyo naikwata ne fimuti ifyakatapakatapa elyo kunuma yambwa kulemoneka na kayanda akanono akepi,Bushe ni finshi ifyo iyi imbwa iikwete atwi ayapakalala aleciita kuli iyi incende?,Iyi imbwa cipalile kwati ileangala kuli iyi incende ukuli na meenshi makasa ayengi saana kabili umu mwine emo iyi imbwa iletolauka
10181,Kafundisha umo uwa nkanda iya fiita na Bana besukulu abengi abankanda iya fiita baali mu muputule umo,Bushe uyu umuputule uo uyu Kafundisha na Bana bakwe balimo ulemoneka shani?,Uyu umuputule ulemoneka uunono elyo kabili mulifye utupuna ututali utunono utwapangwa ne mbao elyo uyu umuputule ulemoneka uwa fiita cipalile kwati tamwaba amalaiti,Bushe ni finshi ifyo uyu Kafundisha umwaume aleciita na aba abana besukulu?,Uyu Kafundisha alefuunda aba abana ukubomfya icitabo ico alebabelengela elyo abana balemoneka balekonka ifyo uyu Kafundisha alefuunda pantu balemulolesha sana.
10182,Abantu abalekanalekana apali abaume na banakashi abamishinku iyalekanalekana baali ku ncende imo munshita iya kasuba,Bushe iyi incende iyo aba abantu baliko mu nshita iya kasuba ilemoneka shani mu mumonekele iya mu menso?,Iyi incende ilemoneka bwino saana kabili ilemoneka ili mupepi no musebo uo bapangila nama nenekela ayafiita,Bushe ninshi utu utukashana utwayemba utli pakati ya musebo tuleciita icilengele abantu baletutamba?,"Cipalile kwati utu utubanakashi utwayenba utufwele  amashati, amashiketi, utusote elyo ne nsapato isha kashiika umuli ne langi lya buuta tuleshana muli uyu umusebo"
10183,Abantu abalekanalekana apali abaume nabanakashi abamishinku iyalekanalekana baali kuncende imo ,Bushe iyi incende aban abantu baliko ilemoneka shani mumimonekele iya mu menso?,Iyi icende ilemoneka kwati ni ncende uko abantu bashitila no kushitishisha ifintu ifyalekanalekana pantu kulemoneka amashitolo ayengi sana nganshi,Bushe nifinshi ifyo umwaume uufwele ishati ilya buuta tutu ne toloshi ilya fiita aleciita kuli iyi incende?,Uyu umwaume uufwele ishati lyabuuta  cipalile kwati abombela kuli iyi incende elyo cilemoneka kwati ali pamilimo aleeboomba kabili alesenda ifyakushitisha 
10184,Uwacaice umulumendo uwankanda iyabuuta uukwete no mushishi uwipi kabili uwaonda ali kucifulo cimo  eka,Bushe ni finshi ifyo uyu uwacaice afweele kumubili ilyo ali kuli ici icifulo?,uyu  uwacaice afweele ishati apali icinama icikulu ilya makumbimakumbi elyo nakaputula uwa butulukilako,Bushe ici icifulo ico uyu uwacaice aliko cipalile ku cifulo nshi mumimonekele?, Iyi incende ilemoneka kwati nipalubansa ulukulu apali utumabwe utwingi uto bapanga ukubomfya sementi apa epo uyu uwacaice aleyangalila uku ninshi aleseka no kuseka sana
10185,Imbwa iikwete amafufu ayafiita kabili iyaina  naingisha icamutwe mu meenshi ,Bushe aya ameenshi umo iyi imbwa ingile yali muli cinshi kabili yalemoneka shani?,Aya ameenshi yali mucishiba umwikala ameenshi ayakowamo elyo yalemoneka  aya makumbimakumbi,Bushe ni finshi ifyo imbwa iyi iya fiita ileciita muli ici icishiba ca meenshi umo ingishe icamutwe?,Iyi imbwa ilefwaya ukwikata icuni icafwa iciwilile muli aya ameenshi ayamucishiba cipalile kwati iyi imbwa ilefwaya ukulya ici icuni
10186,Umwanakashi no mwaume abankanda iya buuta kabili aba mushinku uwa pakati baali kuncende imo beka,Bushe iyi incende iyo aba abantu babili baliko munshita iya kasuba ilemoneka shani?,Iyi incende ilemoneka iisuma kabili naikwata ifimuti ifitali kabili ifikulu ifyakatapakatapa kabili yabelako pa muuluko.,Bushe ni finshi uyu Umwanakashi no yu Umwaume baleciita kuli ici icifulo?,Aba abantu babili cipalile kwati beshile uku mukutandala kabili cipalile kwati nabatemwa ukuba kuli ici icifulo pantu balemoneka balemwentula uku ninshi balelolesha fimo
10187,Umwaume umo no mwanakashi umo nabeminina pa ncende imo ine mu nshita iya kasuba,Bushe iyi incende iyo aba babili bemininepo ilemoneka kwati ni ncende ya musango nshi?,Iyi incende ilemoneka ni peshitolo apo bashitishisha ifyakulya ifyo baipikila kalibela.,Bushe ni finshi uyu Umwanakashi no mwaume baleciita pali ili ishitolo ilinono?,Aba abantu babili cipalile kwati beshile pali ili ishitolo mukushitapo ifyakulya ifya kuti balyeko eico balelolela uwakuti abashitishe
10188,Umwaume uufwele ishati ilya mutuntula ne toloshi ilya butuluka Ali kucifulo cimo eka mu nshita iya kasuba.,Bushe ici icifulo uko uyu Umwaume uufwele insapato isha bulauni Ali kulemoneka shani?,Kuli ici icifulo kulemoneka uwakwasapako panono kabili kulemoneka ne fimuti ifitali ifya katapakatapa,Bushe ni finshi ifyo uyu Umwaume aleciita kuli iyi incende mu nshita iya kasuba?,Uyu Umwaume Ali nacimashini ico aleensha icakusebelako icani icibomfya amafuuta ya kushiita ne ndalama
10189,Uwacaice uwankanda iya buuta uwaonda kabili uwa mushishi uutaliko panono uo akakile ali pacibele apalemoneka apafiita,Bushe ni finshi ifyo uyu uwacaice uwayemba nganshi afwele apa epo ali?,uyu uwacaice afweele akakucindilamo akabuula amaboko akelangi ilya makumbimakumbi ne nsokoshi isha buuta,Bushe ni finshi ifyo uyu uwacaice aleciita pali ici icisebele icikwete ifibekobeko ifyamalangiayalekanalekana?,Uyu uwacaice cipalile kwati aleshana amasha ukubomfya icabulungana icili mumusana wakwe pakushana
10190,Umwaume uufwele ishati ne toloshi ifyafitulukila uuli no mushishi uutali ali mu muputule umo munshita iya bushiku,Bushe uyu umuputule uo uyu mwaume alimo ulemoneka shani mu mimonekele iya mu menso?,Uyu umuputule ulemoneka kwati muputule umo balishisha no kumfwa inyimbo munshita iya bushiku,Bushe uyu umwaume uulemoneka uwainako panono ni finshi ifyo aleciita muli uyu umuputule pali iyi inshita?,Uyu umwaume alemoneka alelisha icilimba ca nsale ico beta mucingeleshi ati gita iikwete amalangi yatatu
10191,Umwanakashi no mwana wakwe uwacaice umwaume aba nkanda iyabuuta no mushishi uulemoneka cimo cine nabekala panshi.,Bushe ni finshi ifyo uyu umwanakashi no mwana wakwe umulendo bafwele ilyo bekele apa?,Umwanakashi uuli no mwana afwele ishati ne toloshi ifya makumbimakumbi elyo umwana nao afwele ishati ne toloshi ifya ili line ilangi,Bushe ni kwisa uko uyu namaayo no mwana wakwe baali elyo ni finshi baleciita?,Uyu namaayo no mwana wakwe baali pa tufyani utwakatapakata apo banshike akantu aka makumbimakumbi  kabili balemoneka baletuusha.
10192,Abantu abalekanalekana apali abaume na banakashi aba mishinku ishapusanapusana baali kucifulo cimo icilemoneka icisuma sana nganshi,Bushe ici icifulo ico aba abantu baliko cilemoneka kwati cifulo ca musango nshi?,Ici icifulo cilemoneka kwati kuntu bepikila no kushitisha elyo no kupekanya ifyakulya ifyalekanalekana.,Bushe ni finshi ifyo abantu abali kuli ici icifulo ico bapangila na matenti ayamalangi ayapusanapusana baleciita?,Abantu bamo baali petebulo balelolela ifyakulya uku ninshi balelanda ne lyashi elyo Bambi nabeminina elyo Bambi  nabo balepekanya ifyakulya
10193,Imbwa shine ishapusana sana mubukulu ubwa mubili shili Ku ncende imo munshita iya kasuba.,Bushe ishi imbwa shine shilemoneka shani mumimonekele ya mu menso?,Shibili. pali ishi imbwa shilemoneka isha fiita elyo ishi shimbi shibili Nasho shilemoneka isha buuta,Bushe ni finshi ishi imbwa shine shileciita kuli ici icifulo uko shili sheka ukushili abantu?,Ishi imbwa shileangala no kucena pamo mumeenshi makasa kabili cipalile kwati nashitemwa saana nganshi ukwangala ifi.
10194,Imbwa iyamafufu ayengi ayelangi ilya fiita ne lya bulauni kabili iyainako panono ili kuncende imo,Bushe iyi incende ukuli iyi imbwa ipalile Ku ncende mumimonekele ya mu menso?,Iyi incende naipala Ku incende iyakwangalilako pantu kuli ifintu ifingi ifingabomba Ku kwangala,Bushe ni finshi ifyo ii imbwa ileciita kuli iyi incende ukuli ne cani ica katapakatapa?,Iyi imbwa ileangala kuli iyi incende kabili ilecilauka pa fishimbi fibili ifyelangi ilya buuta umwapiita no mushilwa umo uwakashiika
10195,Abantu abalekanalekana apali abaume elyo na banakashi abamishinku iyalekanalekana baali kucifulo cimo munshita iyakasuba,Bushe ici icifulo ico aba abantu baliko munshita iya kasuba cilemoneka shani mumimonekele?,Ici icifulo cilemoneka icikalamba elyo kabili nacikwata be fimuti ifitali kabili ifikulu ifyakatapakatapa.,Bushe ni finshi ifyo abantu abafwele  amashati aya buuta no yu uufwele ishati ilya makumbimakumbi baleciita?,Aba abantu basano balelisha inyimbo ukubomfya ifisolobelo ifyalekanalekana ifyo babomfya  pakulisha inyimbo 
10196,Umwanakashi uwafiita kabili uwaonda uulemoneka umwipi naikala pacifulo cimo munshita iya kasuba,Bushe ni finshi ifyo uyu Umwanakashi uulemoneka uwamushinku uwapakati afwele?,uyu Umwanakashi afwele icakufwala icakumuulu icilemoneka ne langi ilya mutuntula elyo ne lyabuuta ne citambala ica fiita.,Bushe ni finshi ifyo uyu Umwanakashi uulemoneka no bulungu mu mukoshi aleciita.?,Cipalile kwati uyu Umwanakashi aleshitisha ifisabo ne misalu iyalekanalekana mumbali iya musebo mupepi ne cibumba icabuuta.
10197,Abacaice babili abalumendo abankanda iyabuuta no mushishi uwipi baali mu cibansa icinono.,Bushe ici icibansa ico aba abacaice babili balimo mu nshita ya kasuba cilemoneka shani?,Ici icibansa cilemoneka icinono kabili cili mupepi ne myotoka shisano ishiminine elyo akatalamukila kuli ne cimuti,Bushe ni finshi aba abacaice babili abepi baleciita muli ici icibansa umo baali?,Aba abacaice baleteya umupila kabili umo Ali mucipanda icikwete ilangi ilya buuta nelya makumbimakumbi elyo umbi alepanta umupila
10198,Imbwa shibili ishikulu kabili ishaina shili sheka mu meenshi mu nshita iyakasuba,Bushe ishi imbwa ishili mu meenshi shilemoneka shani mumimonekele ya mu menso?,Ishi imbwa shikwete amalangi ayapusana. imbi ikwete ilangi ilya fiita elyo imbi ikwete ilangi ilya bulauni,Bushe ameenshi ayo ishi imbwa shilimo yalemoneka  shani elyo ni mwisa yali?,Ishi imbwa shili mu meenshi ayengi ayali mumumana uulemoneka uwafundauka kabili uushashika elyo nakabili uyu umumana ulemoneka uukulu saana
10199,Umukashana uwankanda iyabuuta kabili uwaonda uufwele indeleshi iya buuta ne nsapato isha mutuntula ne cimpompo ica fiita ali pa ncinga,Bushe incinga Iyi Umwanakashi uyu alecofa ilemoneka shani mu menso?,Incinga Iyo uyu Umwanakashi aleensha ilemoneka iyafiita kabili naikwata nakamuseke Ku ntanshi umwakusendela ifintu.,Bushe ni kwisa uko uyu Umwanakashi uufwele amakalashi yabulauni aleensesha incinga yakwe? ,Uyu Umwanakashi aleensensha incinga yakwe mu musebo uupalamine mupepipepi  nefiipalile amashitolo ayengi
10200,Umwanakashi uwaina kabili uwa mushinku uwapakati uukwete inkanda iyabuuta kabili umwipi naikala pakapuna,Bushe uyu Umwanakashi uwikele eka ni finshi ifyo afwele apa apo ekele mu nshita iya kasuba?,Uyu Umwanakashi afwele indeleshi iyitali kabili iyatikama iyabutuluka ne campepo ica ili line ilangi ne citambala ica bulauni.,Bushe ni pesa apa uyu Umwanakashi uuli eka ekele pakapuna akafiita.?,Uyu Umwanakashi ekele panse ye shitolo ilinono ilyo bapenta  ne langi ilya kashiika apo balemba ifilembo ifyapusanapusana ifyabuuta nefya makumbimakumbi