IMAGE #,SPEAKER 1,SPEAKER 2,SPEAKER 1,,SPEAKER 1
10201,"Abantu abamishinku iya pusanapusana  apali Abaume nabanakashi,abakalamba na bakashana  bali mwishitima ",Bushe cilemoneka ukuti cinshi  aba bantu abali mwishitima balecita pali iyi nshita?,Aba bantu balecita ifyapusanapusana.Bamo nabekila kale elyo bambi nabo elyobaleikila mwishitima.Balemoneka abapamfiwa.,Finshi fimbi ifili mwishitima ili ilisendele aba abaume na banakashi abamishinku yapusapusana?,Mwishitima muli ne citunshitunshi.Nalimo abalendo bacilatamba ubunkolanya ilyo ishitima lileenda
10202, Umwaume awa buuta inkanda ali pang'anda mu  nshita ya bushiku,"Cinshi alecita pali iyi nshita ya bushiku, bushe cilemoneka ifyo nalimo nalala?","Talele.Ali panse,alenyanyamina ukufwaya asamune isembe pantu likobeme",Bushe uyu umwaume wa buuta inkanda uuli pa ng'anda alemoneka shani?,Alemoneka awaina.Nafwala na makalashi ku menso elyo aaliilemba ne cilembo pakuboko kwakwe ukwa kukulyo.
10203,Umwaume uwa buuta inkanda aleangala mu menshi makaasa eka ku ncende iya talala,Bushe nikwisa uyu mwaume wa buuta inkanda ali  pali iyi nshita?,Ali ku ncende iya batama kabili iyatalala sana.Iyi ncende yaba mu pepipepi no mu mana kabili yashingulukwa na menshi makaasa,finshi fimwafwile ukushipikisha ubwafya bwa kutalala sana kwa miceele ne ncende?,Nafwala ifyakufwala ifyakaba ku mubili.Nafwala ne cifimbo ku mutwe naku menso elyo na ku maboko.
10204,Umwaume no Mwanakashi aba nkanda ya buuta babili bali kuli bemba ukwatalala babilifye baletamba ububumbo,Bushe uyu umwaume no mwanakashi aba nkanda ya buuta balemoneka shani?,Bonse babili nabafwala bwino kabili balemoneka ababusaka sana kabili abayemba,Bushe cilemoneka kwampana nshi kuli pakati  ka uyu umwaume no mwanakashi?,Cilemoneka ifyo uyu mwaume no mwanakashi aba buuta inkanda ni shi-bwinga na nabwinga.
10205,Abaume babili aba buuta inkanda.pali aba pali umufyashi no mwana umulumendo,Bushe cilemoneka ukuti nikwisa uyu mufyashi no mwana wakwe umulumendo bali pali iyi nshita?,Aba bantu ekuti umufyashi no mwana aba buuta inkanda balemoneka bali pa cifulo ca makuule.,Bushe cinshi uyu mufyashi no mwana wakwe balecita  pa cifulo ca makuule?,Aba baume babili wishi no mwana balekuula.Nabakwata ne fibombelo pamo nga  umupeni wakukulilako elyo ne mbekiti ya kutapilamo amenshi.pali iyi nshita balekolonganika umu canga wa kukulila
10206,Umwaume uwa buuta inkanda ali pa ncende yabela mu pepipepi no musebo wa manenekela kabili bulungabulunga ne fikuulwa ,Bushe fyakufwala nshi uyu umwaume uwa nkanda ya buuta afwele ?,"Uyu mwaume wa buuta inkanda afwele fyonse ama Ntangaasa,shikipa elyo na kasote ifye langi lya fiita.",Bushe finshi uyu mwaume wa buuta inkanda alecita pali iyi ncende ne mbukuli ya fisoso?,Uyu mwaume ali ne cakutolelamo ifisoso ice langi lya fiita nakontama aletoola ifisoso alebika mu cipepala cakusendelamo ifisoso
10207,Abaume babili aba buuta inkanda bonse nabafwala ifyakufwala fye langi lya fiita,Bushe fyakufwala nshi fimbi aba baume ba buuta inkanda babili bafwele ?,Aba baume bonse babili na bafwala ama galashi mu menso.Elyo umo pali bene na fwala ne nindaminwe ,Bushe aba baume babuuta inkanda babili  nifinshi balecita pali iyi nshita?,Aba baume babili bonse bali no mukate balelya.Balemoneka balekumbwisha pakulya umukate
10208,Abaume aba buuta inkanda bali mumuputuule wakusambilililamo balesambilila.,Bushe aba baume aba buuta inkanda balemoneka  bali mumushinku nshi?,Bonsefye kafundisha na basambi besukulu balemoneka bali mumushinku wa bukalamba,Bushe cilemoneka ifyo finshi ili bumba lya basambi balesambililapo pali iyi nshita?,Pali iyi nshita cilemoneka ifyo ili ibumba lya basambi lilesambilila pa fyakusanga nokukopolola ifyebo fisangwa pa nshila ya kulanshanishishamo iya citunshitushi nangula internet
10209,Abaume aba buuta inkanda babili bali pa ng'anda balelungisha motoka,Finshi bushe aba baume ba buuta inkanda bafwele pa kulungisha motoka?,Aba baume ba buuta inkanda bonse babili nabafwala utusote ne fyakufwala fya mpempo,Bushe iyi ine motoka aba baume ba buuta inkanda balelungisha ilemoneka shani?,Iyi motoka aba baume ba buuta inkanda balelungisha ilemoneka iya kale kabili iyapwa sana
10210,Aba bantu buuta inkanda batatu baletamba ububumbo bwa kwa lesa,Bushe aba bene bantu aba buuta inkanda bubumbo nshi bwa kwa lesa baletamba?,"Aba bantu aba buuta inkanda baletamba impili,amabwe nefimiti.",Bushe cilemoneka ifyo kwampana nshi kuli pakati ka aba bantu ba buuta inkanda batatu?,"Aba bantu batatu aba buuta inkada balemoneka  bali umulume,umukashi no mwana."
10211,Imisepela bane bali mu cibansa baleangala ubwangalo bwa kucimfyanya ubwa kusunkana.,Bushe pakuti bacimfyanye bwino finshi iyi misepela  bafwele kukuicingilila?,"Iyi misepela ine naifwala ifimpompo ku mitwe,naifwala ne nsapato ishakwata amasemosemo panshi elyo bafwala nefyakucingilia ku minwe ne mishipi mumusana.",Bushe pakufukisha ubwangalo ubu abwa iyi misepela ine nibani bambi abasangilweko?,Kuli ubu bwangalo nakusangwa ibumba lya bakalumba elyo na kalisha wa pintu uulesha ilyo iyi mesepela ilecimfyanya
10212,Umwaume uwa buuta inkanda ali pang'anda pa mwakwe mu nshita ya kasuba.,Bushe cilemoneka ifyo finshi uyu mwaume wa buuta inkanda alecita?,Uyu mwaume wa buuta inkanda ali ne citabo nakupukula alebelenga.,Bushe finshi fili pa ng'anda pali uyu mwaume  uwa buuta inkanda?,Pali uyu mwaume uwa buuta inkanda pali ifya kufwala nabakanika pa ntambo.Elyo pa ng'anda pali pita ne ntambo sha malaiti
10213,Umwaume umufyashi uwa buuta inkanda ali pamo no mwana umunono nao uwa buuta inkanda,"Bushe nikwisa uyu mwaume,umufyashi no mwana  aba buuta inkanda bali  pali iyi nshita?","Uyu umwaume,umufyashi no mwana na bekala palunkoto mu pepi no luncingi lwa cikuulwa.Nafwala na magalashi.","Bushe uyu umwaume,umufyashi no mwana wakwe aba buuta inkanda balemoneka shani?","Uyu mwaume,umufyashi alemoneka nakutumana pali ifyo aletontonkanya .Umwana natulumuna amenso pali ifyo alelolesha"
10214,Abanakashi babili aba nkanda ya buuta bali pa ncito balebomba,Bushe ni ncito nshi aba abanakashi babili aba nkanda ya buuta balebomba?  ,Aba abanakashi ba nkanda ya buuta babili balelonga no kubika busakabusaka mu fipepala utubombelo twa kubomfya pa kubila insalu bwino,Bushe finshi fili muli uyu umuputule umubombela aba banakashi aba nkanda ya buuta?,Muli uyu muputule uubombelamo aba banakashi ba buuta inkanda muli ama mashini yakubililako insalu nangu ifya kufwala ya bili.
10215,"Imbwa iilume,iikulu kabili iya butulukila ili pa  lubansa ku numa ya ng'anda","Bushe ni finshi iyi imbwa iilume, iikulu kabili iya butulukila ilecita?","Iyi imbwa iilume,iikulu kabili iya butulukila naitoloka ibaka mu mulu ilefwaya yanke icakulya ","Bushe iyi ine imbwa iikulu,iilume kabili iya butulukila ili na banani pali iyi nshita? ","Pali iyi nshita cilemoneka ifyo iyi imbwa iikulu,iilume kabili iya butulukila ilifye yeka."
10216,Abana abanono aba buuta inkanda babili bali mu muputule.,Bushe fintu nshi ifyo aba abana ba buuta inkanda balecita mu muputule?,Aba abana babili aba buuta inkanda baleangala mu muputule.Balifye beka,Bushe fintu nshi aba bana  aba buuta inkanda baleangasha mu ng'anda?  ,Pali aba abana aba buuta inkanda babili umo aleangasha nokuteya umupila wakuminwe elyo umbi ena aleangala ne finyau
10217,Abaume babili na banakashi babili aba buuta inkanda nabekata ne fikatilo, Bushe ifya kufwala fifwele aba baume babili na banakashi babili aba buuta inkanda filemonekashani?,Ifya ku fwala fifwele aba baume babili na banakashi babili ababuuta inkanda filemoneka ifya palana.Bonse bafwele ifya fiita no tusote utwapalana.,Bushe cilemoneka ifyo nikwisa kuntu aba baume babili na banakashi babili bali pali iyi nshita?,Cilemoneka ifyo aba baume babili na banakashi babili aba buuta inkanda bali pa ncito balebomba.
10218,Umwaume no Mwanakashi abafyashi aba nkanda ya buuta bali no mwana wabo umunono,Bushe aba bantu aba buuta inkanda batatu ekutila abafyashi nomwana bali kwisa pali iyi nshita?,"Pali iyi nshita uyu umulume, mukashi no mwana ababuuta inkanda bali mumu sebo.Cilemoneke fyo bali ku ncende ya batandashi",Bushe cilemoneke fyo finshi aba baupana babili capamo no mwana balecita pali iyi nshita  kuli iyi ncende?,"Ulu lupwa ekuti umulume,umukashi no mwana aba buuta inkanda cilemoneka ukuti bali pa butandashi.Balenonkela no kutasha ububumbo bwa kwa Lesa."
10219,Abalumendo batatu  abamubili wa nkanda ya buuta na beminina mu musebo wamanenekela,Bushe aba balumendo batatu aba buuta inkanda balemoneka ni ncito nshi babomba?,Cilemoneka kwati aba balumendo batatu aba buuta inkanda  bomba incito yabukapokola,Bushe aba balumendo babuuta inkanda batatu  nifinshi balecita pali iyi nshita?,Pali iyi nshita aba balumendo ba buuta inkanda batatu    nabemininafye elyo nabemika nabampumpu babo.Lelo kwena balemoneka ukuipekanya kabili abaisokela ukubomba nga bakabilwa .
10220,Abalumendo apali bacifita elyo naba nkanda ya buuta bonse pamo baleangalila pamo ubwangalo bwa mupila wa kumakasa,Bushe nikwisa ili bumba lya balumendo bakateya wa mupila wa kumakasa bali pali iyi nshita?,Ili bumba lya balumendo bakateya ba mupila wa kumakasa pali iyi nshita bali ku cibansa ca mupila icikalamba,Bushe ni bani bambi abasangilweko uko ubu bwangalo bwa mupila bulecitika?,Ku cibansa ukulecitikila uyu umupila wakumakasa kuli abantu abengi.Abanono na bakalamba kumo bonse nabesa mukutamba no kulumba. 
10221,Abalumendo na bakashana baleangala no kusangalala balemoneka na batemwa,Bushe imifwalile ya aba abalumendo na bakashana ilemoneka shani?,Aba abalumendo na bakashana kwena imifwalile yabo ilemonekafye bwino ukulingana ne bumba lya bantu ne nshita balipo.,Bushe kuti yaba ni nshita yafinshi iyo abalumendo na bakashana bakwete Kabili finshi balecita?,Aba balumendo na bakashana bali panshita ya kutuusha nokukokoloka.Baleshana amasha
10222,Umulumendo uwa buuta inkanda ali mwi tuuka ilikalamba umo bashitisha ifintu ifyalekanalena,Bushe fintu nshi ifyo uyu mulumendo ali mwi tuuka alecita pali iyi nshita,Uyu mulumendo uwa buuta inkanda uuli mwi tuuka alececeeta ifipe ilyo talashita,Bushe uyu wine mulumendo ali mwi tuuka alemoneka Shani?,"Uyu umulumendo alemoneka umutuntunshi,alikwata umushishi uutali elyo no moona uukulu kabili uutali"
10223,Abantu abaume batatu aba nkanda ya buuta bali ku cibansa baleangala,Bushe finshi aba baume batatu bakwete ifilemoneka ku cibansa?,"Aba baume batatu aba buuta inkanda nabakwata imbeketi ya menshi,ifya kuminako umupila elyo nesumbu",Bushe aba bene abaume ba buuta inkanda batatu abali mucibansa balemoneka shani?,Babili pali aba  abaume batatu balemoneka abaina elyo kabili babili nabafwala nefisote
10224,Ibumba lya bakashana aba buuta inkanda bali ku lulamba lwa bemba,Bushe ili line ibumba lya bakashana ilili ku lulamba lwa bemba umukalamba lilemoneka shani?,Ili bumba lya balumendo bakateya ba mupila wa kumakasa pali iyi nshita bali ku cibansa ca mupila icikalamba,Bushe aba abakashana abalemoneka ukuba pa butandashi bafwele ifya kufwala ifya musango nshi?,Bane pali aba bakashana abali ku lulamba lwa bemba bafwele amantangaasa umo afwele shiketi
10225,Umwana umunono umwanakashi ali ku lulamba lwa bemba aleangala,Bushe uyu umwana umwanakashi umunono uuleangala mu pepipepi na bemba ali na banani? ,Cilemoneka ifyo uyu umwana umunono uuleangala mupepi na bemba alifye eka,Bushe cilemoneka ukuti finshi fili pali bemba ukuli uyu mwana umukashana wacaice?,Cilemoneka ifyo pali iyi nshita bemba na paasa naisuula saana elyo pali amatamba na mabimbi
10226,Imbwa shili shibili.Pali iikulu saana elyo ne inono sana.Ishi imbwa shili na malangi aya pusana,Bushe ishi shine imbwa shibili ishapusana amalangi apali iikulu elyo ne inono cinshi shilecita?,Cilemoneka ukuti ishi imbwa shibili ishapusana shilelwa.Iikulu naisuma iyana ku mputi,Bushe ishi imbwa shibili Iikulu ne inono ishilelwa finshi shikwete? ,Ishi imbwa shibili Iikulu ne inono ishilelwa shonse nashikwata imishipi mumikoshi
10227,Umuntu uulemoneka kwati mwaume  ali pali bemba nanina mukabwato akanono,Bushe cilemoneka ukuti cinshi uyu muntu uulemoneka ngo mwaume uuli mukabwato pali bemba alecita?,Uyu muntu uulemoneka ngo mwaume uuninine mu kabwato pali bemba alemoneka ukuti aleoba ubwato,Bushe uyu wine muntu uuleoba akabwato pali bemba finshi alebomfya pakoba?,Uyu muntu uuli pali bemba eka uuleoba ubwato alebomfya inkafi pakoba
10228,Abaume babili bali pali bemba mu bwato mu nshita ya cungulo kasuba,Bushe cilemoneka ukuti  cinshi nalimo aba baume babili balecita pa nshita iyi pali bemba?,Cilemoneka ifyo aba baume abali mu bwato pali bemba panshita iyi iya cungulo kasuba  baleteya nokwipaya isabi,Bushe pakuti aba baume abalemoneka nga bashila abali pali bemba bateye nokwipaya isabi balebomfya finshi?,Pakuti bateye no kwipaya isabi aba abashila babili abali mu bwato pali bemba balebomfya ama sumbu
10229,Abanakashi babili aba nkanda ya buuta balelanda ilyashi uku ninshi baleenda,Bushe aba bene banakashi babili abalelanda ilyashi uku ninshi baleenda balemoneka shani?,"Aba banakashi balemoneka abainako panono,abataliko panono kabili bakwata imyona iitali",Bushe aba bene banakashi babili fyakufwala fya musango nshi bafwele?,Aba banakashi bonse babili nabafwala amantagaasa.Umo nafwala no mushipi mwi Tangasa elyo umo takwete.Bonse nabafwala nefikoosa pa maboko
10230,Umwaume umo uwa buuta inkanda naikala ekafye  naikata na ku mutwe,Bushe uyu wine umwaume uwikele panshi naikata na kumutwe aalilwala?,Cilemoneka kwati uyu mwaume uwa nkanda ya buuta uwikele panshi aalifulungana nangu ukupena,Bushe finshi filelangilla ukuti uyu umwaume uwikele panshi untu wafulungana?,Uyu umwaume alemoneka ukuti alifulungana pantu aleenda fye na makasa ukwabula ukufwala insapato.Elyo nakabili natuulika nefibokoshi iflemoneka kwati endafye nafyo
10231,Uyu mwaume uwa buuta inkanda nanina pa ncinga nacoofa ilebutuka,bushe uyu wine umwana umulumendo uulecoofa incinga alemoneka Shani?,Uyu umwaume uwabuuta inkanda uuninine pa ncinga alemoneka uwainako panono no moona uutali,Bushe uyu umwaume uwa buuta inkanda uuninine pa ncinga fyakufwala nshi afwele?,"Uyu mwaume uuninine pa ncinga uwa nkanda ya buuta  afwele kaputula,insapato,icimpompo,shikipa elyo na magalashi"
10232,Umwana umunono umwaume uwa buuta inkanda nanina pali talakita ,Bushe cinshi uyu umwana uuninine pali motoka iyo beta ati talakita alecita?,Uyu umwana umunono uuninine pali motoka aleesha ukwensha.Naikata na ku cakupindulwilako,Bushe uyu wine umwana uulesha ukwensha motoka alemoneka shani?,Uyu umwana uulesha ukweensha motoka alemoneka munono sana.Nafwala ne toloshi ne cakufwala ca mpepo
10233,"Abaume babili,umo uwa buuta inkanda  elyo umbi uwa fiita inkanda na bekala pamo",Bushe aba abaume babili abapusana inkanda ekutila uwabuuta inkanda no wafiita inkanda balemoneka shani? ,Aba baume bekele pamo abapusana inkanda  balemoneka ababusaka kabili aba mutende.,Bushe cilemoneka ukuti cinshi cilengele aba baume bonse babili abapusana inkanda balemoneka ababusaka?,Nafwala ifyakufwala ifyakaba ku mubili.Nafwala ne cifimbo ku mutwe naku menso elyo na ku maboko.Nabafwala nefyakufwala ifyapalana ilangi lya makumbi makumbi
10234,Umwaume kabili umulumendo uwa buuta inkanda ali pang'anda aletamba icikope ,Bushe uyu umwaume kabili umulumendo uwa buuta inkanda uuletamba icikope alemoneka shani?,Uyu umwaume kabili umulumendo uuli pan'anda aletamba ifikope alemoneka uwabulanda kabili uwa popomenwa,Cinshi nalimo icilenge .ukuti uyu umwaume kabli umulumendo abe uwapopomenwa?,Nalimo icalenga ukuti uyu umwaume kabili umulumendo abe uwapopomenwa fintu amona pa cikope.Panuma amona icikope ca bafyashi bakwe abafwa aumfwa ububi
10235,Umwaume umlumendo awa nkanda ya buuta atoloka ukufuma pa mutenge,"Bushe ilyo uyu mwaume umulundo aletoloka ukufuma pa ,mutenge finshi abantu bambi bacitapo?",Ilyo uyu umwaume kabili umulumendo aletoloka ukufuma pa mutenge abantu bonse baletambafye ukwabula uwakumupususha,Bushe cilemoneka  ukuti niku fyalo nshi ukwaba abantu nefyangalo fya ifi umulumendo alecita?,Ngefyo imendela shilelangilila uyu mulumendo afwile wa ku fyalo fya basungu ku mangalandi
10236,Abaume nomwanakashi aba nkanda ya buuta bali mu ng'anda baleangala ,Bushe aba bene abaume nomwanakashi abaleangala balemoneka shani?,Aba abaume nomwanakashi aba nkanda ya buuta bonse balemoneka abaina.Umwanakashi no mwaume umo bafwele ne fyaku fwala fya malangi ya fiita.,Bushe nifinshi fintu ili bumba lya baume no mwanakashi bakwete ifyo baleangasha?,Ilyo baleangala ili bumba lya baume no mwanakashi nabakwata ifilimba  fya ku kwampa elyo na  namusekesa.Balemoneka nabakwata nobunkolanya
10237,Umwaume umulumendo ali ku lulamba lwa bemba alefukula umucanga ukubomfya fosholo,Bushe uyu mwaume umulumendo  uuli ku lulamba lwa bemba alemoneka shani?,"Uyu umwaume umulumendo alemoneka uwakosa.Elyo afwelefye kaputula na shikipa,tafwele nensapato lelo alifye nenkasa pambilimbili",Bushe bemba ukuli uyu wine umwaume umulumendo ilemoneka shani?,"Bemba ukuli uyu umwaume umulumendo ilemoneka naisula,naipoosa nokuposa.Kuli iyi ncende kulemoneka bwino saana"
10238,Abanakashi abakashana imisepela babili aba buuta inkanda baleangala,Bushe aba banakashi abakashana  imisepela babili aba buuta inkanda balemoneka shani?,"Aba banakashi abakashana imisepela babili balemoneka abansansa.Pakwangala umubiye napaapa nomunankwe,bonse nabaseka pantu nabatemwa",Bushe aba banakashi abakashana imisepela babili imifwalile yabo ilishani?,Imifwalile ya aba abaanakashi abakashana imisepela babili ili iisuma sana.Nabafwala ifyakufwala ifyapalana ilangi ilya katapakatapa.Umo nafwala ne nindaminwe shibili ku maboko konse kubili umubiye nao nafwala amagalashi nangula ama gogoshi
10239,Umwaume uwa buuta inkanda kacoofa wancinga nanina pancinga,Bushe uyu umwaume awa buuta inkanda uulecoofa incinga  alemoneka shani?,"Uyu umwaume uwa buuta inkanda ka coofa wancinga alemoneka umutuntunshiko panono,umutaliko panono no moona uutali",Bushe imifwalile ya uyu umwaume uwa buuta inkanda  uulecoofa incinga ilemoneka shani?,"Imifwalile ya uyu umwaume wa buuta inkanda uuninine pa ncinga ili bwino.Nafwala icimpompo icakucinga umutwe,kaputula,amagalashi mumenso elyo  nensapato."
10240,Umwana umwanakashi umunono awa fiita inkanda alelya switi itwa yogeta,Bushe uyu umwana umwanakashi umunono uwa nkanda ya fiita alemoneka shani?,Uyu umwana umwanakashi umunono uulelya yogeta alemoneka uwaina kabili uwa busaka.Alikwata no mushishi uutali,Bushe fintu nshi fili mupepi no uu mwana umukashana uufwele ne ninda minwe?,Pa ncende apali uyu umwana uwa mushishi uutali pali motoka iya pentwa ne langi lya makumbimakumbi
10241,Umwanakashi umufyashi no mwana wakwe umwanakashi umunono bonse babili aba nkanda yabuuta bali mumuputule wakutushishamo mu ng'anda,Bushe finshi uyu mufyashi umwanakashi no mwana wakwe umwanakashi umunono  balecita?,Cilemoneka kwati uyu umufyashi umwanakashi no mwana wakwe umwanakashi umunono pali iyi nshita nabekalafye mu cipuna baletamba ubunkolanya,Bushe uyu umufyashi umwanakashi no mwana wakwe umwanakashi umunono balemoneka shani?,"Uyu umufyashi umwanakashi no mwana wakwe umwanakashi umunono bonse babili balemoneka abaina,balikwata no mushishi uutali uusuma kabili uwasakulwa bwino"
10242,Abaume na banakashi aba mishinku iyapusana aba nkanda ya buuta na bekala pa cifulo icisuma kabili ica busaka  ,Bushe finshi aba abaume na banakashi aba mishinku yapusana aba nkanda ya buuta balecita pali ici cifulo?,Aba baume na banakashi aba mishinku iya pusana aba nkanda ya buuta  bele pali icicifulo mukukokoloka.Baleipakisha ukulanda ilyashi ukwatalala,Bushe aba bene baume na banakashi aba nkanda ya buuta abali pali iccifulo balemoneka shani?,Aba baume na banakashi aba nkanda ya buuta abali pali icicifulo nabafwala bwino.Abanakashi bafwele ifya kufwala fya ku muulu ifye langi lya fiita
10243,Abaume abalumendo bane aba nkanda ya buuta na beminina pacikulwa mu kalale,Bushe finshi aba abaume abalumendo bane aba buuta inkanda balecita?,Aba abaume abalumendo aba buuta inkanda tabakwete fyakucita bekelefye.Bambi batatu baletamba ififwele umunabo ipaka.Nafwalila na nika kaputula kunse,Bushe aba abaume abalumendo aba buuta inkanda balemoneka shani?,Aba abaume abalumendo aba buuta inkanda balemoneka kwati ni bakabolala.Apo bemininine nefyo balemoneka.Ili paka lyena lyaliteka no mushishi elyo lilafwala na masikiyo kwati lya nakashi 
10244,Abaume abalumendo imisepela aba nkanda ya buuta bali ku cibansa bangalila ubwangalo bwakucimfyanya ubwa kucofa incinga,Bushe aba baume abalumendo aba buuta inkanda finshi balecita pali iyi nshita?,Pali iyi nshita aba baume abalumendo aba buuta inkanda abali ku macimfyanyo tabalatampako ukucimfyanya.Elyo baleipekanishisha ukutampako.Batalile balebaceceeta ku baleangalila,Bushe aba abaume abalumendo aba buuta inkanda balemoneka shani?,Aba abaume abalumendo aba buuta inkanda balemoneka bonse  abaipekanya  ukucimfyanya. Bonse nabafwala ifi mpmpo namalaya ya kucimfyanishishamo.Pa fyakufwala na babikapo ne nambala ya cishibilo
10245,Umwaume umulumendo uwa buuta inkanda ali eka naikala nafungana  panshi ,Bushe uyu umwaume umulumendo uwikele eka nafungana panshi cinshi alecita?,Uyu umwaume umulumendo uwikele nafungana panshi eka alemoneka ifyo aletukusha umubili,Bushe uyu umwaume umulumendo uuletukusha umubili alemoneka shani?,"Uyu umwaume umulumendo uwa buuta inkanda  uuletukusha umubili alemoneka uwapompa,ne mishipashipa,no mushishi uutali na fwala ne ntangaasa ilya fiita"
10246,Abaume babili abakwata inkanda iya buuta bali muli Sacha nabekala,Bushe aba abaume babili aba kwata inkanda iya buuta balemoneka shani?,Umo pali aba abaume babili abakwata inkanda iya buuta alemoneka uwaina elyo umubiye wena abafye pa kati.Bonse babili balisunga umushishi wabo uwabusaka,Bushe finshi filectika ilyo aba baume babili abakwata inkanda iya buuta baninine muli Sacha?   ,"Ilyo aba baume bakwata inkanda iya buuta baninine muli Sacha,Sacha naitampako ukwenda.Bonse balelolesha kwati pali ifyo batontonkanyapo ifyo bacilaba baibusha nomba"
10247,Umwana umunono umukashana alelengela pansolokoto,Bushe ni cinshi uyu umwana umwanakashi umunono uwakwata inkanda iyabuuta alecita?,Uyu umwana umwanakashi umunono uwakwata inkanda iyabuuta alemoneka uwaina nafwala netoloshi ilye langi lyamakumbi makumbi,Bushe uyu umwana uwakwata inkanda iya buuta alemoneka shani?,Uyu umwana cilemoneka fyo pali ifyo alelengela nelyo pali ifyo acilabila mukati ka ng'anda
10248,Umwaume umukalamba  uwakwata inkanda iya buuta alefwaya ukwisula icibokosho.,Bushe nikwisa kuntu uyu mwaume uwakwata inkanda ya buuta ali pali iyi nshita?,Cilemoneka kwati uyu umwaume uwakwata inkanda iya buuta uulefwaya ukwisula icibokoshi alifye pa ng'anda ,Bushe uyu wine umwaume uwakwata inkanda iya buuta alemoneka shani?,Uyu umwaume uwakwata inkanda iya buuta alemoneka mukoteko panono.Nafwala ne ninda minwe elyo ne cakufwala ca mpepo na kasote ifya fiita fyonse
10249,Abaume abakalamba babili abakwata inkanda iya buuta bali mu muulu,Bushe cinshi aba abaume abakalamba babili abakwata inkanda iya buuta balecita?,"Aba baume abakalamba babili abakwata inkanda iya buuta bali mu muulu.Umo na paapa umunankwe mu numa,cilemoneka ifyo bafuma mu ndeke  ",Bushe aba bene abaume ba buuta inkanda abali ku cibansa balemoneka shani?,"Aba abaume babili abakwata inkanda iya buuta abali mu muulu balemoneka nabafwala  ifya kufwala ifya kaba ifyakuicingilila ku mpepo.Nabafwala ifisote,amagalashi nefyakukafya iminwe"
10250,Umwaume umo uwakwata inkanda iya fiita ali mukati kacikulwa icikulu,Bushe uyu mwaume uwakwata inkanda iya fiita finshi nalimo alecita muli ici cikuulwa?,"Uyu mwaume uwakwata inkanda ya fiita alemoneka kwata nalala,napona mutulo",Bushe uyu umwaume uwakwata inkanda iya buuta uuponene mutulo  alemoneka shani?,"Uyu umwaume awakwata inkanda iya fiita  alemoneka umutali,uwakashika ne pala.Nafwala ne toloshi ilikulu"
10251,Abaume abalumendo abapungwe babili bali pa cifulo cimo icapalamina no musebo wamanenekela mukalale ,Bushe aba abalumendo abaice babili abakwata inkanda ya buuta finshi balecita?,Aba balumendo abacaice babili abakwata inkanda iya buuta balemoneka baleangashafye mupila.Baleleshafye icitendwe,Bushe aba balumendo bacaice  babili abakwata inkanda iya buuta balemoneka shani?,Aba abalumendo bacaice babili balemoneka abaonda.Umo afwele kaputula iya kashika elyo umunankwe afwele Itoloshi lye langi lyafiita
10252,Imbwa Iilume Iikalamba ilifye yeka mumpanga ukwabula abantu,Bushe iyi ine Imbwa ilemoneka Iikulu nifinshi ilecita pali iyi nshita?,Iyi Imbwa ilemoneka Iikalamba pali iyi nshita ilebutuka ulubilo.Nainaka yasememefye ilefwaya ilewa nokuwa pa kubutuka,Bushe iyi Imbwa iilebutuka ulubilo mumpaanga yekafye ilemoneka shani?,"Iyi Imbwa ilebutauka ulubilo mu mpaanga yekafye ilemoneka iikulu,iya masako ayafita na mumbali ya lufumo amasako ayakashikila.Yalikwata no mushipi mu mukoshi"
10253,Abana abapungwe bakalume batatu aba buuta inkanda baletintana  ,Bushe aba abana abaume abapungwe balemoneka shani?,Aba abana abapungwe abaume batatu bonse nabafwala insapato ishitikwa ati'amataki'.Babili pali aba bafwele amakaputula elyo umo afwele itoloshi.,Bushe finshi nalimo ifilecitika pakati ka aba abana ba kalume batatu?,Cilemoneka kwati pali ukupusana pakati ka aba bakalume batatu aba buuta inkanda.Cili kwati babili pali aba balelwila ukutola fimo elyo umo alebalamununa.
10254,Abaume abalumendo imisepela bane aba buuta inkanda balesangalala mu cikuulwa,Bushe aba bene abaume imisepela abali mu cikuulwa  finshi balecita pakusangalala?,Aba baume imisepela bane aba buuta inkanda balelisha ifilimba no kwimba pamo no kucinda,Bushe aba baume imisepela abali muli ici cikuulwa fintu nshi fintu bakwete?,"Aba baume imisepela nabakwata ifilimba fyakukwampa nama kida,nabakwata no tuumiti no tufyela twakulishishako no ku kwampilako ifilimba"
10255,Abaume abakalamba babili abakwata inkanda iya buuta bali mu cikuulwa icitali,Bushe muli ici cikuulwa umuli aba abaume babili abakwata inkanda iya buuta mulemoneka shani?,Ici icikuulwa umuli aba baume babli aba buuta inkanda  umutenge wabela pamuulu sana.Elyo apakupitila paba uku cibuumba noku cibuumba inshila yabela pakati,Bushe aba bene baume abali muli ici cikuulwa abakwata inkanda iya buuta balemoneka shani?,Aba baume babili abakwata inkanda iya buuta balemoneka umo mukote elyo umbi wena musepela.Uyu umukote afwelefye kaputula elyo umusepela wena afwele Itoloshi
10256,Imisepela abaume na banakashi abengi abakwata inkanda iya buuta bonse na beminina,Bushe nikwisa kuli ishi imisepela ishakwata inkanda iya buuta ishingi? ,Cilemoneka kwati ishi imisepela ishakwata inkanda iya buuta bali pa citesheni.,Bushe ishi imisepela aba buuta inkanda abali pacitesheni balemoneka shani?,"Ishi imisepela aba buuta inkanda bali aba pusanapusana,abaume na banakashi.Bamo bafwele amatoloshi elyo bambi nabo amakaputula"
10257,Ababomfi bane abaume na banakashi abakwata inkanda iya buuta bali pa ncito,Bushe aba bene ababomfi abaume na banakashi abakwata inkanda iya buuta balemoneka babomba kwi?,"Aba babomfi abaume na banakashi balemoneka ukuti babomba ku ciputulwa cilolesha,ukupekanya nokusalanganya umulilo wa nsale",Bushe cilemoneka finshi aba babomfi abaume na banakashi abakwata inkanda iya buuta balecita?,"Pali iyi nshita aba babomfi abaume na banakashi balewamya iconaike,balenina ku cimuti uko bapisha intambo ya mulilo wa nsale"
10258,Umwaume uwakwata inkanda iya buuta naiminina pa ng'anda pa mwakwe,Bushe uyu mwaume uwakwata inkanda iya buuta uuli pa ng'anda finshi alecita?,"Cilemoneka kwati uyu mwaume afuma alewamya,elyo lilya apwishafye ukupoosa apokelela kakalata kapali musange",Bushe uyu wine mwaume awakwata inkanda iya buuta alemoneka shani?,"Uyu umwaume uwakwata inkanda iya buuta alemoneka uwaina,umutaliko elyo alikwata nepala."
10260,Abaume na banakashi aba mishinku iyapusanapusana na beminina bonse shilili,Bushe ni kwisa aba baume na banakashi aba kwata inkanda ishapusanapusana bali?,Aba baume na banakashi abapusanapusana ne nkanda ishapusanapusana balemoneka pali iyi nshita bali mu kalale,Bushe aba bene abaume na banakashi abapusanapusana balemoneka shani?,"Aba baume na banakashi bali ne mishinku iyapusanapusana,bafwele nefyakufwala ifyapusanapusana.Bamo bafwele amakaputula bambi nabo amatoloshi elyo bamo bafwele amalaya"
10259,Abaume na banakashi abali mu ndupwa bali pa ncende iisuma baleangala,"Bushe fintu nshi ifili pali ici cifulo ifyo aba baume na banakashi,imisepela na bakalamba baleipakisha?","Cilemoneka ifyo pali ici cifulo pali umutende,ifyakulya,ifimuti ifisuma ifyakuleta akantelelwe elyo pali ne fibusa ifyapusanapusana",Bushe abantu bali pali ici cifulo abaume na banakashi balemoneka shani?,"Aba baume na banakashi abali pali ici cifulo balemoneka nabaipakisha.Bamo baletonkolafye mu meno,bamo bali mumabumba balelanda ilyashi.Bamo bafwele amatoloshi bambi nabo bafwele amakaputula"
10261,Abaume na banakashi abakwata inkanda ishapusanapusana nabatantama milongo abengi,Bushe cilemoneka nikwisa aba bantu abapusanapusana iminshipendwa baleya?,Cilemoneka kwati aba baume na banakashi abatanteme mu milongo baleya mukusala pakati ka bantu bamo abalecimfyanya,Bushe aba baume na banakashi iminshipendwa  balemoneka shani?,Aba abaume na banakashi iminshipendwa balemoneka aba muyano.Tapali uulesunka umunankwe nangu ukucilila umubiye
10262,Abaume na banakashi abakwata inkanda ishapusanapusana bamo balefuma bambi baleingila mu cikuulwa basungila ifya ntambi nefya shulwa ifya kale,Bushe aba bene baume na banakashi abakwata inkanda shapusanapusana balemoneka shani?,Aba aba baume nabanakashi abakwata inkanda ishapusanapusana bonse balemoneka abapamfiwa.Bonse baleendesha pakwenda,Bushe icikuulwa ici cine basungilako ifintu ifya ntambi ne fya kale pamo nefyashulwa cilemoneka shani?,"Ici kuulwa cilemoneka ukuti calikosa,cakuulwa apasansama elyo cakulilwa na mabwe ayakosa kabili ayauma umutengo.Cilemoneka icabusaka,icikulu kabili icitali sana."
10263,Abaume na banakashi abakwata inkanda ya buuta abali mu mushinku wa musepela bali pa cikuulwa,Bushe ili bumba lya misepela abaume na banakashi abali pali ici cikuulwa balecita inshi?,Ili bumba lya baume na banakashi ilili pali ici cikuulwa  baleangala.Baleangala ubwangalo bwa kwikatana amaboko elyo umo alekukuba mwisamba lya lya maboko yabanankwe,Bushe ili line ibumba lya baume na banakashi ilileangala ubu bwangalo lilemoneka shani?,Aba baume na banakashi bafwele ifyakufwala ifyapusanapusana.Bamo bafwele amatoloshi elyo bambi bafwelefye amakaputula.Uyu uulekukuba mu maboko yabanankwe wena alifye na kaputula elyo ku muulu kwena alifye nomubili pambilibili
10264,Abaume na banakashi abakwata inkanda iya buuta bali ku cikuulwa ca bwalwa,Bushe finshi nalimo aba baume na banakashi abakwata inkanda iya buuta balecita muli ici cikuulwa?,Cilemoneka ifyo aba baume na banakashi abakwata inkanda iya buuta balekokoloka.Balenwa ubwalwa no kukutika kufilimba elyo bamo baletamba nefyo abafilimba baletongola ifilimba,Bushe cilemoneka ifyo finshi nalimo ifilesangwa pali ici cikuulwa ?,"Ici cikuulwa cilemoneka ifyo cakusefeshapo nokukokoloka.Palesangwa ubwalwa,bakalisha wa filimba elyo nacikwata no mulilo wa nsale"
10265,Abaume na banakashi abengi aba mishinku yapusanapusana ne nkanda ishapusanapusana baleipakisha ukutamba amasha,Bushe finshi ifilecitika muli ici cikuulwa mulongene aba bantu abengi aba mishinku ishapusana?,"Cilemoneka kwati muli ici cikuulwa nabapokelela ibumba lya ba kemba ilyalumbuka sana pali iyi nshita.Kuli ukushana,ukwimba nokutoota",Bushe cilemoneka ukuti fintu nshi ifilesangwa muli ici cikuulwa umulongene aba bantu?,"Muli ici ci kuulwa mulesangwa ifintu ifingi sana,icakumwenako mulesangwa ifilimba fya kukwampa,amalaiti,ne fisoselo elyo na cimashini cisalanganya nokukusha amashi"
10266,Ibumba lya balumendo na bakashana abakwata inkanda iya buuta bali mu cikuulwa bakopela no kumpanga inyimbo,Bushe cilemoneka finshi iyi misepela abakwata inkanda iya buuta balecita muli ici cikuulwa?,"Cilemoneka ifyo pali iyi nshita ishi misepela baleimba,ukukopa nokupanga inyimbo",Bushe aba baume na banakashi abakwata inkanda iya buuta balemoneka shani?,Babili abalumendo pali ishi imisepela baleipanga kwati balelwa elyo umo alecita kwati nalimo alebalamununa.Bambi babili nabo balekwampa ifilimba elyo baleipanga kwati nabemba sana
10267,Umwaume uwakwata inkanda iya buuta naikala pa cipuna mwi tuuka,Bushe uyu umwaume uwakwata inkanda iya buuta uuli mwi tuuka alemoneka shani?,"Uyu umwaume ali mwituuka uwakwata inkanda ya buuta alemoneka umwipi nepala.Nafwala icakufwala ca mpepo ica fiita,ne toloshi ilye langi lya makumbimakumbi elyo nensapato iya fiita ",Bushe finshi filemoneka ifili muli ili ituuka umuli uyu mwaume uwakwata inkanda iya buuta?,"Muli ili tuuka umuli uyu umwaume muli ifipuna.Fimo ifipuna fili ne langi lya fiita,fimbi fili nelya buuta elyo fimbi nafyo fili ne lya kashika."
10268,abafyashi abanakashi banakashi elyo na bana abakwata inkanda iya fiita bali mulucengo lwe libwe,Bushe aba bene abanakashi abafyashi elyo na bana abali mwisamba lye libwe balemoneka shani?,Pa bana pali umwaume no mwanakashi bonse nababafwika amalaya.Abafyashi abanakashi babili na bafwala ififimbo fya nsalu ku mitwe,Bushe fintu nshi ifili pali ulu ulucengo lwe libwe apali aba bantu bankanda ya fiita?,"Cilemoneka ifyo aba bantu ni mbutushi kanshi ulu ulucengo elo basangula ing'anda.Muli ifyakufwala,ifipe,umuseke wambale,imbukuli,ifitapilo fya menshi,amasaka,ifyola nentambo"
10269,Abaume abengi abakwata inkanda iya buuta bali mu bwangalo bwakucimfya ubwakucofa amacinga,Bushe aba abaume abengi abakwata inkanda iya buuta abalecimfyanya balemoneka shani?,Aba baume abengi abakwata inkanda iya buuta abalecimfyanya bonse na bafwala ifimpompo ku mitwe.Bonse na banina pa macinga,Bushe aba baume abakwata inkanda iya buuta abalecimfyanya mu bwangalo bwa kucoofa amacinga ni pisa apa bali?,Aba abaume abakwata inkanda iya buuta abalecimfyanya pali iyi nshita bali mu musebo wamanenekela
10270,Abalumendo na bakashana abakwata inkanda ya buuta batatu na bakwaata inkanda ya fiita batatu,Bushe aba bene abana balumendo na bakashana abakwata inkanda iya buuta na bakwata inkanda ya fiita  bali kwi kabili finshi balecita?,Pali iyi inshita aba abalumendo na bakashana balemoneka bali munshila balefuma kusukulu.Baleenda mu musebo wamanenekela,Bushe aba balumendo na bakashana abakwata inkanda iya buuta pamo nabakwata inkanda iya fiita balemoneka shani?,Aba balumendo na bakashana bonse balemoneka ukuti nibakali sukulu.Abalumendo bali bane na bafwala na matoloshi ya kashika na malaya ya kumulu aya buuta.Abanakashi babili bali nabakwete ifyakufwala  ifyapalana amalangi nefya balumendo 
10271,Umwaume umo awakwata inkanda iya buuta ali kumbali ya mumana,Bushe cilemoneka finshi fintu uyu mwaume uwakwata inkanda iya buuta alecita?,"Cilemoneka ifyo uyu mwaume uwakwata inkanda iya buuta alefwaya ukuiposa pamenshi,nalimo alefwaya ukwamba ukusamba",Bushe uyu umwaume awakwata inkanda iya buuta uuli mu mbali ya mumana alemoneka shani?,Uyu umwaume awakwata inkanda iya buuta uuli mumbali ya mumana afwelefye kaputula ukwashala umubili ulifye pambilibili.Elyo alemoneka kwati alilemana amolu
10272,Umwana umwaume uwakwata inkanda iya buuta aleangala mu menshi makaasa,Bushe uyu wine umwana awakwata inkanda iya buuta alemoneka shani?,Uyu umwana umwaume uwakwata inkanda iya buuta alemoneka uwaina elyo alifye no mubili pambilibili,Bushe uyu wine mwana umwaume uuleangala mu menshi ali na banani?,Cilemoneka ifyo uyu umwana uwakwata inkanda iya buuta ali no mufyashi.Elyo nakabili kunuma yakwe kulemoneka kuli abana banankwe nabambi batatu
10273,Umwaume umo uwakwata inkanda iya buuta  nafwala icakufwala icafiita,Bushe uyu wine mwaume uwakwata inkanda iya buuta alemoneka shani?,Uyu umwaume uwakwata inkanda iya buuta alikwata umona uutali no mushishi uutali,Bushe uyu wine umwaume uwakwata inkanda iya buuta finshi alecita?,Uyu umwaume uwakwata inkanda iya buuta alemoneka aleimba nokulisha icilimba icakukwampa
10274,Abanakashi abakwata inkanda iya buuta nabanina mwishitima,Bushe aba bene abanakashi abakwata inkanda iya buuta finshi balecita ilyo bali mwishitima?,Aba banakashi abakwata inkanda iya buuta nabekala mu fipuna elyo balemoneka  kwati pali ifyo baletamba ilyo ishitima lileenda,Bushe mukati kaili ishitima ilisendele aba banakashi mulemoneka shani?,"Mukati ka ili ishitima ilisendele aba banakashi mwaliba ifipuna ifisuma,mwaliba na malaiti elyo mwaliba notushimbi twakwikatako ilyo umuntu ekele"
10275,Umwana umwaume uwakwata inkanda iya buuta aleangala eka,Bushe uyu umwana uwakwata inkanda iya buuta uuleangala eka alemoneka shani?,Uyu umwana uwakwata inkanda iya buuta uuleangala eka alemoneka uwaina.Nafwala ne toloshi ne campempopo elyo necisote,Bushe finshi fili akatalamukila no kubelele uyu umwana umwaume? ,"Akatalamukila no kubelele uyu umwana umwaume kuli ifimuti,kwaba nefikuulwa elyo nomusebo wa manenekela mulepita na bamotoka "
10276,Imbwa iikulu ili palubansa lwa ng'anda naifyantama mufishimbi yekafye,Bushe iyi ine imbwa iifyanteme mu fishimbi ilemoneka shani?,"Iyi Imbwa iifyanteme mufishimbi pa lubansa ilemoneka iikulu,iyafunda na masako ayatali,kumucila na pacifuba amasako ayabuuta",Bushe iine Imbwa iifyanteme mu fishimbi pa lubansa lwa ng'anda finshi ilecita?,Iyi Imbwa iifyanteme mu fishimbi pa lubansa ilemoneka ilelwisha ukufyantuluka elyo naikalipa ilebosa
10277,Umukashana umusepela uwakwata inkanda iya buuta ali pa mpanga ne ncinga,Bushe uyu umukashana uwakwata inkanda iya buuta alemoneka shani?,"Uyu umukashana uwakwata inkanda iya buuta alemoneka uwaondako panono,nafwala netoloshi ilyelangi lya makumbimakumbi",Bushe uyu wine umwanakashi umukashana uwakwata inkanda iya buuta finshi alecita pali iyi nshita?,Uyu umwanakashi uwakwata inkanda iya buuta pali iyi nshita naimininafye pa mpanga.Cilemoneka pali ico amwene icamusekesha icalenga emike incinga
10278,Imbwa iikulu iya fufumuka ili mupepi no luncingi ulwabikwako ne ntambo ya cela,Bushe iyi ine Imbwa iya fufumuka ili mupepi no luncingi ilemoneka shani?,Iyi imbwa iili mupepi no luncingi ilemoneka iyaina kabili iyabuuta na mabala aya fiita,Bushe finshi iyi ine Imbwa iili mupepi no luncingi ilecita pali iyi nshita?,"Iyi Imbwa iili mupepi no luncingi  pali iyi inshita ilemoneka yacilapala panshi ilyo yasangapo ilini,ilefwaya ukutoola"
10279,Abanakashi imisepela babili abakwata inkanda iya buuta bali mulabolotali,Bushe aba bakashana babili abakwata inkanda iya buuta finshi balecita?,Aba bakashana babili abakwata inkanda iya buuta pali iyi nshita balesankanya fimo ifyapala suumu lyena batampa ukumona fintu amenshi yalealuka,Bushe aba bene bakashana babili abakwata inkanda iya buuta balemoneka shani?,Aba bakashana bonse babili baba ne myona iitali no mushishi uutali ku mitwe.Umo nafwala nakatoloshi ikafiita na sweta iya kashika
10280,Abaume imisepela basano abakwata inkanda iya buuta bali mu cikuulwa,Bushe finshi aba abaume basano abakwata inkanda iya buuta balecita umu mu cikuulwa?,Aba abaume basano abali muli ici cikuulwa baleangala.Baleangala ubwangalo bwakusholoka pamanenekela nangu shamenda,Bushe aba abaume abakwata inkanda iya buuta balemoneka shani?,"Aba abaume abakwata inkanda iya buuta abali muli ici cikuulwa, bane bafwele amatoloshi aye langi lya fiita,elyo babili bali nefyampepo ifye langi lyakatapakatapa "
10281,Umwaume uwakwata inkanda iya buuta naiminina pa fimabwe ifikulu,Bushe uyu wine umwaume uwiminine pa fimabwe alemoneka shani?,Uyu umwaume temutali kabili temwipi lelo abafye pakati.Afwele kaputula  iya fiita na kasote aka buuta elyo na ne campepo icelangi lya katapakatapa,Bushe uyu wine umwaume uwakwata inkanda iya buuta finshi alecita pali iyi nshita?,Uyu umwaume  uwakwata inkanda iya buuta alemoneka ifyo pali iyi nshita ali pali bemba aleloba isabi ukubomfya indobo
10282,Umwaume uwakwata inkanda iya buuta naikala pa cibumba ca ng'anda alifye eka, Bushe uyu wine umwaume uwakwata inkanda iya buuta uwikele eka pacibumba alemoneka shani?,"Uyu umwaume uwakwata inkanda iya buuta uwikele pa cibumba alemoneka umutali sana.Afwele insapato isha fiita,itoloshi ilya fiita ne nkolo iya fiita",Bushe uyu umwaume uwakwata inkanda iya buuta umutali sana alemoneka ukuti finshi alecita?,"Uyu umwaume uwakwata inkanda iya buuta umutali sana, uwikele pacibumba apa, alepeepa nokunwa ubwalwa"
10283,Abaume abakalamba aba fiita inkanda babili na bana abaume abaice abakwata inkanda iya buuta babili nabekala mu ng'anda ,Bushe aba bene abaume abakalamba abafiita inkanda na bana babili aba buuta inkanda balemoneka shani?,Abakalamba bonse babili elyo no mwaice umo bafwele ifya kufwala fya kumulu ifye langi lya buuta elyo umwana umo afwele icakashika.Bonse baba ne myona iikulu elyo iitali,Cilemoneka ifyo bushe cinshi aba bafyashi bafiita babili na bana bankanda ya buuta babili balecita?,Cilemoneka kwati uyu umwaume umukalamba umo uushintile mu nshiku uuli akatalamukila aletele aba abana bakalume kuli wishikulu uyo uulebafunda no kubalanga ifya kupanga ifya kulya fimo 
10284,Abaume imisepela abakwata inkanda iya buuta bali mu cibansa ca mupila wa kumakasa,Bushe ili bumba lya baume imisepela abakwata inkanda iya buuta abali ku cibansa camupila balemoneka shani?,"Ili ibumba lya imisepela bamo fwele amakaputula aya fiita,bambi bafwele aya buuta.Ifya kumulu bamo bafwele ifya buuta, bambi ifya kashika,bonse nabafwala insapato",Bushe aba bene baume imisepela abali ku cibansa ca mupila wa ku makasa finshi balecita?,Aba baume imisepela abali ku cibansa ca mupila wa ku makasa baleteya umupila.Balecimfyanya .Nabakwata nakalisha wa kapyelele uulebalishisha pintu
10285,Umwana umwaume umupungwe uwakwata inkanda iya buuta naingila ekele mu mupeto wa motoka,Bushe uyu wine umwana umwaume uwakwata inkanda iya buuta uuli mumupeto wa motoka finshi alecita?,Uyu umwana umwaume uwakwata inkanda iya buuta uuli mumupeto wa motoka aleangala.Muli uyu mupeto tamuli umupila necingolongolo kanshi emo engile aleangala,Bushe uyu wine umwana umwaume uwakwata inkanda iya buuta uuleangala mu mupeto wa motoka alemoneka shani?,"Uyu mwana umwaume uwakwata inkanda iya buuta uuleangala mumupeto wa motoka alemoneka umutali,amenso aya buuta elyo afwele ne fyakufwala fyonse ifye langi lyamakumbimakumbi"
10286,Umwaume uwakwata inkanda iya buuta no mwanakashi uwakwata inkanda iya fiita  bali mung'anda,Bushe uyu wine umwaume uwakwata inkanda iya buuta no mwanakashi uwakwata inkanda iya fiita balemoneka shani?,"Umwanakashi alemoneka umutali,umutuntunshi,umushishi uutali nafwala netoloshi lya katapakatapa.Umwaume alemoneka uwaondako panono no umushishi uutali ",Bushe finshi fintu uyu umwaume uwakwata inkanda iya buuta no mwanakashi wa nkanda ya fiita balecita?,Pali iyi nshita uyu umwaume uwakwata inkanda iya buuta no mwanakashi uwakwata inkanda iya fiita baletambafye ifikope mwi buuku lya fikope
10287,Umwaume awakwata inkanda iya buuta aleenda mwisamba lya cimuti icikulu,Bushe uyu wine umwaume uwakwata inkanda iya buuta uuleenda mwisamba lya cimuti alemoneka shani?,Uyu mwaume alemoneka umutali panono nafwala nakaputula iya fiita na shikipa ya buuta ne nsapato beta ati Taaki,Bushe nge cimuti ne ncende umo uyu umwaume aleenda filemoneka shani?,Iyi incende umo uyu umwaume aleenda ilemoneka isuma sana kabili yali buuta.Yakwata icani icipi kabili iciteku.Icimuti calikwata ama buula ayateku elyo cakwata ne cintelelwe
10288,Ibumba lya baume apali abashilika elyo noushili mushilika umo abakwata inkanda iya buuta nabeminina,Bushe ili bumba lya bashilika noushili mushilika umo abakwata inkanda iya buuta balemoneka shani?,"Aba baume bonse balemoneka abapamfuka,abatali,nemyona iitali.Abashilika nabafwala nefyakufwala fya bushilika utusote nentepapo,namatoloshi nefyakumulu ifya katapakatapa.",Bushe aba baume abashilika na uushili mushilika umo abakwata inkanda iya buuta balemoneka finshi balecita?,Cilemoneka ifyo pali aba bashilika pali umo uulebomba ngo mukalamba wa bashilika.Uyu mukalamba wabashilika nasonta ukuboko alelangilila abanankwe ifya kucita
10289,Umwaume umo uushishibikwe inkanda akwata nakontama mwisamba lya cikuulwa,Bushe uyu wine umwaume uushishibikwe inkanda akwata uukonteme mwisamba lya cikuulwa alemoneka shani?,"Uyu umwume uushishibikwe inkanda akwata uukonteme alemoneka umutali.Nafwala netoloshi lya fiita,ne nsapato ishafiita",Bushe uyu wine mwaume uushishibikwe inkanda akwata uukonteme mwisamba lya cikuulwa finshi alecita?,"Cilemoneka ifyo uyu umwaume uushishibikwe inkanda akwata nakontama pali ici cikuulwa,alelongolola ifili mu cola pakuti afwayemo fimo ifyo aleenekela ukuti acibikamo"
10290,Umwaume shikulu bantu uwakwata inkanda iya fiita naikala nabika icilitumbo kwitobo,"Bushe uyu wine umwaume,shikulu bantu uuli necilitumbo alemoneka shani? ",Uyu umwaume shikulu bantu uwakwata inkanda iyafiita alemoneka uwakashika na umona uwasompa.Nafwala ne nindaminwe ne citambala kumutwe,Bushe uyu wine umwume shikulu bantu uwakwata inkanda iya fiita finshi alecita pali iyi inshita?,Uyu umwaume shikulu bantu uwakwata inkanda iya fiita alemoneka pali iyi nshita alepeepa fwaka ukubomfya icinkuli
10291,Umwaume uwakwata inkanda iya buuta uushilemoneka ku mutwe naiminina palukungu lwa cikuulwa,Bushe uyu wine mwaume uwakwata inkanda iya buuta  alemoneneka shani?,"Uyu umwaume uwakwata inkanda iya buuta afwele kaputula iikwete amalangi yane ekutila ilya fiita,ilya buuta ne lya kashika.Nafwala nensapato iya fiita",Bushe uyu wine umwaume uushilemoneka ku menso  uwakwata inkanda iya buuta finshi alecita?,Cilemoneka ifyo uyu mwaume uushilemoneka ku menso uwakwata inkanda iya buuta pali iyi nshita aleisula icibokoshi ico ekete ku minwe
10292,Umwana umwanakashi umusepela uwakwata inkanda iya buuta nafimbana umwamfuli,Bushe uyu wine umwanakashi umusepela uwakwanta inkanda iya buuta alemoneka shani?,"Uyu umwanakashi umusepela uwakwata inkanda iya buuta nakwata umushishi uutali,umona uwasompa na menso na meno ifya buuta elyo afwele icakufwala icafiita.", Bushe uyu wine umwanakashi  umusepela uwakwata inkanda iya buuta finshi alecita pali iyi nshita?,Cilemoneka ifyo uyu umwanakashi umusepela uwakwata inkanda iya buuta pali iyi nshita aleenda naasha no mwamfuli ku kuicingilila ku kasuba
10293,Abaume na banakashi abakalamba na banono abakwata inkanda iya buuta baletamba ububumbo bwa kwa Lesa,Bushe aba bene abaume nabanakashi abakalamba na banono  balemoneka bantu ba musango nshi?,Aba baume na banakashi  balemoneka ifyo libumba lya mapepo.Bafumine ku mapepo elyo batandalila iyi ncende pakuti batashe ububumbo bwa kwa Lesa,Bushe bubumbo nshi ubwa kwa Lesa ubo ili bumba lya mapepo ilyo aba baume na banakashi baletamba?,"Kuli iyi ncende ili ibumba lya mapepo ilya baume na banakashi,abakalamba na banono baletamba umumana,ifimuti ifisuma elyo no lupili"
10294,"Imbwa shitatu,ishikulu sana shibili ne inonoko panono imo shili mumpanga",Bushe cilemoneka ifyo finshi fintu ishi imbwa shitatu shilecita pali iyi nshita? ,Cilemoneka kwati ishi imbwa shitatu ishili mu mpanga pali iyi nshita shilelwila icakulwa.Ishikulu shibili nashisuma cimo ku kanwa ico shilelwila,Bushe ishi Imbwa shitatu ishili mu mpanga ishilelwila icakulya shilemoneka shani?,Iinono ne ikulu imo pali ishi imbwa shilemoneka ishakashikila elyo iyi imbi ikwete amalangi yabili ilya buuta ne lya fiita
10295,Umwanakashi  umusepela uwakwata inkanda iya buuta naikala  ,Bushe cilemoneka ukuti finshi fintu uyu mwanakashi uwakwata inkanda iya buuta alecita pali iyi nshita?,Pali iyi nshita cilemoneka ifyo uyu umwanakashi uwakwata inkanda iya buuta  aleputula amaala atemwa ingala,Bushe uyu wine umukashana umusepela uwakwata inkanda iya buuta uuleputula amaala alemoneka shani?,"Uyu umukashana umusepela uwakwata inkanda iya buuta uuleputula amaala alemoneka umutali pa menso,umona uukulu kabili uwasompa,ne cilefulefu icitali nafwala namagalashi "
10296,Abanakashi babili na umwaume umo abakwata inkanda iya buuta baletuusha,Bushe aba bene abanakashi babili na umwaume umo abakwata inkanda iya buuta balemoneka shani?,"Bonse balemoneka nabapamfiwa nefyo cilamuntu alecita.Umo umwanakashi afwelefye kana maapa ka fiita,umunankwe wena afwele shikipa wapitamo ifishilwa",Bushe aba bene abanakashi babili nomwaume umo abakwata inkanda iya buuta finshi balecita?,"Aba abanakashi no mwaume balecita ifyapusanapusana,umo umwanakashi alenwa ubwalwa umbi umwanakashi alelanda pali musange elyo umwaume wena alelolekeshafye umunankwe "
10297,"Abantu abapusanapusana,abanono na bakalamba abakwata inkanda iya fiita neyabuuta bali pacitesheni ce shitima",Bushe aba bene bantu bapusanapusana abaume na banakashi abali pa citesheni balemoneka shani?,"Ili bumba lya bantu abaume na banakashi lilemoneka ifya pusanapusana,bamo balemoneka abaina,bambi abaonda elyo abengi bafwele amatoloshi",Bushe aba bene bantu abaume na banakashi abali pa citesheni ce shitima balecita finshi?,Cilemoneka ifyo elyo ishitima lya fika pa citesheni.Abacisa mwishitima balefuma lyena bambi balelola ukwingila
10298,Umwanakashi uwakwata inkanda iyafiita na umwaume uwakwata inkanda iya buuta nabekala mumucanga,Bushe aba bene umwanakashi wankanda iyafiita na umwaume uwankanda iya buuta balemoneka shani?,"Umwanakashi alemoneka umutali elyo afwelefye kakaputula akepi na kana mapa,namagalashi.Umwaume alemoneka uwaonda no mushishi uutali",Bushe aba bene umwanakashi uwafiita no mwaume uwakwata inkanda iya buuta finshi balecita? ,Uyu umwaume uwakwata inkanda iya buuta no mwanakashi wakwata inkanda iyafita baletuushafye mumucanga.Umwaume aleangashafye kamusange
10299,Abantu bane abashishibikwe bwino nga baume nangu banakashi abakwata inkanda iya buuta nabanina pa macinga,Bushe aba bene abantu abakwata inkanda iya buuta abaninine pa macinga balemoneka shani?,"Aba bantu bane abakwata inkanda iya buuta  abaninine pa macinga bafwele insapato,bafwala na makaputula elyo ne fimpompo ku mitwe",Bushe aba bene abantu bane abakwata inkanda iya buuta abaninine pa macinga finshi balecita pali iyi nshita,"Pali iyi nshita aba abantu bane abaninine pa macinga bali pamacimfyanyo ya kucofa amacinga,balecimfyanya."
10300,Umwaume umulumendo uwakwata inkanda iya buuta  nanina pa cibumba nakwata na kamashini ka kukopelako ifikope,Bushe uyu wine umwaume umulumendo uwakwata inkanda iya buuta uuninine pa cibumba alemoneka shani?,Uyu umulumendo uwakwata inkanda iya buuta uuninine pa cibumba alemoneka uwaonda no mushishi uutali nafwala netoloshi ilya fiita ilikulu ilyataluka umubili,Bushe uyu wine umulumendo uwakwata inkanda iya buuta uuninine pa cibumba finshi alecita? ,Uyu umwaume umulumendo uwakwata inkanda iya buuta uuninine pa cibumba alekopa ifikope.Nakwata na mashini bakopelako ifikope
10301,Abaume na banakashi abengi abakwata inkanda iya buuta bali mu cikuulwa ca mapepo,Bushe aba bene abaume na banakashi abakwata inkanda iya buuta abali mu cikuulwa ca mapepo balemoneka shani?,Aba abaume na banakashi abakwata inkanda iya buuta abali mu cikuulwa ca mapepo abengi nabafwala ifya kufwala fya mpepo nabakwata ne fitabo elyo umo nafwala na kolona,Bushe aba bene abaume na banakashi abali muli ici cikuulwa ca mapepo finshi balecita?,Cilemoneka ifyo aba abaume na banakashi abali muli ici cikuulwa ca mapepo balepepa.Bonse ni bakapepa
10302,Umuntu uwakwata inkanda iya buuta uwakubumba ali namashini beta teleshikopu,Bushe uyu wine umuntu uwakwata inkanda iya buuta uwakubumba alemoneka shani?,"uyu muntu ba bumba alemoneka kwata mwaume,bamubumba alemoneka kwati nafwala itoloshi necisote na magalashi",Bushe uyu wine umuntu wakubumba  bamubumba alemoneka kwati alecita finshi?,Uyu umuntu umwaume uwakwata inkanda iya buuta uwakubumba ba mubumba alemoneka kwati alekopa ifikope ukubomfya mashini ya fikope 
10303,Abaume babili abakwata inkanda iya buuta bali ne cilimba ca kukwampa nabekala,Bushe finshi aba bantu babili abakwata inkanda iya buuta abali ne cilimba cakukwampa balecita?,Aba baume babili abakwata inkanda iya buuta abali ne cilimba cakukwampa pali iyi nshita bekelefye balekwampa icilimba ,Bushe aba bene abaume abakwata inkanda iya buuta balemoneka shani?,Aba abaume babili abakwata inkanda iya buuta abalekwampa icilimba bonse babili baliteka umwefu.Uyu umo alikwata no mushishi uutali nafwala necitambala
10304,Umwume umo uwakwata inkanda iya buuta ali pa mulu wa ng'anda ya ntunti,Bushe finshi fintu uyu umwaume uwakwata inkanda iya buuta  uuli pa mulu wa ng'anda ya ntunti alecita?,Cilemoneka ifyo pali iyi nshita uyu mwaume uuli pa ntunti ya ng'anda alekobeeka nokubika intambo sha bunkolanya,Bushe uyu wine mwaume uwakwata inkanda iya buuta uuli pantunti alemoneka shani?,UYu umwaume uuli pantunti ya cikuulwa alemoneka umwipi kabili uwaina.Afwelefye kaputula ifilundwa fya mubili fimbi filifye pambilibili
10305,Umwaume no mwanakashi abakwata inkanda iya buuta nabekatana,Bushe uyu wine umwaume no mwanakashi abakwata inkanda iya buuta cinshi balecita pali iyi nshita,"Cilemoneka ifyo uyu umwaume no mwanakashi aba abakwata inkanda iya buuta nabakumbatana.cilemoneka ifyo umo taalipo elyo abwela,balemukukutila ku munankwe",Bushe aba bene umwaume no mwanakashi abakwata inkanda iya buuta abakumbatene balemoneka shani?,"Uyu umwaume no mwanakashi abakwata inkanda iya buuta abakumbatene bonse balemoneka abaonda,imyona iitali no mushishi uutali.Umwanakashi nafwala ne ninda minwe"
10306,Abaume na banakashi abakwata inkanda iya buuta na banina pa mpunda,Bushe cilemoneka ifyo finshi aba bane abaume na banakashi abaninine pa mpunda balecita?,Cilemoneka ifyo aba abaume na banakashi abakwata inkanda iya buuta abaninine pa  mpunda balecimfyanya mu bwangalo bwa kubutuka nempunda,Bushe aba bene abaume na banakashi abakwata inkanda iya buuta balemoneka shani?,"Aba baume nabanakashi bonse nabafwala amatoloshi,ifimpompo elyo cilamuntu nakwata impunda.Shitatu impunda shilemoneka ishakashika elyo imo ili iya buuta"
10307,Abanakashi imisepela abakwata inkanda iya buuta bali mu kalashi pa sukulu ,Bushe aba banakashi imisepela abakwata inkanda iya buuta abali pa sukulu balemoneka shani?,"Batatu pali aba bakashana bafwele ifyakufwala ifya fiita,umo ica buuta.Babili baliteka umushishi uwakashika uutali elyo babili bakwata uwafita.umo nakwata na cheni mumukoshi",Bushe fintu nshi ifyo aba bakashana abakwata inkanda iya buuta balecita pali iyi nshita?,Pali iyi nshita aba bakashana abakwata inkanda iya buuta bali mu kalashi balesambilila nokulemba
10308,Umwaume umukalamba uwakwata inkanda iya buuta ali mukamusebo kamanenekela pa ncende iisuma ,Bushe uyu wine umwaume uuli pali iyi incende uwakwata inkanda iya buuta alemoneka shani?,Uyu umwaume uwakwata inkanda iya buuta uuli pali iyi ncende alemoneka umwipi elyo uwaina nafwala na kaputula na kasote,Bushe uyu wine umwaume uwakwata inkanda iya buuta uuli pali iyi ncende finshi alecita?,Cilemoneka ifyo uyu mwaume aciya pali iyi ncende mukukokoloka.Panuma anwamo ubwalwa atampa ukulatansuka pakwenda
10309,Abaume na banakashi abengi abakwata inkanda ishapusanapusana bali mucikuulwa ca bwalwa,Bushe aba bene baume na banakashi abakwata inkanda ishapusanapusana abali mu cikuulwa ca bwalwa balemoneka shani? ,"Aba baume na banakashi abakwata inkanda ishapusanapusana balemoneka aba muyano,bonse belenwena mumabuumba,talepumfyanya.",Bushe aba bene abaume na banakashi abali muli ici cikuulwa finshi balecitamo?,Ili bumba lya baume na banakashi abapusanapusana abali muli ici cikulwa balenwa ubwalwa notwakutalalika ku mukoshi tumbi elyo baleambaula no tumalyashi
10310,Ibumba lya baume abalumendo bali mu cibansa ca mupila wakuminwe,Bushe cinshi ili ibumba lyabaume abalumendo abali ku cibansa ca mupila wakuminwe balecita?,Ili ibumba lya baume abalumendo abali ku cibansa ca mupila wa ku minwe baleangala ubwangalo mwa mupila wa kuminwe,Bushe cinshi cintu uyu umwana umukashana uwakwata inkanda iya buuta uuli kunse ya cibansa alecita?,Uyu umwana umwanakashi uwakwata inkanda iya buuta uuli kunse ya cibansa alemoneka ifyo aletamba ubwangalo bwa mupila wa kuminwe
10311,Abanakashi abakalamba babili abakwata inkanda iya buuta bali mu ng'anda ,Bushe aba bene banakashi abakalamba abakwata inkanda iya buuta abali mu ng'anda finshi balecita?,"Aba banakashi abakalamba babili abakwata inkanda iya buuta balemoneka ifyo balelanshanya,balepanshanya amono.Ilyo umo alelanda umubiye alekutikisha",Bushe aba bene banakashi babili abakwata inkanda iya buuta balemoneka shani?,Aba banakashi babili abakwata inkanda iya buuta bonse babili balemoneka abaonda no mushi uusuma uutali uwafita.umo nafwala ne ninda minwe elyo umo nao afwele ubulungu  mumukoshi
10312,Umwaume umusepela uwakwata inkanda iya buuta naimininna pa mabwe ayalemoneka aya suma,Bushe uyu wine umwaume umusepela uuwiminine pa mabwe aya suma alemoneka shani?,"Uyu umwaume uwiminine pa mabwe alemoneka umwipi.Afwelefye kaputula  ne nsapato ku molu,umubili onse ukwashala ulifye pa mbilibili",Bushe uyu umwaume uwakwata inkanda iya buuta uwiminine pa mabwe finshi alecita pal iyi ncende?,Uyu umwaume uwakwata inkanda iya buuta uwiminine pa mabwe pali iyi nshita alemoneka aleloba isabi mu kamumana akapitile mu mabwe
10313,Umwana umwaice uwakwata inkanda iya buuta naiminina mu pepi napo bemike motoka mu cikuulwa,Bushe uyu wine umwana umwaice uwakwata inkanda iya buuta uwiminine mu pepi na motoka alemoneka shani?,"Uyu umwana umwaice uwakwata inkanda iya buuta uwiminine mupepi na motoka alemoneka uwatuulukako panono,nafwala na kasote akafiita elyo napaapa ne cinyau munuma",Bushe uyu wine umwana uupapile icinyau uwakakwata inkanda iya buuta cinshi alecita?,"Uyu umwana uwakwata inkanda iya buuta uupapile icinyau uwiminine mupepi na motoka aleangala ubwangalo bwa kubuta,nasenda ne cilibotolo"
10314,Umwana umwaice umulumendo uwakwata inkanda iya buuta nainamina panshi mu mucaanga,Bushe cilemoneka ifyo finshi uyu umwana umwaume umulumendo uwakwata inkanda iya buuta uwinamine pa nshi mumucanga alecita? ,"Uyu umwna umwaume uwakwata inkanda iya buuta uuli pa mucanga aleangala,alefolobola alepanga icilindi icilemoneka kwati bwendo",Bushe uyu wine mwana umwaume uwakwata inkanda iya buuta uuleangala mumu canga alemoneka shani?,Uyu umwana umwaume uwakwata inkanda iya buuta uuleangala mumu canga nafuula ifyakufwala ashelefye na kaputula.Afwele kaputula iikwete amalangi yabili ilya fiita ne lya katapakatapa
10315,Umwaume umukalamba uwakwata inkanda iya buuta nanina pa cibumbili ico bakuula pamuulu we libwe,Bushe uyu wine umwaume umukalamba uwakwata inkanda iya buuta uwiminine pacibimbili alemoneka shani?,"Uyu umwaume umukalamba uwakwata inkanda iya buuta uuninine pa cibimbili alemoneka uwaina kabili umwipi.Nafwala na bomba uwatikama necisote,naansa na maboko.",Bushe iyi incende uyu mwaume umukalamba uwakwata inkanda iya buuta alipo ilemoneka shani?,Iyi incende uyu umwaume umukalamba alipo ilemoneka isuma.Ilibwe apakuulwa ici cibimbili lya mwalala elyo lyaba pa lupili apasansama kanshi palemoneka bwino
10316,Umwaume shikulu bantu uwakwata inkanda iya buuta ali namakoli wesembe mupanga.,Bushe uyu wine umwaume shikulu bantu uwakwata inkanda iya buuta finshi alecita pampanga eka namakoli wesembe?,Uyu umwaume shikulu bantu uwakwata inkanda iya buuta uuli namakoli wesembe pa mpanga alemoneka aleputaula ifimuti.Nalimo alefwaya afipenge fibe fipuna,Bushe iyi ine incende uyu umwaume shikulu bantu uwakwata inkanda iya buuta aliko ilimoneka shani?,"Iyi incende uyu umwaume shikulu bantu uwakwata inkanda iya buuta aliko ilemoneka iya katama sana.Iyi mpanga ilemoneka ni mumatololo,mubanga umushibombela bantu "
10317,Abaume batatu abakwata inkanda iya buuta bali na bateleshikopu mulupili,Bushe cilemoneka ifyo finshi fintu aba abaume abakwata inkanda iya buuta batatu abali na bateleshikopu balecita?,Aba baume batatu abakwata inkanda iya buuta  balemoneka kwati ni basayantishiti.Pali iyi nshita balepima no kukopa incende,Bushe aba bene baume batatu abakwata inkanda iya buuta abali naba teleshikopu abalekopa balemoneka shani?,"Aba baume abakwata inkanda iya buuta  abalekopa,cilamuntu nakwata ifyo alecita.Umo uyu uufwele icafiita nashina nelinso limo pakukopa"
10318,Abaume babili abakwata inkanda iya buuta bakalisha wa ng'oma bali ne ng'oma ishingi mu cikuulwa,Bushe cilemoneka ifyo finshi aba abume abakwata inkanda iya buuta babili bakalisha wa ng'oma balecita pali iyi nshita? ,Pali iyi inshita aba baume babili abakwata inkanda iya buuta bakalisha wa ng'oma cilemoneka ifyo bali pa ciila balelisha ing'oma,Bushe aba baume babili abakwata inkanda iya buuta abalelisha ing'oma balemoneka shani elyo kabili finshi bakwete?,"Aba baume babili abakwata inkanda iya buuta abalelisha ing'oma bonse balemoneka abaina,nabafwala nefyakufwala ifya fiita.Nabakwata ne ng'oma ishingi nama dalamu ayakulisha ayengi"
10319,Abaume babili abashimonekesha sana aba buuta inkanda bali mwishitima,Bushe cinshi cilecitika kuli ili ishitima ilisendele aba baume babili abakwata inkanda iya buuta?,"Ili ishitima ilisendele aba baume babili ababuuta inkanda abashilemonekesha lili pa nyanji leenda,pali iyi nshita lifikile pa mpanga apashaba bantu.",Bushe ili ishitima umuninine aba baume abakwata inkanda iya buuta lilemoneka shani kabili finshi lisendele?,Ili ishitima ilisendele aba baume bankanda iya buuta abashilemonekesha lilemoneka ifyo lishitima ilisenda abantu ne fipe.Lisendele abantu elyo ne fipe
10320,Imbwa ishikulu ishikota shibili shili pampanga sheka nashisakatana,Bushe finshi fintu ishi imbwa shibili ishisakatene ishili pang'anda shilecita?,Ishi Imbwa ishikulu shibili ishisakatene pa mpanga shilemoneka ifyo shilelwa,Bushe ishi shine imbwa shibili ishilelwa ishilifye sheka ukwabula umuntu shilemoneka shani?,Ishi imbwa shibili ishili sheka ukwabula umuntu ishilelwa shilemoneka ishafiitulukila kabili ishikulu ishatuuluka
10321,Abaume abafyashi babili na bana babili bonse abakwata inkanda iya buuta bali mwituuka ilikamba,Bushe finshi fintu aba abafyashi abaume nabana babo bonse abakwata inkanda iya buuta balecita ?,"Pali iyi nshita cilemoneka ifyo aba abafyashi na bana abakwata inkanda iya buuta bali mwituuka,baleshita fimo",Bushe finshi fimo fimo ifilesangwa muli ili ituuka umuli aba bafyashi na bana abakwata inkanda iya buuta?,"Muli ili tuuka umuli aba abafyashi na bana aba buuta inkanda mulesangwa ifingi.icakumwenako mulesangwa inkonde,umukate,ubunga bwangano elyo nafimbipo"
10322,Umwaume umufyashi umo na banakashi abafyashi babili na bana abanono babili abankanda ya buuta  nabekala,"Bushe finshi ifyo ili bumba,ilya bafyashi nabana abakwata inkanda iya buuta lilecita pali iyi ncende?","Cilemoneka ifyo pali iyi nshita ili ibumba, abafyashi na bana abakwata inkanda iya buuta baletusha no kwangalila pamo ngo lupwa",Bushe finshi uyu umwaume umukalamba na banakashi elyo nabana aba abakwata inkanda iya buuta bakwete apa?,Cilemoneka ifyo abana nabakwata cila muntu ifi doli baleangasha.Umwanakashi umo ali necakukopela alekopa elyo umwanakashi umbi alelanda pali mu sange
10323,Umwaume umulumendo uwakwata inkanda iya buuta ali pacishi ca bemba naikala,Bushe cinshi uyu umwaume umulumendo uwakwata inkanda iya buuta uuli pa cishi alecita?,Uyu umwaume umulumendo uwakwata inkanda iya buuta uuli pa cishi ca bemba aletamba no kutasha pa bubumbo bwa kwa Lesa,Bushe finshi ifilemoneka ifili pali ici cishi ca bemba apali uyu umwaume uwakwata inkanda iya buuta?,Pali ici cishi apali uyu umwaume uwakwata inkanda iya buuta pali ilibwe lya mwalala elyo mumbali lyashingulukwa na bemba.Pa menshi palemoneka no mukolamfula
10324,Umwanakashi umukashana uwakwata inkanda iya buuta ali kumumana ,Bushe uyu umwanakashi umukashana uwakwata inkanda iya buuta finshi alecita kuli iyi ncende?,"Uyu umwanakashi uwakwata inkanda iya buuta ali kuli iyi incende ya mumana aleangala,pakwangala natulokela mumulu mupepi no mumana",Bushe uyu umwanakashi uwakwata inkanda iya buuta  uuleangala mu pepi no mumana alemoneka shani?,Uyu umwanakashi umukashana uwakwata inkanda iya buuta alemoneka umutali kabili uwaondako panono.Nafwala nensapato ya buuta
10325,Umwaume no mwanakashi abaupana abakwata inkanda iya buuta baleangala ,Bushe aba bene abaupana babili umulume no mukashi abakwata inkanda iya buuta balemoneka shani?,Umukashi alemoneka uwaina nafwala netoloshi ilya fita na shikipa uwabutulukila.Umwaume afwele ama sanda na sweta ya makumbimakumbi,Bushe aba bene umulume nomukashi abakwata inkanda iya buuta finshi balecita?,Aba umulume no mukashi abakwata inkanda iya buuta baleangala.umwaume nanina ku cimuti umwanakashi aleangasha imbwa
10326,abakashana bane bali mumuputule mushita ya bushiku nabafwala ne fyakufwala fyapusanapusana,bushe finshi aba bakashana balecita Pali iyi inshita?,aba bakashana baleshana munshita ya bushiku baleshana amasha ayapusanapusana,finshi aba bakashana baleshana munshita ya bushiku bafwele?,pa bakashana bane abaleshana munshita ya bushiku babili bafwele amashati yabuuta aya maboko ayatali elyo umo afwele ifyafiita
10327,umwana umukashana ali kumumana afwele ishati lyakashika na shiketi yafiita,cinshi umwana alecita kumumana?,umwana alebutuka kululamba lwamumana munshita ya cungulo kasuba,bushe uyu  umwana uulebutuka kumumana uukalamba finshi afwele kumakasa?,umwana uulebutuka kumumana uuli no mushiishi uwipi tafwele indyato ku makasa
10328,abamwaume babili  bali mucifulo bepukila ifyakulya no kushitisha,bushe aba bamwaume  finshi balecita?, aba bamwaume baleipika ifyakulya fyapusanapusana ifisuma,umo baleipkila muli ifipe ifyalekanalekana ifyakubomfya pakwipika ifyakulya,umwaume umo afwele  cisote ne cakufwala cakunse ica malangi
10329,abalumendo babili Bali mucibansa ca mangalo ya mupila,Bushe aba balumendo bali mu cibansa ca mupila finshi balecita?,abalumendo babili baleteya umupila wa tunnis ball nangu umupila wa kuminwe,finshi aba balumendo bafwele pakuteya umupila?,umulumendo ukwete icakuteyelako umupila ku kuboko afwele icakufwala camalangi yabili ica buuta ne ca makumbimakumbi umubiye ica fiita na makumbimakumbi
10330,umulumendo naba shikulu bantu bali wa mumuputule ku mukati,umulumendo naikata kucela icikwete ituunti shine naimyako no kulu kwa kukuso,mumuputule bali muli ifipe ifyalekanalekana ifngi ifibomba kumilimo yapusanapusana,Bushe umulumendo naba shikulu bantu finshi bafwele?,bashikulu bantu bafwele ishati lyabuuta nabekala napakapuna umulumendo afwele itoloshi ne shati ifyabuutulukila pe shati pali nakaliluba kamakumbimakumbi
10331,imbwa ili pacililata icikwete amalangi yabili ilangi lyafiita ne lya mutuntula,bushe imbwa ili pelata Ilya fiita nelangi lyamutuntula ilecita finshi?,ileanga mucibansa cilemoneka kwati yacifuma mukushelemuka pacililata icikwete amalangi yabili,Bushe iyine mbwa iili mu cibansa ileshelemuka ilemoneka Shani?,"imbwa ikwete amalangi yabili ilangi lyafiita ne lya buuta kumucila,mumukoshi, kumaboko elyo nakukanwa kuli ilangi lyabuuta"
10332,abaume na banakashi  abakanda ishapusanapusana bali mucifulo umuli abantu abengi nganshi,umwaume uwa nkanda yafiita cilemoneka kwati balelanshanya nabaume babili abakanda yabuuta ,cilemoneka kwati kuli ici cifulo kwaciba ifyamalila pantu umwaume umo uwa nkanda yabuuta ali ne nkomaki kuminwe,Bonse abali kuli ici cifulo balemoneka abansansa umwanakashi uuli no mushishi wafiita balelanshanya no wamushishi wabuuta,"Ubwingi bwa bantu bali kuli ici cifulo balemoneka bwino ifyakufwala bafwele fikwete amalangi yapusanapusana ayafiita,ayakashika na yakashikilila"
10333,"abantu basano nabekala mumbali yelingali ,Pali aba Pali  abaume babili na banakashi batatu bekele mumbali ye linga",Abaume babili na bekata mumasaya ukubomfya amaboko yakukuso,Pa banakashi batatu abali mumbali yelingali pali abalemoneka ngabanakulu bantu abafwele ishati lyakatapakatapa nakafiita pamulu,umwaume umo uufwele ica mpepo ca mindoloshi yabuutulukila ne ya fiita na banakulu bantu nabafwala amakalashi ya mumenso,Pa mulu welinga pali umulumendo uufwele ica kufwala cabuutulukila icakumulu ne toloshi lyamakumbimakumbi cilemoneka kwati alelolesha ifimuti
10334,Umwanakashi uwa mushishi uutali aleenda  munshita ya kasuba.,Bushe uyu umwanakashi nifinshi afwele ilyo aleenda?,Afwele akaputula  naka fungamabele akamakumbimakumbi elyo ne shati lya mutuntula nakakosa kuku kulyo,Bushe uyu wine mwanakashi nikucifulo nshi aleenda?,uyu mwanakashi alemoneka kwati aleenda mumusebo mupepi ne cibansa umuli icani icingi akatalamukila kuli ifimuti ne fikulwa ifyabuuta
10335,Motoka iyabuutulukila iikwete ne laiti lyakashika ne citukutuku cabuutulukila nefyafiitamo nafimina mumusebo,Bushe umuntu ali pa citukutuku alemoneka shani?,alemoneka kwati mushilika uufwele ifyakufwala fyamakumbimakumbi naimyako no kuboko kwa kulyo,Bushe ni finshi fimbi ifili kuli iyi ncende?,Kuli ifipampa fitatu mumbali yamusebo fibili ifitali cimo icipi pacipampa cimo pali icikope camuntu umwaume akatalamukila kuli bamotoka nomuntu naiminina
10336,Akamwana akalumendo akafwele akashati akafitulukila nakaputula kamakumbimakumbi aleyangasha lmbwa,Akamwana akalumendo kalemoneka kwati Kali nabamo abo kalelolesha,Imbwa ilemoneka iyabuutulukila naitambalika namolu yakuntanshi amenso nakukanwa filemoneka ifyafiita,Imbwa naikwata ne ntambo mumukoshi,Pacifulo apali umwana pali no twakwangasha utwa mwana utukwete amalangi yapusanapusana
10337,Abantu cinelubali bali mu muputule umuli amacinga babili pali aba ni banamayo,Bushe abantu finshi balecita Pali iyi nshita?,umwaume uufwele itoloshi ne shati lyamakumbimakumbi ne cabuuta mukati balemulungishisha icinga ku mwaume munankwe,cilemoneka kwati nabamayo balelungishako icinga,Muputule balelungisha amacinga muli amalangi yapusanapusana panshi Pali  mutuntula ne yabuuta elyo lfishimbi bapangila umutenge fili ifyakashika
10338,Abana babili bakashana bacaice bali mucifulo cakwangalilako icisuma mukumoneka,Bushe abana finshi balecita Pali iyi nshita?,Aba bana bacaice babili pali iyi nshita cilemoneka kwati baleangala mumabula Aya uma,Pali aba bana pali uukwete umushishi uwakashikila no uukwete uwa buuta,Nabaifimba amabuula uufwele icakufwala ca makumbimakumbi icifuba ecilemoneka umubiye kuboko ne cakufwala cakashika
10339,motoka iikwete amalangi yapusanapusana na bantu babili umwaume no mwanakashi ili mumbali yamusebo,cilemoneka kwati motoka naikwata ubwafya,umwaume uufwele icakufwala celangi lyafiita alekopa motoka iyili mumbali yamusebo,umwanakashi afwele icakufwala ca malangi yabili ilyafiita ne lyabuuta,cilemoneka ukuti motoka nayonaika intambo iyi  kwete amalangi yabili iyabuuta neyakashika naba ipindika pamusebo
10340,abaume abali mutanda na mamotoka ne filimba fyansale bali mumpanga,bushe finshi aba baume mutanda balecita mumpanga?,cilemoneka kwati baleimba iyimbo uku ninshi balelisha ne filimba fyansale mumpanga,kuli iyi mpanga kuli ifimuti ifikulu ifitali sana,pali aba baume mutanda abalelisha ifilimba fyansale babili uufwele akasote kakatapakapa no uufwele ishati lyamalangi ayengi
10341,abaume babili umo uwa nkanda yafiita no wa nkanda yabuuta bali mucikulwa balishishamo ifilimba,bushe aba baume babili finshi balecita?,aba baume babili balelisha ifilimba fyansale mucikulwa cakusansamushishamo abantu,finshi balebomfya pakwimba?,"baleimba ukubomfya ifisoselo palya beminine, umwaume wa nkanda yafiita aleimba naloleshana na ku bantu mucikulwa"
10342,"abakashana napamo cinelubali baleshelemula panshita ya bushi ,nabafwala ifyakufwala fyakwangalilamo ifyamalangi yapisanapusana","amalangi bafwele Pali ilangi lyamakumbimakumbi, ilyafiita nelyabuta",bonse abakashana nabafwala ifimpompo ifyakupacingilila ukukanaicena ngacakuti baliponene kabili insapato shamawilo,bonse nabafwala ifyakucingilila panakufi pakutika tabaicenene nga bapona kabili nabafwala ne nsokoshi ishapusanapusana amalangi cila umo umo,aba bakashana balemoneka balishibasana  ukwangalasana ubu bwangalo bwa kuselemuka pantu tabaletina iyo kabili tabekete kuncintu nangu cimo elyo baleshelemuka
10343,umulumendo tafwele ishati afwelefye akaputula Ali mumenshi nanyanta pakakushelemukilako pamenshi,kabili naikatílila na kicakushelemukilako namaboko yonse yabili,uyu mwaume aleshelemuka mumenshi alemonekakwati alishiba sana ifya kuselemuka pamenshi pantu taleumfwa umwenso emulanduwine  aletolokela,elyo aletoka alesabusha namenshi pamumana  icakutu nabomba nokubimba,uyu wine mwaume nafwala Nana galashi ya fiita iyakumwenako ngakuli akasuba kabili naikwata no mushishi uutali.icicimana alipo cikalamba nganshi
10344,"abantu aba mishinku yapusanapusana apali abakoloci ,abaume na banakashi elyo na bacaice bali pa ncende imo",Pali umana mulumendo ilemoneka kwati naba musunsa pamabeya kubakalamba bamo,bonse balokeshe kumokwine  cipalile kwati Pali abali kuntanshi abo alelolesha nokumfwako pantu bonse balemoneka nabaposako sana amano,umwana mwaume basunshile nafwala  icampepo celangi lya makakumbi makumbi,kunuma ya aba bantu kuli ifimuti ifitali ifyakatapakatapa kabili kuncende Bali kalemoneka ukwayemba ubusaka nabakobaika no tutambo utwamalangi ya pusanapisana
10345,"abalumendo babili Bali panse panshita ya kasuba ,umo umulumendo afwele ishati lyabuta ne kaputula ka butulukila  elyo umbi afwele ishati ilya fitulukila netoloshi lya fita",elyo uyu wine umulumendo afwele ishati lyafitulukila ne toloshi lya fita napapa ne cola camakumbimakumbi,umulumendo afwele ishati ilya buta nanyanta pa kakushelemukilako elyo uyu afwele itoloshi lya fita alipancinga yelangi lyakatapakatapa,umulumendo alipakakushelemukilako aleshelemuka pacibumbili kabili nafwala ne cisote celangi lya butulukila,elyo uyu umbi umulumendo afwele itoloshi lya fita take cofa inchinga yakwe palunkoto ulwabusa ulwakatapakatapa
10346,"abantu napamo cine Bali panse nabeminina panshita ya kasuba ,apa Pali abaume nabanakashi kabili abanakashi nabakwata umushishi uutali bonse",Pali aba bane babili banakashi elyo Bambi babili baume  abakwetwe umushishi uwipi mumitwe yabo,Pali umwaume umo no mwanakashi umo abali kuntanshi abalefyompana  pakanwa .kabili bonse aba babili nabafwala ifyampepo ifyafita,cipalile kwati kale bamonenepo aba babili kabili balemoneka batemwikwa,uyu umbi umwaume umo no mwanakashi beminine apapusana .lelo bonse aba bane balemoneka beshile mulutandalila ici cifulo pakuti bakwateko akashita akasuma
10347,umwana mwaume uufwele isha lyamishilwa shamalangi yabuuta naya fita netoloshi lyafiita naimina panse panshita ya kasuba,uyu mwana mwaume eminine mupepi ne mbwa iikwete amalangi ya bili ilangi lyafitulukila ne lyafita,uyu mwana mwaume alemoneka kwati akepepeka imbwa iili pantanshi yakwe cipalile kwati Pali uko bakeya ,bushe ici cifulo kuli imbwa no uyu umwana mwaume  kulemoneka finshi fimbi?,kulemoka utumaluba ne fimuti kabili panshi palemoneka napaponena amenshi makasa
10348,umwaume uufwele ishati netoloshi lya butulukila kunse mukati muli ne shati ili kwete amalangi yatatu naikala pacipuna,icipuna cikwete amalangi yabili Ilya katapakatapa ne lyamakumbimakumbi icipuna capangilwa ne to mbo,uyu mwaume cilemoneka ukuti aletuma lamya iyo abikile kukutwi ukubomfya ukuboko kwa kukuso,nafwala indwato ishikwete amalangi yabili ilyafiita ne lyamakumbimakumbi,cilemoneka ukuti ekele kunse yacikulwa ukushili fyakumupusaula ilyo alelanda palamya
10349,abantu batatu abafwele ifilemoneka ifyafita baleenda munshita ya bushiku,bushe cinshi cilelanga ukuti ni nshita yabushiku?,uko baleenda kulemoneka ukwafiita elyo kufikulwa nakwaka na malaiti aya kwete amalangi ayapusana,finshi na fimbi ifilecika pali iyi nshita yabushiku?,pali iyi nshita cilemoneka ukuti imfula ileloka bonse batatu naba fimbana imyamfuli
10350,umwaume uufwele ishati lyabuta ilya maboko ayepi nafwala ne nkoloko kukuboko kwa kukuso,bushe cinshi uyu mwaume alecita?,uyu mwaume alelisha icilimba balishisha kuminwe ico beta ati keyboard,alelisha icilimba munshita yabushiku,"ilyo alelisha icilimba icinso cakwe tacilemoneka,elyo cilemoneka ukuti ukuboko kwakwe ukwakukuso nakutiika pansale"
10351,kuli abanakashi babili abeminine nabafwala namatoloshi ne fyampepo balelolesha ukuli abantu,panshi yabo pali no tupuna twakatapakata,cilemoneka ukuti balelolesha abantu abengi abali akatalamukila,pantanshi yabo pali ne fikulwa fya ntunti ifikwete amalangi yapusana,cilemoneka kwati ni kucibansa uko basefesha kuli ne filubi ifyo babumba kulemoneka namamotoka ayengi ne fimuti ifitali
10352,kuli cikupiti wa bantu abalekanalekana mumbali yamumana uukalamba nabekala napatupuna,bushe cinshi abantu bafulefi balecita ku lulamba lwamumana?,cilemoneka ukuti baletamba ifisabi(fishimweshimwe) fitatu ifiletoloka muli bemba umukulu ngafyatoloka fileimya amenshi,bushe ifisabi (fishimweshimwe) filemoneka shani?,fisabi ifikalamba(fishimweshimwe)  ifikwete amalangi yabili ilyafiita ne lyabuta fikala mu mimana  uukalamba sana
10353,imbwa ikwete amalangi yabili ilyafita ne langi lyabuta ili mumpanga,bushe iyi ine mbwa finshi ikwete?,iyi mbwa naisenda ulukuni kukanwa ulwauma elyo ilebutuka,bushe iyi ine mbwa ni kwisa ili pali iyi nshita?,"cilemoneka ukuti ili mumpanga umwikalila amenshi,imbwa ilemoneka iyalamba pacifuba kumatipa"
10354,abaume babili cilemoneka ukuti bali muli sacha umwaume uufwele itoloshi lya fitulukila ne campepo icakashika,bushe cinshi cilelanga ukuti abaume abali babil?,kukuboko kwa kulyo ukwa mwaume uufwele itoloshi lya fitulukila ne campepo icakashika kulemoneka ukulu ukulelangilila ati kuli umuntu,muli iyi ine Sacha muli ne citushitushi kuntanshi,umwaume uufwele ica mpepo ca kashika ali ne fyola fibili cimo cili pa molu elyo cimbi nakobeka naikatako no kuboko kwa kukulyo
10355,"lmbwa iisunsumene mumpanga ikwete amalangi yatatu ilangi lyafiita,ilyabuta elyo nelya fitulukila",bushe iyine mbwa ilemoneka Shani?,mumenso muli umwafita nakwata no mushipi uwafita mumukoshi Pali nakapala akalibatani kabuuta,"Kuli iyine mpanga ukuli iyi mbwa kulemoneka ifimuti ifikwete amalangi ayasuma ayamutuntula,katapakatapa na macungwamacungwa",Cilemoneka kwati pali  bamo abo ilelolesha naiponya na matwi na imika na molu yakuntashi
10356,umwana mukashana uuli ne mushishi uutali nafwala ne fyakufwala fyamalangi ayengi nashintilila kwi tebulo,bushe uyu wine mwana mukashana cifulo nshi aliko pali inshita?,cilemoneka ukuti ali mumuputule bepikila ifyakulya umuli ifipe ifyo babomfya kukwipika ifingi,bushe uyu mwana mukashana finshi alecita muli uyu muputule?,alelya ifyakulya ifyo babikile pa mbale  ye bumba pe tebulo lyelangi lyabuta naikata ifyakulya muminwe kukulyo elyo fimbi nabika mukanwa ukubomfya ukuboko kwa kukuso
10357,abana balumendo babili abacaice baleangala pa lubansa lwacikulwa icitali sana,finshi aba bana balumendo balecita mulubansa lwa cikulwa?,bonse babili balebutuka cilemoneka kwati balepepekana mulubansa lwa cikulwa cantunti shitatu icelangi lyabutulukila,bushe aba bana balumendo balemoneka shani?,aba bana balumendo balemoneka ukuti naba pusanako panono mumushinku umwana uufwele ishati lyabutulukila ne toloshi lyakatapakatapa mukalambako pa mwana uukwete icola munuma
10358,bashikulu bantu abafwele ishati lyabuta netoloshi lyamakumbimakumbi ili kwete ne tumba  kukulyo nabeminina panse pamwinshi wa ng'anda,bushe bashikulu bantu finshi balecita palya pamwinshi wa ng'anda?,cilemoneka kwati pali fimo ifyo bekete muminwe efyo balemona eko babikile sana amano,Ing'anda bemininepo yakulilwa ne  njelwa lshaocewa,panse pali ifintu ifingi ifyo bapangila kufyela kumbao na kumapulashitiki na fikwata malangi yapusanapusana
10359,Pali ici cifulo Pali cinkupiti wabantu abaume na banakashi bamishinku yapusanapusana  na beminina,bushe finshi filecika kuli ici cifulo Pali iyi nshita?,cilemoneka kwati kuli fimo ifyo baletamba ifibapeseshe amano bonse balelolesha kulya kwine,bushe abantu bali kuli ici cifulo balemoneka shani?,Pali abaume na banakashi abafwele amakalashi yamumenso elyo kuli nashikulu bantu uufwele ica mpepo ca malangi yabili ilyafita ne langi lyabuta no mushishi wabuuta naimya namaboko mumulu
10360,umwaume nafwala icimpompo icabuta kumutwe necakumulu icikwetemo ilangi lya  katapakatapa nanina kucimutu icitali,uyu mwaume afwele ne toloshi lyelangi lyamakumbimakumbi nensapato ishatikama iShafita,ici cimiti aninineko cimiti icaputulwa icishakwata imisambo.ici cimiti nacikwata intambo ishamalaiti  ishisuntunkene kuli Cena .,bushe finshi alecita pamulu kuli ici cimiti kabili bushe tekuti apone?,"uyu mwaume alelungisha intambo ishamalaiti , nikalungisha wamalaiti cipalile kwati  paciba ifyaconaikako.uyu Tete apone pantu nakwata app anyantile amolu patishimbi utwikatilile ku cimupo"
10361,banakulu bantu abakwetwe umushishi uwabuta uwipi nabafwala ishati ilyamaboko ayepi ilyamalunamaluba,bushe aba banakulu bantu abafwele ishati ayamalubamaluba alikwisa Pali iyi nshita?,aba banakulu bantu balemoneka Bali mucifulo ico bepikilamo no kulilamo ifyakulya fyakushita,beshe waishiba Shani ukuti ici cifulo bepikilamo no kulilamo ifyakulya fyakushita?,pantu banakulu bantu bekeke pantanshi yetebulo kabili Pali ili tebulo Pali inkomaki umuli ifyakunwanwanwa ne mbale  ya fyakulya
10362,"abantu abalekanalekana Bali panse pa musebo wamanenekela,Pali aba Pali abaume na banakashi",bushe batine fishi aba baume  nabanakashi abafwele utuputuka balecita?,aba baume nabanakashi abafwele utuputuka na mashati yamaboko ayepi Bali muli nakatanga wa lubilo,"bonse nabafwala ne nsapato ishelangi lyabuta ,bushe aba bantu alemoneka Shani?","balemoneka abakosa sana tapali abalemoneka ukutompoka ,bonse balebutuka mumusebo wamanenekela  kabili bonse nabakwata impendwaisgilembelwe pantashi yamashati yabo"
10363,"abaume basano Bali panse ,babili Pali aba bafwele amashati yelangi lya buta , umbi afwele ishati lya makumbimakumbi elyo umbi afwele ishati lya butulukila",bushe aba abaume basano abafwele amashati no tuputula utwapusana amalangi balecita finshi?,"aba baume basano balecita ifyapusanapusana umo umwaume naikata icabuta icapala ubusanshi,Bambi babili nabekata icibtu icambai ici bapingenye.",umbi umwau naisula unwakuposa ismfisosi Pali ifyo alebikamo lyeba umbi umwaume naimina kunuma yaukeposa ifisoso,aba baume basano balemoneka balefumya ifipe munganda ukutwala my cimbayambaya cipalile kwati bakuka ukufuna muli uyu ng'anda ukuya kumbi
10364,umwaume wankanda ya buta uukwete unushishi uwipi nafwala ishati ilyamaboko ayepi Ilya makumbimakumbi,bushe finshi uyu mwaume akwete minwe kabili finshi alecita Pali iyi nshita?,"uyu mwaume nakwata mashine yakubeyekako imyefu, kabili Pali iyi nshita ale beya imyefu ",bushe finshi filelangilila ukuti uyu  mwaume alebeya imyefu?,"pantu ale pisha mashini yakubeyekako panasata bapa cilefulefu,lyeba pakucita ifi aleilolesha mu cilokani icili pantashi yakwe"
10365,umwaume no mwanakashi abankanda yabuuta nabeminina panse munshita  yabushiku,umwaume afwele ishati lye langi lyabuta lyena umwanakashi afwele ilaya lyatubokoshi twabuta no twa fita,aba babili balemoneka beminine panse pacifulo icilemoneka kwati nimucikulwa cantunti icitali,bushe finshi balecita aba babili kabili incende ilemoneka Shani?,umwaume nakumbata umwanakashi kabili bonse  nabakokesha kunuma cipalile kwati  balekopwa icikope
10366,abaume babili nabekala mumuputule wabkuteyelamo amangalo ya pa ma komputa munshita yabushiku,bonse abaume babili bekele pa tupuna twakashikilila kabili nabafwala ne fyampepo ,bonse abaume nabakwata umushishi uwipi uwabeyewa busakabusaka kabili bonse nabafwala amatoloshi ya makumbimakumbi ,bushe aba abaume finshi balecita umu mumuputule bejake ubushiku?,"baketeya amangalo yapama computa , cipalile kwati beshile mukuteya Aya mangalo yapama komputa  pakulesha icitendwe"
10367,abantu apali abaume na banakashi Bali panse pantanshi yafikulwa nabeminina elyo Bambi nabekala,kuli umwaume umo umutali uufwele ifyakufwala ifya fita no mwanakashi uufwele ifyakufwala ifya fita uuli no mushishi wa buta na beminina panse ye tuka ,ituka benininepo lituka lyakushitishamo ifyajufyala .muli ili tuka muli ifyakufwala ifya baume nabanakashi ,cipalile kwati beshile mukushita ifyakufwala .lelo pantanshi yabo pali abanakashi babili abeminine ba fimumbwa ifya bantu abaume,"kukuso kwabo kuli abaume abejele patuna , cipalile beshile mukukya pacikukwa cakonkapo ico bashitishamo ifyakulya."
10368,"abantu apali abaume na banakashi Bali mumuputule umo , pali aba abanakashi ebafulilepo ukucila abaume",abanakashi bonse abali umu mumuputule nabakakika umushishi wabo panuma,mukandu bakakilile umushishi wabo kunuma muli uyu musango wakuti tabalefwaya umushishi wabo ukulapumfyanya ifyo balecita.,bushe aba bantu balecita muli uyu muputule panshita iyi?,aba bakashana bonse beshile mukutukuaha umubili kabili abaume balimo ebalelangilila  abanakashi ifyakucita pakutukusha umubili
10369,umwana mwaume uukwete umushishi uwipi nafwala ishati lye langi lya macungwamacungwa netoloshi lya butulukila,bushe uyu mwana mulumendo alikwisa Pali iyi nshita ya kasuba?,uyu mwana alipanse naikala nafuka namolu  mucakwangalilamo icelangi lya makumbimakumbi,bushe finshi uyu mwana mwaume alecita umu ekele mucakushelelamo?,"uyu mwana mwaume aleshelemuka elyo aleangala . Kabili cipalile kwati Pali abo alelolesha abali kuntanshi yakwe ,elyo alemwentula"
10370,abaume bane Bali panse panshita ya kasuba bamo Bali pamulu elyo Bambi Bali panshi,"bushe finshi  baume bane balecita, elyo bushe abo abaume beminine Pali cinshi?",aba baume bane balekula icikulwa kabili aba baume abeminine beminine pa fyo beta mucingeleshi ati amasikafidi,bushe finshi bafwele kabili finshi fimbi ifilemoneka kuli iyi ncende?,aba nabafwala ifyakucingililako kumasanso eyo balekula kabili Pali iyi ncende palemoneka ifisalu ifya macungwamacungwa
10371,"umulumendo natoloka mumulu ,lelo elyo atolweke nanyanta amakasa pakushelemukilako akamawilo ",kabili naikatílila aka kakushelemukilako akamawilo nokuboko kwa kukulyo,uyu mulumendo afwele ishati lye langi lya fita ne toloshi  lya makumbimakumbi na kasote kabutulukila,bushe iyi incende uyu mulumendo aliko ilemoneka Shani?,kuli iyine ncende kuli umulumendo kuli ifyalengwa ifyapusanapusana Pamo nga ifinama elyo ne abana baume abaleshelemuka
10372,namayo uufwele icampepo celangi lya jashikilila ne toloshi lya makumbimakumbi naiminina panse,uyu nwanakashi Ali nabaume bamo  abafwele icampepo ca buta ne kaputula ka fita fititi,kuli  umwana mwaume uufwele icampepo celangi limo line Ilya kashikilila  netiloshi lya fitulukila  naiminina kunuma ya banamayo,bushe aba banamayo balecita finshi kabili aba bonse batatu beshile mukushita finshi mubwato?,uyu namayo alelolesha mucakumwenako ifintu ifili apatali icobeta  mucingeleshi  periscope.aba bonse batatu beshile mukwangala ngo lupwa kuncende ya munana
10373,umwaume uufwele ishati lya kashika ilya mingoloshi naiminina mupepi mwana  mwanakashi,"umwana mwanakashi naikala muli cimo icapanfililwa bwino nama waya ,muli ici muli ica pangililwa muli ifipanda fibili",ifi fipanda fibili fyapangwa no museke wantambo ifyakubomfya mubwangalo bwa beta mucingeleshi ati (basketball),bushe Nishi aba baume balecita apa Bali no mwana kabi ena umwana alecita finshi muli ici capangilwa?,aba baume nabekata umupila kuminwe cipalile balefwaya ukwingisha pacipanda ca mupila lyena umwana ena aleikata umupila shitatu ishili mupepi nankwe
10374,umwaume uufwele ishati lya buta nakaputula kelangi lya  fita nakontama panse panshita yakasuba,nafwala ikasote kafita ne nsokoshi ishitali ishafita ne nsapato ishafita fititi,uyu mwaume apa akonteme naikata shofolo namaboko yonse yabili Ali mupepi ne cimuti ica  katapakatapa icilepanga icintelelwe,busheuyu mwaume ninshi alecita na shofolo kumaboko Pali iyi nshita yakasuba?,akeimbapo fimo cipali Pali ifishikeme mumenshi makasa ifyo uyu mwaume aleshikula ukubomfya shofolo
10375,Abantu abalekanalekana apali abacaice na bakalamba Bali mu muputule uunono.,Bushe uyu umuputule ulemoneka ngo muputule wa musango Shani?,uyu umuputule ulemoneka kwati muputule uwakusambililamo uwa pa sukulu .,Bushe ni finshi ifilecika muli uyu umuputule unono?,Abacaice balebafunda ifya kwangala ifyangalo fimo kuli bakafundisha babo.
10376,Abanakashi babili apali umukote no mukashana nabeminina muncende imo ine.,Bushe aba abanakashi babili ni finshi bafwele ku mubili?,Umwanakashi umukoloci  afwele itoloshi ilya butulukila ne shati lya mutuntula elyo uwacaice afwele akashati kabuuta na kaputula kafiita.,Bushe ni kwisa aba banakashi babili abankanda  yabuuta beminine?,Aba banakashi babili beminine mumbali ya musebo balemoneka kwati Pali ifyo balelolesha elyo kabili umu mumbali ya musebo muli ifya pala amashitolo.
10377,Umwanakashi uufwele akaputula kamakumbimakumbi na kashati ka kamakumbimakumbi ni tumishilwa utwa kashikila Ali mucibansa.,Bushe nifinshi uyu umwanakashi alecita finshi muli ici icibansa?,Uyu mwanakashi aletukusha umubili  ukupitila mu kuteya ubwangalo ubwa kushelemuka no tusapato utwakwata imipeto,Bushe icibansa ico iyu umwanakashi alimo cilemoneka Shani?,Ici icibansa cilemoneka ikalamba kabili panshi balipentapo na penti iyafiita no tumishilwa utwakashikila notwa makumbimakumbi.
10378,Abaume babili abamushiku wa pakati Bali mumuputule umo.,Bushe uyu umuputule aba abaume balimo ulemoneka Shani mu mimonekele.,Uyu umuputule ulemoneka unono kabili muli ubusanshi ubwakulalapo cilemoneka kwati muputule wa kulalamo.,Bushe aba abaume babili balecita finshi muli uyu muputule?,Aba abaume babili Bali na banjo cipalile kwati balelungisha ifi fintu .
10379,Umwanakashi uufwele ishati Ilya fiita ne toloshi lyamakumbimakumbi aelenda mu musebo.,Bushe uyu umusebo aleendamo ulemoneka Shani?,Uyu umusebo ulemoneka uukalamba kabili mumbali muli ne fimuti ifikwete icintelelwe,Bushe nifinshi uyu umwanakashi uuleenda asendele ?,Uyu mwanakashi asendele umwamfuli uwakashikila ne coola ca makumbimakumbi
10380,Umwanakashi uukwete umushishi uwipi ne nkanda ya buuta naikala pa cipuna.,Bushe uyu mwanakashi nifinshi afwele kumubili?,Uyu umwanakashi afwele ishati ilya makumbimakumbi ilyamaboko ayepi ne cakunshi icafiita.,Bushe nifinshi uyu umwanakashi alecita mu muputule umu ekele?,Uyu mwanakashi alelolesha icosote cipalile kwati bupe ubo bamuletele kabili alenwa no mwangashi uuli petebulo
10381,Abantu abengi apali abaume na banakashi Bali mu musebo uukalamba.,Shikulu bantu uufwele icampepo celangi lyafiita no twakashikilila tuno no wacaice uufwele icampepo celangi lya makakumbi nabeminina mumbali ya musebo ,Bushe nifinshi uyu mwaume no wacaice balecita mu mbali ya musebo?,Uyu mwaume alemoneka kwati alelolela  fimo apa apo eminine pantu talesala elyo uwacaice ena aleteya amangalo ya pa foni,Abantu abali akatalamukila kuli uyu shitaata uufwele icampepo cafiita baleenda munshita yakasuba.
10382,Imbwa iyamasako yafitulukila ileenda mumana . ,Bushe uyu umana umo ii imbwa ileenda ulishani mumimonekele?,Uyu umumana ulemoneka uwashika pantu imbwa naibila ukufika namu mukoshi kabili ukwabela uyu umumana kuli ifimuti ifitali.,Bushe mulanfu nshi iyi imbwa ileendela mu meenshi yafula ifi?,Iyi imbwa cipalile kwati ileyangala mumenshi pantu naikwata nakamupila ka katapakatapa mu kanwa kaiko.
10383,Imbwa ikwete amalangi yabili ilyafita ne lyafitulukila ilebutuka.,Bushe nifinshi ifili mukanwa ka ii imbwa ilebutuka?,Mukanwa ka ii imbwa muli icipalile kwati lifupa ilyo Ii imbwa itolele.,Bushe incende iyo imbwa ilebutaukamo ilemoneka Shani mumimonekele?,Iyi incende ilemoneka kwati ni ncende ikwete amenshi makasa ayengi nganshi cipalile kwati ni ncende itatalala.
10384,Abantu basano apali umwaume umo na banakashi babili na bana babili Bali kuncende imo.,Bushe incende aba bantu baliko kti twatila ni ncende nshi? ,iyi incende ilemoneka ni ncende iyabela mupepi sana  no mumana uwakwata amenshi ayengi.,Bushe nifinshi umwaume uufwele ishati lya mutuntula ne toloshi fitulukila alecita?,Uyu mwaume  eminine pacipalile kwati niceni uwapangwa ne cela icakosa nganshi.
10385,Umwanakashi uwa mushishi uutali kabili uwankanda yabuuta ali pamenshi ayengi,Bushe uyu umumana uukwete amenshi ayengi ulemoneka Shani?,Uyu umumana ulemoneka uukalamba nganshi kabili uwashika nakabili akatalamukila kulemoneka ifimuti ifingi.,Bushe nifinshi uyu na maayo alecita finshi Pali uyu umumana?,Cipalile kwati uyu na maayo aleoba ubwato ubunono pantu nakwata inkafi iyabuuta muminwe yakwe.
10386,Abaume babili Bali mu cibansa icikalamba nkanshi ico bateyelamo amangalo yaku cimfyanya,Bushe ici icibansa cilemoneka Shani mumimonekele ya mumenso?,Ici icibansa cilemoneka icikalamba kabili muncende shimo muli amaloba elyo mumbi muli ifyani,Bushe nifinshi uyu umwaume uufwele itoloshi lya buuta ne shati lya katapakatapa alecita. ?,Cipalile kwati acilaposa akamupila akanono akapulile uyu umunankwe uuli panshi.
10387,Abantu abalekanalekana Bali pacisankano icininoni icilemoneka kwati cili mumbali ya musebo.,Bushe ni finshi abantu balecita Pali iyi incende inono?,Abantu bamo baleshita pali iyi incende ekyo Bambino you nabo baleshitisha pali iyi ine  incende.,Bushe nifinshi ifyo uyu shikulubantu uukonteme ne shati lya buuta aleshitisha?,Cipalile kwati uyu shitaata aleshitisha ifyakulya ifyasalulwa ifili mucipalile icibokoshi ico bapangila nama kalashi .Ifi fine efyo kwati na namayo uwe shati lya fiita alefwaya kushita.
10388,Umwaume uufwele itoloshi lya fitulukila ne shati Ilya mishilwa shamalangi yabili naimina.,Bushe ni kwisa uyu mwaume uwaina uusendele icola cafiita eminine?,Uyu mwaume eminine mupepi na motoka ikwete amalangi yabili Ilya macungwamacungwa nelyafiita iyili mumbali yamusebo.,Bushe uyu umwaume cipalile kwati alecita finshi apa eminine?,Uyu mwaume cipalile kwati alefwaya kwingila muli uyu motoka uwiminine pambali yamusebo.
10389,Imbwa shibili isha malangi yafitulukila kabili ishikulu pa mubili shili pamo.,Bushe ni ncende nshi iyi imbwa ishi shibili shiliko?,Ishi imbwa shili palubansa  Ulwa ng'anda apali utufyani ne fikopo ifisalangene.,Bushe ni finshi ishi imbwa shibili shilecita mu nshita yakasuba katanda imono?,Ishi imbwa cipalile kwati shileyangalila  pamo uku ninshi no kubosa shilebosa.
10390,Umwanakashi no mwaume abankanda yabuuta nabekela .,Bushe uyu umwanakashi no mwaume bekele Pali finshi mu nshita yakasuba?,Uyu mwaume no mwanakashi bekele patupuna uto bapangila nefimuti ifyanaka.,Bushe aba bantu babili balemoneka Shani mumimonekele?,Aba bantu babili balemoneka kwati batemwikwa pantu ifyo baleloleshanya no kumwentula filelangilila ukuti balitemwana 
10391,Umwaume uufwele ishati ilya bula amaboko ilyamakumbimakumbi  uwaina naiminina,Bushe ni pesa uyu umwaume  uwaina kabili uwa nkanda yafiita eminine ?,Uyu mwaume eminine panse yamotoka iili pa musebo munshita yakasuba ,Bushe uyu motoka uyu mwaume eminine ilemoneka Shani mumenso?,Iyi motoka uyu umwaume emininepo baipenta ilangi ilyabutuluka.
10392,Pali ici icikope pali abaume bane  abapusana pusana imishinku.,Bushe finshi aba abaume bane abali pali ici icikope balecita?,Aba baume bane Bali pacilope balemoneka kwati Pali ifyo balebasa.,Nifinshi fimbi ifili kuli iyi incende aba  abaume bane balebombelako?,Aba baume balebomfya ifisolobelo ifyapusanapusana pakubasa ifipe.
10393,pili icikope Pali umwaume uwiminine no mwanakashi uukonteme,Bushe uyu umwaume no mwanakashi fyakufwala nshi bafwele?,Umwaume afwele ishati nakaputula akafita elyo umwanakashi afwele ilaya ilyafita.,Bushe uyu mwaume no mwanakashi nikwisa Bali uku kuli amenshi?,uyu mwaume uwiminine no  mwanakashi uukonteme bali mu bwato ubuli pa mumana.
10394,Pali ici icikope pali imbwa iyiletolekela mumulu ninshi nayasama,Bushe iyi imbwa uuletoloka ilemoneka Shani?,iyi imbwa iiletoloka naikwata amafufu ayabutulukila .,Bushe iyi incende iyi imbwa iletolokapo ilemoneka Shani?, Pali iyi ncende palemoneka Pali ifyani ifyakata katapa elyo kuntanshi kuli no musebo.
10395,Pali ici icikope pali umwaume uwiminine no mwanakashi uwikele pacipuna.,Bushe uyu umwaume uwiminine no mwanakashi uwikele bali kwisa?,Uyu mwaume no mwanakashi umu bali nimumuputule wakwipikilamo uwamung'anda ,Bushe uyu umwanakashi ekele pa cipuna finshi alecita?,lUyu umwanakashi uwikele pacipuna nafwala na kasote Pali ifyo aleipuka.
10396,Imbwa iikulu iyaina iyelangi ilyafiita na bulauni mumukoshi ikwete umushipi wakashika mumukoshi naimina.,Bushe ni kwisa uku iyi imbwa ili yeka?,Iyi imbwa ili mumpanga umuki ifimuti ifyatemwa elyo cilemoneka kwati kuli nakasuba.,Bushe ni cinshi iyi imbwa ilecita umu mu mpaanga emo ili?,Cipalile kwati iyi imbwa Pali ifyo ilelolesha pantu naiminina elyo Kabili naitonta na menso pacintu cimo.
10397,Abantu abalekanalekana apali abaume na banakashi Bali ku cifulo cimo cine.,Bushe ici icifulo balikocilemoneka kwati cifulo nshi?,Ici icifulo cilemoneka kwati nincende uko abantu abengi bapiita no kusangwa.,Bushe ni finshi aba abantu balecita kuli iyi incende munshita yakasuba?,Cilemoneka kwati aba abantu baletamba umwanakashi ulelisha icilimba ca nsale ico beta ati banjo.
10398,Imbwa shibili ishikalamba kabili ishaina ishe langi lya bulauni shili pamo.,Bushe ni kwisa eko ishi imbwa shibili ishikwete imishipi mu mukoshi shili?,Ishi imbwa shibili shili mu mpaanga umuli icani icinga ica katapakata.,Bushe nifinshi ishi imbwa shibili shilecita muli iyi incende munshita yakasuba?,Ishi imbwa shibili shilelwa uku ninshi na matwi nayapakalala no kupakalala.
10399,Abaume bane absonda Bali pama cinga ayalinga  mucibansa icabela mukati kacikulwa,Bushe ni finshi aba abaume abali pa ma cinga bafwele?,"Aba abaume bane bafwele ututuputula no tushati  twa malangi yabuuta, ayamakumbimakumbi elyo naya kashika",Bushe ni finshi aba abaume bane balecita pancinga?,Aba abaume baleteya ubwangalo bwakucimfyanya ukwensha incinga.
10400,Abantu abalekanalekana apali abaume na banakashi Bali mu musebo uukalamba.,Uyu umusebo wapiita pakati kafikulwa fibili ifitali nganshi.,Muli uyu umusebo muli bamotoka abengi nganshi abapusanapusana,Bushe abaume babili abaleendela mupepi no musebo bafwele finshi?,Aba abaume bafwele amacaketi nama toloshi Aya makumbimakumbi.
10401,Abanakashi babili uwaonda no waina Bali panse ya ng'anda.,Bushe nifinshi aba banakashi babili bafwele ?,Umwanakashi uwiminine afwele ishati Ilya fiita ne toloshi lya makumbimakumbi elyo uwikele afwele ishati ne toloshi ifyafiita,Bushe aba abanakashi balemoneka Shani mumimonekele?,Umwanakashi uwiminine alemoneka kwati nakwata fipenti mumukoshi elyo uwikele akwete penti pe kufi.
10402,Imbwa shibili ishikalamba imo iyelangi lya fiita imbi iye langi lya buuta nelya fitulukila shili mulubansa.,Bushe ulu ulubansa lulemoneka Shani mumenso?,Ulu ulubansa lulemoneka ulunono kabili kwati balibikapo utumabwe twafiita elyo nabaposhako ne linga .,Bushe ni finshi ishi imbwa shibili ishaina shilecita?,Ishi imbwa shibili cipalile kwati shilelwila icakwangasha icakashika.
10403,Umwanakashi umukalamba naiminina naba cacaice bane apali abalumendo babili naba kashana babili,Uyu mwanakashi uufwele indeleshi yamaluba maluba alemoneka kwati ninyina wa aba bana bane,Bushe ni kwi uyu umwanakashi na bana bane Bali?,Cipalile kwati Bali panse ya ng'anda yapangilwa ne fikopa  aba bana na nyina ,Uyu mwanakashi na bana bakwe beminine mupepi na motoka iikalamba iilemoneka kwati ni bashi mumimonekele.
10404,Umwana uwacaice umwaume uuli no mushishi uwipi naikala.,Bushe ni kwisa uyu mwana uwacaice umwaume ekele?,Uyu mwana umwaume ekele mu cimbayambaya icipalile kwati cileenda pa musebo., Bushe umusebo uyo ici icimabyambaya cilepitamo ulemoneka Shani?,Uyu umusebo upalile kwati wapiita ku ncende ukwaba amayanda eyengi.
10405,Umuntu uufwele ifyakufwala ifyabuuta ne coola icafiita alikumbali yelibwe.,"Bushe nifinshi uyu umwanakashi , kumbali yelibwe?",Uyu mwanakashi cipalile kwati alenina ici icilibwe  ukubomfya intambo. )1,Bushe ici icilibwe uyu umuntu alenina cilemoneka Shani?,Ici icilibwe cilemoneka icitali kabili icikulu kabili pepipepi nacena kuli icilibwe na cimbi icitali.
10406,Imbwa shibili iya bulauni ne ya masako yafiita elyo nayabuuta nashiminina.,Bushe ni kwi ishi imbwa shibili ishikulu kabili ishaina shiminine?,Ishi imbwa shiminine mu mpaanga  iilemoneka iyafunda kabili naikwata ifyani ifingi ifyakatapakatapa.,Bushe cilemoneka kwati ni finshi ishi imbwa shibili ishikulu shilecita muli iyi incende.,Ishi imbwa shibili cipalile kwati shiletuusha fye muli iyi impaanga emo shiminine pantu tashilecita nangu cimo  
10407,Umwaume uufwele ifyakufwala ifyamalangi yabili Ali  mu muulu,Bushe ni finshi uyu mwanakashi alecita mu muulu umu umo Ali?,Uyu umuntu alepelela ku cishimbi icakashika icitali mu bwipi.,Bushe apa apo uyu muntu Ali palemoneka ni pamulu wa cinshi?,Apa apo uyu muntu Ali palemoneka kwati ni pamulu wa cikulwa icapangilwa nama galashi.
10408,Abantu abengi apali abaume na banakashi Bali kuncende  imo munshita yabushiku,Bushe iyi incende ilemoneka kwati ni ncende nshi?,Iyi incende aba abantu abalekanalekana baliko ni ncende yakumumana uukalamba nganshi,Bushe nifinshi aba abantu balecita uku kuncende baali?,Cipalile kwati aba abantu balecita ifya mapepo uku kuncende baali 
10409,Umwaume umwipi aali kumumana munshita ya cungulo kasuba.,Bushe ni finshi ifyo uyu mwaume alecita kuli uyu mumana?,Uyu mwaume cipalile kwati aleyangala uku kumumana pantu alemoneka uwansansa kabili alempanta na meenshi kumakasa,Bushe uyu umumana aliko ulemoneka Shani mumimonekele?,Uyu umumana ulemoneka uukalamba kabili naikwata namenshi ayengi
10410, Abaume batatu  aba mushinku uukalamba Bali pamo,Bushe aba  abaume batatu  abali pacikope finshi balecita?,Pali aba abaume umo alebeya umunankwe  elyo umbi alekopa uyu umwaume balebeya?,Bushe finshi abaume babili balebomfya pakubeya no kukopa uyu umwaume umbi?, Uyu mwaume uulekopa alebomfya icakukopelako elyo uulebeya alebomfya mashini ya kubeyelako. 
10411, Umwaume naiminine ukubomfya ulukasa Lumo.,Bushe fyakufwalanshi uyu umwaume uuli pacilope afwele?,Uyu umuntu afwele ishati lyakashika nakaputula kafiita.,Bushe uyu umuntu finshi Fili mumulu kwakwe uko apetele?,Mukulu kwa uyu umuntu muli akabwa ka mafufi ya buuta na ya fita.
10412,Abantu abalekanalekana  apali abaume na banakashi aba mishinku iyapusanapusana Bali pamo pene,Bushe finshi aba abantu abalekanalekana imitundi balecita?,Aba abantu balemoneka kwati bali Pali nakatango wakun mfyanya,Bushe finshi aba abantu bafwele ilyo belebutuka ulubilo ?,Abengi Pali aba bafwele utushati twa maboko ayepi elyo no tuputula utunono
10413,umulumendo wacaice umunono no mushishi uwipi Ali eka.,Bushe finshi uyu umulumendo wa caice  ali mu cikope alecita ?,Uyu umulumendo wa caice ele aleibila mu meenshi ya mucimana.,Bushe uyu umwaume wacaice afwele ifyakufwala nshi?,Uyu umwaume wacaice afwele ishati lyabuuta elyo na itoloshi ilyafita.
10414,   abaume batatu abakoloci  nabeminina pa ncende imo,Bushe aba abaume batatu abakoloci nikwisa beminine?,Aba abaume batatu abakoloci beminine mupepi no tumaluba.,Bushe finshi Fili kumbali ya aba abaume batatu abakoloci?,Kumbali ya aba abakoloci batatu kuli umwaume uwikele pacipuna ca kutushishapo.
10415, Abaume babili ababuuta  inkanda Bali pamo.,Bushe finshi aba abaume babili ababuuta inkanda balecita ?,Aba baume babili baleteya ubwangalo bwakuposelana inkonya. ,Bushe aba abaume baleangala Shani ubu ubwangalo?,Umwaume umo natoloka mumulu elyo auma umunankwe icikufu kwi saya.
10416,Abantu babili bali pa musebo uwapangwa ne njelwa.,Bushe aba abantu babili balecita finshi ilyo bali pamusebo ?,Aba abantu babili nabanina pa ncinga shabo ilyo bali pamusebo, Bushe ni finshi fili lubali uyu umusebo aba abantu babili balimo,Lubali lwa uyu umusebo kuli ubulalo bwe shitima kabili pakati ka musebo no bulalo Pali linga.
10417, Abantu abengi abamushinku uwapusanapusana nabekala.,Bushe aba abantu abengi fipuna fyamusanginshi bekelepo?,Aba abantu bekele pa fipuna fye langi lya mutuntula.,Bushe uyu umuntu uwaina uuli pa ntanshi ya cikope alecita finshi?,Uyu muntu uwaina uufwele ishati lya maboko ayepi ilyafiita aleshipula.
10418, Umwana umukashana uwankanda iyabuuta uwayemba naiminina.,Bushe ni finshi uyu mwana umwanakashi uwayemba alecita?,Uyu umwana umwanakashi alesambilila ifyakwenda pa lubao ?,Bushe uyu umukashana umunono pali abo ali nabo ilyo alesambilila.,ku kuboko kwa kukuso ukwa uyu umukashana umunono kuli ukuboko kwa muntu umukulu uulemutungilila.
10419,Abantu abalekanalekana apali abaume na banakashi Bali pamo,Bushe aba abaume na banakashi abengi finshi balecita pe tebulo?,Aba abaume na banakashi abengi balelila capamo icakulya.,Bushe fyakulya nshi fimo ifyo aba abantu abengi balelya?,"Aba abantu balelya inkoko, umusalu, umwangashi elyo no bwalwa."
10420,Abantu bane balebomba imilimo iyapusana pusana.,Bushe aba abantu bane  nifinshi balecita nefisolobelo ifi bakwete?,Cilemoneka kwati aba abaume babili baleimba umwakubyala imbuto.,Ngo uyu umwanakashi uukonteme nifinshi alecita Pali aba  abaume?,Uyu umwanakashi uuli naba abaume babili elebyala umo aba baume baleimba
10421,Umwaume uufwele ifyakufwala ifyamacungwamacungwa elyo ne fya fiita Ali pamumana.,Bushe umumana uyu ulemoneka Shani mumenso?,Uyu umumana ulemoneka uukalamba kabili uwashika elyo ameenshi tayali tondolo,Bushe ni finshi uyu umwaume Al pamumana eka. ,Uyu mwaume uwabuuta inkanda Ali mubwato ubunono eka kabili euleoba ukubomfya inkafi iyinono.
10422,Abantu abalekanalekana apali abaume na banakashi aba mishinku iyalekanalekana Bali kucifulo cimo. ,Bushe ici icifulo cipalile kucifulo nshi mumimonekele?,Ici icifulo cipalile kwati citesheni uko baninina ishitima ilibomfya amalaiti.,Bushe kuti twatila ni finshi aba bantu abalekanalekana balecita kuli iyi incende munshita yacungulo?,Cipalile kwati aba abantu balefwaya ukunina ili ishitima no kuya kumayanda yabo abengi abali apa balemoneka kwati bafuma kusha ncito.
10423,Umwanakashi umo alebutuka elyo umwaume umo no mwanakashi umo bena balecita incinga.,Bushe nifinshi ifyo Umwanakashi uulebutuka afwele?,Uyu umwanakashi afwele itoloshi neshati ifyafiita nakakubika mumutwe akabuuta elyo kumakasa nafwala indyato isha butulukila.,Bushe umwaune no mwanakashi abakecofa incinga kunuma yasulebutuka bafwele finshi?,Umwanakashi uukecofa incinga afwele itoloshi ne campepo ifyafiita elyo umwaume ena afwele icampepo ishafiita netoloshi iyabuutulukila.
10424,Umwaume uufwele ofoloshi uwa makumbimakumbi necampepo cafiita naikala panshi.,Bushe uyu umwaume apo ekele pale moneka Shani?,Apo uyu umwaume ekele papalile kwati nimumbali yamusebo elyo Pali fintu ifilele panshi pamo no tubotolo elyo kunuma yakwe kulemoneka ifimuti.,Bushe ni finshi uyu umwaume uulepepa fwaka alecita?,Cipalile kwati uyu umwaume ni kalisha wa cilimba ico beta ati banjo eico apa epo ekele cilemoneka kwati alelisha ici icilimba.
10425,Abantu abalekanalekana apali abaume na banakashi abakalamba elyo nabacaice Bali kuncende imo,Bushe iyi incende aba abantu baliko ilemoneka ipalile kuncende nshi?,Iyi incende ilemoneka kwati ni panse yang'anda ya muntu elyo Kabili kuli namenshi ayalefuma kwi tumbo.,But ni finshi aba bantu abalekanalekana balecita kuli ici cifulo?,Aba abantu baleyangalila pamo kabili bonse naboomba pamulandu wankusanswa ameenshi Makamaka abacaice abafwele utwakowelamo 
10426,Abantu abalekanalekana apa abakalamba elyo na ba mushinku wa pakati nabeminina.,Bushe ni finshi abali petebulo abafwele amashati yamacungwamacungwa balecita?,Aba bantu cipalile kwati baleshitisha ifyakunwa ifyapusanapusana kabili bonse nabakwata ifyakupendelako indalama.,Bushe ni finshi abantu abeminine kunse ye tenti becita Pama tebulo?,Aba abantu cipalile kwati baleshita ifyakunwa ifyapusanapusana elyo nakabili cilemoneka kwati beshile kuli iyi incende kukutushako
10427,Umwaume uufwele ishati ilyabuta apali ne filembo ifya makumbimakumbi naiminina.,Bushe nipalu cinshi uyu umwaume eminine munshita yacungulo kasuba?,Uyu mwaume eminine pacilemoneka kwati cisebele icasansuka.,Bushe ni finshi uyu umwaume alecita Pali ici icisebele ?,Cipalile kwati Pali ifyo uyu umwaume alelanda ku cintubwingi pantu nakwata icisoselo muminwe elyo alelolesha nakuntanshi
10428,Abacaice mutanda na bakalamba babili baleangala.,Bushe aba abantu ni kwisa uko baleyangalila munshita yakasuba?,Aba abantu baleyangalila kunse yang'anda ukuli no tumuti utwa katapakatapa.,Bushe ni finshi aba bantu balebomfya pa kwangala uku kunse ya ng'anda bali?,Aba abantu beleyangala ukubomfya ameenshi ayalefumina mu muulu.
10429,Abantu bane apali abalumendo babili na baleimba babili abakote Bali mu muputule umo,Bushe fintu nshi ifili muli uyu umuputule wa mu nga'anda?,Muli uyu umuputule muli utupuna utwa kwikalapo utwiingi elyo kucibumba kuli ifikope ifyalekanalekana  na maluba ayo bakobeka.,Bushe ni finshi aba abantu bane balecita muli uyu umuputule?,Cipalile kwati aba abaume batatu baketeya ubwangalo bwakuposa fimo elyo uyu namayo ena ekelfye aletamba.
10430,Umwaume uufwele icampepo ne toloshi ifya fiita elyo necimpompo ica butulukila Ali pa citukutuku.,Bushe ici icitukutuku umwaume alipo cilemoneka Shani mumimonekele?,Ici icitukutuku cilemoneka ica makumbimakumbi ne mipeto iyafiita.,Bushe nikwisa uko uyu mwaume Ali elyo bushe ni finshi asendele?,Uyu umwaume Ali mumbali ya musebo wa bamotoka mupepi ne cimiti elyo naseenda ne coola ica fita icikwete ne filembo ifya buuta.
10431,Umwana umwaume umunono umwaume Ali na nyina uufwele amakalashi.,Bushe uyu mwana umwaume nanyina nikwisa Bali?,Uyu mwanakashi no mwana wakwe bali kucifulo uko Basha amacinga ,Uyu mwana umwaume ekele muco benseshamo abana  icafiita.,Umwanakashi uuli no yu umwana afwele ifyakufwala ifya fiita ne cisote ice langi Ilya makumbimakumbi.
10432,Abantu abalekanalekana apali abalumendo na bakashana nabekela pamo.,Bushe uko aba banakashi na balumendo baali kulemoneka Shani?,Uku ukuli aba abanakashana na balumendo Bali kuncende ukuli amaluba ayengi ayakatapakata.,Bushe ni finshi aba bakashana na balumendo balecita apa apo bekele?,Aba abacaice cipalile kwati balelanshanya bekabeka  pa fintu?
10433,Abantu abalekanalekana apali abaume na banakashi bali mu cibansa icabela mukati yacikulwa.,Bushe ici icibansa cilemoneka Shani mumimonekele?,Ici icibansa cilemoneka icikulu kabili mukati muli no tupuna utwa makumbimakumbi utwakwikalapo.,Bushe ni finshi aba abantu abalekanalekana balecita muli ici icibansa?,Aba abantu baletamba uyu umwanakashi uulepilibuka mu muulu uufwele akakufwala akafita na kakatapakapa.
10434,Umwaume uufwele ifyakufwala ifyabuuta ne fya fiita ne cimpompo Ali pa citukutuku.,Bushe ici icitukutuku ico uyu umwaume alipo cilemoneka Shani?,ici icitukutuku cilemoneka ica fiita kabili nacikwatamo no twa buuta.,Bushe uyu umwaume ni kwisa uko aleensesha icitukutuku cakwe?,Uyu mwaume aleensesha icitukutuku cakwe mu musebo uukwete amatipa ayengi nganshi.
10435,Abaume batatu aba mushinku wapakati  Bali mu bwato pa mumana.,Bushe uyu umumana aba abaume balipo ulemoneka Shani?,Uyu umumana ulemoneka uukalamba Kabili uli ne langi Ilya makumbimakumbi.,Bushe ni finshi aba abaume batatu balecita pa mumana?,Aba abaume cipalile kwati baleloba isabi Pali uyu umumana. Aba abaume balemoneka kwati balondo be sabi
10436,Imbwa shibili imbi iyaina elyo imbi Iyaonda shili pamo mu mpaanga.,Bushe ishi imbwa shibili iinono neyi kalamva shikwete shilemoneka Shani?,Imbwa iyaina ilemoneka iikulu elyo ikwete ilangi ilyabuta nelya bulauni kumutwe lelo imbwa yena iino ikwete ilangi ilya bulauni napamukoshi apabuuta,Bushe nikwisa uko ishi imbwa shili kabili ni finshi shilecita?,Ishi imbwa shibili shili mumpanga iikalamba nganshi kabili iikwete ifyani ifingi ifyakatapakatapa elyo Kabili cilemoneka kwati ishi imbwa shileyangalila pamo.
10437,Umwanakashi uufwele ishati Ilya kashikila ne toloshi lya fiita naikala pacilibwe.,Bushe ici icilibwe uyu umwanakashi ekelepo cili kwisa?,Ilibwe uyu umwanakashi ekelepo Lili mumpanga ikwete ifimabwe na fimbi ifikalamba elyo naikwata no tumpukusa utwingi,Bushe uyu mwanakashi alemoneka Shani pa menso apa apo ekele?,Uyu mwanakashi alemoneka uwabulanda cipalile kwati pali ifyo aletontonkanya ifimusakamike sana.
10438,Abantu abalekanalekana apali abaume na banakashi abakalamba elyo na balumendo baali ku ncende imo.,Kuncende ukuli aba abantu kupalile kwati ni kumusebo uwapiita kunuma yama yanda ,Mumbali ya uyu umusebo muli ifimuti ifitali kabili ifikalamba ifyakatapakatapa elyo nefikwete amabuula ayali pakulukuta,Bushe ni finshi aba abantu balecita kuli ici cifulo mu nshita yakasuba?,Cipalile kwati aba abantu abekele baletamba abalumendo na bakashana abafwele amashati ya buuta tutu nama toloshi ya makumbimakumbi abalepita mu musebo.
10439,Abanakashi bane no mwaume umo baali mu cibansa icabela mukati yacikulwa.,Bushe ici icibansa cilemoneka Shani kabili ni finshi filimo.,Ici icibansa cilemoneka icinono kabili mukati muli utupuna utwakashiika utwakwikalapo pakutamba umupila.,Bushe ni finshi aba abakashana no mwaume balecita muli iyi incende?,Cipalile kwati aba bantu baletukusha  umubila ukupitila mu kuteya umupila uo beta mucingeleshi ati volibo.
10440,Abantu abalekanalekana apali abaume na banakashi abamunshiku iyalekanalekana Bali ku cifulo cimo., Bushe ici icifulo aba abantu balikou shita ya bushiku cipalile kucifulo nshi?,Ici icifulo cipalile kucifulo ico bepikilamo no kushitishishamo elyo no kulilamo ifyakulya. ,Bushe ni finshi aba abantu abalekanalekana balecita muli iyi incende?,Aba abantu abalekanalekana cipalile kwati beshile kuli ici cifulo mukulya ifyakulya elyo balelanshanya no kulanshanya
10441,Umwanakashi uufwele icampepo icafiita na shikafumu mu mukoshi naikala.,Bushe ni kwisa uyu umwanakashi Ali munshita yakasuba?,Uyu mwanakashi Ali mu muputule umwakubilila ifyakufwala ifyapusanapusana.,Bushe ni finshi uyu mwanakashi uwa mushishi uwipi alecita muli uyu umuputule? ,Uyu umwanakashi alebila icakufwala ice langi Ilya makumbimakumbi ukubomfya mashini ulemoneka uwabuuta.
10442,Abantu abalekanalekana apali abaume na banakashi Bali ku cisankano ,Bushe ici icisankano cilemoneka Shani mumimonekele?,Ici icisankano cilemoneka icikalamba elyo cilemoneka kwati kuntu bashitisha amaluba ayalekanalekana.,Bushe ni finshi nakulubantu uufwele akasote na banakashi abekele balecita?,Aba banakashi batatu balepanga umwakubika amaluba elyo ebalelonga nayayene maluba Aya kushitisha.
10443,Uwacaice umwanakashi kabili umwipi uwa nkanda iyabuuta naiminina mumuputule,Bushe uyu uwacaice umukashana ni finshi ifyo afwele out mubili?,Uyu uwacaice afwele indeleshi iyikwete amalangi ayengi elyo ne cisote icilemoneka makumbimakumbi.,Bushe ni cinshi uyu uwacaice alecita muli uyu umuputule munshita yakasuba?,Uyu uwacaice umwanakashi alelya ifyakulya ifili mu minwe yakwe kabili ifilemoneka ifyalowa sana.
10444,Umwanakashi uufwele icampepo celangi lya makumbimakumbi netoloshi lyafiita ne fisokoshi ifitali iyakashikila naikala.,Bushe ni kwisa uyu mwanakashi Ali mu nshita yakasuba?,Uyu mwanakashi Ali mu muputule uunono ulemoneka kwati wakubelengelamo pantu muli alabuuku ayengi,Bushe ni finshi uyu umwanakashi alecita muli uyu umuputule umo ekele?,Uyu mwanakashi alepenta ingala napenti wa kupentelako inkala ishakumakasa. 
10445,Abalumendo babili Bali pamo mu nshita yakasuba ku ncende iyabelama.,Bushe iyi incende iyo aba balumendo babili baliko ilemoneka Shani mu kumona?,Iyi incende ilemoneka iikalamba kabili naikwata ifimuti ifitali ifyakatapakatapa elyo ne cani icipi,Bushe ni finshi aba abalumendo babili abafwele amashati ya bulauni balecita?,Aba abalumendo babili baleangalila pamo ukubomfya ifimuti kabili cipalile kwati balecimfyanya amaka.
10446,Abantu abalekanalekana apali abaume na banakashi Bali mu cibansa icakuteyelamo amangalo,Bushe nifinshi ifili muli ici icibansa icikalamba nganshi?,Muli ici icibansa muli utupuna utwingi saana utwakwikalapo pa kutamba ifyangalo. ,Bushe ni finshi ifilecika muli ici icibansa icikalamba nganshi ?,Muli amabumba yabili aya baume ayeleteya umupila uo beta ati umupila wa ku America
10447,Abalumendo batatu abacaice Bali pamo ku cifulo icipalamine ne ng'anda,Bushe ni finshi aba abacaice batatu bafwele ku mubili?,ulemonekapo umukulu afwele ishati lyakashikashikila elyo uuli kunuma ya uyu afwele ishati Ilya katapakatapa kumfwa ulemoneka umwiace sana cipalile kwati afwele ishati Ilya makumbimakumbi,Bushe ni finshi aba abalumendo abacaice balecita umu umo Bali ?,Aba abalumendo abali mucipalile kwaati kayanganda akanono Ako bashingulushako isumbu baleyangalila pamo
10448,Imbwa shibili ishikulu kabili ishaina shili kucifulo cimo cine  mu nshita yakasuba.,Bushe ishi imbwa shibili ishili ku mumaa shilemoneka Shani mumenso?,Imo imbwa ikwete amalangi yabili Ilya buuta nelya bulauni elyo iyi imbi ikwete ilangi ilyafitulukila elyo  napa mukoshi na moolu yakuntanshi  ayabuuta.,Bushe ni finshi ishi imbwa shibili shilecita ku mumana sheka?,Ishi imbwa shibili cipalile kwati shileyangala no kupepekana imbwa iili pantanshi naikwata ne cakwangasha mukanwa
10449,Pali iicende Pali abantu cinekonsekonse abamushinku yapusanapusana apali abacaice na bakalambamba,pali umulumendo wa caice no mukashana wa caice nabekala pamabwe,umwana mukashana afwele indeleshi yamakumbimakumbi ne citambala cakatapakatapa mumukoshi pantanshi pa nakabeseni,umulumendo wacaice afwele ishati lyakashikashikila ne toloshi lya malangi ayengi,pali iine ncende pali umusalu ne fisabo ifyalekanalekana ifikwete ilangi lwakashika ne lyakatapakatapa kunuma kuli abaume babili abekele na banakashi babili kuli na babili abeminine
10450,Abaume abalekanalekana aba mishinku iyalekanalekana Bali kuncende imo.,Finshi aba abaume abalekanalekana bafwele uko baali mu nshita yakasuba?,Aba abaume bafwele amacaketi iya makumbimakumbi ayatali nama toloshi iya kashika no tusote.,Bushe ni finshi aba abaume abalekanalekana Kabili aba mushinku iyapusanapusana balecita ukukucifulo?,Cipalile kwati aba abaume ba mwibumba lya bakemba ba nyimbo  pantu balemoneka nabakwata ifykulishisha inyimbo ifyapusanapusana.