IMAGE #,SPEAKER_01,SPEAKER_02,SPEAKER_01,SPEAKER_02,SPEAR_01
841,umwaume uuleshitisha elyo nabanakashi bali pamushika apo baleshita nokushitisha,Elyo kabili pali umwanakashi uukwete imishishi shamfwi bushe finshi alecita apa akonteme?,Alesala tomato wakashika ili pe tebulo apali indupe shibili isha tomato isho umwaume uufwele ishati lyabutukila elyo nakasote kabuuta nomuntuntula aleshitisha,"elyo kabili uyu mwaume nasekelela ilyo alelolesha uko uyu mwanakashi alesala tomato, nomba bushe naubamona abanakashi bambi beleshitisha mupepi nankwe?","Ee, nimbamona, bekele babili, bamo balelolesha uko uyu mwanakashi alesalaula, lyena pe tebulo lili mupepi nabo pali umwanakashi aleshita fimo, elyo kabili mupepi pali ne hema umo bashitisha ifyakufwala"
842,Abaume babili elyo nabanakashi babili balimumuputule umo nabeminina,"Elyo kabili aba bantu abaume ebali pakati lyena abanakashi babili bali kumbali, nomba bushe finshi aba bantu bakwete kumaboko?","Nabwaka ama banjo yakulilishishako inyimbo, balelisha inyimbo, kabili umwaume afwele icabutulukila nomwanakashi afwele laya lyakashikila babikile pamabeya yabo",nomba bushe naumumona umwaume uufwele ifyakufwala fyafiita uubikile sana amano kufyo alecita napo abikile banjo yakwe?,"Ee, abikile pamatanta yakwe, elyo kabili pantashi yakwe pali umwanakashi uufwele ishati lyabuuta alemoneka kwati aleimba, kabili mupepi naba bantu pali nefyola fyakubikamo ifilimba"
843,"Umwaume ali ne mboo yakwe kabili yafiitulukila na pamenso apabuuta ilebutuka ilebutuka, ili pa muulu ya muntu","kabili uyu mwaume nafwala ne cisote cakumucingila icifimba napamenso, Nomba bushe ninshi ilengele uyu muntu apone panshi muli uyu musango?",cilemoneka kwati uyu mwaume ali mucangalo cakubutusha imboo nomba naimuponya umuntu panshi kaibili imuponeshe mumatiipa ,"Ee, pantu ukulu nokuboko kwa uyu mwaume kucili panuma ya mboo lyena umutwe wakwe no mubili wakwe wena nauponena mumatipa icabipisha ",Elyo nakabili kucifulo bali pamuulu mumatiipa baponene kulli abantu abengi abaletamba ici cangalo
844,"Abaume baleteya icangalo, umo afwele ifyamkumbi makumbi lyena umbi afwele ifyabutulukila",Nomba bushe finshi balecita palya panshi bali mukuponena apali ilangi lwamutuntula ?,"Umwaume afwele icamakumbi makumi aleponya umunankwe panshi ali mukufukama, lyena umanakwe tafwaya ukupona naikata ukuboko panshi ","ca cine kabili ukuboko kumbi nafunga ikofi kwati alefwaya ukuuma umunankwe, nomba bushe nikwi bali?",Bali kucifulo bateyela ici cangalo kabili kuli nabantu abekele mutupuna abaletamba ifilecitika
845,"Abaume, abanakashi, elyo nabana banono, bonse pamo mutanda balikucifulo cimo balecita ifyapusana pusana",Bushe naumumona umwaume wiminine naikata mumatumba kabili nafwala ne cabuuta?,"Ee, eminine mupepi na po baleshitisha ifintu ifingi ifyo babomfya sana pakusefya ukufyalwa kwakwa Yesu ifyakashikila elyo ne fyabuuta fimbi nabafikobeka namumuulu","kwena ca cine, nomba bushe nikwisa uyu muntu ali?",Ali pamushika kabili kuli na bantu abaleenda pamusebo ukulola kucifulo ukuli icikuulwa cantunti
846,abantu bane apali umwaume umo elyo nabakashana batatu bali ku fintuntu fyamumuna kabili mupepi nabena pali ne cimuti,"kabili kunuma yabo kuli nabantu abengi abalekanalekana, nomba bushe finshi abantu bane balecita?",abanakashi babili umo afwele jinisi no ufwele akaputula nabatoloka sana mumuulu kabili nabapeta namolu yabo kunuma ilyo batolweke ,elyo kabili uyu mwanakashi afwele itoloshi lyajinisi ali ne nsansa icine cine pantu ena naasamuna sana akanwa elyo naimya namoboko yonse yabili mu muulu,Lyena umwanakashi uufwele icifimba mabele cafiita ena emishe fye ukulu panono elyo nokuboko kumo lyena nakwata nefyola fibili ifyo akobeke
847,Abaume mutanda nabeminina pacikulwa cantunti kabili bonse nabashintilisha kumo,"basano pali baume nabafwala amashati yabuuta lyena babili bena bafwele ifyafiita, nomba bushe uyu mwaume afwele ifyabuuta finshi alecita pakati kabafwele ifyafiita babili?",Ena tabikileko amaboko apo abanankwe babikile lyena nakontama elyo kabili bonse abaume balemoneka balesekelela cili kwati balemwebapo fimo nelyo balemusonsomba,"Elyo nakabili bane pali bena nabafwala namakalashi, lyena umwaume umo nakwata necipepala mu minwe yakwe kwati nalimo alecumamo","Lyena mupepi no uyu akwata icipepala kuli umwaume umbi uulemoneka kwati nalimo tatemenwe ifilecitika, taleloleshako, cilemoneka kwati bali pasukulu elyo kunuma yabo kuli na bantu"
848,Abana abanakashi batatu abapusanako fyo musinku panono baleangala bali muli motoka,"Elyo baleangala panshita yakasuba, nomba bushe finshi ifi baleangasha?",Baleangasha ifyani fyauma ifyo baleposa mumuulu,Mulandu nshi aba bana balecitila ifi?,Balelisha kabalwe wafitulukila ali mupepi napo bali kabili pamuulu no ali pali ne tambo
849,"umwaume uufwele ishati lya makumbi makumbi, kaputula wafiita elyo namapatapata naiminina mupepi ne cishiba ca menshi",nomba bushe finshi uyu mwaume alecita kabili cinshi cilya akwete?,Nakwata icishimbi icitali ico alebomfya ukuwamya mu chishiba ca menshi,Elyo kabili uyu mwaume aleipakisha ukubomba umulimo wakwe pantu nasekelela pa menso yakwe elyo nakabili nafwala necisote,Elyo kabili uyu mwaume naiminina mupepi nolubango lwamupulanga kabili kunuma yalubango kuli ne fimuti
850,Abaume bane bali kuncende ukuli icikulwa cantunti icishapwililika ukukulwa,Nomba bushe finshi aba abaume beminine panshita yakasuba  balecita?,"Umo nanina pamuulu alebika indaka, alekula, lyena umbi ena nanina pamutanto alekula mumbali, lyena babili bena bali panshi baletamba ifilecitika","Elyo nakabili mupepi napo belekula nababikapo ifishibilo fyakulesha abantu ukwingila umo balekula, nomba bushe finshi alecita umu mumbali?",alepita mumbali ya ifi ifishibilo baminike kabili nabakakako ne ntambo yabuuta iyasankanamo nokukashika kabili cimo pafishibilo nacipona na panshi
851,"ulupwa apali banyina, bawishi abana abalumendo batatu pali bena pali umwaice umo nabeminina balekopwa icikope ",aba bantu basano beminine kumbali yamusebo wa manenekela kabili nabasekelela ilyo balekopa icikope kabili banyina ebali pakati ya-aba bonse,"Elyo kabili kunuma yabo kuli ne cimuti cabalula, icikulwa cantunti elyo kabili kuli no mwanakashi afukeme akatalamukila napo bali",Nomba bushe naumumona umwanakashi uufwele ilaya katapakatapa uule-enda pa musebo? ,"Ee, nimumona, napaapa ne chola cafiita munuma elyo kabili uyu mwanakashi alelanda pali lamya wakwe ilyo ale-eda pa musebo"
852,Imbwa iyafiitukula ili pafintantala yafikulwa ifyatobaulwa panshi,nomba bushe iyi mbwa finshi ilecita palya pamuulu ininine?,cilemoneka kwati ilefwayapo fimo muli fi fintatala tecakutwishika nomba kuti wapapa nampo nga busanso bwacitike nanmpo nga bantu baposako fye fintu,Bushe naumona ukuti kunuma yambwa kuli abaume babili abafwele ifyapalana?,"Ee, nimbamona, kabili kuli no muntu naumbi mupepi nabena, cili kwati balefwailishapo fimo kabili mupepi na ncende bali pamuuluko paliba ne loba lyatulikwa ubusaka mumbali"
853,umwaume umukalamba ali mumpito yapanshi iyamucikuulwa pa nshita yakasuba,Bushe finshi uyu mwaume uufwele ifyakufwala ne cisote ifyelangi lya fita alecita?,Nakwata akapepala elyo nakakulisha mumaboko yakwe cilemoneka ukuti alelisha ulwimbo,"Kabili muli ici cikuulwa mwaliba namalangi ayasuma, Bushe finshi filya fili kucibumba kuntu ashintilishe?",Balilengako ifikope ifisuma ifyafiita konse kubili kabili mupepi napo uyu shikulu bantu ali pali no mwaume alekwela amatabo
854,"Abantu bane apali banyina, umwana umwanakashi nomwana umwaume  elyo no nomulumendo bali kucifulo cimo",Bushe finshi aba bantu banyina nabana babili  balecita?,abanakashi no tubana tubili baletamba mwaume alipacakutelelapo cakwe kabili utubana natupapa ,nomba bushe finshi uyu mwaume abelele pa muulu wakashimbi kabili nikwisa aba bantu Bali?,Nipamulandu wakuti epo aletelela kabili acilengele abana bapape lyena aba bantu Bali pantashi yacikuulwa
855,Ku ncende imo kuli umwaume naikala pacibumbili bakuula ngo mupando,elyo kabili uyu mwaume nafwala nejaketi lye langi lya mutuntula elyo netoloshi lya jinisi ilyamakumbimakumbi,"cacine wasosa, nomba bushe naumona kuntu uyu mwaume ekele?","Ee, nimbona akele mupepi na bemba, nomba amenshi yaba muli uyu bemba yakatapakatapa, bushe naumona ifyo alecita?","Ee, nimbona, kuminwe yakwe nakwata icapala akalipepala kanoono, cilemoneka kwati nalimo alebelengapo fimo "
856,"kucifulo ukuli ifyamakuule, kuli umwaume umo uusunsumene mupepi fye ne cibumbili, alepima fimo",nomba bushe mulandu nshi uyu mwaume afwalile muli uyu musango?,"fyakufwala fyakubombela ilyo alebomba umulimo wakwe uwamakuule, eco afwalile icisote, amakalafushi elyo ne sapato shamusango uyu","kwena niwe wasosa, elyo kabili ici cibumbili alepima cili fye mupepi nefibumba finono fyaba kumbali ya mumana ","cacine sana, lyena kuli iyi ine ncende kulemoneka ifikonlonkolo ifingi sana nefintu bakulilila ifyapusanapusana"
857,"Akamwana akakashana kalepamisha umubili wakako,nakabika umutwe namoboko panshi lyena amolu mumuulu","kabili aka kamwana nakafwala nefyakufwala fyabeeka, nomba mulandu nshi kacitile Fi?",aka kamwana kaleangala fye eco kapamine muli uyu musango,elyo kabili kapimine pacapala ubusanshi bwakulalapo ubwafiitulukila,"ca cine wasosa, lyena kalemoneka kwati nakatemwa ifyo kalecita pantu pamenso nakamwentula panono"
858,mucikuulwa cimo muli umwaume nomwanakashi nabakubatana kabili baleitomona,Elyo kabili bonse babili nakwata ne fyola umwanakashi nakobeka lyena umwaume napapa elyo nafwala namagalashi,"ca cine, kabili aba babili bali mucikuulwa umuli ibumba lya bantu abaume elyo nabanakashi, bushe naumona ifyo balecita?","Ee, aba bantu bonse Bali kunuma yabo beshile mukutamba ibumba lyabakemba abalelisha ifilimba fyabo","Cishinka wasosa, pantu pacisebele cinono bapanga muli cikuulwa pali abantu babili abalelisha amabanjo yabo, elyo kabili abengi mwibumba Bali ne fyola bapapile"
859,Pa nshita yabushiku kuncende imo kuli ibumba lya bantu ilikalamba ililongene pamo,"kabili abengi pali aba bantu bafwele ifyakufwala fyafiita, bushe naumumona umwaume alikunuma uufwele icaketi yafiita neshati lyabuuta mukati?","Ee, nimumona, nakwata nakamela yakukopelako, alekopa ifikope mucakukopelako cakwe","ca cine, nomba bushe cinshi aba bantu balecita pali iyi ncende bali?","aba bantu balongene pa ntashi ya ici cikuulwa cikalamba kabili icalulumbi balemoneka kwati nalimo pali ifyo baletamba, pantu icikuulwa naca-aka inyali pantashi kabili abengi balekopa"
860,umwaume umulumendo uufwele ishati lyakashikila naikala pamupando,bushe finshi uyu mwana alecita?,"Aletamba fimo ifili pacitunshitunshi, kwati aletamba ifilubi baletambisha kabili nabikako amano icine cine","cishinka, nomba bushe nikwisa uku Ali?",Ali mumuputule wa mung'anda uwakwikalamo umo aletambila ici citunshitunshi bakobeka pa cibumba
861,Akamwana akanakashi akafwele ifwakufwala fyakashikila elyo nefyabuuta nakekala pakati ne nkalamo babuumba,nomba bushe finshi aka kamwana kalecita?,"Kalemoneka kwati nakaluba, kalelila ilyo kekele pali ici cakubumba","Ca cine, niwe wasosa,bushe emulandu pabelele aba bantu babili pantanshi yakwe?","Ee, emulandu wine, pali umwaume no mwanakashi, lyena umwaume alemoneka kwati aleipusha umwanakashi ico umwana alelilila,kabili umwanakashi napalamisha necibumbili pekele umwana"
862,Kucifulo cimo kuli abantu abantu abengi abaume nabanakashi abengi abali pa musebo,Nomba bushe finshi aba bantu bonse abalekanalekana balecita?,"Bamo pali aba bantu bale-enda, lyena bambi bena bali mupepi nee shitolo, bambi bali pama lyamya yabo, lyena bambi balecofa incinga shabo pamusebo uukulu",Ca cine icakuti abantu bamo bali lubali lumo lyena bambi bali lubali lumbi kabili pakati yabo pali necapala akalilinga kanonono ,Ca cine elyo akakene kapale linga kamutuntula elyo kabili kucifulo kuli aba bantu kuli nefikuulwa fya ntunti elyo pamusebo pali na motoka iminine
863,Kuncende imo kuli shikulu bantu naikala pamupando elelenga icikope papepala lyaimikwa pacakulengapo baimika,"Elyo kabili uyu wine mwaume nafwala nakaputula kamakumbi makumbi elyo ne shati lyabuuta, nomba bushe naumona ifyo alelenga?","Ee, nimbona, uyu mwaume nalenga abantu babili pali umwaume nomwanakashi abali ne nsansa icine cine elyo kabili uyu mwaume alishiba sana ukulenga kwati fye bantu bacine","Ca cine,lyena mupepi nankwe napekala nakulubantu afwele ishati lyafiita, kabili uyu mwanakashi nolosha kumbi kwati naluba mumatontonkanyo kabili nashinta mushinku","Ca cine, efyo alemoneka, lyena mupepi noyu nakulubantu pali notmaluba tusuma utwakashikila, lyena kuli icicine cifulo bali kuli nabantu bale-enda pamusebo ukulola kufifulo fyalekanalekana "
864,Abaume babili mucibansa baleteyo mupila wakumolu,Bushe mulandu nshi uyu mwaume umbi alalile panshi pamenshi?,"Uyu mwaume alelele panshi awikato mupila, kabili kuminwe yakwe kuli umupila naufumbatila pakutila uyu afwele icamakumbi makumbi tengisho mupila",Kanshi emulandu wine cilemonekela kwati nalimo uyu alebutuka pamuulu wakwe alefwayo kumupanta,Ca cine sana emulandu wine naponse apo ali pasabukile menshi 
865,Abantu cine konsekonseapali umukashana umo nabalumendo cinelubali nabeminina kucifulo imo ine lelo pa ncende shapusanapusana,bane pali aba bana abaume abafwele ama shati yamakumbi makumbi lyena babili bafwele ifyabutulukila ,Lyena paliko no mwaume uufwele icabutukila uupapile ichola ena mwaume mulumendo umukalamba pali bonse elyo pali no mwanakashi afwele ishati yamakumbi makumbi,"Ca cine kabili abana baume babili baleingisha fimo mucapala ci pulashitiki icikalamba kabili icafiita, elyo kabili bonse nabakwata aya mapulashitiki yafiita kuminwe","Cishinka sana kabili bamo pali bena nabafwala namakalafushi, cilemoneka ukutila balewamya ci cifulo, kabili kucifulo bali nimupepi namapulanga bapoopa ayapanga ulubango"
866,Kucifulo cimo kuli abana abaume na bana banakashi abengi abeminine pa ncende imo,"Kabili abana abanakashi abengi bafwele ama siketi yakatapa katapa elyo namashati lyabuuta, lyena abana baume abengi bafwele ifyamakumbi makumbi",Elyo aba bana bamo bamo balecinda cila mwana mwanakashi no mwaume kabili bambi balebatamba,"Awe nalimo, lelo cipalile kwat pali abana bamo abalelwa lyena bambi balelumba ilyo baletamba ifilecitika elyo nabemya namaboko mumuulu pakulumba ","Nalimo niwe wasosa, nakabili kuuliko nabalumendo abakulileko abemishe utubana tumbi pamabeya yabo, kabili ilyo abana bamo balelumba bambi bena baleshimika fye amalyashi"
867,Akamwana akaume nakeminina panse pa nshita yakasuba,Elyo kabili aka kene kamwana nakafwala ne toloshi elyo ne shati fyamakumbi makumbi,Ca cine kabili aka kamwana kali mupepi namaluba kabili kaledonsha icikolopo cili mumaluba mupepi napo keminine,ca cine kabili cipalile kwati nalimo pali akakwangasha kamakumbi makumbi akali kuli ici cine cikolopo ako uyu mwana alefwaya ukutinta,"Kwena niwe wasosa, elyo kabili uyu mwana namwentula sana ilyo ele-esha ukucita ifyo, kabili mupepi nankwe pali namatabo elyo ne cibumbili"
868,"Shikulubantu uwakwata umutwe wamfwi, naiminina kucitesheni ca fimbayambaya",Kabili uyu shikulubantu nafwala no mwingila wafiitulukila  kabili ali mupepi ne cipampa ico baimika kabili ico balengapo ibotolo,"Elyo kabili pantashi ya uyu shikulubantu pali no mwanakashi asendele ichola, lyena pantashi ya uyu mwanakashi pali abantu bambi, bushe nawishiba ifyo balecita?","Ee, kwena aba bantu balemoneka kwati nalimo nabatantama pakutila banine icimbayambaya icikalamba icakashikila cili pantashi yabo","Ca cine sana, elyo kabili aba bantu bonse kucifulo kuntu bali kwaliba ne fikuulwa ifingi ifyalekalekana ifyantunti"
869,Umukashana naikala pa mupando kululamba lwa bemba,Elyo kabili uyu mukashana uufwele ifyakufwala fya makumbimakumbi nashinta na munshiku ilyo ekele pamupando,"Ca cine, cipalile kwati nalimo naluba mumatontonkanyo, elyo kabili nanyanta na molu mumenshi","Nalimo aleipakisha ukwikala kuli bemba, kabili apali umupando wakwe pamucango pali ne fifwati fya makasa yabantu balekanalekana","Ca cine sana, elyo kabili uyu mukashana aloseshe icinso kuli bemba kabili pali bemba pali namabimbi ayalepupa tecakutwishi ukuti alepema akamwela kasuma"
870,"Pa nshita yakasuba, abaume basano baleteya icangalo camupila wakuminwe, kabili balebutuka",Elyo kabili ibumba limo bafwele ifya katapakatapa lyena ibumba limbi bafwele ifyasankanamo umutuntula elyo nokwakashika no tuputula twa buuta,"Ca cine sana, umwaume wakwibumba bafwele utupula twabuta eukwete umupila kabili nabutukisha lelo mupepi nankwe uufwele icakatapakatapa namupepeka kabili alefwaya ukumwikata munuma",elyo kabili kunuma ya aba bantu kuli abaume batatu aba kwibumba lyabafwele amakaputula yabuuta nabo balepepekamo,"Cine sana bonse baleesha na maka ukubutukisha muli ici cangalo pakuti bacimfye, elyo kabili aba bantu baleteyela ici cangalo ku cibansa uko bateyela icangalo"
871,Umwaume animinina pa ncinga yakwe kabili ali muulu  ,"Elyo kabili uyu mwaume nafwala ne shati lyamuntuntula elyo netoloshi lyafiita, elyo kabili alikwatako no mushishi uutali","Ca cine sana,nomba uyu mwaume tali bwino pa ncinga yakwe nalimo ilyo alafika panshi kuti aifuna pantu na bendama","Niwe wasosa, kabili uyu mwaume ali mumuulu sana icakuti ali mupepi ne miti ilyalepa icine cine",Elyo nakabili kucifulo kuntu ali ni mumpanga umwaba imiti iyakatapakatapa iipi iyatitikana elyo ne yauma iingi iitali
872,"Mu muputule umo muli badokota babili,bamo abafwele ifyamakumbi makumbi lyena bambi abafwele ifyakatapakatapa, kabili aba babili nabekala pa mipando akatalamukila kuli umo no munankwe","Cilemoneka kwati uyu muputule baleubomfya nge cipatala, pantu pali kondapa bafwele icamakumbi makumbi pali umwanakashi wikele pamupando uli pantashi alelondolola ifyo aleumfwa pamukoshi","Ca cine kabili kumbali ya uyu mwanakashi kuli nakamwana akamukashana keminine, lyena pe tebulo pali ne nyeleti ishingi ishishaisulwa, elyo kabili dokota naposako sana amano ukumfwa ifyo mwanakashi alelondolola","Ca cine sana, lyena pa kapuna kali kwitebulo lyakwa kondapa umbi napekala abana babili, umo nafwala akasote kakashikila lyena umbi tafwele","Cishinka sana, nabo bena balemoneka kwati nalimo balelanshanyapo fimo, kabili kumbali mupepi ne tebulo lyakwe kuli akamwana kalumendo keminine akafwele icisote cakashikila. kalelolekesha ifyo aletampa ukulemba pacipepala"
873,Imbwa iinono iyafiitulukila ilebutuka,Elyo kabili iyi ine imbwa yalikwata sana amafufu ayengi,"Ca cine, elyo kabili ilyo ilebutuka nayasumuna nakanwa kaiko",Bushe naumona ukuti apo iyi mbwa ilebutukila pali sana amaloba ayamoneka kwati nalimo matiipa?,"Ee, kwena nimbona, icilengele ni co iyi mbwa ileangala mupepi sana nomumana "
874,"Mucikuulwa cimo muli umwaume no mwanakashi abale cinda, ukucinda kulya bekatana sana kabili bacindila mupepi sana","Bushe kanshi emulandu uyu mwanakashi acitile fi, naolola sana ukulu kwakukuso lyena ukwakukulyo acitile kwati nafukama","Ee, emulandu wine, elyo kabili naolola sana nokuboko kwakwe ukwakukuso elyo nafwala nelaya lyakashika ilishuma ilyakwatamo notubekobeko",Elyo kabili ili line laya nalisha nomusana wakwe panse lyena pa menso yakwe alemoneka nabiika sana amano kukucinda alecinda,"Ca cine, lyena umwaume namwikata kukuboko kumbi, elyo mumuputule balecindila mwalitelela kabili muli abantu abalebatamba ilyobalecinda"
875,Abantu ukucila pe kumi na babili bali panse yacikulwa cantunti icikalamba kabili balecita ifintu fyalekanalekana,"Pali aba bantu pali batatu abafwele ifyafiita, umwaume umo elyo nabanakashi babili bushe naumona ifyo balecita?","Ee, aba bantu cilemoneka kwati nalimo umwaume alebasambilisha ifyakucinda, umwaume wine ali pakati lyena umwanakashi ali kukuso kwakwe cili kwati aci-ifyulula naikatilile kufi lyena uuli kukulyo kwakwe ena alepapa ifyo mwaume alecita",Ca cine kabili kunuma ya uyu mwanakashi uulepapa kuli umwaume afwele ishati lyabuuta naiminina kabili nakontaminina panshi ukubalosha icanuma lyena pantashi pali umwaume ekele,"Ca cine sana, lyena pa matabo pena napekala abantu mutu mabumba tunono tunono baleshimika kabili pali no mwaume alekwele amatabo ufwele icafiita"
876,Mu muputule bapangilamo ifyakulya muli abanakashi babili,"Kabili nalimo ni banyina no mwana, nabafwala necapamuulu ico abantu bafwala nga baleipika ","Elyo kabili aba babili nabaloshanya icanuma, umwana umwanakashi alemoneka kwati nalimo pali ifyo aleputula nelyo ukupekanya pe tebulo ali lyena banyina nabo bali pe tebulo  limbi",Elyo kabili mumuputule bali mulemoneka kwati nimulya bepika ifyakulya fyakushitisha ,"Nalimo, kabili muli uyu wine muputule muli nakapuna kakwikalapo elyo kabili kucibumba kuli ne fikope babikako ifya cifulo cimo icayemba"
877,Ibumba lya baume abengi nabeminina mu bwato kabili bali pamumana,Elyo kabili bonse abaume bali mubwato nabafwala nama shati yabuuta nomba bushe finshi balecita?,"Abengi pali aba baume nabakwata ifimuti ifitali kumaboko yabo, balefibomfya pakusesha amenshi yapamumana pakutila ubwato buleenda bwino pa menshi","Kanshi emulandu, lelo bambi bena tabakwete, lyena umwaume umo ena naikalako nokwikala mumbali ya ubu bwato","Ca cine, elyo kabili ubu bwine bwato bwalikwata nefimbo kunse ya buko ifyashilwa, elyo kabili kuli ne tambo yakashikila iikete kuli ubu bwine bwato kwati nakalimo ifumine kubwato bumbi"
878,Ibumba lya bantu abengi nabakolongana pamo baleingila mukati kacikuulwa,Ici cine cikuulwa cilemoneka kwati nakalimo cikuulwa ca mapepo nelyo kwati kuli fimo ifyo aba bantu baleya mukupoka mukati,"Kwena efyo cilepala, kabili aba bene bantu abengi nabafwala ifyakufwala ifya malangi yasuma, abengi nabafwala ifyakashikila, lyena bambi nabafwala ifyabuuta","Ca cine sana, lyena cilemoneka kwati libumba lya banamayo nomba bushe mulandunshi bafwalile ifyakufwala fyapalana sana?","Ifi bafwele filelingana ne ntambi shabo, abengi pali aba banamayo nabafwala notutambala twakufimba kumitwe yabo, lyena bambi nabanina napa cibumbili pakutila bamone bwino ifilecitika mukati"
879,Imbwa shibili shile-angala pa lunkoto lwakatapakatapa,Imo imbwa yalifita iyena imbi yena yalifiitulukila,Imbwa yafiita ili namolu yabili yakunuma panshi lyena nainina panuma ya mbwa inankwe kabili umutwe ili lubali lumbi,Nomba bushe naumona ico imbwa yafiitulukila ikwete kukanwa kaiko?,"Ee, kwena nimbona, naikwata akabotolo kapulashitiki akakwata nakashinko kabuuta"
880,"Ibumba lya baume abengi baleteye cangalo, bonse nafwala nefimpompo pakuti baleicingilila ilyo baleteya kabili pali amabumba yabili yalecimfyanya",Nomba bushe cangalo camusango nshi aba baume baleteya?,"Ici cangalo cisansamo ukulwila nokwingisha umupila wakuminwe, ibumba lya baleteya ilikwete umupila balesha sana na maka pakuti ibumba balecimfyanya nabo bebapoka umupila  ",Nimbona ukuti umupila wakashika wine nabauposa mumuulu sana lyena umwaume afwele ifyakufwala  ifyabuuta nefyamutuntula aletoloka pakuti awanke,"Ca cine sana, kabili nabaume abengi abakolongene pamo kwati abacilalwwila uyu mmupila elyo nakabili aba baume baleteyela ici cangalo mucibansa bateyelamo ifyangalo"
881,Kucifulo cimo kuli nakulubantu bale-ensha pa ncinga benseshamo abakalamba kabili mulumendo alemusunka,Kabili mupepi noyu nakulubantu pali umuntu eminine kwati nalimo alemulangapo fimo ifyo akwete kumaboko yakwe,"Ca cine, kabili aba bantu bali pa ntashi yacikuulwa cikalamba ico bakuula bwino napamuulu balibikapo amakalashi icilemoneka kwati kwakutambila amafilimu","Kwena, nalimo, lyena panse pali ne mendela yamakumbi makumbi iipalene sana nefikope babikile kuli ici cikulwa","Elyo nakabili, lubali lumbi nabemika ne nkambi yabuuta kabili pali no mwaume alepita mupepi neyi nkambi"
882,Kucifulo uko abantu bapangile nkambi panse pali nehema ilyo bemike,kabili ili hema lyakatapakatapa lyena lilemoneka namukati,Bush's naumumono mwana mwanakashi eminine nafwala ne campepo camakumni makumbi ica jinisi?,"ee, nimumona,naiminina mupepi sana netebulo cili kwati alefwayapo bamonelyo fimo","Canine, efintu alemomeka, kabili pantashi yakwe pali hems an limbi"
883,Kucifulo icayemba kuli umwaume uufwele ishati lyabuuta ne toloshi lyafiita alecofa incinga yakwe pa musebo,Elyo kabili pali uyu wine musebo pali na motoka yafiita iile-enda lyena shimbi nashitantama mumbali kumbali shonse shibili ishamusebo,Elyo kabili ishi myotoka shiminine shiminine pa ntashi ya mayanda ayo bwino busaka busaka kabili ayakwata amalangi yapusanapusana,"Kabili ici cifulo cabusaka icine cine, bushe naumona kuntu motoka ili pa musebo ilelola?","Ee, ninkumona, ilelola ku mpili apa mena notumuti icakuti impili shilemoneka fye ishakatapakata kabili nasho shine shaliyemba"
884,Ku ncende imo kuli umwaume naikala acitukutuku cakwe kabili nafwala ne cisote elyo namakalashi yafiita,Elyo kabili uyu mwaume tafwele ne shati kabili kukuboko kwakwe alikomako ne nembo,"Ca cine, kabili te eka fye ali pamusebo, mupepi nankwe kuli na bambi abaume abali pafitukutuku fyabo, kabili mupepi fye naponse bale-ensha pali ifishibilo fyapumusebo","Nakuba ifi fishibilo fyalikashikila, elyo kabili  abaume bali mupepi ne fikuulwa cilemoneka kwati pali ifilecitika kuli ii ncende","Cine, nakalimo balecimfyanya ukubomfyabatukutuku babo, kabili lubali pali no mwaume naiminina kabili aletamba ifilecitika"
885,Umwaume umukalamba ali pamusebo naiminina kabili alelisha ifilimba fyakwe,bushe filimba fyamusango nshi ifi alelisha?,"Nakwata icapala banjo mumuboko yakwe, lyena munuma nakwata ing'oma lyena ku kanwa nakwata akapanga iciunda ilyo uleputumo mwela","Elyo kabili panshi naisula ico abikamo banjo, Kwena uyu mwaume nakwata ifilimba fyafula, nomba bushe mulandu nshi","Nipakutila alepanga icinda cisuma ubomfya ifi akwete nabantu belemupela ulupiya, elyo kabili mupepi nankwe pamusebo pali umushana afwele akasoteuule-enda elyo kabili pali ne myotoka"
886,Mucikuulwa cimo muli ibumba lya bantu abengi apali abalumendo elyo nabakashana,"Elyo kabili cilemoneka kwati nipanshita yabushiku, nomba bushe finshi balecita?","Pali aba bantu pali umukasha afwele ishati lyafiita ilishili umutoto panse, nakwata nakabotolo kumaboko, kabili naikata nomushishi wakwe cilemoneka kwati alelanda no mulumendo",Kabili mupepi nankwe pali umukashana umbi naimya amaboko mumuulu kabili ali mupepi nomwanakashi usalangenye umushishi wakwe uwafiita,"wamona kanshi, aba bantu bonse balecita ifintu ifyalekanalekana kabili mupepi nabaume pali netebulo lyakashikila apali amabotolo yabwalwa"
887,"Abaice bane bali mubwato bale-angala pamumana, kabili umo pali bena na-asumana na kanwa",batatu pali aba baiace bana abanakshi lyena umo mwana mwaume,Elyo kabili aba baice bonse nabafwala nefyapamuulu ifyamakumbi makumbi kabili nabekatilila kuntashi yabwato,"Elyo kabili kuntashi yabwato kuli ne ntambo yakatapakatapa, Nomba bushe mulandu aba bana bekatilile muli uyu musango?",Nipamulandu wakuti ubwato bulebutukisha icakuti amenshi yalebasabukila nga cakuti tabekatishe muli uyu musango kuti baponena mumuna nokufuma mubwato
888,"Mumuputule wamun'ganda uwakwikalamo, abanakshi babili nabekala pamipando kumbali shibili ishetebulo ukuloshanya","Kabili mupepi na bena pali umwaume uukotemeko panono uufwele amagalashi, bushe finshi balecita?","umwaume no mwanakashi umo bale-asha utuma makendulo tunono utwabuuta utuli pa mpukunyamatobo ali pe tebulo, lyena umbi nayo cilemoneka kwati nalimo ale-asha mupepi nemabale she bumba ",Elyo kabili pe tebulo pene pali namalukombo yane ayamagalashi mumbi muli nefyakunwa lyena nolukombo lwaapulashitiki,Cipalile kwati aba bantu balesefypo fimo kabili mupepi nababatatu kuli banamayo babili abeminine baleshimike lyashi kabili nabasekelela nga nshi
889,Abakashana babili nabeminina lyena babili nabekala pacibumbili,"Pali aba bakashana beminine, umo afwele akafiita pamuulu we toloshi lyafiita kabili nakobeka nechola lyena umbi afwele ilaya lyasankanamo ifyakashika ne fyafiita","Kabili uyu mukashana afwele akafiita pamuulu ne shati lyabuuta mukati ale-ebapo uufwele ilaya fimo, kabili pamenso yaufwele ilaya palemoneka kwati nalimo napeshiwa amano","Ca cine efyo alemoneka kwena kabili naikata namoboko pamo pantashi yakwe, lyena abekele pacibumbile balemutamba",Elyo nakabili kunuma ya-aba bantu kuli ne myotoka elyo nabakashana bambi akatalamukila lyena kuli ne cikulwa ca ntunti
890,Abakashana babili balecinda ,Kabili pakucinda cila muntu naikata umunankwe pacifuba ukubomfya ukuboko kumo,Elyo kabili bonse babili nabakontola imikoshi ilyo balecinda kabili nabafwala nefyakucindilamo,"Ca cine, bonse babili nabafwala amasiketi ayatali ayapalana kabili nabafwala ne fifunga mabele ifyapalana",Kabili aba babili balemoneka kwati baleipakisha ukucinda kabili balecinda pa nashita yabushiku
891,umwaume naiminina pa muulu kucifulo icilemoneka nge camakuule,Kabili uyu mwaume afwele ishati lyamakumbi makumbi elyo nafwala nakaputula kafiitulukila,elyo kabili uyu mwaume naikata ne pulanga kukuboko kwakwe ilya bulungana,kabili uyu mwaume ali mupepi necikuulwa icitali icabuuta ,"Elyo kabili uyu mwaume ali pamutanto uo babomfya pakukula uwamapulanga, elyo kabili mupepi ne cikuulwa pali ne n'ganda iinono"
892,Akamwana akakashana nakeminina pa matabo,elyo kabili keminine pa mwinshi wa n'ganda kabili nashintilisha mupepi ne cibumba,Elyo kabili uyu mwana mwanakashi nafwala nelaya ilyo aikobeke bwino ilyakashikila,"Ca cine sana, nomba bushe naumona ifili mupepi napo ayantile amakasa yakwe?","Ee, nimbona, pali akapoto ke bumba umuli akamuti kanono akalemoneka kwati liluba"
893,Umwaume umukalamba ali pakancinga akanono,kabili uyu mwaume nafwala namakalashi elyo ne shati lyakatapakatapa,"Elyo kabili uyu wine mwaume nasekelela nga nshi kabili nalosha kumo, nomba bushe naumona mwaume ali mupepi nankwe?","Ee, nimumona, nao wine ali pa ncinga yakwe lelo yena ikalamba",Elyo kabili aba bantu babili bali pamusebo kabili kumbali yamusebo kuli abantu abengi abaice elyo nabakalamba abeminine kabili bamo nabakwata ne mendela
894,Abantu abengi bali kuncende imo kabili balecita ifyapusanapusana,"Ca cine, bushe naumumona umwaume uufwele icakufwala ico bafwala pakwipika?","Ee, nimumona, aleipikapo fimo,kabili pali icushi icingi icalefuma pafyo aleipika",Elyo kabili kunuma ya uyu mwaume kuli abaume nabambi abaleipika ,"Ca cine, kucifulo uku kuntu bepikila no kocela ifyakulya elyo no kushitisha, emulandu pabelele nabaleshita ifyakulya patanshi yapo baleipikila"
895,abantu bataau nabeminina pa ntanshi yetebulo ilikalamba,Elyo kabili pali aba bantu pali umwanakashi umo elyo nabaume babili ,"Elyo kabili umwaume uli pakati ya-aba bonse alemoneka kwati nalimo alikwatapo icifulo, pantu bonse babili bali mumbali yakwe balemoneka kwati balemwipushapo fimo","Elyo kabili aba babili nababikako sana amano kufyo uyu mwaume alelanda, kabili kunuma yabo kuli ne nsalu baimika kumuulu ","Ca cine sana, cili kwati aba bantu bacikwata ukukumana kwacindama pantu pe tebulo lyakwe pali na kompyuta"
896,Kuncende imo kuli abana baume babili abafwele amashati yafiita abale-angala,bushe finshi ifi aba bana bakwete?,Nabakwata ifingulungulu fyamawilo ifyo balebomfya pakwangala elyo kabili bale-angalila panse yacikuulwa,Ca cine umwana umo naninapo ali mukutendeka ukutelela ukufuma pacibumbili yacikuulwa lyena naikata umunankwe kuminwe,Lyena umunankwe ena naiminina nashintilisha nakucibumba ilyo akete kuminwe icingulungulu cakwe
897,"Imbwa ilebutuka, kabili amolu yaiko ayakuntashi nayema mumuulu kabili naifumya nolulimi lwaiko",kabili iyi mbwa yalibuuta ukucilako pamukoshi lyena ukutendekela pamukoshi ukuya kunshi yalibutukila,Elyo kabili iyi mbwa ilebutuka kucifulo ukwaba amenshi makasa,Nomba bushe finshi filya fili mumbali lubali lumbi ukubelele iyi mbwa?,"kulemoneka kwati nalimo lubango, fimuti fyatitinkana ifyamena mumbali ifyapanga lubango"
898,Abanakashi mutanda nabeminina mupepi ne tebulo kabili pamupando na napekala umwanakashi umo,Elyo kabili aba bonse mutanda nabafwala ifisote kumutwe ifyakuicingilila kukasuba,"ca cine, uyu wine umwanakashi ekele eushifweleko icisote, lelo bonse nabafwala amakashi yafiita elyo bamo nabakwata notupepala muminwe","Ca cine sana kabili ifisote fyabo fyonse fyalipalana fipusene fye amalangi, kabili bali kucifulo ukuli ifimuti fyakatapakatapa ","Elyo balifisunga bwino sana, kabili petebulo pali nakapoto umuli amaluba yakashikila, kabili cilemoneka kwati aba bantu bacilalanshayapo fimo "
899,Abantu bapusanapusana bali mukati yacikuulwa,nomba bushe kwena aba bantu balecita finshi muli icikuulwa?,"ici cikuulwa calikwata ama shitolo yapusanapusana, kabili abantu bali mukati yamashitolo yapusanapusana",elyo kabili ici cikuulwa cikuulwa cantunti kabili icikalamba nga nshi,elyo kabili ukufuma kumuulu ukufika mupepi fye na panshi balikobeka ifyapala ututambo utwakwata ama langi yapusanapusana
900,Imbwa shibili imo iyabuuta konse lyena imbi iyabuuta napamenso apa fiitulukila nashimina mupepi necibumba,kabili imbwa yabuuta icinso conse ikalambapo ukucila imbwa yakwata pa menso pakashika,elyo kabili mupepi kucibumba kuli incinga iyo bemikeko,nomba bushe nikwisa ishi mbwa shili?,cilemoneka kwati shili mwishitolo bashitishamo fimo pantu pamuulu mupepiko naposhili pali icaimikwa apakushitisisha ifintu fyalekanalekana 
901,Abantu bane apali abaume batatu elyo no mwanakashi umo bali kuncende iisuma nga nshi ukwaba ulunkoto ne fimuti fyakatapakatapa,pali aba bantu bonse pali umwaume uwiminine uufwele ishati lyamakumbi makumbi elyo nakaputula kajinisi bushe finshi alecita?,Uyu mwaume aleangala ne mbwa yakwe iyafiitulukila kabili nakontamako panono elyo aiposele icakwangasha lyena imbwa naitoloka naya-anka ica Kwangasha kukanwa,lyena kunuma ya uyu mwaume kuli umwaume akwete kamela uufwele ishati lyamakumbi makumbi netoloshi lyafiita nafukama panshi ukulu kumo alekopa umwaume aleangala,"Ca cine, lyena kunuma yakwe kuli umwaume no mwanakashi bekele pacibumbili, aba babili baletamba uko uyu mwaume aleangala ne mbwa yakwe"
902,Umulumendo no mukashana nabekala kucifulo cimo,bushe kwena finshi aba babili bafwele?,umulumendo afwele ishati lyabuuta lyena umukashana afwele ishati lyafiita kabili nakobeka ne chola mumukoshi wakwe,"Muntu bekele pawindo palemoneka kwati nimuli motoka ikalamba Umuli abantu bambi, nomba bushe kwena finshi aba babili balecita?","umulumendo nalela umukashana pakulu kwakwe kumo lyena namwikata pamusana, umukashana nao naikata umwaume mumukoshi nabaloshanya kabili balemoneka kwati balaitomona"
903,"umwaume elyo nabantu Bambi, abakashana pali mukati yacapala ndeke",Elyo kabili uyu mwaume nafwala icaketi lyafiita elyo namakalashi,"Ca cine, nangu cakuti bamo umo ekele nabekala ena naiminina kabili cilemoneka kwati alebelengapo icitabo cimo akwete ku maboko yakwe","Cine wasosa, kabili nakobeka ne chola cafiitulukila icikwetemo ukwashikila kumaboko yakwe kwine",elyo nakabili kuntanshi yakwe kuli umwanakashi eminine lyena kunuma yakwe kuli umwaume eminine elyo mumbali yakwe muli abantu bekele
904,"Abaume batatu nabeminina umo pali bena afwele toloshi lyajinisi, shati lyabuutulukila nakasote kafiita elyo kuminwe yakwe nakwata akabotolo ",Lyena umwaume uumukonkelepo afwele ishati lyafiitulukila nakaputula elyo naikata namaboko mumatumba yakwe,Lyena uwakulekelesha ena afwele shati lyabuuta elyo netoloshi lyafiita kabili naikata ukuboko kwakwe kumo palufumo lwakwe,Nomba bushe finshi aba baume balecita kabili bali kwisa?,Aba baume nabeminina kabili balelolesha impili shili pantashi yabo kabili nababikako amano kufyo balemona
905,Umwanakashi uufwele ishati lyamakumbi makumbi nakontama alelolesha fimo,nomba bushe finshi ifi afwele pa menso ifikalamba uyu mukashana?,Afwele amakalashi yapulashitiki ayakalamba kabili alelolekesha ifilecitika mutwapala tubotolo tuli pantashi yakwe,Nomba bushe mulandu nshi afwalile amakalashi yakulo musango yu kabili nimwisa umu ali?,"Nipakutila alemwenesha kabili afwele ayamakalashi pantu ifyo aleloshamo fyasayansi efyo bafwala, kabili ali mumuputule babika ifyakusambilamo ifyasayansi"
906,kucifulo ukwaba incende yakutusishako kuli abantu abanono fye abaletusha,Elyo kabili iyi ncende yalikwata ne mipando elyo namatebulo aya abantu batushishapo,"Ca cine sana pantu pali tebulo limo apali umwaume afwele icabuuta, ilyo aletusha nakwatako nefyo alelya kanshi kuli ici cine cifulo balashitishako nefyakulya","nakalimo cishinka, pantu imipando yonse iliko naikwata namatebulo, elyo kabili mupepi nashikulubantu, pali icikuulwa icitali uko balemba ifilembo fyafita",Elyo nakabili ici cine cifulo kumbali yaciko kuli ne cikuulwa ca tunti icikalamba icabuuta kabili ica buuta na wiindo ayakalamba nga nshi
907,"Kucifulo cimo kuli umwaume, umwanakashi elyo ne mbwa abale-enda",Elyo kabili bonse nabafwala ifyampepo fyafiitulukila elyo namatoloshi yajinisi umwaume ilyamakumbimakumbi makumbi lyena mwanakashi ilyafiita,"Elyo kabili bonse babili nabafwala namatakii, lyena imbwa mwaume aikete, naifwika no mushipi wafiita mumukoshi kabili iyi mbwa yalibutukila ","ca cine, lyena aba babili balepusana no mwaume umbi ukwenda nao wine afwele campepo","Cilemoneka ukuti nikucifulo kwatalala, elyo kabili aba bantu bali pantashi yeshitolo ilyakwata kabili lubali lumbi ulweshitolo kuli abantu bale-enda pamusebo"
908,"pa nshita yabushiku, kuli abaume abale-enda pamusebo",pantashi pali umwaume mukalamba lyena kunuma yakwe kuleisa akalumendo kanono,Elyo kabili aka kalumendo nakasendepo fimo kumaboko kabili nakafwala nakasote,Nomba bushe nikwisa aba bantu bali?,bali kuncende yakwata fikuulwa fyantunti elyo kabili nakwaka ne nyali kuli icine cifulo
909,Umwaume ali mubwato bwakwe ubwafiitulukila kabili ubulemoneka kwati bapanga namapulanga,Nomba bushe uyu mwaume elecita finshi muli ubu bwato?,Ali pa mumuna epo alepita no bwato bwakwe kabili nakwata ne cimuti ico aleseseshako amenshi pakutila ubwato butwalilile ukwenda ilyo pamumuna ,Elyo kabili mubwato bwakwe bwine nasenda nomuseke uwafiitulukila uuli kuntashi yabwato lyena ena ekele kumpela ,Elyo nakabili ali pamumuna uukalamba nga nshi na menshi yalemoneka ayamakumbi makumbi kabili pali notumabimbi tunono pali uyu wine mumana
910,"Abantu pabula nabeminina paunkoto, pali aba bantu pali abalumendo, abakashana elyo no mwana mwaume","Aba bantu balemoneka balecita ifyapusanapusana, bushe finshi uyu mwaume akonteme alecita?",Alelolesha muco babomfya pakumona ifintu fyalekanalekana ifya mulwele cili kwati alemwenako fimo ifili pantashi yakwe,"Lyena mupepi nankwe pali akamwana akalumendo, nakekata mumusana kabili kuminwe cili kwati nakekata nomupila",Lyena nabashala bene balecita ifyalekanalekana mumabumba kabili lubali lumbi kuli na motoka iminine ukuli abantu abengi mupepiko ne mendela cilemoneka kwati paciba ifyacila citika kuli ici cicifulo
911,Kucifulo cimo icayemba ukwaba ulunkoto lyakatapakatapa kuli umwaume wikele panse pa nshita yakasuba ,Kabili mupepi nankwe pali ne ncinga apo akobeke akachola kwakwe akafiita,"Elyo kabili panshi palunkoto pali nefyapala ifyakufwala, uyu mwaume alifye ubwamba tafwele nangu cimo kabili ilyo ekele nadangasana","Cakupapa sana ico tafwalila, nomba bushe cinshi cilya akwete kumaboko yakwe?","Ca cine kuti wapapa ica musango uyu, alebelenga fimo ifyapala ifipepala balembamo amalyashi ayacitika mucalo"
912,Umwano mwanakashi nabanyina bale-angala palunkoto kabili mupepi napo bali pali abantu bambi,Uyu mwana mwanakashi nafwala nakapamuulu ako bafwala abantu nga baleipika elo nakamumishishi kabuuta,Lyena banyina bena nabafwala ishati lyabuuta elyo nabasunsumana panshi pakutila balingane noyu mwana,Nomba bushe finshi uyu mwana alecita kuli banyina?,Nakwata utwapala utupepala twamalangi yapusanapusana utwingi alongele mucipepala cikalamba icafiitulukila kabili alebuula utu tupepala twamalangi alesansa mumishishi shabanyina kabili nabasekelela
913,Pa nshita yakasuba panse kucifulo cimo kuli bashikulubantu bane abekele,Kabili batatu pali aba bashikulubantu bekele pamupando umo lyena bamo bekele beka,"Ca cine, pali aba batatu, bamo bafwele ishati lyaputulwa amaboko ilyafiita kabili nabashintilisha nokuboko kumupando lyena bambi bafwele ilyabutulukila","elyo abali kumpela bena bafwele ishati ilya makumbi makumbi, kabili bonse aba bashikulubantu balikwata na utufumo utukulu kwati nalimo tonse natulingenefye","Cine, lyena shikulubantu ekele eka wena taina nga bena, afwele toloshi lyamakumbi makumbi kabili mupepi napo aba banu bekele pali ne tebulo cilepala kwati baletushako panse"
914,Umwaume naiminina kabili nasokola nolutungu lwakukulyo ilyo eminine,Bushe finshi uyu mwaume alecita?,Ukboko kwakwe kumo naikata kucilibwe cikalamba cili mupepi nankwe lyena kumbi naikata pa mpumi pakuti amweneshe bwino apatali alefwaya ukumona,"Ca cine sana kabili uyu alikucifulo kwabe mpili, nomba bushe cinshi maka maka alelolesha?",Kuntashi uko uyu mwaume alelolesha kuli umumana panshi apatali napo ali kabili pali ne ngalaba iikalamba kabili iyabuuta
915,Umulumendo naikala pamupando kabili ali kuntashi mukati ka ndeke,Kabili uyu mulumendo afwele icapamuulu icobafwala ngabaleenshya indeke ica katapakatapa elyo ne shati lyabutulukila,"eilyo uyu mulumendo ekele alecitapo nafimo, bushe nawishiba ifyo alecita?","Ee, alefwaya ukutinika amabatani yalikumuntenge wandeke nelyo cili kwati alesontapo fimo","Ca cine sana, kabili iyi ndeke tayakwata amabatani kumuulu lelo namupepi napo ekele pantashi ponse pali amabatani, elyo kabilipacipuna cili mupepi nankwe tapali muntu uulingile ukwenshe ndeke"
916,"Pa nshita yakasuba, akamwana akanakashi kaleangala",Elyo kabili aka kamwana nakafwala nelaya lyamakumbi makumbi kabili kalikwata no mushishi wafiita,Elyo kabili aka kamwana kale-angalila mupepi na pali ingamila yafiitulukila ikele panshi kabili naimya umutwe waiko,Nomba bushe finshi aka kamwana kalecita?,"Kale-esha ukwikata ingamila kumatwi yaiko pakutila kaleyangasha, elyo kabili nakapapa ne chola munuma"
917,Kucifulo uko bacimfyamya mu cangalo kuli abaume babili abeminine,"Umwaume ali pantashi afwele ifyakashikila lyena uuli kunuma afwele icakatapakatapa, bushe cinshi ici uufwele icakashikila akwete kuminwe yakwe","Nakwata icikombe, tecakutwishika ukuti nacimfya mucangalo cakucofe n'cinga pantu icilambu cakwe cikwete ncinga  no muntu pamuulu kabili uyu mwaume nasansamuka icine cine",Ca cine no mwaume wine ali kunuma yakwe afwele amakalashi yafiita nao nasansamuka,Ca cine sana lyena kunuma ya aba bantu palunkoto pali nabantu na bambi elyo na motoka ya mutuntula naiminina
918,Umwaume nashintilisha kumulundu wamenshi makasa,Nomba bushe finshi uyu mwaume acitile fi?,"Cilemoneka kwatinalimo acishelela pali ayamenshi nelyo kwati nanaka fye, nomba bushe naumona ifyo afwele?","Ee, nimbona, uyu mwaume nafwala ifyakaba icine cine, icampepo, amakalafushi elto ne toloshi lyafiita ilyatikama","Elyo nakabili uyu mwaume nafwala necakuifimba pamenso icakuti talemoneka kano fye amenso yakwe, lyena akatalamukila napo ali pali nefimuti fyamena pantashi ya ng'anda"
919,Akadoyo kapala ulushimu lwamakumbi makumbi kalepupuka mupepi ne luba,"Kabili ili line luba lisuma, lyalikwata amalangi yapusanapusana, ayakatapakatapa, ayamakumbi makumbi elyo nayabuuta","Ca cine sana liluba ilisuma nga nshi, nomba bushe nawishiba ico aka kodoyo kapupuka kaleya mukucita?",Kwena nshishibe bwino lelo ico njishibe fye cakuti kalikwata umulomo uutali,Aka kashishi kalapanga ubuluba elyo kabili kalalya ifyakulya ukufuma muli aya maluba napali ino ine nshita efyo kaleya mukucita
920,Mumuputule wakwikalamo muli bawishi abale-angasha akanya kabo,kabili aba bawishi nabekata akanya kabo kabili nabasekelela icine cine na kanya nakena nakasekelela,Ca cine kabili aka kanya nakabiika mucipuna babika utunya kabili nabakafimba ubulangeti bwabuuta lyena apo kasalele pali insalu yabutuluka,"Ca cine, kabili muli uyu wine muputule muli ne citunshitunshi cafiita ico babikile petebulo",elyo kabili kucibumba mupepi ne citunshitunshi kuli nefyapala ifilimba ifyaikatako fitatu lyena kuli ne nyali mupepi necikope
921,Umwanakashi ali mukati yacikuulwa icapala shitolo umo bashitisha ifintu fyalekanalekana,Kabili uyu mwanakashi afwele ishati lyamakumbi makumbi elyo nafwala nakatambala kakashikila kumutwe wakwe,"Kabili mupepi napo yu mukashana eminine pali kabati, pali iyi kabati pali amabotolo yalekanalekana amakalashi",Elyo kabili ifintu muli iyi kabati balifitantika ukulingana nobukulu ukubikako fye na pamuulu wakabati wine,"Ca cine, lyena pa ntshi yakabati pali itembulo ilitali apali amabotolo ayengi ayapusanapusana, mupepi ne tebulo epo mwanakshi alelolesha, cipalile kwati cikuulwa cintu bashitishamo amabotolo yamakalashi na fimbi ifyamakalashi"
922,"Abaume babili balecofa incinga shabo mumusebo wamaloba, kabili kumbali yamusebo balimikako necishibilo capamusebo",Kabili aba babili bafwele ifyampepo fyakashikila elyo namakaputula yafiita,Elyo nakabili bonse babili nabafwala nefisote kumitwe yabo elyo namakalshi yafiita pa menso yabo,"elyo nakabili cilemoneka kwati napapa notufyola tunono munuma, lyena umo natangilako panono ilyo alecofa","Kabili uyu wine atangile alemonekako mwaice lyena uushalileko panono alemoneka mukalamba, kabili aba babili balecofela incinga shabo mupepi ne fyani fyauma mumbali"
923,Umwanakshi naikala pa lunkoto kabili mupepi nankwe pali inkunda ishingi,"Uyu mwanakashi afwele ifyakufwala fya jinisi kabili aleloleshe inkunda, bushe mulandu shifulile fi?",Nipamulandu wakuti paminwe shintu uyu mwakashi atambike nkuna pali ifyakulya ifyo alepele nkunda emulandu shimunkungile,Kabili mupepi nankwe pali chola cakatapakatapa elyo pali no mwanakashi asunsumene uulelanda pali lamya yakwe,Nakuba kuli ici cifulo kuli abantu abengi pantu kunuma ya uyu mukashana kuli nabambi abaume elyo nabakashana abalecita fyalekanalekana cilemoneka nikucifulo cakutushishapo
924,Umukashana naiminina nakontaminako na panshi,"Uyu mukashana afwele akaputula, ishati elyo nakaka notusalu kumaboko, bushe mulandu afwalile muli yu musango?",Nipamulandu wakuti uyu mwanakshi aleteye cangalo cakuuma akamupila kanono ukubomfya icakuminako cili kumaboko yakwe,Nomba bushe nikwisa ku ali pantu alemoneka kwati nalimo nasakamana?,"efyo alemoneka kwena, ali kucifulo bateyela ci cangalo, kabili mupepi nankwe pali linga lyafiita ilyo bapanga nefyela munshila yamasumbu, kuli abantu abeminine"
925,Umwaume uufwele ishati lyamakumbi makumbi ali mucikuulwa umuli ifintu fyalekanalekana,Nomba bushe mulandu nshi ifyakufwala fyakwe filemonekela ifyalamba?,"Nipamulandu wakuti alembomba, kabili pali iyi nshita alebomfya kamashini akawaminisha no kutuula mu fyela namuma pulanga","Kanshi emulandu wine alemonekele fi, elyo kabili ifyo aletula filefumya notumulilo utulesabuka apo ali","ca cine, elyo paicingilila kucongo nafwala ne fyakushinka matwi yakwe ilyo alebomba"
926,"Abaume babili nabeminina kucifulo cabusaka, nabafwala amakalashi yafiita, kabili nababika sana amano amano kufyo balecita",Umo mwaume nanina pamuulu kumulando wacimuti kabili kabili naikatilila akapampa kanono kuminwe,Lyena mwaume ali panshi nao naolola ukuboko kwakwe alefwaya ukupoopa akapampa kanono kantu uyu mwaume akwete kumaboko yakwe,Elyo nakabili pamuulu wa ici cine cimuti batema pali necilubi ca golide icakwa chula ico babikapo mupepi neci cilubi epali ukuboko kwa uyu mwaume ali pa muulu,Kabili kuli ici cine cimuti kuli nacimbi icipampa cikulileko icapoopwa kuli cene kabili calibuuta ne filembo fyakatapakatapa
927,"Abaume babili bali kuncende imo ukuli ifikuulwa fyantunti, kabilibali nanamayo akwete umushishi wakashikila",Umwaume umo afwele shati lyaputulwa maboko kabili nasenda icapulashitiki icamuntuntula kabili alelola ukuli umwaume umbi,Lyena uyu mwaume alelolako nao wine afwele shati lyafiita eminine nokwikata icashimbi ico babikilemo amaluba pamulu elyo kunse bafimbako pulashitiki,Nomba bushe mulandu nshi uyu mwaume alemonekela fi kabili cinshi asontele nakulubantu iminwe yakwe?,Nipamulandu wakuti nakulubantu aletuka uyu mwaume nsele ilyo emishe akakondo kwakwe akapakati
928,Akamwana akalumendo kali pamusebo panshita yakasuba kabili kuminwe yakwe nakwata ne mbeketi yamakumbi makumbi,"Elyo kabili uyu mwana mulumendo nasekelela icine cine, nafwala ne laya lyafiita, nomba bushe cinshi cilya akwete kukuboko kumbi?",Asendele ichola camakumbi makumbi kabili ale-enda mupepi no mwaume mukalamba uufwele laya lyabuuta elyo necitambala cabuuta,Elyo kabili kunuma yakwe kuleisa no mwaume uufwele ifyakufwala fyabuuta ne myemfu shafiita kabili nasekelela icine cine,"Lyena kunuma ya uyu mwaume, kuli abaume bambi babili mupepi na motoka balelashanya, kabili akatalamukila lubali lumbi ulwamusebo umukalamba no mwaice abale-enda"
929,"Ku ncende imo kuli ibumba lyabantu balekalekana, abaume elyo nabanakshi abale-enda pamusebo",Kabili kuli ici cine cifulo kuli na bantu bambi abekele pafibumbili kwati nalimo balelolelapo bamo nelyo fimo,"Ca cine, kabili aba bantu bekele pa cibumbile bali mupepi sana na motoka babomfya pakubutusishamo abantu kucipatala iyabuuta",Ni we wasosa kwena kanshi aba bantu bonse bali panse cipatala cikalamba icakwata intunti,"Ca cine, elyo kabili balicikuula busaka busaka, kabili muntu abantu balepita bale-enda munshi yacintelelwa kabili mupepi nabo pali musebo apali imyotoka"
930,Imbwa shibili shili mumpanga umwaba ifyani fyalepako panono kabili shilebutuka,imbwa imo yalibutulukila lyena imbi yalifiitulukila,"Ca cine, imbwa yabutulukila ilemonekapo iikalambako panono ukucila iyafiitulukila",Elyo kabili imbwa yabuutulukila naikwata no mushipi wafiitulukila uwamumukoshi lelo iinankwe taikwete,"Ca cine sana, kabili ishi mbwa shibili nashasama kabili nashifumya ne ndimi panse"
931,ibumba lya bantu balekanalekana apali abaume elyo nabanakshi bale-enda ,"kabili aba bantu tabale-enda pamo kwati nalimobali mwibumba iyo, umwanakashi umo uufwele icaketi lyafiiulukila ne toloshi lyafiita ale-enda eka","Lyena lubali lumbi ulwabulalo kuli ibumba lyabantu basano abafwele ifyafiita kabili bale-endela pamo, kabili aba bantu balemoneka ukuti bali ne nsansa sana","Ca cine, kabili ubu bulalo babupanga  munshila yakuti bwalikwata ifiputulwa fyalekalekana ica kuti kuti paenda abantu abengi panshita imo ine","Ca cine, elyo nakabili kuntashi sana ya ubu bulalo kuli ne fikuulwa fyalekanalekana ifyntunti"
932,Umukashana uwakwata amenso ayakulu kabili ayabulungana bwino ali mwituuka,Kabili uyu mukashana afwele icakufwala cakashikila kunse lyena muli ne shati yafiita mukati,Elyo kabili uyu mukashana nakwata nomunyololo wamumukoshi elyo kabili alifwala notukoosa twakumaboko utwingi kabili utwalekanalekana,"Ca cine twingi, elyo kabili pe tebulo emininepo pali utupepala tunono tunono utwamutuntula kabili nakwata utwa makumbi makumbi kuminwe yakwe ","Elyo kabili muntu aleshitisha mwalibe fitabo ifingi ifyalekalekana, elyo kabili kucibumba muli ililine tuuka balibikako ifikope ifingi nga nshi ifyalekanalekana"
933,"Pa nshita yakasuba, bana babili bale-angala",Umo pali aba bana mwanakashi lyena umbi umwana mwaume,Kabili aba bana babili bale-angalila pancimpelwa icafiita icakwata intambo isho bakaka pamo ,Kabili akamwana akanakashi nakanina pamuulu sana lyena cili kwati nalimo kalelolesha fimo panshi,Lyena akamwana kaume kena kalepeluka kwati nalimo kali mukwikala panshi
934,"Imbwa shitatu shileangala kucifulo ca maloba, kabili lubali lumbi kuli abaume batatu abali mupepi ne linga lya fyela",Shibili pali ishi mbwa shalibuuta lyena imo yalifiitulukila,Iyafiitulukila eilipo iikalamba kabili ilebuka pamo ne shi mbwa shino shibili,"Imbwa shinono shibili nashikwata umushipi wamumukoshi wapalana uwafiita, nomba bushe mulandu nshi shilebutukila?",Shilepepeka akamupila kafiita akali pa ntashi yambwa ya buuta iitangile pantu imbi iyabuuta elyo neyafiitulukila shili kunuma yaiko
935,Umwanakshi alekwelo lupili lwabuuta kabili naikata amaboko yakwe mumbali yalupili,Kabili uyu mwanakashi afwele ishati lyafiitulukila elyo netoloshi lyafiita,Elyo kabili mumusana wakwe muli amasenkebele yapusana amalangi kwati nalimo tutambo twingi akakile mumusana,Ca cine kabili nakwata nakachola kanono mumusana wakwe mwine nomba bushe ifi aleisunka pakunina teti apone?,Kwena kuti apona nomba nakwata ne ntambo mumusana wakwe iile panshi kuti yamucingilila nga cakuti aliisangile mubusanso ubuli bonse
936,Umwanakashi alimucibansa mwakuteyela fyangalo kabili aleteye cangalo cakutoloko tushimbi,"Kabili uyu mwanakashi afwele fye akaputula kamukati akamakumbi makumbi nakashati kanono akashilo mutoto panse, mulandunshi pabelele mpendwa pe shati lyakwe?",Ni pamulanndu wakuti uyu mwanakashi alecimfyanya nabantu bambi muli ci cine cangalo kabili ifi aletoloka akashimbi loto numa tafwile ukukumyako nelyo kuponya,"Kanshi emulandu wine abelele kwati nalimo nasalala ilyo aletoloka, cifwile cangalo cakosa ci","Ee, pantu mupepi fye napo aletolokelela pali ne nkoloko yafiita ikalamba iyo babika panshi iipende nshita tafwile ukupulamo ninshi tekutila acimfye"
937,Umukashana nomulumendo bali pacisebele mucikuulwa pa nshita ya bushiku,Umukashana afwele fyakufwala fyafitita elyo nakasote kabuuta kabili nakwata necisoselo kuminwe,Lyeno mulumendo afwele ishati lyabuuta elyo ne toloshi lyafiita kabili naipamisha umutwe wakwe panshi lyena amolu mumuulu lyena ekete fye panshi nokuboko kumo,Umwanakashi nao alemoneka kwati nalimo ale-endauka pa cisebele bushe kwena finshi alecita?,"Uyu mwanakashi aloleshe uko mwaume aleipilibulo mubili wakwe, aleimba ulwimbo no mweo wakwe kabili aleipakisha, aba babili balebmbela pakuyemfya ifyo balecita"
938,Umulumendo nasalala pa cibumbili yacikulwa panshita yakasuba,uyu muluendo afwele ishati lyakashikila elyo netoloshi lya jinisi ilya makumbimakumbi kabili nafwala namakalashi,Elyo kabili ilyo uyu mwaume asalele naolola ukulu kumo lyena kumbi naimya mumuulu,Elyo nakabili nashintilisha umutwe wakwe pakuboko kumo apetele lyena kumbi nako naolola,"nakuba ilyo yu mwaume aselele, naisula nakanwa kakwe, kabili icikulwa cinti asalelepo calikwata amawindo yakalamba nga nshi"
939,Ibumba lya bantu apali abaume elyo nabanakashi nabalongana ku cifulo cimo busaka busaka,Elyo kabili aba bantu nabafwala nefyakufwala fyakatapakatapa ifyapalana kabili nabakwata nefilimba,"Elyo aba bantu nabapanga na mabumba yabili, ilyabaume nelya banakashi kabili nabatantama busaka lyena pakati yamaumba yabili pali mwanakashi ali ne ng'oma","Kabili kunuma ya aya mabumba kuli abantu bekele pa cabapanga ica fwela, kabili balipanga nga matabo pakuti abali pantanshi tabacinga abali kunuma",Elyo kabili kuunma ya-aba bantu kuli ne hema likalamba iyabuuta noko kwine kuli abantu baletamba ifilecitika
940,Pa nshita yakasuba kucifulo cayemba ukwabe miti no lunkoto pali mbwa shibili shili pa lunkoto,Elyo kabili ishi mbwa shibili shalipalana ukufiita elyo nokusankanamo ukukashika kumolu napamenso,"Ca cine calipalana, nobukulu bwine shilemoneka ukuti shalilingana, nomba bushe naumona ifyo ishi mbwa shibili shilecita?","Ee, nimbona, imbwa imo ilefwaya ukusuma imbwa inankwe pamukoshi kabili naisula nakanwa kaiko, naiminina mukupalamisha kuinankwe","Ca cine sana elo cilemoneka kwati iinankwe naipunda, kabili naishi-ikobanya namolu, elyo kabili ishi mbwa shonse shibili nashikwata ne mishipi shamumukoshi "
941,Abana abalumendo batatu nabeminina panse,babili pali aba bana baume nabafwala amashati yakashikila elyo namakaputula yabuuta ,"Elyo kabili umwana umo pali aba babili tafwele nsapato, lyena umwana umo ena afwele akaputula kamakumbi makumbi, lyena tafwele shati",nomba bushe uyu mwana mwaume afwele akaputula kabuuta elyo ne sapato finshi alecita?,cilemoneka kwati aledonsana no mwana munankwe kabili aba bana bonse nabatemwa ifyo bale-angala 
942,"Abaume cinelubali abapange bumba lyabakemba bali panse, panshi yacintelelwe cafimuti ",Umo pali aba baume uufwele shati lyafiita netoloshi lyajinisi naiminina kabili alelishe penga lyakwe,Kabili abalumendo babili bali fye munuma yakwe nebeminina balilisha icilimba cili pe tebulo mupepi nabena,lyena umwaume umbi ena alilisha ingoma shafyela Ishingi apo ekele,kabili babili balelisha amabanjo yabo lyena mupepi nabena pali umwaume umbi uulelisha piano yakwe iinono
943,Umwaume uwabuute nkanda ali pamuulu pa ncende iyo abantu baletelepo ,"kabili ici cintu calitelele cine cine, bushe finshi uyu mwaume alecita?",Uyu mwaume nafwala insapato shamawilo isho alebomfya pakutelela pali ici cakutelelapo,"ni we wasosa, pantu nacilalanguluka ifyo uyu mwaume alecita apa kwena nacipapa sana","Ca cine kuti cakupesha sana mano, elyo kabili uyu mwaume alipali icicukutelelapo panshita yabushiku pantu kucifulo ali nakufiita icine cine"
944,Umwaume waina naiminina mumuputule wa mu ng'anda,kabili uyu mwaume nafwala ishati lyabutulukila nomba bushe mulandu nshi alemonekela if pamenso?,Nipamulandu wakuti uyu mwaume nakwato muswaki alesukusa mukanwa kabili nabifyako pamenso,"kabili umuswaki untu  Umwaume alebomfya untu waina,bushe naumona ifili kunuma yakwe?","Ee, nimbona kuli ifintu fyalekanalekana kuli ne nyali iyi pe tebulo, kabili mupepi nalyo pali na kalenda babika kucibumba"
945,umwaume afwele toloshi lyafiita elyo necisote cafiitulukila ali pamusebo ale-enda,bushe kanshi nifinshi ifi umwaume aikobeke?,Uyu mwaume naikobeka indupe ishingi sana cilepala kwati aleya mukushitisha ,kucifulo ali kuli abantu abalemoneka katalamukila bamo bali pacinga nabakwata amasaaka ayengi,Elyo kabili kuntanshi ukulolele umwaume ne mdupe kuli ne myotoka elyo shili mupepi nefikulwa fyantunti
946,umwano mwaume ali-eka kabili alelila na-asamuna nakanwa kakwe,bushe ulemona ukuti cinshi umwana akelilila?,kunuma ya uyu mwana mupepi ne ciibi pali amatabo kabili afwile acipona ukufuma pali aya matabo ,kwena nalimo cishinka kabili nalimo emulandu wine akwatile ne mfula ya buunga bunga pa menso yakwe,"ca cine, kabili uyu wine mwana nafwala nefyakufwala fyafiita elyo nafwala namakalashi"
947,umwanakashi uwakwato mushishi wafiitulukila naiminina mumuputule,Elyo kabili uyu mwanakashi nafwala ne laya ilisuma ilyafiita,Elyo kabili yu mwanakashi nakotamako mukoshi panshi lyena kuboko kwakwe kumo nabika iminwe yakwe mukanwa,nomba muli uyu muputule mulemoneka nakabati kaikatilila  kucibumba bushe nikwisa uyu mwanakashi ali?,ali mumuputule wakwipikilamo pantu pali ne mbeketi umuli imbale ishilongeke bwino
948,"Abantu bane, apali shikulubantu umo elyo nabanakashi batatu nabeminina mupepi na motoka yakashikila",umukashana uufwele akatambala alelanda no mwaume uuli mukati ya motoka kwati nalimo afuma mukupeela umwaume ifyo akwete kumaboko yakwe ,"kabili mupepi nankwe pali mukashana uufwele itoloshi lyamakumbi makumbi, alelanshanya nashikulubantu elyo na mukashana acepelepo pali bonse",Cilemoneka kwati nalimo uyu mukashana afwele itoloshi lya jinisi ashifweleko icisote aleyapo kabili alelaya emulandu babelele kuciteshani ca myotoka,"Kwena efyo cilemoneka, elyo kabili apa pene beminine pali ne myotoka shimbi shibili ishinono, elyo kabili kucifulo bali lubali lwa musebo kuli ne fikuulwa fisuma ifyantunti"
949,ibumba lya bantu abengi nabekela pamipando mukati ka cikuulwa,kabili pali aba bantu pali abalumendo elyo nabakashana,"nangu cakuti abantu bali muli li bumba bafwele fyakufwala fyapusanapusana, abengi pali bene bafwele amashati yabuuta lyena Bambi bafwele ayafiita","Elyo kabili ubwingi bwa aba bantu nabasekelela, cipalile kwati pali fimo ifyo bekele balekutika nelyo kutamba kuntanshi napo bali","ca cine, pantu ubwingi bwabo nababikako sana amano kufilecitika elyo abengi baloleshe kuntashi, kabili aba bantu balongene pamo pa nshita yabushiku"
950,Kucifulo cimo kuli umwanakashi uwikele pamupando kabili nafwala nemakalashi ayakulu ayafiita ayakufisa amenso yakwe,"Kabili uyu mwanakashi afwele ifyakatapakatapa, lyena nabika amaboko yakwe pansalu ili petebulo lyakwe, mulandu nshi acitile fi?","Ni pamulandu wakuti uyu mwanakashi alabukila ku ntanda nefya mulwelele fimbi, ale-eba shikulubantu wiminine pantashi yakwe apakubika amaboko yakwe",Bushe emulandu pe tebulo lyakwe pabelele ifinkolokolo fyafule fi ifyatambi?,"Ee, emulandu wine, nakunsalu iicingilile icifulo bekelemo nako alilengaulako itanda ifyuni elyo nafimbi ifyo abomfya pakubuka"
951,umulumendo uuteya icangalo camupila wakuminwe ale-anda kabili nafwale fyakufwala fyabuuta,"ifyakufwala afwele nafiikata sana makamake itoloshi, bushe mulandu afwalile muli uyu musango?","Ifi efyakufwala bafwala pakuteye cangalo ateya, fifwile fyaikata pakutila filamucilinganya ilyo alebutuka, lyena ishati lyakwe lyatuntuma pamabeya nalyo line lilamwafwa ilyo alelwilo mupila","Kanshi emulandu wine afwalile ne cisote cabuuta icamusango uyu, bushe nacho cine cakumwafwa mucangalo nangu cakuti nacimufimbilisha pa menso? ","ca cine kwena, nifyo fine cibomba, kabili uyu mwaume alimucibansa umo bateyela ci cangalo kabili kuli abantu abengi abekele kunse yachibansa abaletamba ci cangalo"
952,"Abaume ukucila pe kumi bale-enda pamusebo, kabili abaume bale-endela pamo nomwaume afwele cabuuta kabili pantashi yakwe pali mbwa shingi nga nshi",Elyo kabili ubwingi bwa-aba baume nabafwala ifikoti ifitali ifyapamuulu kabili ubwingi bwabantu abashili nabene baletamba uko balepita pamusebo,Elyo nakabili imbwa shilemoneka kwati nalimo sh-uyu wine mwaume afwele icakashikila kabili uwikete mumatumba yakwe,"kwena efyo cilemoneka, elyo imbwa shileyendela fye takwete ne ntambo yakushikaka, kabili shimbi shile-endela mumbali umuli imfula ya buunga bunga","Ca cine sana, nakuba pamusebo bale-endela pali ne myotoka shiminine kabili mumbali yamusebo muli ne fimuti fyamena lyena kunuma yabantu kuli ne mpili apamena ifimuti"
953,Umwaume mukalamba uwakwata no mwemfu pa moona nasalala pabusanshi,"ubu busanshi bwamakumbi makumbi, nomba bushe finshi filecitika?","kumutwe wakwe kuli umuntu uufwele amakafulafushi yabuuta, uyu muntu naisula ilinso lyakukuso ilyakwa shikulubantu ukubomfya ukuboko kwakwe kumo ","kabili shikulubantu ekele fye shilili, nabika nokuboko kwakwe kumo pacifuba, mulandu nshi alekelo muntu ukumwikata pe linso kabili nikwisa ali?","Uyu shikulubantu ali kucipatala, kabili balemumona nga cakuti nakwatapo ubwafya ubuli bonse ubwamenso emulandu balemwikatila nakuba uulemwikata muntu wasambilila pafya menso"
954,Kucifulo kuli abaume nabanakashi bale-enda kuli mwaume afwele icampepo cabuuta kabili naikata na mumatumba ye toloshi lyakwe ilyo ale-enda,pa ntashi ya uyu mwaume pali mukashana ale-enda kabili nasekelela nomba finshi mwaume alikumbali yakwe alecita?,Uyu mwaume afwele amakalashi kabili napapa ne chola alemoneka kwati alefwaya kulanshanya noyu mwaume nelyo kwati alemwebapo fimo,Elyo kabili mwaume afwele cabuuta naena alekutika ifyo uyu mwaume alelanda pantu alemulolesha kabili kunuma yabo kuleisa abantu bambi,Elyo kabili kuli cicifulo kuli nefikuulwa ukuli abantu balecita ifintu fyalekanalekana
955,umwaume naiminina pacisebele nafwala namakalashi kabili aleimba ulwimbo,"elyo kabili uyu mwaume aleimba ulu lwimbo no mweo wakwe onse, nomba bushe cinshi ici akwete kumaboko yakwe?",uyu mwaume akwete banjo iyo alelisha kuminwe yakwe kabili naiminina pantashi yacisoselo,Elyo kabili uyu mwaume nafwala ne shati lyamuntuntula ilisuma elyo nafwala nakasote camutuntula,Elyo kabili uyu mwaume nasekelela sana ilyo aleimbo lwimbo kabili kunuma yakwe akatalamukila kuli icikuulwa ca ntunti
956,kucifulo cimo kuli abantu abengi abalecita ifintu fyalekanalekana,Elyo kabili kuli ici cine cifulo kuli ifikuulwa fyantunti ifingi,Elyo kabili pali icine cikuulwa pali na bantu abeminine pamuulu sana cili kwati baletambapo fimo,bushe naumona ifyo ulu lupwa luli mupepi namotoka lulecita?,"Ee, nimbona, nabakwata ifipepala kuminwe yabo cili kwati baleshitishapo fimo ifyo balefwaya abantu beshibe"
957,Abaume babili abakalamaba nabekala pamipando mukati ka cikuulwa,Kabili aba baume bekele mumbali yetebulo bushe naumona ifili pe tebulo?,"pe tebulo pali imbale, cilemoneka ukuti pacibe fyakulya fyalekanalekana kabili pali nefyakunwa","elyo kabili aba baume nabaloshanya balelanshanya, kabili abaume bafwele akasote bali mupepi necilubi camutwe wamuntu babika pakali tebulo katali",Elyo kabili aba baume balesekela pakulanshanya kabili kucibumba mumuputule wine muli nakasote babika kucibumba
958,imbwa yafitiitulukila naiminina mupepi nomumana,elyo kabili iyi mbwa ileingila mumenshi kabili amenshi yalilengema icakuti imbwa ilemoneka mumenshi,bushe mulandu kumbali ya iyi mbwa kulemonekela ukwabuuto musango yu?,pamulandu wakuti kuli ici cifulo kwaba amenshi makasa kabili apa imbwa ili yasungulwikeko fye panono,"ca cine, kwena cakupapa ukutila iyi mbwa ileyanta mumenshi yatalale Fi, nicho yalikwata nomubili wamafufu kabili ifwile yalibelela ukwikala kucifulo camusango yu"
959,Abaume batatu bali kucifulo kwabo lunkoto lwakatapakatapa,umwaume umo ali pantashi lyena babili nabashalila bale-enda apataliko napo ali,elyo kabili pali aba baume bashalile pali umo uukwete ichola munuma yakwe kabili nafwala nakasote ka kashikila kumutwe wakwe,"elyo kabili naikata namwitumba, lyeno mwaume ali pantashi ena afwele ishati lyakashikila",elyo kabili aba bantu bale-enda kuli ici cinecifulo pa nshita yacungulo lyena mumbali ya lunkoto muli ne fimuti
960,"Kucifulo uko abantu bacimfyanisisha mu cangalo cakubutusha imboo, kuli umwaume ali pa mboo yakwe","kabili  iyi mboo intu yafiita, nomba bushe kwena finshi filecitika?","iyi mboo ilemoneka kwati nalimo ileya mukuipunka mwilinga linnono Lili pantashi yaiko capamo no mwaume isendele, nomba uyu mwaume alefwaya ukunine linga eyo ilimupunka","kwena cangalo cayafye ci, nomba bushe abantu beminine kunse kwilinga bena balecita?",aba bantu beshile mukutamba filecitika mucibansa umo baleteyela cangalo 
961,Panshita yakasuba abakashana babili bali panse yacikuulwa kabili nabakwate fipyango kumaboko yabo,"aba bakashana babili nabafwala amatoloshi  yakashika kabili ayapalana, bushe mulandu nshi?","elyo kabili nabafwala nefyapamuulu fyabuuta, cipalile kwati nalimo fyakufwala fyakubombelamo emulandu wine bafwalile ilyo balepyanga panse ya cikuulwa",elyo kabili nabafwala notusote twakashika elyo nabafwala ne nsalu shapamuulu isho abantu bafwela nga baleipika,"Ca cine sana, cilemoneka kwati aba babili balikwata ubukwebo muli ci cine cikuulwa, kabili cikuulwa ca ntunti kabili calikwata namalangi yapusanapusana elyo nama wiindo"
962,imbwa iyafiita ilebutuka pa menshi kabili amenshi nayasabuka apo ili,kabili iyi imbwa yalikwata amafufu ayengi pamubili waiko,"ca cine sana ilemoneka fye kwati nalimo cinama fye cimbi, nomba bushe naumona ico isendele ku kanwa kaiko?","Ee, nimbona, naisenda icimuti cafiita kabili calyakaniko panono lyena lubali lumo calikashikila","Ca cine, kabili mupepi namenshi yanono umo iyantile kunuma ya iko ne fyani fyauma mupepi"
963,ku ncende imo kuli abaume batatu abeminina lyena umwaume umo naikala panshi,"Cili kwati aba bonse Bali mwilyashi, nomba bushe cila umo na umo alecita finshin ilyo baleshimika?",Umwaume umo afwele icamakumbi makumbi cimunyeletu icakubombelamo kabili ali mupepi na motoka yabuuta ,Lyena mupepi nankwe pali mwaume afwele ishati lyafiita kabili naikata mumusana elyo nakwata no lukombo umo alenwina fimo,"Lyena mupepi nomwaume wikele pali mwaume aminine uufwele toloshi lyamakumbi makumbi kabili nasonta kuboko kwakwe, aba bonse nabasekelela ilyo baleshimika"
964,imbwa yafiita kabili iyaina ilebutuka,kabili iyi mbwa pa menso yaiko yalifiitulukila namabala pemenso,elyo kabili ilyo ilebutuka nayasama naknwa kabili naimyo mucila waiko,Nomba bushe nikwisa iyi mbwa ili?,ile-enda pa lunkoto lwakatapakatapa kabili ile-enda pa nshita yakasuba
965,Umulumendo ali mucibansa umo bateyela ifyangalo fyalekanalekana kabili aleteye cangalo,kabili uyu mwaume nafwale shati lyakashika kabili netoloshi lyabuuta elyo nafwala namakalashi,"Ca cine, kabili nafwala ne cisote cafiita kumutwe wakwe kabili kuminwe yakwe nakwata ne cakuteyelako mupila","mupepi nankwe pali no Muntu, bushe kanshi cangalo camusango camusango nshi aleteya kabili finshi umwaume ali kunuma yakwe alecita?","cangalo bateya umupila unono ukubomfya ici cafiita akwete kuminwe lyena uyu mwaume naikata ne nsalu yapange linga kucibansa uyu mwaume aleteyele cangalo, aletamba uko aleteya"
966,Umwaume no mwanakashi babili bali mucikuulwa pa nshita yabushiku,Elyo kabili aba babili nabafwale fyakufwala fyafiita kabili ifyapalana umwapita notwabuuta,Elyo kabili ilyo bali muli ici cikuulwa umwanakashi aletepeleshapo umwaume fimo mukutwi kwakwe,"Ca cine, elyo kabili aba babili nabapalaminana sana ilyo beminine kabili mwaume nakwata nolukombo umuli bwalwa","elyo kabili kunuma ya-aba bantu babili kuli mwanakashi umbi uukontamine panshi, aba bonse bali mucikuulwa camalwa"
967,kuncende imo panshita yakasuba kuli mwaume no mwanakashi nabeminina panse,Umwanakashi nalosha ukuli mwaume kabili ukuboko kwakwe kumo naikata kumushishi wakwe lyena nalosha kumwaume ,"Elyo kabili uyu mwaume nakwata ichola citali munuma yakwe, kabili kumaboko yakwe kuli necisoselo icakwato tushimbi twakwimikilako",Cipalile kwati aba babili babomba nefyakumo mulabasa pantu nomwanakashi nao wine nakwata kapepala mwitumba lyakwe ilyakunuma ye toloshi,"Nalimo cishinka nakuba efyo cilemoneka, nakalimo balepita muli fimo ifyo balefwayo kukopa, elyo kabili aba babili bali pamusebo kabili mumbali muli ne fikuulwa fyantunti"
968,abanakashi mutanda bale-enda pamusebo bapanga bwino uunono uwabuuta kabili uuli mupepi ne ng'anda,"Kabili aba babili bale-enda mumabumba yabatatu batatu, icakutila batatu bali pa ntashi lyena batatu bali panumako",kabili uyu wine mwanakashi nakwata ne chola elyo kabili babili pabali kunuma bena bafwele ama siketi,Uuli kkumbali afwele siketi yabuuta kabili nafwala neshati lyafiita lyena nakwata ne chola,lyena umukashana akonkelepo ena akwete akachola kanono kafiita elyo naikata napakubeya kwamunankwe
969,umwaume uufwele ilaya lyapamuulu ilyakashika che naimina kabili naikata akasembe kanono muminwe yakwe,elyo kabili uyu mwaume nabifya napamenso kwati nalimo alefwaya kulasapo bamo,elyo kabili natulumuna na menso kwati aleloleshapo bamo lyena kunuma yakwe kuli akamwana kalumendo kekele pacilibwe,kabili aka kamwana kafwele itoloshi necapamuulu icakatapakatapa kabili kalelolesha uyu mwaume akwete akasembe,lyena kunuma ya uyu mwana kuli bantu bambi abale-enda kabili kuli notumuti
970,Abantu batatu balimukati ya cikuulwa cikalamba umo basungila no kutambisha abantu ifyakale,"pali aba bantu pali abaume babili lyena no mwanakashi umo, bushe finshi uyu mwaume no mwanakshi balecita?",Uyu mwaume no mwanakashi balelanshanya cili kwati alemulansha kabili umwaume nasekelela lyena alelolesha umwanakshi pa menso,Kabili uyu mwanaashi afwele ilaya lyafiita elyo umwaume afwele toloshi lyajinisi kabili kunuma yabo kuli mwaume alelolekesha ifilubi fyamitwe ya bantu,Kabili lubali lumbi mupepi fye napo umwanakashi eminine pali icebumba capalo muntu ico baimika icafwala ne laya kabili muli namalangi muli cicikulwa
971,Abaume babili balikucifulo ukuli abantu abengi sana kabili abalecita ifyapusanapusana,"uuli pantashi afwele shati lyabuutulukila lyena uuli kunuma yakwe afwele shati lyabuuta, bushe finshi aba baume balecita?",aba babili nakwata imbale shibili kabili pa mbale shabo pali fyakulya ifyo aba baume balelya kabili uuli pantashi namwentula,"Ca cine, kabili mumbali mupepi naba baume pali abanakashi abekele panshi baleisha kabili nabo bene balelyako nafimo ",elyo kabili kunuma ya-aba kuli abantu nabambi abengi kabili kuli ne nsaka shaimikwa ishabuuta cilemoneka kwati aba bantu bonse baleseefyapo
972,Abaume babili bali ne cinga shabo ishakwata iwilo limo mumbali yamusebo,Elyo kabili mumbali yamusebo mwine beminine balipanga bwino kwati nao wine musebo wamatafwali kabili uwabusaka,"Ca cine, nangu fye musebo ukalamba wine nao wabusaka kabili ukalamba icine cine ",lyena pali uyu musebo pali nefyapulashitiki beminikepo ifyo babomfya nge fishibilo ,elyo nakabili abalumendo bali mupepi ne cikuulwa ca tunti
973,pa nshita yakasuba abana abakashana babili nabekala panshi mumuputule kabili nabapeta makunda,"aba bana bonse babili bafwele fyakufwala fyapalanako, bushe mulandu nshi bafwalile fyamusango Yu?","ifi fyakufwala bafwele fyakusendaminamo, pantu aba bakashana belemoneka kuti bale-angala mumuputule wasendamamo","elyo kabili mumuputule bali mwailabe wiindo likalamba ililenga panse palemoneka  apali utumuti twakatapakatapa, kabili nababika amano kufyo bale-angala bushe nifinshi ifi bale-angasha?","aba bana nabakwate fyakwangashe fingi ifyalekanalekana, tumo pafyo bale-angasha tulemoneka kwati busanshi, kabili panshi pali notupepala babika pamo utwacangalo"
974,ibumba lyabantu abengi apali abalumendo na bakashana nabalongana pamo kucifulo cimo,"kabili cilemoneka nipanshita yacungulo, bushe finshi aba bantu balecita?","ubwingi bwa-aba bantu nabakwate fyakukopelako,balekopa ifili panshi yabo, apali cikuulwa cikalamba kabili icalepuluka cetunti, pamuulu waici cikuulwa pali umwanakashi",Elyo nakabili panshi yaicine cikuulwa pamuuluko napo pali abantu beminine nabobene balekopa,"ca cine sana, kabili necikuulwa cili mupepi pamuulu napo pali abantu balekopa, icikuulwa calishingulukwa nefikuulwa fimbi ifikalamba fya ntunti"
975,umukashana umo ali nabana bakashana babili abo ale-endela pamo nabo lyena kunuma yabo kule-enda umwana mwanakashi umbi,cilemoneka ukuti pamo nangu cakuti umo mwana mukashana nashalilako panono pantu bushe naumona ifyo abana bakwete kuminwe?,"Ee, bonse batatu nakwata amapulashitiki yamakumbi makumbi umo basendele fimo, aba bane balikucifulo bashitishe fintu kanshi bafwile bafuma mukushita ifyobakwete","ca cine, kabili aba bonse nabafwala ifyampepo cilemoneka ukuti nikucifulo kwatalala",kwena efyo cilemoneka pantu nangu bantu baleisa pantashi yabo nabobene nabafwale fyampepo kabili pamusebo bale-enda palemoneka paciloka ne mfula
976,umwanakashi naikala pamapulanga panshita yakasuba kabili nashintilisha kumapulanga yaimikwa ayo bapoopa,nomba bushe mulandu nshi alemonekela ifi pamenso yakwe?,"alemoneka kwati nalimo nasakamana pali fimo, nakalimo fimusakamike fintu alebelenga mucitabo nelyo naluba fye mumatontonkayo yakwe",elyo kabili mupepi nankwe nampo nga kulu kwakwe kulemoneka kwati nalimo kwacilubi pantu nakupusana nankwe,"naine efintu nacimona, elyo nakabili nafwala necitambala cafiita, ishati lyabuutulukila elyo nasha nolufumo panse"
977,imbwa ili pacimuti calambalala panshi kabili icaba kwati nalimo calyakanika pakati,"kabili intu yabuutulukila, nomba bushe finshi ilecita apa iminine?","ilenunshapo fimo, mupepi nomoona waiko pali ibula elyo ilenunsha, kabili naikwata mushipi wamunyololo mumukoshi waiko","ca cine, mupepi nayo pali notumuti tunono, nomba bushe nikwisa uku kuntu imbwa ili?","ili mupanga, pantu konse ukuishunguluka kuli fye ifimuti fyakatapakatapa ifingi kabili kuli nefyani"
978,umwanakashi wacikulile naikala pacipuuna kabili nakotamina panshi lyena kumaboko yakwe naikata ichola abikile pacipuna,"kabili mupepi nankwe pali cimashini bacapilamo ifyakufwala, bushe mulandu nshi alemonekela ne cinso cawa muli uyu musango?","nalimo pali abo alelolela nelyo ifyo alelolela, pantu ne campepo afwele naifimba nakumutwe wakwe ilyo akonteme napamenso yakwe tapalemoneka","kwena nga nifyo ninshi anaka, nalimo alelolela ifyakufwala Fili muli cimashini cakucapilamo elyo abikemo ifili mukachola kakwe","nalimo nyumo wine wasosela,kabili lubali lumbi mupepi nankwe pali na furiji ilya babomfya pakutalalika ifyakulya, muli nefyakunwe fingi "
979,banakulu bantu elyo nabashikulu bantu nabekala patupuna pa nshita yakasuba kabili nabaloshanya,banakulu bantu bafwele shati lyakashikila lyena bashikula bantu bafwele lyamakumbi makumbi,"kabili aba babili bali mwilyashi, lyena nakulu bantu nakwata na fimo kumaboko yakwe kabili bonse babili mupepi napo bekele pali utubotolo twamenshi",kabili mupepi napo bekele pali abanakashi babii bekelenabo bene baleshimika ilyo bali panse,"aba bantu bonse bekele mupepi ne fiibi fyamayanda yabo, kabili panse muli uyu wine musebo bekelemo pali bale-enda "
980,Umwaume alekwela kucimuti kabili aleidonsa fye pakunina,elyo kabili uyu mwaume afwele ishati lyakatakatapa elyo netoloshi lyamakumbi makumbi kabili nabafwala nakasote ,Elyo kabili uyu mwaume nafwala namakalashi yafiita elyo ne cimpompo cabuuta kumutwe wakwe,Elyo icimuti cintu uyu mwaume alekwela cintu cakwata mabula yakatapakatapa lyena mupepi nankwe pali akashimbi kamuntuntula,Ca cine kabili munshi yacimuti mupepi napo aleninina pali ibokoshi cikalamba icamutuntula kwati nifilya babomfya ukubikamo ifisolobelo nefya ifisunga amalaiti
981,kucifulo cimo pabulalo pali abantu cinekonsekonse Bali babili babili umwaume no mwanakashi,babili pali aba bantu balekumbatana apali umwaume afwele cabutulukila uuli mupepi no ufwele icakashikila ,"kabili umwanakashi afwele ishati lyabuuta nao napisha ukuboko kwakwe pamabeya ya mwaume ale-enda nankwe, icifulo ici kuli abantu batemwana",awe kwena fye efyo wingalanda pantu nabale-enda fye nabo bena bale-enda naba palamana sana,elyo kabili mupepi yabulalo kuli fikuulwa fya ntunti fyafulilako
982,Abaume baina babili bale-enda pamusebo,umo uuli pantashi afwele shati lyamacungwamacunwa elyo nakaputula yakashika che elyo nakwata nechola munuma,lyena uushalileko ena afwele ishati lyamakumbi makumbi nakaputula kafiita elyo kabili nabika namakalashi mumutwe wakwe,elyo kabili aba bantu bale-endela fye mupepi napakukonekela pa cikuulwa camuntuntula,lyena lubali lumbali ulwamusebo uko balefuma kuli ulunkoto apali ifyalekanalekana elyo nacikuulwa icitali
983,Abaume batatu nabeminina mupepi ne ngalaba yabuuta iikalamba ,"uuli kuntanshi pali aba baume afwele ishati netoloshi fyafiita, lyena uumukonkelepo tafwele shati, afwele fye kaputula",elyo kabili uuli kunuma ena afwele ishati lyabuuta elyo ne toloshi lyafiita bushe nawishiba ifyo aba baume batatu balecita?,bonse batatu nabekate ntambo yakatapakatapa ilyo balebika mucintu ici mupepi nembakuli ikalamba beminike,elyo kabili ishi ntambo shilemoneka kwati balashibomfya ilyobalepakanya ukwensha ngalaba ishenda pali bemba pantu pali ishingi nashimbi panshi
984,umwano mukashana napamisho mubili wakwe icakuti amolu nayololoka mumuulu lyena maboko yakwe yapanshi ,kwena uyu mwana nashansha icine cine talesela nangu panono nomba bushe nikuli finshi akete?,ekete kutushimbi uto baimika balipange cintu apo bacitile fyanmusango uyu kabili naisala nameso yakwe,elyo kabili uyu mukashana nafwala icakufwala caikata kumubili wakwe kabili icayanguka icine cine,ni pakutila eteya bwino ifyo aleteya kabili icibumba icili mupepi nankwe calikashike cine cine
985,Banyina nabana bali pamuulu wampili ishili ishitali sana kabili shilemoneka shabutulukila,umwana mwaume ena nanina kabili naikala lubali lumo elekaka ne ntambo yapamataki yakwe,lyena banyina bena elo bafikilefye pamuulu kabili kuminwe yabo nabakwata nefisote fibili ifyo bekete elyo ne botolo ,kabili kunuma yabo aba banyina kuli umwana umbi ena elintu alipakufika apo bali alemoneka ukuti nanaka kabili aleikulafye ,"kabili bali kuli ici cifulo panashita yacungulo, elyo kabili kwaliyemba, lubali lumbi kuli na menshi mumuna elyo ne fyani fyapanga utupuli"
986,abantu bane apali abaume babili nabanakashi babili nabekala panse pamatabo,kabili aya matabo bakelepo lyalikwata akashimbi pakati aka akalekanya uku lubali noku lubali eko bekele babili cila lubali,umwaume no mwanakashi bekele lubali lumo  bonse nabafwala utuputula kabili umwaume nakubatilo mwanakashi ilyo ena emushintilishe kabili namutomona kwitobo,lyena aba babili bekele lubali lumbi lwena umwanakashi naikalako panshi ukucila apali umwaume bekele fye umo umo kabili nabalosha kuntashi ,elyo kabili aba bonse bekele panse yacikuulwa cikalamba icafiitulukila kabili icakwata namawiindo
987,umwaume ali pamusebo kabili alebutuka elyo nakwata na fimo kuminwe,bushe finshi alefwaya ukucita nefyo akwete kuminwe yakwe?,cilemoneka ukuti alefwaya ukupoosa mumuulu kabili nafwala ne shati lyafiita elyo nakaputula yakashika,kabili kumbali kucifulo ali kuli ne fimuti fyamena mumbali ifitali,ca cine kabili kuli notupuna bapanga ukubomfye fine fimuti ifingi ifyo babika panshi 
988,"kucifulo cimo kuli nabwinga na shibwinga abaleupana, kabili nabwinga nafwale laya lyabuuta elyo shibwinga afwele caketi lyafiita",kabili pe tebulo pantu beminine mupepi pali ne mpoto yamaluba nomba bushe nikwisa aba babili balelolesha?,balelolesha umwaume uufwele ifyabutulukilila uulelisha banjo yakwe uwiminine mupepi ne cimuti cakatapakatapa,lyena lubali lumbi lyena mupepi nakamuti kuli abalume nabakashi abeminine bushe finshi balecita?,nabo bena baletamba uko uyu mwaume alelisha banjo yakwe pabushiku bwakuseefya abaleupana
989,umwaume mukalamba naiminina mumpanga umuli fyani,kabili uyu mwaume nafwala siketi yatambi ukwabula ishati,pa ntashi yakwe pali umuseke bushe finshi Fili muli uyu museke?,mumuseke muli fyani fitali fitali kabili nabafilonganika bwino,Elyo kabili kunuma yakwe kuli notucindu kucimuti catuncindu icakatapakatapa
990,Kucifulo cimo kuli imbwa elyo na pushi ali mwisamba lyacapala itebula lyamapulanga panse,Iyi mbwa intu yafiita elyo yalisanakanamo nokufiitlukila lyena pushi ena alibutulukila,kabili ilebosa pushi lyena pushi nao ilyo ali munshi alemoneka nakalipa icine cine kwati nalimo ifi finama kuti fyatendeka ukulwa,"Ca cine efyo filemoneka, kabili pamuulu waco pushi alimo munshi, pali amapulanga baputula bwino ayakalamba kwati nalimo milando ibili",Elyo nakabili mupepi fye ne mbwa kuli ne cikulwa icikwete iwindo kwati nalimo ni ng'anda kabili kuli namapulanga baputula bwino ayo batuulika pamo
991,banyina no mwana nabekala kabili banyina nabemya mwana kabili nabasekelela,"Elyo kabili banyina nabafwala namakalashi mumutwe wabo, bushe naumona ifili petebulo mupepi?",Petebulo pali lukombo lwapulashitiki lwanwinamo banyina kabili nebotolo lyakunwano mwana,"elyo nakabili mupepi nabena pali ukulu kwa mwana, bushe naumona kucifulo kuntu bali?","Ee, nimbona kuli abantu abengi abalekanalekana, kabili nabekala pa fibumbili fyaimikwa mucin'ganda bekele"
992,umwano mwaume naikala panse yeshitolo pa mushiika,kabili uyu mwana mulumendo nafwale fyabutulukila kabili nakontamina na panshi bushe finshi alecita?,Alelolekeshapo fimo ifili kuli kabati mupepi napo akele umwiswike kabili pe tebulo pali icibokoshi cakatapakatapa umuli finkokolo fyalekanalekana ,"ca cine, umwana mulumendo nabika sana amano kufyo alelolesha, nomba bushe finshi filya fili mwishitolo?","muli Ili shitolo balashitishamo fintu fyalekanalekana, ifyamalangi yapusanapusana balashitimo ifyapulashitiki ifyakubomfya mu ng'anda"
993,Abanakashi bane abaishiba sana ifyakupika ipika bali mucifulo bepikile fyakulya kabili umo abantu bashita,"babili bali pantashi nabapalamana, cili kwati uwaishibisha alelanga umunankwe fimo ifyo aleipika","ca cine, nakuba uo balelanga ena tafwele ne cisote cabuuta kumutwe wakwe ali fye nomushishi wakwe",lyeno mwanakashi afwele ifyamakumbi makumbi ena alelosha uko umwanakashi ali mupepi nankwe alepungulafya kulya,"elyo filemoneka bwino ifyabikwo busaka, pali umupunga elyo ne nkonko bafwile balaipakisha"
994,pa nshita yabushiku abantu abengi apali abaume nabanakashi bali mucikuulwa cabwalwa,"ici cikuulwa cilemoneke cikalamba sana, bushe cikuulwa camusango nshi? ","ici cikuulwa balanwinamo bwalwa, elyo balateyalamo nefyangalo fyalekanalekana,kabili abantu baleshishamo na malyashi ilyo balenwa",kanshi abantu balaipakisha sana pantu nimbona ifyo aba baume batatu beminine baletamba fimo,"ca cine, umo uuli pakati pali bena alepapa na fyaka kabili muli ci cine cikuulwa mwaliba namalangi yalekanalekana elyo nefipuna"
995,Abanakashi batatu nabekatana bale-enda kabili balemoneka ukuti balelosha,elyo kabili aba bonse batatu nabafwala ifibekobeko fyakuminwe ifyakashika kabili ifyapalana,"lyena babili abali mumbali nabekatilila uuli pakati, kabili uyu wine umwanakashi ali pakati afwele ilaya lyamacunga macunga",kabili uuli kukuso kwakwe nao wine afwele laya lyamuntuntula elyo kabili aba bonse nabafwala nefifimbo,"ca cine, bonse bafwele fyakufwala fyantambi, kabili uuli kukulyo kwakwe ena afwele laya lyakatapakatapa"
996,abaume babili abafwele ifyakubombelamo ama jinisi elyo notwpamulu twakatapakatapa balebomba,aba baume babili baleimba maloba kucifulo kuliko notufyani ne ngolofwani kabili  bamo balebomfya shofolo pawimba,"ca cine, elyo kabili mucifulo balombela bacingililako panono na pulashitiki yafiita ukushingulusha nomba bushe naumona ifili pantashi yabo?","Ee. nimbona, pali mazembe wamuntuntula uuletapula maloba ukuli umwaume eminineko pali aba babili",elyo kabili uyu wine mwaume nafwala ne cisote ngafintu baonse babili bafwele kabili afwile eule-ensha mazembe wine yu
997,umwaume uufwele shati lyamakumbi makumbi naimina mu cikuulwa aleimba,"elyo kabili nashibata menso, , na-asamuna na akanwa  aleimba no mweo wakwe onse","ca cine efyo cilemoneka, kabili yu mwaume nakwata na banjo kumaboko yakwe iyo alelisha pakwimba",Elyo kabili kuminwe yakwe nakwata notubekobeko utwingi nganshi uto afwele ilyo alelisha banjo yakwe,"kabili yu mwaume ilyo eminine aleimba pantashi yakwe pali necisoselo baimika umo aleimbila, kabili mupepi nankwe pali no mwanakashi wiminine"
998,abaume bane bali pa bakabalwe babo abafiitulukila kabili balebabutusha,"elyo kabili aba baume bonse nafwala ifyakufwala ifyapalana lelo fyapusana malangi kabili ifyaikata ku mibili yabo, bushe mulandu nshi?",ni pamulandu wakuti ifi bafwele efyo abantu bafwala nga cakuti balecimfyanya mucangalo cakubutusha bakabalwe babo pakuti ifyakufwala tafilebapumfyanya,"ninshi kanshi ifi balecimfyanya ecilengele bonse bafwale nefisote pakutila nangu bapona takuli bwafya, nomba bushe nikwi bali?$",aba bonse bali mucibansa umo balecimfyanisisha kabili muli namaloba kabili lubali lumbi kuli ne fyani fyakatapakatapa
999,Umwaume no mwanakashi bali ne cinga shabo kabili balecofa ,"aba bonse babili nabafwale fyampepo fyafiita, kabili mwanakashi natangilakofye panono pamwaume","elyo kabili pamusebo bali ukalamba sana, lyena umwanakashi akwete ncinga yakashikila elyo mwaume akwete iyafiita","elyo kabili pamusebo bali ukalamba sana, lyena umwanakashi akwete ncinga yakashikila elyo mwaume akwete iyafiita",elyo nakabili uyu mwaume nasende chola cafiita kabili mupepi napo balecofele ncinga pali ne cikuulwa cikalamba ica ntunti
1000,Mu cikuulwa cimo muli umwaume no mwanakashi abekele kabili pakati kabo pali icafiite cikalamba,"elyo kabili uyu mwaume nakwata necakashikila ku minwe yakwe, bushe naucishiba?","Ee, ici cafiita kabili icikalamba bacibomfya pakupanga nyimbo kabili calibeeka, bacita ukutila piano","caliyemba, kabili uyu mwanakashi nasekelela nga nshi ilyo alemona fyo balemulanga","elyo kabili kunuma ya uyu mwanakashi, mupepi ne cibumba camuntuntula kabili umwaume no mwanakashi abalesambililapo fimo"
1001,Umwaume ai pali kabalwe wafiitulukila kabili nakwata intambo kuminwe,kabili uyu mwaume nafwala itoloshi lyajinisi elyo ne cisote nomba bushe finshi alecita ne ntambo?,"ale-esha ukukobe ng'ombe iili pantashi yakwe kabili iibwitwike, kabili iikwete itambo baikobele mumukoshi",nomba bushe mulandu nshi uyu mwaume alecitile fi!?! kabili nikwisa uku ali?,nipamulandu wakuti aleteye cangalo cabakabalwe kabili ibumba lyabantu bekele mufipuna fyacikuulwa baletambe cangalo nefyo uyu mwaume alecita
1002,umwaume uufwele caketi lyafiita ne toloshi lyafiita naiminina kabili ali pali lamya yakwe,"kabili uyu mwaume alemoneka nasakamikwa nelyo aleloleshapo fimo, bushe nikwisa uku ali?","kabili cilemoneka kwati pali fimo ifyo alelolesha, naimina pakati yacifulo kwabe myotoke shingi isiminine pa musebo",elyo kabili ishi shine myotoka na ba tantika bwino icakuti shimbi balishipangila na pamuulu apo shikala ninshi ishinankwe  shimbi shili munshi,elyo kabili ukumushinguluka ponse apo ali kuli ifikuulwa fyantunti ifikalamba nga nshi eminine fye pakati
1003,umwaume uufwele shati lyabuutulukila elyo ne toloshi lyafiita ale-enda pamusebo,kabili ilyo uyu mwaume ale-enda alelolesha ifyo balenga pa cibumba,"ca cine, pacibumba balilengapo koswe wamupanga umukulu  cine cine","ala abalengele baliishibo kulenga cine cine icakuti alemoneka kwati nalimo wacine cine, elyo kabili alikwata nokanwa kasompa","ca cine sana kabili bamulenga uwafiitulukila, elyo kabili cibumba bamulengapo calikashikila kabili bacipanga namatafwali yanono yanono"
1004,"banakulu bantu na balumendo babili bale-enda, umulumendo acepelepo eutangile lyena babili nabashalilako panono",aba babili abashalile nabakwate fyola fyafiita kabili nabapalamana ilyo bale-enda,"kabili apo bale-endela pali ifyani fyauma, bushe naumona ifili mupepi nabena?",pali aka ng'anda ako bapanga namapulanga yatitinkana kabili akanono lyena kumbali kuli naimbi ing'anda,lyena kuntashi uko baleya kuli ne fimuti fyauma filemoneka kwati fyalibuutulukila
1005,Nakulu bantu uwakwato mushishi wakashikila naikala pamupando kabili namwentula,"elyo kabili nafwala namakalashi, nomba bushe finshi alecita kabili cipuna camusango nshi ici?",ici cipuna cilamwafwa ukupwisisha umulimo wakwe uwakupikula pantu nakwata ifyakupikwilako,kabili uyu nakulu bantu nafwala ne campepo cakupikula icabutulukila kabili panshi pali umuseke umuli ifyo balepikula,elyo kabili kunuma yakwa nakulu bantu wine kuli ne tebulo apali ne nsalu yabuuta apali ne fipepala apo balenga ifyalo
1006,umwanakashi naiminina kabili naimyo mwaume mukalamba mumaboko yakwe,elyo kabili uyu wine umwanakashi nafwala namakalashi elyo nasekelela nga nshi ilyo emishe uyu mwaume,"nomba mwaume wine alemoneka kwati natiina, kabili afwele ishati lyamakumbi makumbi",elyo mwanakashi ena afwele ifyabutulukilila nomba bushe mulandu nshi balemonekela Fi?,ifyakufwala fyabo filemoneka kwati nalimo bafuma mu menshi kabili kunuma yabo kuli icimuti cakatapakatapa elyo ne nyali mupepi ne cimuti
1007,abantu pabula bali panse ya cifulo kabili nabasunsumana,"aba bonse nabafwala ifyakufwala ifyapalana, bushe mulandu bafwalile muli uyu musango?",aba bantu balemoneka ukuti bana besukulu eco bafwalile fyamusango yu kabili uuli pantashi yabo mwanakashi naumone fyo acitile?,"Ee, nimbona, naimya utukondo twakwe tubili mumuulu napanga ne cishibilo camutende ukubomfyo tukondo twakwe",lyena nangu abanankwe nababika amano kufilecitika kuntashi yabo ena nasekelela kabili aloseshe kumbi nasekelela
1008,Umwaume uufwele icakufwala cakatapakatapa nasunsumana panshi kabili aleikata mucapulashitiki umuli tomato,"kabili uyu tomato wine alikashike cine cine, nomba bushe uyu mwaume alecita  finshi na tomato yafule fi?","uyu mwaume aleitantika bwino apo atantike ne misalu imbi pali na onion iingi iili mufyapulashitiki, aleshitisha ",ca cine aleshitisha pantu natantiko busaka busaka  kabili mupepi nankwe pali abantu abengi abatantike ifipe fyabo baleshitisha,"ca cine, nakuba kucifulo kuntu bali nipamushiika apo bashita nokushitisha ifintu fyalekanalekana makamaka ifyakulya"
1009,Umwaume uufwele icafiita naikala pamupando kabili nashinta munshiku,mupepi napo ekele pali ne tebulo bushe nifinshi fili pe tebulo?,pali ili tebulo pali fitabo fyalekanalekana kabili alelolesha muli cimo nabikako sana amano cili kwati taleumfwikisha ifyo alebelenga,"kwena efyo cilemoneka, lyena mumuputule muntu ekele baupanga ne fiibi elyo namawiindo yamwensha fyonse fyaba mukati elyo nakunse","ca cine, lyena panse kucibumba cakatapakatapa kuli ukuboko uko balenga utukondo tonse tusano kabili balishilaulako ulanga fimo ifyo abantu bengasambililapo"
1010,umwaume uufwele ifyakufwala fyafiita naiminina mumuulu pakati yafibumba fyaololoka fibili,"elyo kabili uyu mwaume natangala sana, bushe kwena kuti anina apatali ponse apa? nga finshi akwete kuminwe yakwe?",nakwato mulilo uule-aka kukuboko kumo lyena kumbi tekete nakucibumba ifiikete fye molu yakwe,"ca cine, kabili ifi fibumba fili pantashi yacikuulwa icikalamba icantunti",elyo kabili ici cine cikuulwa calikwata ne fiibi fyamakalashi kabili cilemoneka icamuntuntula
1011,akalibumba kanono aka bantu nabeminina pe shitolo baimikwa apali abaume nabanakashi,bushe finshi bashitishamo muli ili shitolo batini?,"ili shitolo bashitishamo ifyakulya fyalekanalekana ifyo bapanga nomukate, kabili mwishitolo muli mwaume lyena kunse kuli abaume nabanakashi","elyo nabatantika bwino ifi fine fyakulya kabili ubusaka mumbakuli yapulashitiki, nomba bushe finshi uyu mwaume afwele shati lyabuuta alecita mwi shitolo?","alepekanye fyakulya, euleshitisha, alepeela abantu bali patanshi yeshitolo abatanteme ukushite fyakulya uyu mwaume apekenye"
1012,"umwaume nanina mumuulu pacakutelepo, kabili ilyo ali apa pamuulu nasunsumana kabili naloshe cinso panshi","kwena uyu mwaume ali mumuulu icine cine, kabili nafwala ne fyakufwala fyafiita, kuti walanguluka nefyo alekwanisho kuba mumuulu","kwena cakupapa mwandi nomba nangu cibe fyo nakwate filemwafwo kuba mumuulu, kuli ici ekelepo kuli ntambo ile mumuulu bushe naumono koikete? ","Ee, nimbona, naikata kucakashika kunse lyena cafiita mukati icisungo mwela, kanshi ici ecilemwafwa ukwikala mumuulu","ca cine sana, elyo nga walolekesha, kuli na fimbi ifisungo mwela ifyamalangi yapusanapusana akatalamukila napo ali, fimbi fyamakumbi makumbi lyena fimbi fyalikashikila"
1013,imbwa inono iyabutulukilila naikala pafyani,kabili iyi mbwa yalikwata mafufu ayengi icine cine yaba namukufimba menso yaiko,"ca cine, kabili ilyo ikele nayasamuna na kanwa kaiko icakuti ululimi yaiko ulwakashika luli panse",elyo kabili pa fyani ikele pali notumaluba utunoono utusuma utwamutuntula,elyo kabili akatalamukila napo ili pali ne ng'anda  elyo kuli nefimuti
1014,Umwanakashi naikala kufituntu fyamumana,Kabili uyu mwanakashi nafwala ne caketi ilitali ilya fiita,"Elyo kabili ilyo ekele pamuulu wafituntu, amolu yakwe ayabikile mupepi fye nomumana",Elyo kabili cilemoneka kwati nalimo uyu mwanakashi nasakamikwa nelyo naya mukutontonkanya pali fimo ku mumana kuntu ele,Cacine kwena efyo cilemoneka pantu ekele fye eka kabili takuli nangu cimo icilemupumfyanya kabili aloleshe mumenshi
1015,Umwaume naikala pamupando wamapulanga,bushe finshi ifi uyu mwaume akwete kumaboko yakwe?,"ilemoneka ifyacela, kwati nalimo filimba alelisha, kukuboko kwakukuso naikata cimo icifikile pa menso lyena ekatile kukuboko kwakukulyo","Elyo nakabili uyu mwaume nafwala ne laya lyabuuta, kabili ifi filimba alelisha akete pakati kamaboko yakwe","Ca cine sana, elyo nakabili mucifulo ali mwalifiita, cilemoneka kwati bamusanikefye inyali apa pene fye apo ekele"
1016,Umwanakashi no mwaume nabekala pali bakabalwe babo cila umo umo,kabili umwanakshi afwele ishati lyamakumbi makumbi elyo ne toloshi lya jinisi,lyena umwaume ena afwele iyoloshi lya jinisi ne shati lyabutulukila kabili aba babili balelanshanyapo fimo ilyo bali pali bakabalwe,"Ca cine, kabili aba bonse babili nabafwela notusote kumitwe yabo kabili bale-ensha bakabalwe babo panono panono","Cishinka sana, elyo kabili bale-enda pamusebo wa tala lyena mumbali muli ne fimuti fyakatapakatapa ifyamena munshila yakuti filafwayanokukumana pakati"
1017,Kuncende imo kuli mwaume alelwishanya ne mbwa,Bushe kwena finshi filecitika pali uyu mwaume neyi mbwa?,Cilemoneka kwati nalimo imbwa ilemusuma kukuboko kwakwe eco akwatile icimuti cafiita kumaboko ale-esha ukuyuma,Ca cine cilemoneka kwati nalimo naimusuma sana pantu naimutolokela icesuko nafwalako fimo kukuboko kwine ifyatikama,"Elyo balelwishanya icakuti apo bali pali nolukungu icine cine, lyena kunuma yabo akatalmukila kuli ne fimutu ifyakatapakatapa"
1018,Umwanakashi naikala pakapuna panse pa nshita yakasuba,"Kabili uyu mwanakashi afwele ilaya lyabutulukila elyo ne caketi lyafiita, lyena nafwala ne cilongwe mumushishi wakwe","Elyo kabili ukuboko kwakwe kumo naikata kumutwe lyena kumbi naikata umushanga wafwaka, alemoneka kwati nalimo nasakamikwa icine cine ","Ca cine sana kabili pe tebulo lyakwe pali nakachola elyo notumuti twakwasishako fwaka, nomba bushe nikwi uyu mwanashi ali?","Uyu mwanakashi ekele panse yacikulwa icakulilamo, kabili mukati muli nomwanakashi aleshitishamo kabili icikuulwa cilamoneka mukati"
1019,Umwaume alipacingulungulu cakwe icamawilo kabili ali pamuulu we dalamu lyakashika,Kabili uyu mwaume nacita kwati nasunsumanako ili ali pacingulungulu cakwe,Elyo uyu afwele ifyakufwala fyafiita kabili pali iyi nshita nipa nshita yabushiku pantu uko alefuma nakufiita,"Ca cine, nomba bushe uyu mwaume teti apone ifi ale-ensesha pamuulu we dalamu?",nga cakuti apusapo fye kamo pafyo alecita kuti apone cabipisha emulandu wine alemonekela ukutila nabikako sana amano kufyo alecita
1020,Abantu bamo bali pa mushika apo batantike ifilubi fyafinama ,Kabili fyonse ifyo baleshitisha pali uyu mushiika fyabana abanono,"Ca cine, kabili ifilubi fimo nabafikobeka kumuulu, kabili kuli ne tambo shamutuntula, lyena fimbi ifilubi nabafikalika pamipando",Elyo nakabili kuli umwanakashi no mwaume abaleshitisha abali mupepi ne fifilubi,"Ca cine, kabili umwanakashi wine alelanshanya nabaume bafwele icamakumbi makumbi cilemoneka kwati alebalondolwepo fimo lyena kunuma ya uyu mwaume kuli abantu bambi balepita"
1021,Umwanakashi uufwele icakufwala cakashika elyone toloshi lyafita alepyanga,Elyo kabili icipango alebomfya citali kabili calikwata nokwakwikatila elyo kabili cakatapakatapa,"Ca cine, bushe nawishiba uko uyu mwanakashi alepyanga ali?","Ee, alepyangala panse yeshitolo, nomba bushe finshi fili mwishitolo?","Muli ifilubi ifyo bafwikileko utwamukati utwabanakashi utwapusana amalangi elyo kabili nabafifwika namashati yakushitisha, kabili ili shitolo lili mupepi ne linankwe"
1022,Umwaume ali kucifulo ukuli abantu abengi abalekanalekana apali abanakashi na baume panshita ya kasuba,Nafukama namolu yabili kabili naikatilila akasote Ako abikile panshi namaboko yonse yabili,Bushe nikwisa uyu umwaume ali muli Ici cifulo Umuli abantu abengi abalekanalekana apali abanakashi na baume panshita ya kasuba ?,"Umwaume nafukama panshi pamusebo apalepita abantu abengi abalekanalekana muli Ici cifulo apali abaume ,abanakashi\ abacaice elyo nabakoloshi",Cilemoneka kwati alelombelesha impiya ku bantu abalepita kabili alefwaya abantu balebika impiya mu kasote Kali kuminwe
1023,Abaume na banakashi abengi kabili abalekanalekana Bali panse ya ncende iyashingulukwane fikulwa panshita ya celo ,Ifikulwa fishingulwike iyi incende fikulwa fyantunti ifitali kabili ifya fitulukila,Icikulwa cili pakati nacikwata umusebo uulepulinkanya ukufumina panse kabili icikulwa nacikwata icibumbili ca nkoloko iikulu  pamulu,Bushe finshi Abaume na banakashi abengi kabili abalekanalekana Balicita  panse ya ncende iyashingulukwane fikulwa panshita ya celo ?,cilemoneka kwati no ncende uko abantu Besa mukumona ifintu basunga ifyakale  nangula inganda ya babenye
1024,umwaume nasunsumana pamusebo wamanenekela panshita ya kasuba naiteyanya ukwangala icanagalo,Nafwala insapato ishelangi lya makumbimakumbi me cimpompo ca fita ku mutwe pakuicingilila kumasanso,Bushe finshi alecita finshi uyu mulumendo uufwele insapato ishelangi lya makumbimakumbi me cimpompo ca fita ku mutwe pakuti aicingilile kumasanso ?,aleangala icangalo cakuashelemuka nensapato nangula siketini pa musebo wamanenekela,cilemoneka kwati aleleseshamo icitendwe muli Ici cangalo kabili icifulo aliko naicingililwa na neti iyakashika
1025,Umwana mwanakashi naikala mumbali yamusebo  panshi pakabumbili panshita ya kasuba,Nafwala unifomu yakusukulu kabili nakakila umushishi wakwe panuma,Bushe finshi umwana mwanakashi alecita Uwikele mumbali yamusebo  panshi pakabumbili panshita ya kasuba ?,Aline citabo nacisula cipalile kwati alebelengamo fimo kabili nabika ne cola cakwe kumbali ya kukuboko kwa kukulyo,Kuntanshi yakwe kuli umusebo naumbi kabili mumbali ya musebo muli  imyotoka ne fikulwa
1026,Umwana Alina banyina nabeminina mwishitima ilitali sana kabili ilyaemba nganshi panshita yakasuba,Bushe finshi balecita elyo Umwana na banyina beminina mwishitima ilitali sana kabili ilyahemba nganshi panshita yakasuba?,Balelengela pe windo cipalile kwati Pali abo balelolesha panse kabili bonse babili nabaposako sana amano kufyo balelolesha,umwana afwele ishati lyelangi lyakashikilila elyo banyina bafwele Ishati lya mutuntula babili nabapapa me chola ca kupapa kunuma,Ishitima banininemo litali sana kabili kuncende Ili kuli ifimuti ifitali ifisuma ifyakatapakatapa 
1027,Umwaume umukalamba naikala napeta amolu kabili naikata amakoko yakwe pansapato ya kukulyo,Uyu mwaume nafwala ishati ilikwete amalangi yabili Ilya makumbimakumbi ne lyabuta ne toloshi lya fita me cisote icikwete amalangi yapusanapusana,Bushe finshi umwaume  uufwele ishati ilikwete amalangi yabili Ilya makumbimakumbi ne lyabuta ne toloshi lya fita ne cisote icikwete amalangi yapusanapusana alecita?,Naikala uwa iteyanya busaka busaka  kabili ukulinana nefyo ekele elyo nefyo alemomeka pamenso cipalile kwati Pali abalefyaya ukumukopa icikope,Cipalile kwati acilaimba elo apwishafye pantu pantashi yakwe Pali icisolobelo cakwimbilako
1028,Abaume babili nabeminina munshi ya motoka iyo beswile pakati kamusebo wa manenekela,Aba baume babili nabafwala amashati yelangi lya buta elyo imbi afwele kaputula umbi itoloshi lye langi lyafitulukila,Bushe finshi balecita pakati kamusebo wamanenekela Aba baume babili abafwele  amashati yapusana amalangi umbi yelangi lya buta elyo imbi afwele kaputula umbi itoloshi lye langi lyafitulukila,cilemoneka kwati balelungisha motoka beswile kabili nabasokola namawilo wakuntanshi Aya Motoka,Kunuma ya motoka aba baume babili bemininepo kuli motoka naimbi iyo abantu abengi  bashingulwike
1029,Umulumendo wankanda yabuta naiminina panse pakakushelemukilako aka mipeto mushita ya kasuba,Bushe alecita finshi umulumendo  wankanda yabuta uwiminine panse pakakushelemukilako aka mipeto mushita ya kasuba?,umulumendo aleshelemuka pakashimbi Kali panse ya cikulwa icitali kabili naimya namaboko yonse yabili,"alemonekela u waitayanya kabili taletina eyo aleshelemuka , kabili nafwala itoloshi ne shati ilikwetemo ilangi lyamakumbimakumbi",icifulo aliko cilemoneka icayemba kabili kunuma yakwe kuli ifimuti ifyakatapakatapa ifyayemba
1030,Abaume Bali nabeminina kumbali yamumana mushita ya kasuba kabili bonse babili bafwele amashati ayepi amaboko no tuputula,"Umwaume umo Ali bacilubao icikui apo babikile imipando ,ifyakusailapo elyo me fyola",icicilubao cabatalala nacikakililwa no tumuti utwiminine apo babikile itenti lya kubacingilila ku kasuba akakali,Bushe Abaume beminina kumbali yamumana mushita ya kasuba kabili bonse  sbafwele amashati ayepi amaboko no tuputula balecita finshi kumbali yamumana?,cilemoneka kwati beshile mukukwata inshita iisuma mupepi no mumana kabili nabalonga ifintu fyonse ifyo balekabila 
1031,Abakashana babili Bali mumuputule umo nabeminina  apapusana pusanamunshita yakasuba,pali abal banakashi babili pali umwanakashi afwele ijaketi lya butulukila   elyo umukashana umbi afwele ishati lyelangi lyamakumbimakumbi ,Bushe finishi balecita muli uyu muputule bali aba bakashana babili  elyo beminina  apapusana pusana munshita yakasuba?,balecopana ifikope umwanaka uufwele ijaketi lya butulukila alekopwa icikope kabili umukashana uufwele ishati lyelangi lyamakumbimakumbi eulemukopa,umukashana uulekopa natonta icakupindulwilako elyo uulekopwa  naiminina uwaiteyanya
1032,Umwana mulumendo Ali mucibansa nafwala ishati lyelangi lyakashika netoloshi lya butulukila,"Umwaume umo Ali bacilubao icikulu apo babikile imipando ,ifyakusailapo elyo me fyola",bushe finshi umwana mulumendo alecita elyo ali mucibansa nafwala ishati lyelangi lyakashika netoloshi lya butulukila?,cilemoneka kwati aleangala icangalo cakuteya umupila  kabili Pali aka kashita alemonekela kwati aleya mukutola  alamupila,kuli iyi incende umwana aliko kuli nabakulu abafwele ifyakufwala ifyelangi lya buta tutu
1033,abaume nomukashana Bali mucikulwa icilemoneka nelangi lya katapakatapaka . abaume Bali batatu elyo nomwanakashi ali umo,abaume babili no mwanakashi umo beminine pamo elyo umbi umwaume eminine ekakunuma yabo ,"Bushe finshi aba Bantu batatu balecita, abaume nomukashana aBali mucikulwa icilemoneka nelangi lya katapakatapaka ?",Balelanshyanya Pali fimo umo umwaume Pali aba alemonekela kwati nikapokola  pantu nafwala yunifomu yabakapokola,Umwaume eminine kunuma ya aba bantu alelolesha uko aba batatu balelanshyanya kabili naposako sana amano
1034,Abaume bankanda yabuta nabekala mucimbayambaya icelangi lya buta panshita ya kasuba,Bushe finshi  aba baume bankanda yabuta abekele mucimbayambaya icelangi lya buta panshita ya kasuba balecita?,Nabekala nabafumya no kuboko kwakukulyo panse  cipale cipalile kwati Pali ifyo balelolela elyo bali muli motoka,Bushe nikwisa Bali ne cimbayambaya Cabo elyo bekele nabafumya no kuboko kwakukulyo panse cipale cipale?,nabeminika icimbayambaya cabo kuncende yakwiminikako imyotoka kabili balemoneka balifye beka
1035,Imbwa shibili ishafita fititi shili mucibansa panshita ya kasuba imo ilikunuma elyo imbi Ili kuntanshi ,Bushe finshi ishi Imbwa shibili ishafita fititi ishili mucibansa panshita ya kasuba finshi shilecita mucibansa? ,Imbwa shilepepekana shilemoneka kwati shilelwa pantu imbwa iilikunuma naisuma iilikuntanshi,Bushe  incende Imbwa shibili ishafita fititi ishili mucibansa panshita ya kasuba  shiliko ilemoneka Shani?,Iyi incende naikwata ifyani ifyelangi lya katapakatapaka kabili shiliko sheka kuli iyi incende
1036,"Abantu abalekanalekana abengi Bali pacifulo cimo panshita ya kasuba,Pali aba bantu Pali abaume na banakashi","Bushe iyi incende  uko abantu abalekanalekana abengi aBali pacifulo cimo bali  panshita ya kasuba, ilemoneka Shani?",iyi incende ilemoneka bwino sana kabili naikwata ifikulwa fyantunti ifitali ifisuma kabili panse Pali umwamfuli we langi lyakashika ne cikwepe,Bushe finshi aba bantu balecita kuli iyi incende  ilemoneka bwino sana kabili iikwete ifikulwa fyantunti ifitali ifisuma?,Beshile mukushita ifintu pantu Ici cifulo cilemoneka kwati mushika
1037,Umwaume alimumpanga nasunsumana panshita yakasuba nafwala icisote kumutwe kabili napapa me cola icikweteko ilangi lya makumbimakumbi,Nga nifinshi umwaume  alimumpanga nasunsumana panshi yakasuba uufwele icisote kumutwe kabili napapa me cola icikweteko ilangi lya makumbimakumbi aleecita ?,umwaume alemonekela kwati Pali ifyo alekopa pantu naikata icakukopelako kuminwe nokuboko kumo ukwakuluso,Bushe incende aliko umwaume uulemonekela kwati Pali ifyo alekopa  ilemoneka Shani?,Incende ilemoneka iyamabwe ayanono yanono kabili kuli ne fimuti fyakatapakatapa ne fimuti ifilelukusha amaluba yakashika
1038,Abaume bane nomwanakashi umo Bali mumuputule panshita ya kasuba na beminina,umukashana ufwele akafunga mabele na kaputula kamukati kekakeka nakatambala  kashikilila Ali pantanshi ya baume bane abalikunuma,Bushe finshi umukashana alecita mumuputule umuli abaume bane panshita ya kasuba ?,Umukashana naiminina uwaiteyanya cilemoneka kwati alekopwa ifikope alemonekela kwati alishibikwa sana,Abaume Bali kunuma yakwe balemoneka ngebumba ililekopa umukashana ifikope
1039,Abaume bamo na banakashi babili bali mumuputule wakusambililamo,Bushe finshi balecita muli uyu muputule wakusambililamo  abaume bamo na banakashi babili?,Abakashana balesambilila kabili cilemoneka kwati abaume abalikuntanshi nibakafundisha balefunda abanakashi babili,Abaume abalalefunda nabekata ukuboko kwakukulyo mwitumba elyo kumbi ukuboko bale Sonta pa filembo Fili pacibumba,"Muli uyu muputule muli utupuna twakwikalapo,itebulo apali icola na compyuta ne fyakunwa"
1040,Imbwa yamalangi yabili ilyafita ne lya buta Ili mumpanga yeka,Imbwa ikwete akanwa akakashika elyo naikwata umushipi mumukoshi uwafita,Bushe finshi  Imbwa yamalangi yabili ilyafita ne lya buta  ilecita mumpanga yeka?,Naikala mupepi ne cimuti iletusha mumpanga yeka,Mumpanga Ili muli ifimuti  ifileponya amabula ayauma ne fyani
1041,Umwaume no mwanakashi nabeminina pa mupompi uuli mupepi necifulo ukulu ifimuti ne fyani fyakatapakatapa kabili Bali ne mbwa shibili,Pali ishi imbwa imo ikwete amalangi yabili ilyafita ne lya fitulukila elyo imbi Ikwete ilangi  ilyabutulikila,Bushe finshi filecita Pali ishi imbwa imo ikwete amalangi yabili ilyafita ne lya fitulukila elyo imbi Ikwete ilangi  ilyabutulikila?,Imbwa bashiletele mukunwa amenshi kabili na shumfwa bwino sana pantu shaciba necilaka,Imbwa yafitulukila nabaikata pamukoshi kumwanakashi elyo ilenwa amenshi kabili umwaume euleisula umupompo wa menshi
1042,"Abaume bamo nabanakashi bamo Bali kucifulo Icayemba nabeminina pantanshi yetebulo, kabili kunuma yabo kuli abantu nabambi",Incende Baliko nabaiyemfya sana pamatebulo Pali amaluba elyo kuli ulunkoto nefimuti ifisuma,Bushe finshi abaume na banakashi aBali pantanshi yetebulo kuli ici cifulo icayemba balecita?,Balelanshyanya  pafyo ukusefya kwalaba cilemoneka kwati balume na bakashi pantu bonse nabafwala ininda minwe,Abantu Bambi bambi kunuma aba babili balemoneka kwati nibakapekanya bafyakulya pantu beminine petebulo apali ifyakulya ifingi
1043,Umwana mulumendo Ali mucibansa cakuteyelamo umupila naiminina panshita ya kasuba,Umulumendo afwele ishati ilili kunse ilyelangi lya katapakatapaka na kaputula ne nsokoshi shelangi lya makumbimakumbi,Bushe finshi umulumendo uufwele ishati ilili kunse ilyelangi lya katapakatapaka na kaputula ne nsokoshi shelangi lya makumbimakumbi alecita mucibansa?,Aleteya icangalo camupila Ica tenesi .pali iyi nshita aleuma akamupila ka tenesi aka katapakatapaka,Kuncende umulumendo Ali kuli ulunkoto nefimuti ifisuma ifyakatapakatapa
1044,umwana mulumendo Ali kululamba lwamumana munshita ya mucungulo,Bushe finshi alecita uku eka umwana mulumendo Ali kululamba lwamumana munshita ya mucungulo,Aleenda mumbali yabemba cipalile kwati alebutukila ukutamba amabimbi ya bemba,Nafwala  ishati lya maboko iyepi ilyelangi lya butulukila na kaputula akelangi lya fitulukila,Kuli iyi incende kuli umulumendo takuli ifimuti lelo kulifye amenshi namabwe
1045,Umwaume naiminina pa cifulo icikwete ifimuti ne cikulwa kukuso kwakwe apali abakasha basano abekele pacibumbili panse ya cikulwa  panshita ya kasuba,Pali aba banakashi basano batatu nabafwala amatoloshi  yelangi lya makumbimakumbi kabili batatu Pali aba bene abantu  bafwele amashati yelangi lya butatutu,Abaume na banakashi bane Bali na malamya ku minwe kabili na baposa sana amano kufyo balecita Pali ba lamya,Bushe finshi balecita aba bantu?,cilemoneka kwati umwaume uwiminine alefunda abanakashi abekele ifyakubomfya ba musange wabo ukufya fimo
1046,Umulumendo Ali mwibala lyakwata ulunkoto ulwaputwa bwino nefimuti ifisuma ifyakatapakatapa panshita ya kasuba,Bushe finshi afwele uyu Umulumendo Ali mwibala lyakwata ulunkoto ulwaputwa bwino nefimuti ifisuma ifyakatapakatapa panshita ya kasuba?,"Nafwala icisote kumutwe , ishati namapa ilyelangi lya makumbimakumbi ne kaputula kelangi lya fita fititi","Bushe finshi alecita uyu mulumendo ufwala icisote kumutwe , ishati namapa ilyelangi lya makumbimakumbi ne kaputula kelangi lya fita fititi?",Uyu mwaume alebuka muli Ili bala kabili alebutukisha  sana cilemoneka kwati balecimfyanya ukubutuka ngula Pali ifyo alepepeka
1047,Abanakashi abafwele itoloshi lye langi lyafitulukila ne shati Ilya makumbimakumbi Bali no tubana tubili kuncende iisuma ukuli nabantu Bambi,Pali aba bana umo mukulu umwaume elyo umbi mubono umwanakashi kabili afwele ifyakufwala ify butatutu nabamupapa  no kumupapa,Bushe finshi Abanakashi abafwele itoloshi lye langi lyafitulukila ne shati Ilya makumbimakumbi  balecita uku?,Beshile mukutandala kuli iyi incende kabili umwana mwaume uufwele ishati lya makumbimakumbi nanina pacibumbili kabili alelolesha kumo uko asontele no kuboko,"Kuncende Bali kunuma yabo kuli utumaluba utwipi utwakatapakatapa elyo pantanshi yabo pena Pali utukunda utwingi utwamalangi ya buta , akafita elyo fitulukila."
1048,Abalumendo nabakashana Bali mumu putule  panshita ya kasuba nabeminina,Abalumendo nabakashana bonse ukufumishako fye abaume abafwele ifya buta Bali nama banjo kuminwe,Bushe finshi balecita abalumendo nabakashana aBali mumu putule  panshita ya kasuba nabeminina?,Abanakashi na baume balelisha ama banjo yabo kabili baleimba no kwimba,muli uyu muputule bali muli iwindo ilikulu kabili pacibumba pali icikope icobalengapo
1049,Umwaume wankanda fita uwakwata umushishi utali naikala panse pa mbeketi yamutuntula,"Nabafwala icisote celangi lya makumbimakumbi, ishati lyakatapakatapa be toloshi lyafitulukila","Bushe finshi balecita aba baume afwele icisote celangi lya makumbimakumbi, ishati lyakatapakatapa ne toloshi lyafitulukila?",balewamya ifisano ukubomfya panga kabili kuli imiseke Isha pulasitiki shibili umuli ifi fisabo,Pancende abaume bekele Pali umucanga uwingi kabili Mumba muli ifimuti ifitali sana ifyakatapakatapa
1050,Umwaume uwankanda yabuta nafwala icisote celangi lya makumbimakumbi kumutwe naiminina mumu putule,Nafwala Icampepo Icikwete amalangi yapusanapusana yabili ilyafita ne lya kashika,Bushe alemonekela ati finshi alecita Umwaume uwankanda yabuta uufwele icisote celangi lya makumbimakumbi kumutwe ?,Nakontamina panshi cipalile kwati Pali ifyo alelolesha icapala nga Pali lamya,Alemonekela kwati naposako sana amano kufyo alecita kabili incende ilemoneka ne cikope apali abaume na banakashi I co bakobeke pa cibumba
1051,Abanakashi babili na baume bamo Bali mumuputule umo panshita ya kasuba,Abaume nabafwala ishati lyelangi lya kashika  netoloshi lya fitulukila elyo abanakashi bamo bafwele Ishati lya makumbimakumbi netoloshi lya fitulukila ,Bushe finshi filecitika muli uyu muputule umuli abanakashi babili na baume bamo  panshita ya kasuba?,Abanakashi abafwele ilayaumuli ilangi lyamakumbimakumbi no mushishi uwipi uwelangi lya kashika alepela umbi umwanakashi ifyakulya ifyapala umukate,Muli uyuwineuputule muli itebulo apo babikile  imikate iyingi sana cipalile kwati abaume  na banakashi ba mushishi wa kashika bacifuma  mukupanga umukate
1052,"Abaume babili nabeminina panse ya sitolo munshita ya kasuba,Pali aba baume bamo bacikoloci kabili beminine kunuma ya mulumendo",Abacikoloci nabafwala ifyakufwala ifyakatapakatapa kabili nabekata amaboko yonse yabili mumatumba elyo beminine,Bushe finshi balecita?,"Bali mupepi ne co nabomfwa ukocelako ifyamunani munani kabili Pali  Ici Pali ifintu ifyalekanalekana pamo nga umulembwe uubishi,inkoko iyaocewa elyo no tumikate utunono",cipalile kwati balesefya  kabili Pali akakashita Pali abo balelolesha pantanshi yabo
1053,Umwanakashi uufwele ishati lya fita Ali pa ncinga  mumu sebo wamanenekela panshita ya kasuba,Uyu mukashana nafwala icimpompo kumutwe icakuicingilila kabili napapa ne chola panuma icelangi lya katapakatapaka,kuncende Ali kuli ifikulwa fyantunti elyo nefimuti fyapatalipatali lelo kunumafye yakwe kuli icimbayambaya celangi lya makumbimakumbi icilemukonka munuma mucipicipi, Bushe finshi umukashana alecita pakati kamusebo,Umukashana ale cofa incinga yakwe cipalile kwati aleciluka umusebo pa ma roboti
1054,"Umulumendo naikala naikata munshi  mumbali yamusebo , nafwala ishati lyamishilwa yamalangi yabili ilyafita ne lya buta ne toloshi lye langi lya makumbimakumbi",Kuncende Ali kuli ifikulwa fyantunti ifitali kabili kuntanshi yakwe kuli abantu abalekanalekana a abalepita elyo kunuma yakwe kuli umwaume uuninine mucikwepe,Umwaume aninine mucikwepe  icama galashi lelo umwaume akele panshi naikatilila icola ce langi lya makumbimakumbi nokuboko kwakukuso,Bushe uyu mulumendo ekele alecita finshi? ,umwaume naikala alelolesha bushilya bwamusebo cilemoneka kwati Pali abo alelolela kabili cipalile kwati nasakamana sana
1055,"Abantu abapusanapusa Bali pancende imo panse mushita ya kasuba,Pali aba bantu Pali abaume , abanakashi  , abacikoloci elyo me misepela","Bamo abantu kuli Ici cifulo nabeka ,Bambi nabeminina elyo Bambi baleenda",Mupepi nabonse abali kuli iyi incende Bali ne fyola kanshi cilemoneka kwati iyi incende ni pacitesheni ye shitima pantu Pali shitima pantanshi ya bantu,Bushe finshi aba bantu balecita kucitesheni ce shitima?,Bamo balelolela ukunina mwishitima elyo Bambi cili kwati Pali abo balelolela abalefuma mwishitima
1056,Abaume Bali nomwana mwaume mumuputule nabafwala ishati lyelangi lya fita ne toloshi lyelangi lya makumbimakumbi,Nabekala pacipuna pacakukunkulushishapo abalema nangula wiuceya kabili umwana mwaume Bali naena afwele ishati lya kashika netoloshi lya makumbimakumbi,Incende Baliko ilemoneka kwati Niku cipatala na wiuceya bakelepo ilemoneka iyakucipatala,Bushe finshi balecita Pali aka kashita?,"Baleensha wiuceya kabili umwana mwaume uuli kunuma yabo eulebasunka, cilemoneka kwati balifunika amolu"
1057,Imbwa Ili mucibansa umuli ifyani ifyayemba ifyelangi lya katapakatapaka panshita ya kasuba,Iyi mbwa ikwete amafufu yelangi lyabutulukila lelo naikwata amatipa kumolu na palufumo,Iyi mbwa naikwata umushipi mumukoshi uwelangi lya kashikilila elyo nentambo iipitile pamubili nakumolu yakuntanshi,Bushe finshi ilecita?,Imbwa ileenda ilemonekela Kwati ileya kumo lelo yafuma mukwangala mumatipa
1058,Abaume Bali abafwele ifyakufwala ifyelangi lya katapakatapaka balimumpanga iyamabwe ayengi,Bushe balecita finshi?,Baleenda nabapinga nacimo icapala ubwato I abuta cipalile kwati baleya kumumana,Nge ncende balepitamo ilemoneka Shani?,Incende Baliko ilemoneka iyamabwe  nefimuti ifyayemba ifyelangi lya katapakatapaka kabili umusebo balepitamo wakamfyemfye
1059,Umwana mwanakashi  naikala natulumuna amenso mukapuna kabana babili afwele ifyakufwala ifyabutulukila no tumalangi twa makumbimakumbi utunono,Umwana mwanakashi mumutwe wakwe pantanshi naba mukakilila utukuti tubili,Bushe Nishi umwana alecita?,Umwana naikala shilili  alenwa ifyakunwanwanwa nangula yogati,"Uyu mwana alemonekela aleunfwa bwino elyo alenwakabili naishinga ifyo alenwa  pakanwa , kuminwe napa mona"
1060,Umwaume uufwele ishati lya buta ne toloshi lyelangi lya fitulukila nanina mucimbayambaya cakuwamisha umusebo I celangi lyakatapakatapa,Bushe finshi umwaume alecita?,"Umwaume alewamya umusebo ukubomfya icimbayambaya Anininemo, alemonekela uwaipekanya kabili taletina eyo aleensha icimbayambaya",Bushe kuncende Ali kulemoneka Shani?,kulemoneka ukusuma kabili ukukuso kwakwe kuli ifikulwa fyantunti ifitali elyo Mumbali yaifi fikulwa muli amacinga yabili ayo beminike
1061,Umwaume uufwele ifyakufwala ifyafitulukila naiminina mumuputule  uusuma nganshi kabili alimofye eka,Muli icifulo Ali umwaume mulemoneka nge cifulo cakubombelamo  ,Bushe finshi umwaume alecita ?,Umwaume alebomba kabili ashele alebombafye eka lelo cipalile kwati alipakwinuka pantu naiminina,"muli icifulo muli apakubombela abantu apengi apali amatebulo , utuputula elyo  na ma kompyuta"
1062,Abalume baina abafwele ishati lyelangi lya buta ne campepo cafita netoloshi lya makumbimakumbi nabekala pakapuna panshita ya bushiku,Bushe finshi umwaume alecita pa cipuna?,Umwaume nailala aleshipula pakapuna cipalile kwati acilabomba lelo nanaka alefwaya ukutushako,Umwaume nailala aleshipula pakapuna cipalile kwati acilabomba lelo nanaka alefwaya ukutushako,Uyu mwaume Ali muputule wakubombelamo kabili muli uyuwineuputule muli ne fitabo ifingi ifyo batatike mutuma sheofu
1063,umwana mwanakashi alipanse  naiminina  Pali cimo icelangi lya mutuntula,,Apo umwana mwanakashi eminine be panse paleloka imfula iyingi kabili apo eminine mupepi Pali ulunkoto no musebo wamanenekela,Bushe finshi uyu mwana mwanakashi eminine mumfula?,cipalile kwati aleangala mu mfula kabili Ali uwasekelela nganshi elyo aleangala mumfula
1064,Umwana mulumento alimumulu kuncende ukuli ifikulwa fyantunti panshita yakasuba,Bushe finshi alecita mumulu?,Aletoloka ukufuma pa cikulwa cantunti icitali ukuponena panshi,Bushe alemoneka shani uyu mwana mulumendo,Alemoneka uwaiteyanya elyo aletoloka kabili taletina iyo
1065,Abanakashi  abafwele  lya fibutulukila balekunkusha abaume abafwele ishati lyelangi lya makumbimakumbi abalo Pali wiuceya.cipalile kwati balume na bakashi ,Bushe finshi balecita kuli iyi incende?,Abanakashi balekunkulusha abaume pa cipuna cakukunkulushishapo abalemana amolu cipalile kwati balume na bakashi,Bushe kuncende Bali kulemoneka Shani ,"Incende Baliko ilemoneka  iyayemba ,kuli ifikulwa fyantunti ifitali Kunuma yabo elyo kabili  kuli nabantu abalekanalekana abalepita"
1066,Imbwa shibili ishamalangi yabili yabili imo ikwete amafufu yelangi lyafitulukila ne ya buta elyo imbi amalangi yafita ne ya butulukila shili pa lubansa ,Imbwa yamalangi yabili ilyafita ne lya butulukila nailala panshi lelo naipunama ilelolesha imbwa I ya fitulukila ne lya buta ,Bushe finshi shilecita pa lubansa,Bushe finshi shilecita pa lubansa,Ishimbwa shili mupepi necibi kabili pamushi shili palifye utufyani utunono apatali patali
1067,Umwana mwaume uufwele ifyakufwala fya malangi ya makumbimakumbi ne lya kashikilila Ali panse panshi yakasuba,Bushe finshi alecita?,Uyu mwana mwaume aletinta imiseke wacela uwakwata imipeto namaka sana kabili nabikako sana amano kufyo alecita,Bushe alikwisa uyu mwana mwaume?,"uyu mwana mwaume Ali palubansa mupepi neluba elyo kuncende Ali kuli abantu abapusanapusa ,apali abaume abakulu , abanakashi Elyo nabacaice"
1068,Abaume Bali nomwana panse yafikulwa panshita ya bushiku bekele pakapuna mumbali yacikulwa cimo,Aba baume nabateka umwana pamulu we tebulo kabili nabamwikatisha elyo pali  Ili line itebulo Pali no lukombo lwakunwinako  kofi,Bushe finshi balecita?,Nabekala balenwa kofi cilemoneka kwati beshile mukukwata inshitaiisuma no mwana naba wishi,Icifulo Baliko cilemoneka icafitulukila takuli amalaiti ayengi elyo kuli iyi incende kulepita nabantu bambi
1069,Umwana Ali mucakwangalilamo icelangi lya makumbimakumbi icikwete no tushimbi utwa sivere naikala kabili naikatilila utu tushimbi twa sivere,Bushe finshi alecita muli Ici cakwangalilamo?,Umwana aleanga kabili naseka sans alemonekela kwati natemwa sana ukuba muli cakwangalilamo,Bushe Ali eka uyumwana?,Uyu mwana tali eka cipalile kwati eshile na bafyashi pantu incende aliko ilemoneka Kwati nincende yakwangalikako abana
1070,Abaume babili Bali mucakwabukilako mumulu muncende ya mpili nangu mu menshi makasa,Ico banininemo cileshelemuka mumulu  pantambo iitali ikakililwe ne cimuti icakosa icikwete ne fyela,Bushe finshi balecita,Nabekala mucakubenseshamo cipalile kwati bafumine bushilya lya lupili kabili baleabuka ukuya kuli lumbi ulupili,Incende Baliko ilemoneka naikwata ifimuti ifitali ifyakatapakatapa elyo kuli ne mpili ishikwete amenshi makasa ayengi
1071,Bashikulu bantu abankanda ya fita  nabekala Mumba ya musebo  nabafwala umwingila wamalubamaluba umuli amalangi ayakashikilila na ya makumbimakumbi,Bushe finshi balecita panshita ya kasuba musebo,Nabalolesha kuntanshi yabo nabekata na kakapu ka kofi muminwe cipalile kwati Pali abo balemoneka nangu ifyo balemona,Bushe balemoneka Shani?,Balemoneka abatekanya kabili kuncende Bali kuli abantu abalepita pantanshi yabo akatalamukila elyo ne myotoka
1072,Abaume na banakashi abengi abalekanalekana Bali  mucifulo como panshita ya kasuba,"Pali abanakashi babili abeminine kabili umwanakashi Ali no mushishi uwafita elyo umbi no wabuta ,ab bonse babili nabafwala utusote kumutwe",Bushe finshi aba bakashana baminine babili balecita,Aba bakashana balelanshyanya cipalile kwati Pali ifyo balepeleshanya kuminwe,Abantu napamo bonse nabekala patupuna cilemoneka kwati beshile mutamba icangalo cimo
1073,Umwaume naiminina mumuputule umulemoneka ifintu ifya fyela,Bushe umwaume alikwisa?,Li muputule eka mucifulo Ali mulemoka nga mu indastri,Bushe finshi umwaume alecita ,Umwaume alebomba muli iyi yine indastri cipalile kwati Pali ifyo alemonekela  mupepi ne cacela icimupaipi icikulu kabili Icitali
1074,Umwaume mwaume naiminina kumbali ya musebo nafwala Ishati lya fita netoloshi lya fitulukila,Bushe finshi alecita umwana?,Naikata fimo kuminwe cipalile kwati Pali ifyo alelya ,kunuma ya uyu mwana kuli abaume babili abali mupepi namotika yelangi lya kashika kabili kuli iyi yine incende kuli imyotoka ishitanteme,Abaume Bali abali Pali motoka ya kashikilila balemoneka kwati balefya ukuilungisha Pali ifyonaikeko
1075,Umwana mwanakashi uwankanda yafita naikala pa cimpelwa,Bushe finshi alecita ?,Alepeluka pacimpelwa kabili naikatilila namaboko yonse yabili kucimpelwa ilyo alepeluka,Bushe incende aliko uyu mwana mwanakashi ilemoneka Shani,Iyi incende naikwata utumabwe utunono pamushi kabili Ici cifulo cilemoneka kwati nincende yakwangalikako abana
1076,Umwanakashi uufwele ishati lya makumbimakumbi  netoloshi lya fitulukila  nasunsumana pamushili,Bushe alecita finshi?,Aleikata pa mushili nokuboko  kwa  kukulyo elyo alemonekela kwati Pali abo alelolesha abo apunamine, Bushe incende aliko ilemoneka Shani?,Incende umwanakashi aliko takuli ifili fyonse elyo umushili Ili uwalepauka cilemoneka kwati umushili ulepawike pamulandu wa kasuba  
1077,Umwaume uufwele ishati lya makumbimakumbi nakaputula  kafitulukila Ali mumuputule panshita ya bushiku,Bushe finshi Fili muli uyu muputule?,Muli uyu muputule muli  ifisolobelo ifyapusanapusana ifya kulishishako inyimbo nama laiti nayaka,Nga nifinshi umwaume alecita muli uyu muputule?, Naikala cilemoneka kwati aleimba no kulisha ifisolobelo fya nyimbo 
1078,Abanakashi abakalamba abafwele ishati lya katapakatapaka me citenge cakashikilila Bali pance nabeminina,Bushe nikwisa Bali aba banakashi?,"Bali kuncende ukuli imbabula  shibili ishikulu ,impoto ,imbale no tukunkubiti twa menshi cipalile kwati cifulo ukobepikila nokulila ifyakulya",Nga bena abanakashi balecita finshi kuli Ici cifulo?,Nabekata Pani iikulu nakasalu kakwipwilako ifimuntu akamakumbi makumbimakumbi cilemoneka baleipula Pani pamulilo kabili baleipika
1079,Imbwa shibili imo yelangi lyafita elyo imbi Ili nelangi lya butulukila shili mumpanga umuli ifyani ifyauma,Bushe finshi imbwa shilecita mumpanga?,Shileangala shilemoneka kwati Pali ifyo shilefwaya elyo kabili nashikata umushipi cila umo umo mumukoshi imbwa yelangi lya fita uli uwafita fititit elyo uwambwa ya butulukila uli uwa katapakatapaka,Bushe incende imbwa shiliko ilemoneka Shani?,Incende naikwata ifimuti ifyakatapakatapa mumbali elyo naikwata ne fyani ifitaliko panono ifyauma
1080,Abanakashi babili umo uufwele ishati lya butulukila elyo umbi afwele ishati lyakatapakatapa nabeminina mumuy mupepi netebulo lya mbao,Bushe nikwisa aba banakashi Bali?,Bali mumuputule uucingililwe namatanda cilemoneka kwati muputule babililamo ifyakufwala,Nomba finshi aba banakashi balecita muli uyu muputule?,Balebila ifyakufwala  ifili petebulo kabili nababika sana amano kufyo balebila
1081,"Umwana mwaume Ali mumuputule  naikata utumyotoka tutatu utuli namalangi yapusanapusana iya makumbimakumbi,lya mutuntula elyo nelya katapakatapaka",Bushe finshi alecita?,"Umwana mwaume aleangasha utumyotoka ,Pali cimo icapala umusebo pe tebulo epo aletwensesha pakwangala",Bushe uyu mwana alikwisa?,Uyu mwana Ali mumuputule wakwipikilamo ifyakulya.kabili muli uyumuputule muli ifipuna fyakulilamo elyo ne fyakulya 
1082,Umwanakashi naikala pakapuna panse mupepi ne tebulo apali akabotolo kamuti kuncende ukuli abantu abengi abalekanalekana ,Bushe uyu mwanakashi alecita finshi ?,Umukashana naikala pakapuna alepikula namaboko yonse yabili lelo cilemoneka kwati Pali abo alelolesha abali pantanshi yakwe,Bushe abantu Bambi abali kuli iyi incende balecita finshi?,Aba bantu balecita ifintu ifyapusanapusana bamo  baleenda elyo Bambi nabekala patubumbili akatalamukila ukuli umwanakashi alepikula
1083,Abanakashi babili umo uufwele ishati lya butulukila netoloshi lya  fita I umbi afwele ishati lya kashika ne toloshi lyelangi lya makumbimakumbi Bali mumulu,Bushe finshi aba bana balecita?,Aba banakashi baletoloka amabaka ukuya mumulu elyo baleangala kabili umushishi wabo uleululuka namaboko babe yali mumulu,Bushe icifulo Baliko cilemoneka Shani?,Icifulo cilemoneka icayemba kabili nacikwata  ifimiti  ifitali sana ifyakatapakatapa 
1084,Imbwa iyelangi lya  fita kumubili lelo iyabuta pacifiba na kumaka Ili mumpanga panshita ya kasuba,Kuncende iyi mbwa Ili kuli ifimasaka ifikulu umulemoneka kwati  muli ifyani ifyauma,Bushe finshi imbwa ilecita?,Imbwa iletolauka pafimasaka filambalele panshi cilemoneka kwati Pali uko ilebutukila,"Incende imbwa Iliko kuli  ifimuti ,ifyani elyo namaluba"
1085,Abaume babili abafwele utuputula umwabula amashati Bali  pacisebele cakulwilamo ulubuli lwankonya,"Mumbali ya cisebele muli abantu abengi abalekanalekana abashingulwile ,Pali aba bantu Pali abaume na banakashi",Bushe finshi abaume abali pacisebele  balecita?,Aba baume babili baleteya Icangalo ca kulwa ulubuli lwankonya kabili bonse babili nabaipekanya sana elyo nabafunga  maboko bonse babili,Elyo abantu abapusanapusa abashingulwike icisebele betamba uko aba balumendo babili baleposa inkonya
1086,Umwaume uushifwele ishati afwele fye akaputula kelangi lya fita naiminina mupepi necibumba celinga,Bushe incende aliko ilemoneka Shani?,Incende ilemoneka Kwati  nimupepi nomusebo wamanenekela kabili kuli iyi incende kuli ne myotoka shibili ishiminine.,Bushe uyu mwaume alecita finshi panshita ya bushiku?,Aleangala  cilemoneka kwati aleteya umupila wa wa tenesi pantu nakwata akakuminako akamupila ka tenesi kuminwe
1087,Abaume Bali umo uufwele ishati netoloshi lya makumbimakumbi elyo umbi afwele suti iyafita nabekala patupuna mumuputule umo panshita ya bushiku,Muli uyu wine umuputule muli abantu nabambi apali abaume na banakashi kunuma ya baume babili,Bushe ab baume babili finshi balecita?,Balelanshyanya cipalile kwati palelanda pafikumine incito babomba pantu betebulo Bali Pali amapepala na kompyuta,Ici cifulo Baliko cilemoneka kwati nincende yakubombelamo  pantu kukulyo kwabo kuli abantu Bambi abalebomba
1088,"Abacaice  basano bali pancende imo munshita ya kasuba , Pali aba batatu banakashi elyo babili baume","Umo Bali aba abacaice abaume babili tafwele ishati elyo umbi afwele ishati lya buta lelo abanakashi bonse nabafwala amashati yamalangi yatatu pamo nga ilya makumbimakumbi,Ilya katapakatapaka be lya kashikilila",Bushe ab abacaice balecita finshi?,Baleangaila mupepi necibumbili icilefumya nokubasansa amenshi,Bamo abacaice nababomba nokubomba kabili bonse balemoneka abansansa ukubakuli Ici cifulo cilemoneka bwino sana
1089,Umwaume naikala pacitukutuku  musebo panshita yamucungulo,Bushe finshi alecita pamusebo?,Naiminina icitukutukutuku ico ekelepo cilemoneka kwati acilaensha aleya kumo lelo naiminina alelolesha fimo,Bushe kuncende Ali kuli finshi?,Kuli iyi incende kulemoneka akasuba akalewa akasanike umwaume uuli pacitukutuku.kabili mumulu muli intambo shama laiti
1090,Imbwa yamalangi yabili ilyafita ne lya buta Ili mumenshi panshita ya kasuba,Naikwata umushipi  uwelangi lya fitamumukoshi,Bushe finshi ilecita mucishiba ca menshi?,imbwa naitolokela mu cishiba  cilemoneka kwati ileya mukusenda utumipila twa tenesi utuli mucishiba,Cilemoneka kwati Pali abaposelemo utumipila twa tenesi utukwete ilangi lya katapakatapaka
1091,Banakulu bantu  abafwele ishati  lyelangi lya kashikilila ne toloshi lyelangi lya makumbimakumbi nabanina pa lunkoto no mwana mwanakashi  kabili nabekata umwana mwanakashi pamabeya ,Bushe nikwisa uko Bali?, Bali mwibala iya yemba ilikwete amaluba ayengi elyo kuli ne fimuti nolunkoto  lwelangi lyakatapakatapa,Bushe balecita finshi mwibala Ili ?,cilemoneka kwati beshile mukutandalila iyi incende iya yemba elyo Pali aka kashita balekopwa icikope
1092,umwana mwanakashi naikala mumenshi kabili umushishi wakwe nawiminina utali pakati kamutwe,Bushe finshi uyu mwana alecita?,cilemoneka kwati umwana alesamba kabili nasekelela nganshi,Bushe alesambila kwisa uyu mwana?,Ali mumuputule wakusambililamo nangula mulusasa mukati ka nganda
1093,"umwaume naikala pakapuna mumbali yamumana kabili nafwala icisote kumutwe, ishati lya buta elyo nakaputula katapakatapaka",apo ekele Pali no mwamfuli uukwete ilangi lya fita,Bushe finshi umwaume alecita kumbali yamumana?,Umwaume naikala cilemoneka kwati alelenga ifyo alemona kuli iyi incende kabili naposa sana amano kufyo alecita,Kuli iyi incende kuli ifimuti ne fyani fyakatapakatapa ifyayemba nganshi
1094,Abanakashi batatu no mulumendo umo Bali mumuputule umo panshita ya kasuba,Pali aba bantu umo mailala pakapuna elyo Bambi nabeminina,Bushe finshi balecita muli uyu muputule Pali  aka kashita?,cilemoneka kwati balefwaya ukwamba ukupanga umukate pantu petebulo Pali ubunaga bwangano,Aba bantu Bali muli uyu muputule  bonse nabakwata ifyo balecita cila umo elyo kabili balemoneka abacincila
1095,Umwaume uufwele ishati lya fitulukila icisote netoloshi ifyelangi lya makumbimakumbi aleenda mumbali yamusebo wamanenekela,Bushe finshi alecita uyu mulumendo  mumbali ya musebo?,Uyu mwaume aleenda cipalile kwati Pali uko aleyaelo Pali aka kashita malolesha amenso yakwe kukulyo kwakwe,Elyo aleenda napapa na kacola panuma kabili naimya necibomoshi icikulu kuminwe,Kuli iyi incende ukuli umulumendo kuli ifimbayambaya pakati kamusebo ifilenda elyo Mumbali ya musebo muli ifikulwa fyantunti ifitali sana
1096, Umwaume uufwele akasote ne shati ifyabuta ne toloshi lyelangi lya fitulukila Ali mumbali yamusebo,Napapa icola icelangi lya fita fititi kabili kukuboko kwakukuso naikata icapala shofolo,Bushe finshi uyu mwaume alecita mumusebo na shofolo kuminwe ne cola panuma panshita ya kasuba?,Uyu mwaume  eshile mukuwamya umusebo pantu nafwala ne fyakufwala fyakubombelamo elyo balewamya umusebo cilemoneka kwati Pali apo umusebo onawike,Kuncende Ali mumbali yamusebo kukulyo nakukuso kuli ifikulwa fyantunti ifitali ifimuti ifitali ifyakatapakatapa elyo pakatalamukila ka uyu mwauy Pali icimbayambaya babomfya pakuwamya umuseboi cikulu Icelangi lya mutuntula
1097,Umwanakashi uufwele ishati lyelangi lya kashilila na kaputula kelangi lya fita  Ali mumusebo wamanenekela panshita ya kasuba nanima pa ncinga,Bushe uyu mwanakashi uuninine pa ncinga yelangi lya fita alecita finshi Pali iyi nshita yakasuba kuli iyi incende,uyu mwanakashi uuninine pancinga alecofa incinga kabili pakucofa incinga uyu mwanakashi naimininako nokwiminina lelo naikata amaboko yonse yabili kucakupinsulwilako incinga,kuncinga uyu mwanakashi alecofa kunuma ukwakusendela ifintu kuli icipepala icelangi lya fita ico bakakilile kabili uyu mwanakashi nafwala ne cisote icelangi lya kashikilila kumutwe elyo alecofa incinga,Mumbali ya musebo wamanenekela umo uyu mwanakashi alepita kuli incende iyayemba nganshi umuli ifyani  nefimuti ifipi ifyelangi lya katapakatapaka kabili iyi incende ilemoneka iyalupililupili
1098,Imbwa shibi ishikwete ilangi limo Ilya fitulukilako panono shili panse panshita yakasuba nashimina nashiloleshanya,Ishimbwa shonse shibili nashikwata imishipi ishapalana kabili elyo shili panse shili Pali cimo Icambao icikwete ilangi lyabutakabili Icipangililwe ne mbao ishainina Isha fitulukil,Bushe ishimbwa shelangi lya kashikililako ishili pa cambao icili nelangi lya buta shilecita apo shiminine  panshita ya kasuba?,"ishimbwa nashilolenkana ,nashisuma iyuku neinankwe uku kukasalu akelangi lyabuta cilemoneka kwati shonse shile lwila ukusenda nangula ukupoka aka kasalu kabuta ",Elyo shilelwila aka kasalu kelangi lyabuya ishi imbwa shibili nashimya amatwi yashiko mumulu.kabili kuli iyi ncende mumbali muli ulunkoto lwelangi lyakatapakatapa nakakunkubiti akakubikamo mwela
1099,Abana banakashi abengi sana palinse panshita ya kasuba nabeminina pamusebo uwapangwa namanenekela  uukulu nganshi,"Aba bana banakashi nabafwala amalaya yelangi limoline  ilyafitulukila ,ayamalaya bafwele teyepi sana elyo teyatalisana yalifye pakati kabili nabaluka nomushishi umowine kumitwe yabo umushishi wa fikuti",Bushe aba bana banakashi abengi abafwele amalaya yelangi limoline ilyafitulukila abalukileno mushishi umowine kumitwe balecita finshi mumusebo panshita ya kasuba katandemono,"Aba bana banakashi abafwele fimo fine abali pamusebo baleimba elyo baleenda mumusebo ,kumwenafye kufyo bonse balebonfya iminwe shabo  pakwimba . balemoneka balebonfya amaka ayengi nganshi  pakwimba nokushana.",Aba bana banakashi abafwele indyati bonse balemoneka abasekelela elyo baleshana nokwimba mumusebo.elyo kuncende Pali mumbali ya musebo muli ifikulwa elyo ne fimuti ifyelangi lya katapakatapaka.
1100,Abaume Babili umo uwankanda yelangi ya buta elyo umbi uwankanda yelangi lya fita Bali mumuputule uukwete icibumba celangi lya buta umwakutukushisha uwakutukushishamo umubili kabili pamushili banyantile Pali ilangi lyamakumbimakumbi,Aba balumendo babili Bali mumuputule uwakutukushishamo pantumuli uyi muputule  muli ifisolobelo ifyapusanapusana ifyakubomfya pakutuku umubili Pali ifi ifyakutukushishamo umubili  Pali nafimo ifyo bakobeke ifyelangi lya fita ifyakumamo amakofi,Aba balumendo babili beminine  apapusana umulumendo uwankanda yelangi lya fita Ali kunuma elyo umulumendo wankanda yelangi lya buta Ali pantanshi elyo kabili umulumendo wankanda yelangi lya fita nafwala akasote kumutwe akelangi lyafita elyo umulumendo wankanda yelangi lya buta ena tafwele nangu fimo kumutwe wakwe,"Umulumendo wankanda yelangi lya fita nafwala ishati lyelangi lya fita kaputula yelangi lya fita ikikwete utumishilwa twelangi lya mutuntula, Elyo  umulumendo wankanda yelangi lya buta nafwala shati lyelangi lya butatutu ne kaputula  kelangi lya fita ilikwetemo no tumalangi twa buta patali patali","Aba balumendo beshile muli Yu muputule mukutusha umubili elyo umulumendo wankanda yelangi lya buta aletukusha umubili napanta ukulu kwakukulyo mucobakobeka icakutukushishako umubili lelo uyu umbi umulumendo wankanda yelangi lya fita elyo aleya mukutukusha imibili kabili aba balumendo babili Bali nefyakuicingiliko  kumaboko elyo baletukusha umubili , umulumendo wankanda yelangi lya fita afwele icakuicingililako kumaboko icelangi lya fita elyo umulumendo wankanda yelangi lya buta apombelwe ifyabuta"
1101,Umwaume wankanda yelangi lya buta nasunsa umwana mwanakashi uwankanda yelangi lya buta pamabeya yakwe kabili uyu mwaume naikatilila umwana mwanakashi kumakasa yonse yabili elyo amusunshile pamapeya pakutila uyu mwana mwanakashi epona elyo naena umwana mwanakashi naikala bwino busakabusaka pamabeya,uyu umwaume uusunshile umwanakashi nafwala  Ishati lyelangi lya fita ilikwete icilengwa ca cipelebesha elyo pali Ili line shati  napakobekws ne magalashi yakumwenako mukasuba kabili uyu wine mwaume nafwala ne cisote icelangi lya fita icikwete ne filembo pantanshi ifilembelwe mwilangi lwa buta ,lelo umwana mwanakashi uobasunshile afwele ilaya ilyamantonintoni necampepo celangi lyamakumbimakumbi elyo umushili wa uyu mwana mwanakashi naukakililwa pabili kukuso elyo nakukilyo ,umwana mwanakashi basunshile pamabeya nafwala nensapato kumolu elyo mukati kansapato afwele muli me nsokoshi kabili Elyo bamusumshile naikatilila umwaume amusunshile kukuboko ukubomfya ukuboko kwakwe ukwa kukulyo,umwana mwanakashi pasunshile pamabeya  nailolesha kuntanshi uko abaume bamusumshile balolesha nabena  kabili nabamwentula nokumwentula cilemoneka kwati balekopwa icikope ico balemwentula pakuti icikope ciwame  nga cafuma
1102,Abakashana babili ball mucibansa cakuteyelamo umupila panshita ya kasuba mucibansa cakuteyelamo umupila balimo mpanshi palemoneka apelangi lyakatapakatapa elyo kabiliuli Ici cine cibansa muli na nesumbo ilitali ilikwete ilangi lya fita ,Ababanakashi babili umo Ali  kuntanshi yesumbu elyo batanike pakati kacibansa elyo umbi ali bushilya  yesumbu elyo kabili ababanakashi naba fwala indyati shamatakii shimoshine ishikwete ilangi lya buta ,aba banakashi nabafwala ifyakufwala ifyakunshi ifyelangi limoline ilyafita lelo afwele ifyakunshi ifyapusanapusa  umo afwele kaputula iyelangi lya fita akepiko elyo umbi afwele siketi yelangi lya fita kabili kuncende Bali mumbali muli ifimuti ifyemba,"Elyo kumuli aba banakashi babili bafwele ifyakufwala fyakumulu  Fili fibili icakunse necamukati,bonse babili bafwele Ishati lya mukati lilyapalana ilikwete ilangi lya buta lelo kumashati yakunse umo mwanakashi afwele ishati lya fita ilikwete utulembo twa buta elyo umbi afwele ishati lyelangi lya mutuntula ilikwete  ifilembo panuma ifyafita nefyabuta","Abanakashi babili baleteya Icangalo ca mupilawatenesi muli Ici cibansa, umukashana uufwele ishati lya mutuntula natoloka mumulu aleuma akamupila ka tenesi akelangi lyabuta katapakatapaka cilemoneka kwati akamupila aletoloka pakuti ome  kaciposwa ukufuma bushilya bwesumbu ukuli umwanakashi uufwele ishati lya fita"
1103,Abaume babili abankanda yelangi lya buta Bali mucibansa cakwangalilamo cafyangalo I camuka kacikulwa umuli ifipuna fyakwikalapo abeyamba amangalo ifyelangi lya kashikilila  panshita ya kasuba,Aba baume babili nabakwata umushishi welangi limoline uwafita elyo uyu wine mushishi bonse nabaukakila pakati ka mutwe na ka tonge kelangi lya buta kabiliuli aba balumendo bonse nabeminina mupepi no tumishilwa babashilile utwabuta,Aba baume babili bonse tabafwele ifyakufwala nangu fimo lelo bafwelefye Icapala umushipi mumusana icelangi lya fita kanshi umubili wabo onse ulifye  pambililibili ukufumishakofye ifyamfwalo fyabo  ,kuli Ici cine icapala umushipi nakikakililwa utusenkebele pantanshi yamusana utwapusana amalangi  umo mwaume akwete  amasenkebele yelangi lya macungwamacumgwa elyo umbi akwete amasenkebele yelangi lya fita,Aba baume babili baleteya Icangalo ca kucimfyanya ukulwa elyo Pali aba baume babili umo untu aina sana elyo umbi untu waonda . kabili. muli Ici cine bansa Bali muli abantu batatu abaletamba umo Pali aba batatu alemonekela ngakafundisha waici cangalo
1104,Umwanakashi uufwele ishati lyelangi lya butulukila netoloshi lye langi  lya fita naiminina mumuputule panshita ya kasuba,uyu wine umwanakashi nafwala na magalashi Aya kubomfya  ngaulefwaya ukumwenekesha bwino ifintu elyo kabili naka nomushishi wakwe uwelangi lya fita pakati kamutwe,Umwanakashi uufwele ishati lyelangi lya butulukila netoloshi lye langi  lya fita u wiminine mumuputule panshita ya kasuba alebumaba inongo kabili  pakumba inongo alebombafye amaboko yonse yabili,Bushe uyu umwanakashi uulebumba inongo uufwele ishati lya butulukila netoloshi lye langi fita  alebumba inongo shamusango nshi?,"uyu mwanakashi alepanga inongo ishalekakalekana mumimonekele,shimo inongo na shimbwa namaluba  elyo shimbi tashikwete amaluba.kabili uyu mwanakashi naposa sana amano kufyo ale bumba"
1105,umwanakashi uwankanda yelangi lya buta  uufwele ishati lyelangi lya makumbimakumbi netoloshi lyelangi lya fitulukila Ali mumuputule  panshita yabushiku,Uyu mukashana ishati Ilya makumbimakumbi afwele lya maboko ayatali icakuti nayepeta nokuyapeta pakuti alebomba bwino yelamupimfyanya pakubomba,Uyu mukashana umushishi wakwe naufimbwa pantu nafwala icisote kumutwe elyo pafyakufwala  nabikapo insalu iyelangi lya mutuntula icakuicingilila pakuti ifwakufwala afwele filamba elyo alebomba,"uyu mwanakashi aleenda muli uyu muputule kabili nafwala ne nsapato,  elyo  aleenda uyi mukashana nauminkanya iminwe yakwe pamo",umukashana alemonekela kwati Ali mucifulo cakubombelamo ngatwaloleshafye  ifyo afwele.kabili muli uyu muputule Ali muli  abantu nabambi
1106,Umwanakashi wankanda yelangi lya buta umutali nafwala ishati lyelangi lya mutuntula Elyo ne toloshi lyelangi lya fitulukila alipanse panshita ya kasuba,uyu mwanakashi nasakula umushishi wakwe busaka busaka elyo nauponesha nakunuma pakuusakula kabili  nafwala na ma galashi malangi yabili iya fita ne ya buta,NKobeka ikacola akanono akepi pakubeya ikelangi lya kashikilila elyo akakacola takalemoneka ukufina kabili uyu mwanakashi alemonekela aleendesha sana,Aleendesha sana cilemoneka kwati Pali uko aleya  nacelwa sana kabili  alemonekela naposa sana amano kukwenda icakuti talelolesha na mumbali,kuli iyi incende umwanakashi aliko kulemoneka abantu abengi abalekanalekana abaleenda  kabili Pali aba bantu Pali abaume na banakashi
1107,"Abantu abengi abalekanalekana apali  abacaice ,abakoloci ,abanakashi na baume Bali pancende imo munshita ya kasuba",Bonse abantu abapusanapusa abali Pali Ili bumba nabafwala ifyampepo ifyakuicingilila kumpepo elyo nakabili bonse nabafwala amatoloshi,Abaume bonse nabafwala amatoloshi  yelangi limoline Ilya makumbimakumbi ukufumishakofye abalumendo babili abafwele amakaputula ye langi lya katapakatapaka,Pali aba bene abantu Bambi nabekala panshi elyo Bambi nabeminina abekele  bacaice elyo abakulu bonse nabeminina,Aba bantu beminine pacibumbili icakwata ulunkoto lwakatapakatapa  kabili kuncende Bali kulemoneka kwati nakutalala pantu abantu abengina bafwala utusote elyo ne fyampepo 
1108,Umwaume uufwele ishati lyelangi lya mutuntula netoloka lyelangi lya kashilila naikatilila pacilibwe namaboko yonse yabili ,"Uyu mwaume nafwala icisote celangi lya buta ,indyato shelangi lya fita elyo kabili mumusana wakwe namukakililwa nefisolobelo ifyapusanapusa",Uyu mwaume napeta itoloshi kumolu  elyo ukulu kwakwe ukwakulyo nakikakililwa ne ntambo yelangi lya kashika iyi leya panshi ya cilibwei itali,Uyu mwaume aleninika ulupili lwa cilibwe  cilemoneka kwati alefwaya ukufika pamulu wa cilibwe icitali kabili intambo ikakililwe kukulu yakuicingilila pakuti ewa  panshi no kuicena,Kuncende ukuli icilibwe ico  umwaume aleninapo panshi Pali  umumana uukulu  kabili Mumba ya mumana muli ifimuti ifitali ifyakatapakatapa
1109,Abaume Babili Bali mucibansa cakuteyelamo umupila  icayemba naganshi panshita ya kasuba,Umo mwaume Bali aba babili afwele ishati netoloshi ifyelangi limoline Ilya buta elyo umbi afwele ishati lyelangi lya kashilila nakaputula kelangi lya buta,Bonse babili nabafwala ifisote kumitwe yabo umo umwaume afwele icisote celangi lya kashika elyo imbi afwele Icisote celangi fita,Aba baume baleanga icangalo camupila icakuti umwaume uufwele ishati netoloshi ifyelangi lya buta alebutuka alemonekela kwati alefwaya ukwanka akamupila,Iyi incende paliko ilemoneka iyayemba nolunkoto lwaputulwa bwino ulwa katapakatapaka elyo kabili mimbai yalubango lwa cibansa muli ifimuti ifitali
1110,Umwana mwanakashi uwankanda yabuta naikala pacipuna celangi lya fita mumuputule umo panshita ya y,"Uyu mwana afwele amashati yabili limo mukati elyo limbi kunse,ishati Lili mukati likwete ilangi lya makumbimakumbi elyo Ili kunse likwei ilangi lya katapakatapaka ",Uyu mwana mwanakashi naikata ifyapala utumuti  ifyakulishishako ifilimba kuminwe yonse kabili umushishi wakwe nausalangana sana,Uyu mwana alelisha ifilimba kabili alemonekela kwati naishiba bwino sana ifyo alelisha eico naposako sana amano kukulisha,Uyu mwana alemonekela uwaiteyanya sana kabili muli uyu muputule Ali uwakulishishamo ifilimba alemoneka  efyeka elyo alelisha ifilimba  napamo fitatu
1111,"Abaume bamo nabanakashi batatu  Bali pamo  kuculu panshita yakasuba bonse bane nabafwala utuputula , abanakashi babili bafwele utuputula twa fita elyo umo  umwanakashi no mwaume bafwele amakaputula yelangi lyamakumbimakumbi ", Bushe  finshi abaume bamo nabanakashi batatu  aBali pamo  kuculu panshita yakasuba bonse ? ,Aba bantu baleshenga baleshelemuka pa lubili kabili pakwangala baleahelemuka mwiloba elyo aba bentu balemoneka ngolupwa ilwishile mukukwata akashita akasuma,Aba bantu baleanga baleahelemuka pa lubili incende Baliko ilemoneka Shani muminekele?,incende emoneka  iyabatama takuli ifimuti nelyo  ulunkoto lelo amakumbi ayasuma eyalemoneka balemoneka abasekelela
1112,Imbwa  iyi kwete ilangi lya fitulukila namafufu ayengi nganshi pamubilina nokubokako kumutwe nakumucila ilifyeka ileenda panshita ya kasuba,Bushe iyi mbwa ikwete amafufu yafitulukila eyengi kumubili nakumutwe iyikwete ilangi lyafita kukanwa Ilecita finshi kululamba lwamumana?,Iyi mbwa ikwete amafufu yelangi lya fitulukila ayengi  ileenda mululamba lwabemba kabili eleangala mumucanga uwabomba uwa mumbali ya bemba,Nga nishani incende ukuli iyi mbwa ikwete amafufu yelangi lyafitulukila kabili iileangala ilemoneka?,"Iyi ncende nincende yakumumana ,pamumana Pali amabimbi elyo mupepi namenshi yali mumumana muliko amabwe ayali Mumbali ya mumana akatalamukila nokuli Imbwa kabili mupepi ne mbwa kuli  icakwangasha icamakumbimakumbi"
1113,Umwanakashi uulinomushishi welangi lyafita nafwala ishati ilyamingoloshi yamalangi yabili Ilya buta ne lya makumbimakumbi nasiketi iyelangi lya fitulukila,Uyu mwanaka uukwete umushishi welangi lyafita Ili mumuputule  umo mucikulwa kabili naikata na penso kukuboko kwakukulyo .uyu muputule Alimo muputule wakulengemo ifikope,Bushe uyu mukashana uufwele ishati lya mingoloshi na siketi yelangi lya fitulukila alecita finshi muli uyu muputule panshita ya kasuba?,Uyu mwanakashi uwiketa penso kukuboko kwakukuso alelengapo fimo cilemoneka kwati alelenga  nokupenta icikope abikile pakatebulo,Uyu mwanakashi naposa sana amano kufyo alelenga pakuti fifume bwino kabili muli uyu wine muputule muli ifikope fibili ifyo balengakale ifyapopelwa pa cibumba
1114,"Abantu abengi abalekanalekana Bali panse pancende imo Pali aba paili abacaice abakulu , abanakashi na baume mushita ya kasuba",kuli iyi incende kuli abana balumendo  batatu  abaleteya umupila wakuminwe uwakubomfya isumbu kabili Pali aba bana balumendo babili tabafwele amasheti elyo umo nafwala ishati lyelangi lya kashika,"Bushe aba bantu apali abacaice, abakoloci, abanakashi na baume  abali panse balecita finshi kuli iyi incende?","Abantu abengi abalekanalekana apali abacaice, abakoloci, abanakashi na baume abali panse panshita yakasuba beshile mukwangala nokukwata inshita iisuma .Bambi na beminina elyo Bambi nabekalanokulala mwisamba lya mwamfuli",Iyi ncende Bali nincende yamulibemba uko abantu Besa mukutukusha kabili kuli imyamfuli iyingi sana  kabili mupepi nokuli abantu kuliamenshi ayaleisha nomwela lelo pamushili pena Pali umucanga uwingi uwabomba
1115,Abantu napamo mutanda Bali pa cilifulocimo panse panshita ya bushiku Pali aba Pali abanakashi  babili  nabaume  bane,Pali aba bantu abali bane Bali na mabotolo ya bwalwa kuminwe Pali aba Pali nomwanakashi umo lelo babili tabakwete ubwalwa,Abanaka aba Bali nabafwala ifyampepo ifyelangi  limoline Ilya buta no mushishi uwalangi lya fita .kabi umo Pali aba banashi alinebotolo lya bwalwa alenwanokunwa elyo umbi umukashana Ali nafwala kuminwe iyo alepepa,Bushe Abantu mutanda apali abalenwa ubwalwa na balepepa fwaka fishi balecita panse panshita yabushiku?,Aba bantu beleangalila capamo  cilemoneka kwati balesefya kabili nabatemwa nganshi .lelo incende Baliko ilemoneka iyafita Icakuti  kunuma yabo kulemonekafye ifimuti
1116,Umwanakashi uufwele ishati lya kashikilila ilwishile amabeya no mutoto pansene toloshi lyelangi lya makumbimakumbi Ali panse mucibansa,Bushe jmwanakashi uufwele ishati lya kashikilila ulishile amabeya no mutoto panse ne toloshi lyelangi lya makumbimakumbi uuli panse mucibansa alecita finshi ?,Uyu mwanakashi alecinda amasha ayalekanalekana elyo abaume Bali kunuma yakwe balisha ama banjo yabo icakuti umushishi wakwe ulepupukafye,Bushe aba baume babili nomwanakashi umo uulecinda  panshita ya mucibansa ilemoneka Shani?,Iyi incende ilemoneka Kwati cibansa cakwangalilamo abana  abanono umuli ifimuti ifitali nokuboko lwa katapakatapaka kabili  kuli abafyashi elyo nabana abalekanalekana baleangala
1117,Abaume abafwele ishati lyelangi lya  butulukila netoloshi lye langi lya fitulukila naiminina pamulu walupili,uyu mwaume elyo eminine nakwata ne cola Iicakupapa kunuma icelangi lya fita elyo naimya ukuboko kwakukuso  naikata pampumi,Bushe Nishi uyu mwaume uufwele ishati lyelangi lya  butulukila netoloshi lye langi lya fitulukila eminine alecita  pamulu walupili?,Naiminina Pali ifyo alelolesha bushilya ya lupili cipalile kwati aleenda pabulendo Pali uko aleya lelo alingile ukupita mumpili,Umwaume alisana pamulu wa lupili pantu  amakumbi ualemonekelafye mupepi kabili iyi incende ikwetefye amabwe yekayeka ayetali na yepi
1118,Abaume Babili Bali pamutemve wanganda bamo nabafwala ishati me toloshi elyo Bambi nabafwala ishati na kaputula,Itoloshi lifwele abaume bamo likwete ilangi limoline nakaputula ka Bambi abaume Bali nabena ilyelangi lya makumbimakumbi elyo kabili bonse nabafwala insapato,Bushe abaume Babili aBali pamutemve wanganda bamo abafwele ishati me toloshi elyo Bambi nabafwala ishati na kaputula balecita finshi pamutenge?.,"Aba baume babili bale wamya umutenge , abaume abafwele ishati ne toloshi nabemya ilatata elyo palebika pamutenge elyo abanabo balebafwilishako",Inganda banininepo ilemoneka Kwati itali sana pantu  aba baume babili balemoneka mupepi makumbimakumbi ne fimuti tafilemoneka
1119,Bashikulu bantu nabakulu bantu Bali no mulumendo mumuputule umo panshita ya bushiku . banakulu bantu naba shikulu bantu nabekala elyo umulumendo naiminina,Bashikulu bantu ifyakufwala fyonse bafwele fikwete ilangi lya fita fititi elyo banakulu bantu bena bafwele ifyakufwala fyelangi lya fita ne lya buta lelo umulumendo afwele ishati lya kashikilila na kaputula ka katapakatapaka ,Abaume Babili Bali pamutemve wanganda bamo nabafwala ishati me toloshi elyo Bambi nabafwala ishati na kaputula,Bushe bashikulu bantu nabakulu bantu Bali no mulumendo mumuputule umo panshita ya bushiku balecita?,Nabekala baleshimika cilepala kwati uyu mulumendo mwishikilu wabo kanshi nabya mumuputule wakwe ukusendamamo pakuti basekeko nankwe apo tabalala
1120,"Umwaume nafwala akasote kelangi lya fita, campepo ica fita, itoloshi ilitali ilyelangi lya makumbimakumbi nensapato shelangi lya buta alimucikulwa cimo.","Bshe umwaume uufwele akasote kelangi lya fita, campepo ica fita, itoloshi ilitali ilyelangi lya makumbimakumbi nensapato shelangi lya buta finshi alecita muli iciimucikulwa ?",Aleenda mukati kacikulwa Pali uko  aleya cipalile kwati naceli ico uyu mulumendo alemonekela kwati  aleendesha sana ," Bushe incende umulumendo uufwele akasote kelangi lya fita, campepo ica fita, itoloshi ilitali ilyelangi lya makumbimakumbi nensapato shelangi lya buta Ako ilemoneka Shani? ",Iyi incende ilemoneka iyabusakabusaka munshi yacibumba namupentwa ilangi lya mutuntula Elyo mumutenge waici cikulwa  upentelwe nemingoloshi Sha mutuntula ne shabuta 
1121,Umulumendo no mukashana uuli neluba lyabuta kuminwe nabafwala ifyakufwala fya malangi ya Palana ayakashikilila Bali mucibansa cakuteyelamo umupila,Bushe aba babili umulumendo no mukashana abafwele ifyakufwala ifyapalana amalangi finshi balecita kuli iyi incende?,Umwaume alemonekela ashile muteya umupila elyo umwanakashi ashile mukulumba abaume baleteya umupila elyo balecinda no kwimba kab,Bushe uku kucibansa kuli umwaume uulele umwanakashi pa kuli kwakwe kuli finshi fimbi ukufumishako ulunkoto?,"akuli iyi incende kuli abantu abalekanalekana abengi ,Pali aba Pali abaume  na banakashi abeshile mukutamba uko baleteya umupila"
1122,Abantu basano Bali mumenshi ayengi kabili ayatali Pali aba basano babili banakashi elyo batatu baume,"aba baume batatu nabanakashi babili nabafwala ifyakufwala ,ama galashi ifyakuicingililako elyo Bali mumenshi tayapo paka nabakwata fikunkubiti fyamwela uwakubomfya nga baingisha umutwe mumunshi",Bushe finshi aba baume nabanakashi abali mumumana abafwele ifyakufwala ifyakuicingililako ukuti benwina balecita mumumana?,Aba baume nabanakashi abali pamo basano nabashingulika incende imo pamenshi cilemoneka kwati Pali ifyo balefwaya,Aba bantu balemoneka balebomba pamo kabili Pali umwaume uukwete icakukopelako naba alekopanokukopa
1123,Umwaume nafwala shati lyelangi lya kashika apalembelwe ifilembo ifya buta na kaputula akelangi lya fita Ali mucibansa,Uyu mwaume nanina  pakakushelemukilako akamipeto  kabili nafwala icimpompo kumutwe icakuicingilila namakufi yakwe nayakwata icakuyacingilila ,Bushe uyu mwaume uufwele ishati lya kashika netoloshi lya alecita finshi mucibansa nakakushekemikilako?,Uyu mwaume aleangala Icangalo ca kushelemuka  kabili nanina pakakushelemukilako akamipeto elyo aleshelemuka  nimya na maboko mumulu.,uyu mulumendo aleshelemuka pakashimbi kabili incende  aliko nunuma yakwe kuli ulunkoto ulwayemba elyo nefimuti fya katapakatapaka  ifisuma
1124,Abanakashi na baume abengi abapusanapusa Bali pancende imo one kululamba lya mumuna panshita ya kasuba,Abaume  batatu nabafula amashati balifye no tuputula twelangi lya fita. Abanakashi Bali uku nabafwala amashati lelo kunshi bafwele akaputula kamukati,Bushe aba baume nabanakashi abengi kabili abapusanapusa balecita finshi kululamba lwamumana munshita ya kasuba?,"Aba bantu beshile mukwangala nokukwata inshita iisuma ,bamo Bali ne ndupwa elyo Bambi Balimo fye beka elyo Bambi abantu nabekala patupuna Bambi nabeminina  ",Kuncende Bali kuli umucanga uwingi uwabomba kabili Mumbali ya lulamba lwa mumana muli icimbayambaya cabuta elyo nefimuti 
1125,Abanakashi na baume abengi abalekanalekana Bali mumuputule umo panshita ya bushiku uukwete inyali ishingi nganshi,Bushe abantu abapusanapusa abali muli uyu muputule abaume na banakashi balecita finshi?,"Abantu balecita ifintu ifyapusanapusana bamo nabekala, umo umwaume naiminina naimya no kuboko,elyo umo umukashana uufwele ishati lya buta aletomona umwaume uufwele ishati lya fita pamatobo",Bonse aba bantu nangula balecita ifyapusanapusana bonsefye beshile mukunwa ubwalwa mulu uyu muputule wa cikulwa,Umu aba bantu balekanalekana Bali nimucikulwa ico bashitishamo nokunwina ubwalwa pantu pafimba Pali amabotolo ayalengwa ayabwalwa 
1126,Umwana mwanakashi uwankanda yabuta  uufwele ifyakufwala ifikwetemo ilangi lya makumbimakumbi naikata pa mucanga,Nga uyu mwana mwanakashi uwankanda yabuta uufwele ifyakufwala ifikwetemo ilangi lya makumbimakumbi alecita finshi pa mucanga?,"uyu mwana mwanakashi aleangasha umucanga kuminwe ,naikata pamucanga namaboko yonse yabili lelo tashintililepo  amakufi",Bushe uyu mwana mwanakashi uwikete mumucanga elyo alewangasha Ali nabanani?,Apo aleangasha umucanga alipofye eka lelo  akatalamukila kunuma yakwe kuli abantu abengi cilemoneka kwati ashile nabafyashi  mukwangala
1127,Abantu abengi abalekanalekana apali abaume na banakashi Bali pancende imo panse nabeminina munshita ya kasuba,Bushe Nishi aba bantu abapusanapusa apali abaume na banakashi  balecita Pali Ici cifulo?,Aba bantu nabeminina baletamba uko balelisha ifilimba abantu abengi nabaposa sana amano kukumfwikisha uko baleimba nokulisha ifilimba,Bushe Icifulo  aba bantu balekanalekana Baliko ne fishingulwike filemoneka Shani ?,kuli Ici cifulo pacisebele Pali icitunshitunshi me nyali  nangula amalaiti ayengi kabili kuli ne fikulwa fyantunti ifitali
1128,Umwaume wankanda yelangi lya buta uufwele ishati netoloshi ifyelangi lya makumbimakumbi nasunsumana pamusebo wamanenekela mushita ya kasuba,Bushe finshi umwaume wankanda yelangi lya buta uufwele ishati netoloshi ifyelangi lya makumbimakumbi uusunsumene pamusebo wamanenekelaalecita mushita ya kasuba?,Uyu mwaume Ali na kandeke akanono akelangi lya mutuntula Ako ekete kuminwe aka mipeto cipalile kwati efyaya ukukapupusha mumulu,Bushe  umwaumeali kuncende nshi  elyo ali na kandeke akanono akelangi lya mutuntula Ako ekete kuminwe aka mipeto ako efyaya ukukapupusha mumulu?,Uyu mwaume uufwele ifyakufwala fye langi lya makumbimakumbi Ali mucibansa icikulu icikwete ifyani ifyauma ifingi elyo ne fyani ifishauma ifinono
1129,Abantu babili Bali mucibansa umo mwaume elyo umbi mwanakashi bonse nabafwala utusote na matoloshi  yelangi lya makumbimakumbi,"Bonse naba fwala insapato  nama  shati , umwanakashi afwele ishati lya fita elyo umwaume afwele  ishati lyelangi lya buta",Bushe uyu mwaume no mwanakashi aba fwele amatoloshi ayamalangi yapalana  iya makumbimakumbi balecita finshi?,umwanakashi naiminina palunkoto ulwayemba naikata na mumusana elyo umwaume ena alebutuka,kumbali ya cibansa balimo  kuli inganda yelangi lya buta ne fimuti ifitali ifyakatapakatapa
1130,Abaume nabafwala akasote kelangi lya buta namagalashe elyo neshati lyelangi lya makumbimakumbi nabemya umwana mwanakashi  uufwele ishati lya mingoloshi netoloshi lyamaluba,Bushe finshi aba baume bafwele akasote kelangi lya buta neshati lyelangi lya makumbimakumbi balecita kuli iyi incende panshita ya kasuba?,Aba baume baleanga nomwana mwanakashi kabili elyo baleanga abaume baleposa umwana nokumwanka mumulu. cipalile kwati nibawishi abali no mwana , Bushe incende aba baume abaleanga nomwana mwanakashi  elyo balemuposa mumulu ilemoka Shani?,Incende Baliko nikumumana lelo Bena nabeminina mululamba lwamumana umuli ifya ni ifipi ifyelangi lya katapakatapaka.kabili aba babili balemoneka balekwata inshi iyisuma sana
1131,Umwana mwanakashi uufwele ishati lyelangi lya kashika ali mumuputule naikala pakapuna panshita ya kasuba,mumuputule alimo ilemoneka nge cifulo cakulwilamo kabili petebulo lilimupepi nakapuna ekelepo Pali inkomaki ne finabwansabwa, Bushe uyu mwana mwanakashi uuli mumuputule mupepi netebulo  aPali inkomaki ne finabwansabwa finshi alecita?,Uyu mwana mwanakashi alefwaya ukwamba ukulwa ifyakulya Fili petebulo.cilemoneka kwati uyu mwanakashi Pali abo eshile nabena kuli Ici cifulo ,Uyu mwana mwanakashi nasekelela Pali abo alelolesha abali pantanshi yakwe kabili icifulo aliko cifulo cakulilamo pantu muli ifipuna namatebulo ayengi sana
1132,"Abantu abapusanapusa Bali pancende imo panse mushita ya kasuba, Pali aba bantu Pali abaume na banakashi",Bambi abantu babili umwaume no mwanakashi nabeminina  mumbali yamusebo elyo Bambi abantu baleenda baleya ukwapusana pusana,Pali abantu babili abaleenda baleciluka umusebo wamanenekela Pali aba baleciluka umusebo Pali umwanakashi uwaina uufwele ifyakufwala fya fita elyo no mwaume uufwele ifyakufwala fya makumbimakumbi, Bushe incende aba bantu abapusanapusa baliko panse mushita ya kasuba ilemoneka Shani?,Iyi incende naikwata ifikulwa fyantunti ifitali sana ifishingulwike umusebo kabili kuli iyi incende kuli ne fipampa ifingi ifyalembwapo ifintu ifyalekanalekana
1133,"Umwaume naikala pakapuna mumuputule umo panshita ya bushiku ,uyu mwaume nafwala ishati na Sweta ifikwete amalangi ayapusanapusana , Ishati likwete ilangi lya buta elyo Sweta ikwete ilangi lya fita",Uyu mwaume naikala mupepi ne tebulo ilikwete inkomaki ishingi ishama galashi umuli ubwalwa,Ninahi  mwaume uwikele mupepi ne tebulo ilikwete inkomaki ishingi ishama galashi umuli ubwalwa alecita muli uyu muputule?,Uyu mwaume alemonekela kwati eshile mukunwa ubwalwa kabili alemonekela uwansansa elyo alelolesha ifye inkomaki Sha bwalwa shitanteme,Muli uyu muputule muli uyu mwaume mulemoneka kwati nimu cikulwa bashitishamo ifyakunwanwa kabili kunuma ya mwaume kuli abanakashi abafwele ishati lyakashika abalemoneka kwati abalepekanya ifintu
1134,Umwaume ali pakakushelemukilako mmenshi makasa kuncende iyabatama,Bushe alecita finshi kuli Ici cifulo ukuli amenshi makasa yeka yeka konsefye?,cilemoneka kwati eshile mukwangala elyo aleshelemuka pamenshi makasa kabili nafwala ne fyakufwala ifyakuicingililako elyo aleshelemuka,Bushe incende aliko uyu mulumendo ilemoneka Shani?,Incende ishingulwikwe na manshi makasa konse kabili kukuso kwa mulumendo kuli Ici beminike I celangi lya makumbimakumbi lelo Mumbali yaiyi incende muli ifimuti ifya umauma
1135,Abaume abafwele ishati lyelangi lya fita nabeminina mumuputule wa kwipikilamo panshita ya bushiku,Bushe finshi balecita abaume mumuputule Pali iyi inshita?,Nabekata imipusa ya nama kumaboko yabili yonse cilemoneka kwati balefwaya ukusala ifyakwipika kabili cilemoneka kwati Pali abo balelolesha pakuti babafwilisheko ukusala,Bushe uyu muputule balimo aba baume finshi filimo?,"Muli uyu muputule muli itebulo apo babikile imipusa yanama,elyo kunuma yabo kuli Icitofu cakwipikilapo kabili muli ne fya kubilabika munani pakwipika "
1136,"Abantu abalekanalekana Bali pancende imo munshita ya kasuba, Pali aba bantu Pali abaume na banakashi",Pali aba bantu babili baleenda namakasa  elyo abantu napamo mutanda Bali na ma cinga,Bushe abantu napamo mutanda  abali na macinga balecita finshi?,Bonse balecofa ama cinga  yabo kabili bonse nabapapa utufyola twakupapa kunuma,Bantu Bali kuli iyi incende balemoneka kwati naba pamfiwa cila umo umo kabili kucifulo Bali kuli ifikulwa fyantunti ifitali 
1137,Abana baume babili nabeminina kumumana umo afwele ishati lyelangi lya katapakatapaka na kaputula  kamakumbimakumbi elyo umbi afwele ishati lyelangi lya makumbimakumbi nakaputula kafitulukila notumilani twa makumbimakumbi ,Bushe aba bana baume babili abeminina kumumana apali umo uufwele ishati lyelangi lya katapakatapaka na kaputula  kamakumbimakumbi elyo umbi uufwele ishati lyelangi lya makumbimakumbi nakaputula kafitulukila notumilani twa makumbimakumbi  finshi balecita kumbali ya mumana?,Aba bana balumendo babili beshile mukwangala mupepi no mumana kabili Elyo baleangala nabatola amabwe kuminwe ayo baleposa mumumana,Bushe incende kuli aba bana balumendo babili abaleanga nokuposa amabwe mumenshi  ilemoneka Shani ?,Iyi incende ilemoneka iyisuma sana mukati kamumana akatalamukila napali abana balumendo kuli ubwato ubukulu  ubwelangi lya buta elyo kabili mumbali ya mumana muli utumabwe itunono
1138,"Abaume abafwele akasote kelangi lya fita,I campepo celangi lya fitulukila netoloshi lye langi lya makumbimakumbi Ali panse ya cikulwa ",Bush uyu mwaume uufwele icampepo celangi lya fitulukila ne toloshi lyelangi lyamakumbimakumbi alecita finshi?,uyu mwaume aleenda aleingila pamwinshi uwapangwa ne ntunti kabili Elyo aleya nakwata Ico asendele kuminwe icapala icola cakuminwe Icelangi lya fita,Bushe uko uyu mwaume aleya necola nasenada kuminwe kuli finshi kabili kulemoneka Shani?,uku uyu mwaume aleya kulemoneka kuli ififulo ifingi ifyapusana pusana elyo kuli nomwaume umbi uwikele pacipuna uufwele ifyakufwala fya fita uulemoneka kwati alelolelapo bamo
1139,umwana mwaume uufwele ishati nakaputula kelangi lya fita elyo peshati lyakwe napalengwa akamuntu,uyu mwana mwaume naikala pacibumbili apo banshike icitenge cakashikilila munshita ya kasuba,Bushe finshi uyu mwana mwaume uufwele ishati na kaputula akelangi lya fita finshi alecita kuli iyi incende  pakasuba?,Umwana mwaume aleangala  apo ekele kabili alemonekela kwati Pali abo alelolesha abali kuntanshi yakwe,Kuncende ukuli uyu mwana mwaume kunuma yakwe kulemoneka umumana uukulu sana cipalile kwati umwana eshile bafyashi kumumana mukukwata inshita iisuma
1140,Abana balumendo batatu bili mumuputule uwakuteyelamo umupila babili abana balumendo bafwele amashati yelangi lya buta ne tuputula twelangi lya katapakatapaka  ifya palana,umbi umwana mwaume nafwala ishati lya mutuntula nakaputula kelangi lya fita pantu Ali kwibumba ilyapusanako nokuli aba Bambi abana babili,umbi umwana mwaume nafwala ishati lya mutuntula nakaputula kelangi lya fita pantu Ali kwibumba ilyapusanako nokuli aba Bambi abana babili,Bushe aba bana baume abafwele ifyakufwala fyakjmabumba Ayapusana balecita finshi muli uyu muputule?,Aba bana baleteya umupila wa kuminwe kabili balwishanya pakufwwaya ukupoka umupila .muli uyu wine muputule muli na bantu Bambi abekele patupuna abaletamba uko abana baleteya umupila
1141,Umwana mwaume uufwele ishati lya butulukila netoloshi lye langi lya fita naikala pa impelwa .,Icimpelwa umwana mwaume akelepo  celangi lya kashika  kabili calikakililwa nama ceni ayafina pakuti cilanonya  abana,Bushe finshi umwana mwaume uufwele ishati lya butulukila netoloshi lye langi lya fita alecita pacimpelwa panshita ya kasuba?,Uyu  mwana mwaume aleangala pacimpelwa kabili pakupeluka umwana mwaume naikatilila amaceni pakuti epona elyo alepeluka,Ukulolesha pacinanso ca uyu mwana mwaume alemonekela uwansansa kabili namwentula nokumwentula kabili alelolesha kukuboko kwakukuso cipalile kwati Pali abo alelolesha
1142,Abanakashi babili umo uufwele ishati lya kashikilila elyo umbi afwele ishati lyelangi lya fita bali mumuputule panshita ya bushiku,Bushe finshi aba banakashi balecita muli uyu muputule panshita yabushiku beka fye?,Aba banakashi baleshimika ilyashi ilibasekeshe sana balemoneka kwati fibusa ifyaka sana kabili umwanakashi uufwele ishati lya fita alelanda nangula ukulangilila fimo ifilebasekesha bonse,"Mumuputule Bali muli ifintu ifingi nganshi ,pamo ngetebulo ilikwete ifintu ifingi nga mapepala.elyo kunuma yabo kuli iluba ilya katapakatapaka  elyo babila munganda",Umwanakashi uwikele pacipuna celangi lya makumbimakumbi aleshimikila fimo nangula ukulangililapo fimo umwanakashi uufwele ishati lyelangi lya kashika
1143,Abantu napamo bane Bali pamo Pali aba Pali umwanakashi imo elyo batatu baume  elyo kabili aba bantu tabalefuma kumo kwine batatu balefuma kumokwine lelo umbi alefuma kulubali lumbi,Pali aba batatu abalefuma kumo  babili umwaume no mwanakashi Bali pantanshi ya mulumendo umbi uuleisa kunuma elyo umbi umulumendo alefumina kumbi,Umwanashi Ali nomwaume afwele ishati lyelangi lya buta nakaputula kelangi lya makumbimakumbi elyo umwaume afwele ishati lyelangi lya kashika netoloshi lyelangi lya makumbimakumbi,"Aba babili umwaume no mwanakashi  nabakumbatana pakwenda , umwaume akumbete umwanakashi pamabeya elyo mwanakashi akumbete umwaume mumusana",Uyu mwaumeno mwanakashi balemoneka kwati batemwikwa kumonafye uko balekumbatana mumusebo kabili kuncende balepita kuli ifyo bakula kulakula.
1144,Umwana mwaume uufwele ishati lyelangi lya buta ilikwete utulembo netoloshi lye langi lya makumbimakumbi Ali panse ya nganda,Uyu mwana mwaume nakwata akamupila ka tenesi akelangi lya fitulukila nakamushilwa kabuta kukuboko kwakukulyo ,Bushe uyu mwana mwaume uukwete akamupila ka tenesi akelangi lya fitulukila nakamushilwa kabuta kukuboko kwakukulyo alecita finshi? ,Uyu mwana aleangala Icangalo ca mupila Ica tenesi kabili alebutuka na ka mupila katenesi kuminwe nakuba elemoneka uwansansa,uyu mwana mwaume tali eka apo aleanga nangula abantu tabalemoneka cipalile kwati kuntanshi yakwe kuli abantu abo ateya na no umupila wa tenesi
1145,Umulumendo wankanda yelangi lya buta uufwele icampepo ca malangi yabili iya buta neya fita netoloshi Ali mumbali yamusebo panshita ya kasuba,"Umulumendo uyu akwete umushishi uwipi, nafwala ne nsapato elyo aleenda kabili Ali me cola icakupapa kunuma ico apapile kunuma",Bushe finshi umwaume wankanda yelangi lya buta uufwele icampepo ca malangi yabili iya fita ne lya buta alecita mumbali yamusebo?,"Umwaume aleenda mumbali ya musebo ,naendesha sana cilemoneka kwati alefwaya ukufika uko aleya munshita iyisuma.",Elyo aleendesha lubilolubilo naikata akabokoshi kelangi lya buta kukulyo elyo ne ipepala cabuta kukuboko kwakukuso cilepala kwati aleey pakuti atwale ifi asendele kuminwe
1146,Abantu abengi abapusanapusa apali abaume na banakashi Bali mwishitima nabekala patupuna,Bonse abantu abali mwishitima ukubikako abaume na banakashi  nabafwala ifyampepo elyo namatoloshi,Bonse naba fwala ifyampepo ifyafina pantu nakutalala uko Bali .Nakuba nakutalala pantu iyi inshita baleenda mwishitima ninshita ya bushiku,"Kuli umwanakashi uwikele pacipuna ca kukuso mwishitima ,ekalile mupepi ne windo  kabili nashintilisha ne cipeya CA kukuso kwi windo ",Cilemoneka kwati Pali ifyo uyu mwanakashi alelolesha Panse elyo ishitima lileenda.nakalimo alelolesha ifimuti uko fileshinguluka
1147,Umwanakashi uwankanda yelangi lya buta uufwele ishati lyelangi lya makumbimakumbi na kaputula kafitulukila  Ali mumuputule umo panshita ya bushiku,uyu mwanakashi alifye eka muli  uyu muputule panshita ya bushiku kabili naikata akashimbi akatali akwete ilangi lya kashika kumpela imo mupepi netanta lya kukulyo,Bushe uyu mwanakashi Ali eka mumuputule panshita yabushiku alecita finshi Pali iyi nshita?,Uyu mwanakashi alemonekela kwati alewamya ifisolobelo ifyapusanapusana ifyonabomfya pakulungisha ifintu . kabili petebulo lilimupepi Pali ifisolobelo ifyapusanapusana ,Kuntanshi yakwe mumuputule Ali muli umulilo uuleyaka cipalile kwati umwanakashi eukoseshe pakuti omfwe ukukaba
1148,Abalumendo babili abankanda yelangi lya buta Bali no mwana mwaume panse bonse nabafwala insapato ishikwete utumipeto,Umwaume umo afwele icampepo celangi lya fitulukila netoloshi lye langi lya makumbimakumbi elyo umbi afwele icampepo celangi lya makumbimakumbi netoloshi lye langi lya fita,Aba balumendo babili babikile umwana mwaume pakati nabamwikatilila namaboko yonse yabili umbi kukulyo umbi kukuso kabili afwele ifyakufwala ifyafita,Bushe aba balumendo babili finshi balecita nomwana mwaume uufwele ifyakufwala fya fita  elyo bafwele insapato shamipeto?.,Aba baume babili balesambilsha umwana mwaume ifyakushelemuka  ukubomfya insapato shamipeto.Bonse nasekelela elyo baleshelemuka
1149,umwaume aleenda mumbali ya fikulwa panshita ya kasuba kabili  nafwala icidimbo umubili onse icelangi lya kashika,Bushe uyu umwaume aleenda mumbali ya fikulwa panshita ya kasuba kabili  uufwele icifimbo umubili onse icelangi lya kashika alecita finshi?,Uyu mwaume aleenda cilemoneka kwati Pali uko aleya kabili naposa sana amano elyo aleenda  elyo kukuboko kwakwe ukwakuluso nasenda icipepala,Bushe incende uyu mwaume aliko ilemoneka Shani elyo nikwisa kuli Ici cifulo?,Ici cifulo  cilemoneka kwati nikumushika  . kabili kuli iyi incende kuli amashitolo ayatantama  yamo nabatantikapo ifya misalumisalu
1150,Umwana uwankanda yelangi lya buta uufwele ishati lya buta  netoloshi lye langi lya fita naiminina pamusebo wamanenekela munshita ya kasuba,Uyu mwaume nakwata Ico alekunkulusha umuli ifintu kabili naiminina mumwamfuli uuo ekatile nokuboko kwa kukulyo,Bushe uyu mwaume  uwikete umwamfuli nokuboko kwakukuso alecita finshi pa museb?,uyu mwaume  alemonekela kwati  Pali ifyo aleahitisha ifili muko alekunkulusha akabuta akamipeto,kuncende Ali kuli  ifimuti ifitali ifyelangi lya katapakatapaka kabili bushilya bwa musebo kuli icibansa cakungi
1151, Umwaume uufwele ishati lyamingoloshi yamalangi yabili ilyafita ne lya makumbimakumbi netoloshi lya makumbimakumbi naiminina  panse munshita ya kasuba,Bushe uyu umwaume uufwele ishati lyamingoloshi yamalangi yabili ilyafita ne lya makumbimakumbi netoloshi lya makumbimakumbi alecita finshi?,Uyu mwaume naiminina nakwata ibotolo lya menshi kuminwe kabili alenwa amenshilelo elyo alenwa amenshi umwaume nailolesha mumulu cipalile kwati Pali abo alemona,Bushe uyu mwaume uwiminine nakwata ibotolo lya menshi kuminwe kabili uulenwa amenshi Ali kucifulo nshi?,Uyu mwaume Ali kucifulo ukuli icimupaipi Icikulu icipitamo amenshi icikwete ilangi lya makumbimakumbi elyo mupepi napo eminine Pali akakunkubiti ka kubikamo umwela
1152,Bashikulu bantu abankanda yelangi lya buta nabafwala Ishati lyelangi lya makumbimakumbi netoloshi lye langi lya fitulukila.Bali panse panshita yakasuba elyo umushishi wabo naikwata imfwi,Bushe bashikulu bantu abankanda yelangi lya buta abafwele  Ishati lyelangi lya makumbimakumbi netoloshi lye langi lya fitulukila balecita finshi?,Aba bashikulu bantu abafwele Ishati lyelangi lya makumbimakumbi netoloshi lye langi lya fitulukila nabeminina beka cilemoneka kwati Pali ifyo balepanga kabili na abikishako sana amano kufyo balecita.,Bushe bashikulu bantu abafwele Ishati lyelangi lya makumbimakumbi netoloshi lye langi lya fitulukila abakwete imfwi kumutwe balikwisa panshita ya kasuba?,Aba bashikulu bantu abafwele Ishati lyelangi lya makumbimakumbi netoloshi lye langi lya fitulukila nabeminina  pancende apali imbeketi ishingi sana elyo akatalamukila kuli ifimuti ifyakatapakatapa
1153,Umwaume uufwele ifyakufwala fye langi lya makumbimakumbi nanina pacapangwa icobaletinta kuli kabalwe babili.aba bakabalwe Bali abapalana bakwete ilangi lya fitulukila umubili onse lelo umona nakanwa Fili ifya buta, Bushe uyu umwaume uufwele ifyakufwala fye langi lya makumbimakumbi uuninine pacapangwa icobaletinta kuli kabalwe babili alecita Finshi? ,Uyu mwaume aleensha nokupindulula bakabalwe  cilemoneka kwati alipabulendo ubutali nganshi kabili alipofye eka lelo nalosha icinso cakwe kukuso cipalile kwati Pali ifyo alelolesha,Bushe uyu mwaume afwele ifyakufwala ifyelangi lya makumbimakumbi uuninine pacela iciletintwa na bakabalwe alikwisa?,Uyu mwaume Ali kuncende iyi ekafye ikwete amenshi makasa ayengi kabili kuli iyi incende kuli impili ne ifimuti patali patali ifiahikwete amabula
1154,Umulumendo wankanda yelangi lya buta uufwele ishati lyelangi lya makumbimakumbi lelo ilemoneka ilyafitulukila netoloshi lye langi lya makumbimakumbi Ali panse,Uyu wine mulumendo nafwala ne toloshi lyelangi lya makumbimakumbi nanina na pakakushelemukilako pa musebo wamanenekela akamipeto panshita ya kasuba,Bushe mulumendo uufwele ne toloshi lyelangi lya makumbimakumbi nanina na pakakushelemukilako pa musebo wamanenekela akamipeto panshita ya kasuba alecita finshi?,uyu mulumendo aleshelemuka ukubomfya akakushelemukilako pamusebo  kabili Elyo aleshelemuka naikata ukuboko kumo ukwakulyo kuka kushelemukilako elyo kumbi ukuboko naimya mumulu,Incende uyu mulumendo aleshemukilako  ilemoneka iisuma kabili naikwata ifimuti ifitali ifyakatapakatapa ifingi ne fikulwa ifikwete ilangi lya buta.
1155,"Abana banakashi babili Bali mumuputule panshita ya kasuba,umo mwana Ali nomushishi welangi lyafita elyo umbi Ali nomushishi welangi lya buta","muli uyu muputule abana bekele  , bekele patupuna mupepi ne tebulo ikwete insalu banshikepo iyelangi lya fita kabili petebulo Pali ne fitabo", Bushe muli uyu muputule abana a bekele patupuna mupepi ne tebulo ikwete insalu banshikepo iyelangi lya fita  balecitamo finshi Pali iyi nshita?,Aba bana banakashi nabeka bacilabelenga mucitabo Fili petebulo lelo Pali iyi Inshita abana baleteya Icangalo canjuka cilemoneka kwati nabanaka ukubelenga.,Umuputule balimo mulemoneka ifitabo ifingi ifyo batantuke cipalile kwati lishitolo umo bashitisha ifitabo kabili kunuma ya aba bana kuli abaume abeminine
1156,Abantu babili umwaume uufwele ishati lya malangi yabili iya fita ne lya buta no mukashana uufwele ishati lyakashikilila ne citenge Ca makumbimakumbi Bali mucibansa,"Uyu mwaume no mwanakashi Bali  mupepi ne ngombe iikulu sana iikwet amalangi yatatu ilyafita ,ilyabuta nelya katapakatapaka", Bushe aba bantu babili umwaume uufwele ishati lya malangi yabili iya fita ne lya buta no mukashana uufwele ishati lyakashikilila ne citenge Ca makumbimakumbi finsh Balecita  mucibansa?,Umwaume alipanshi cipalile kwati ingombe naimupunka kabili umwanakashi uufwele ishati lya kashikilila ne citenge Ca makumbimakumbi alebutukila ukuli umwaume,"Uyu mwanakashi alebutukila ukuli umwaume pakuti amwafwilisheko lelo ingombe yena ilebutukisha mucibansa icalukungu, ilefulumuka aba bantu babili"
1157,"Imbwa yelangi lya kashika Ili mumumana , naikwata umushipi mumukoshi uwelangi lya fita kabili naiponya namatwi","Bushe finshi Imbwa yelangi lya kashika Ili mumumana , iikwete umushipi mumukoshi uwelangi lya fita kabili naiponya namatwi ilecita?",Iyi Imbwa yelangi lya kashikilila ileyenda  mumenshi ayali mumumana kabili nailolesha kukulyo kwaiko cipalile kwati Pali ifyo ilelolesha,"Bushe  Imbwa yelangi lya kashika Ili mumumana , iikwete umushipi mumukoshi uwelangi lya fita kabili naiponya namatwi ilikwisa?","Iyi mbwa ikwete ilangi lya kashikilila Ili kuncende yamumana , kabili nainyata amolu yonse mumenshi lelo amenshi tayafulile sana"
1158,Umwana mwanakashi uufwele ishati lyelangi lya butulukila netoloshi lye langi lya makumbimakumbi  Ali mucibansa icakwangalilamo ,Muli Ici cine cibansa muli ne mbwa ikwete amafufu yelangi lyafitulukila iikwete umushipi mumukoshi uwelangi lya kashika panshita ya kasuba,Bushe finshi imbwa yelangi lya fitulukila no mwana mwanakashi uufwele ishati lya buta ne toloshi lyelangi lya makumbimakumbi Balecita mucibansa?,Imbwa iletoloka pakashimbi Ako babikila elyo umwanakashi ena  alebutuka cilemoneka kwati baleteya Icangalo cakucimfyanya ukubutuka,Icibansa balimo calicingililwa  nolubango lwelangi lya buta elyo kabili kunse yalubango kuli abantu abaletamba uko balecimfyanya umuntu nembwa
1159,Umwaume uwankanda yelangi lya buta uufwele ishati lya fita netoloshi lye langi lya makumbimakumbi naiminina panse panshita yakasuba,"Uyu mwaume naiminina shilili nafwala amasikiyo kumatwi, umushishi mumusana uwelangi lya fita kabili naikata amaboko yonse yabili mumatumba",Bushe umwaume uwankanda yelangi lya buta uufwele ishati lya fita netoloshi lye langi lya makumbimakumbi eminine  panse alecita finshi panshita yakasuba?,Uyu mwaume  naiminina aloleshe kukuso kwakwe cipalile kwati Pali abo alelolesha nangula Pali abo alelolela kabili nabika sana amano uko aloleshe,Kuncende Bali aba baume kuli imyotoka shingi nganshi ishitanteme  mumulongo  ishikwete amalangi yapusanapusana kabili kuli na bantu Bambi kunuma ya aba baume.
1160,Umwana mwaume uufwele ishati lya katapakatapaka netoloshi lye langi lya makumbimakumbi Ali mucibansa panshita ya kasuba,uyu mwana mwaume naikatilila umupila kuminwe uukwete amalangi yabili Ilya makumbimakumbi ne lya kashika,Bushe umwana mwaume uufwele ishati lya katapakatapaka netoloshi lye langi lya makumbimakumbi uuli mucibansa panshita ya kasuba finshi alecita?,Uyu mwana mwaume naikataumulila kuminwe elyo naiminina pano cilemoneka kwati Pali ifyo alelolesha kuntanshi yakwe,Cilemoneka kuli Bambi abana banankwe  abo alefwaya ukwamba ukuteya nabo.lelo kuncende Ali kuli ulunkoto akatalamukila nabantu babili kunuma yakwe
1161,"Umwaume uufwele ishati lyelangi lya fita , amagalashi kumenso ne jaketi lyelangi lya Kaki Ali mumuputule panshita ya bushiku"," Bushe finshi uyu mwaume uufwele ishati lyelangi lya fita , amagalashi kumenso ne jaketi lyelangi lya Kaki alecita mumuputule panshita ya bushiku?",uyu mwaume naikala pakapuna lelo ilyo ekele aleikata ukuboko kwakwe ukwakuluso pa cilimba cansale cilemoneka kwati alelisha ifilimba,"Bushe umwaume uufwele ishati lyelangi lya fita , amagalashi kumenso ne jaketi lyelangi lya Kaki  panshita ya bushiku alikwisa?","Ali mumuputule  uulemoneka uwafitafita  , kunuma ya kuli iketani lyelangi lya kashika cilemoneka kwati iyi nincende balishishamo ifilimba"
1162,"Abanakashi babili Bali palubansa munshita ya kasuba ,umo mwanakashi afwele ifyakufwala ifyelangi lya kashika elyo umbi afwele ifyakufwala fyamalangi yabuta ne ya kashika",Umo mwanakashi nafwala icisote celangi lya buta elyo umbi afwele imbale kumutwe kabili bonse nabafwala insapato ishitali ishelangi lya buta,"Bushe abanakashi babili Bali palubansa munshita ya kasuba ,umo mwanakashi afwele ifyakufwala ifyelangi lya kashika elyo umbi afwele ifyakufwala fyamalangi yabuta ne ya kashika balecita finshi?","Aba banakashi baleenda baleya kumo kabili nabendesha pantu kulemoneka kwati kuleloka imfula ,emulandu bafimbanine kumitwe",Kuncende ukuli aba bakashana  kuli abantu abapusanapusa apali abaume na banakashi nabena balebutauka imfula kabili balecita ifintu ifyapusanapusana
1163, Abaume babili nabanakashi bamo Bali notubana utwanakashi tubili bonse nabeminina panse panshita yakasuba ,Bonse aba bantu nabafwala ifyampepo elyo kuli bashikulu bantu abafwele ifyakufwala bafwala nakuli ukusefya  icimishimishi ifyelangi lya kashika, Bushe abaume babili nabanakashi bamo Bali notubana utwanakashi tubili bonse abeminine panse panshita yakasuba balecita finshi?,Balemoneka kwati beshile mukushita fimo ifyakubomfya pakusefya icimishimishi kabili bashikulu bantu abafwele ifyakufwala bafwala ngakuli ukusefya cimishimishi balepela utubana twanakashi fimo,kuncende Bali kulemoneka kwati nikumushika kabili beminine pantashi yeshitolo pamushili Pali na menshimakasa ayabutatutu kanshi uku kuncende nakutalala sana
1164,Umwaume uuifwele ishati lya mukati ilyelangi lya buta mukati nalimbi ishati lyamalubamaluba kunse elyo netoloshi lye langi lya makumbimakumbi,"Aba baume nabafwala insapato ishikwete ilangi lyafita,inkoloko yelangi lya  fita kukuboko kwakukuso elyo nama galashi kumenso","Bushe  baume abafwele insapato ishikwete ilangi lyafita,inkoloko yelangi lya  fita kukuboko kwakukuso elyo nama galashi kumenso finshi balecita?",Aba baume nabeminina pamusebo wamanenekela panshita ya kasuba kabili nabalolesha  kukulyo kwabo cilemoneka kwati Pali ifyo balelolesha,Kuncende Ali umwaume kuli intambo shamalati ishipitile mumulu  elyo kunuma yakwe kuli ifimuti ifitali ifyakatapakatapa nakabili kukuso kwakwe kuli icikulwa icasuntinkana
1165,Umwanakashi uwankanda yelangi lya buta nafwala shati lyelangi lya fita nakaputula kafitulukila nakobeka icola pamabeya,Icola akobeke pamabeya  cili icafitulukila kabiliuyu mwanakashi  nakwata fwaka kukuboko kwakukulyo iyo alepepa mukanwa lelo kukuboko kwakukuso nafwala inkoloko yelangi lya fita, Bushe umwanakashi uwankanda yelangi lya buta uufwele shati lyelangi lya fita nakaputula kafitulukila nakobeka icola pamabeya finshi alecita?,"Uyu mwanakashi aleenda cilemoneka kwati Pali uko aleya kabili aleendesha sana ,naposa namano mukwenda no kupepa fwaka",Kuncende Bali kuli ifikulwa fyantunti ifitali sana kabili panshi Pali amanenekela  elyo kuli iyi incende umukashana alemonekako fye eka
1166,Imbwa shibili shili mumpanga imo yelangi lyafita elyo imbi yelangi lyafitulukila.imbwa iyafitulukila naikwata umushipi uwelangi lya kashika,Bushe finshi Imbwa shibili ishili  shilecita?,Ishimbwa shibili shileangala elyo pakwangala shilecena . imbwa yelangi lya fitulukila ilefwaya ukusuma imbwa yelangi lya fita kabili ishimbwa nashimya amatwi pakwangala,Bushe  Imbwa shibili ishili mumpanga imo yelangi lyafita elyo imbi yelangi lyafitulukila shilikwisa?,Ishimbwa shibili shili mumpanga  iyisuma sana umuli ifimuti ifyakatapakatapa ifipi ne fitali.ifimuti ifipi ififulile ukucila ifitali
1167,Imbwa iikwete amasako yelangi  lya butulukila Ili mucibansa cakuteyelamo umupila kabili iyi mbwa Ili mupepi no mupila wa malangi yabili iya fita ne lya buta, Bushe imbwa iikwete amasako yelangi  lya butulukila Ili mucibansa cakuteyelamo umupila ilecita finshi? ,Iyi mbwa ileangala elyo pakwangala Ili no mupila wa malangi yabili iya fita ne lya buta up ileangasha . pakwangala iyi mbwa nayasama akanwa, Bushe imbwa Ili mupepi no mupila wa malangi yabili iya fita ne lya buta ku cibansa Ili kulemoneka Shani?,Kuli iyi incende kuli ulunkoto elyo kunuma yambwa kulemoneka kwati kuli umuntu uwiminineko uufwele itoloshi lye langi lya makumbimakumbi
1168,Umulumendo Ali mumulu pa ncinga nafwala Icisote na shati ifyelangi limoline Ilya buta elyo netoloshi lye langi lya makumbimakumbi ne nsapato shelangi lya buta, Bushe umulumendo uuli mumulu pa ncinga nafwala Icisote na shati ifyelangi limoline Ilya buta elyo netoloshi lye langi lya makumbimakumbi ne nsapato shelangi lya buta alecita finshi?,uyu mulumendo Ali mumulu ne ncinga alecofa cipalile kwati aleangala icangalo cakucimfyanya ukucofa amacinga kabili Elyo Ali mumulu uyu mulumendo naikatilila Icakupindulwilako incinga namaboko yonse yabili, Bushe umulumendo uuli mumulu pa ncinga nafwala Icisote na shati ifyelangi limoline Ilya buta elyo netoloshi lye langi lya makumbimakumbi incende aliko ilemoneka Shani?,Incende aliko  panshi palemonekela ifikulwa fyantunti ifitali sana lelo ena Ali mumulu Sana pantu amakumbi yalemoneka mupepi no mutwe wa uyu mulumendo
1169,Umwaume uufwele ishati lya malangi yabili iya fita ne lya makumbimakumbi ilikwete icisote celangi lya buta elyo netoloshi lye langi lya makumbimakumbi alipamulu wa cikulwa cantunti icitali,Bushe uyu mwaume uufwele ishati lya malangi yabili iya fita ne lya makumbimakumbi ilikwete icisote celangi lya buta elyo netoloshi lye langi lya makumbimakumbi alecita finshi  pamulu wa cikulwa cantunti icitali?,Uyu mwaume nakwata icikolopo icakukolopelako kabili Pali iyi nshita umwaume alekolopa kabili Elyo alekolopa alasuka icikolopo mu mbeleti yelangi lya katapakatapaka iili mupepi naena,Bushe uyu mwaume uukwete icikolopo icakukolopelako kabili Pali iyi nshita umwaume alekolopa  incende aliko ilemoneka Shan ?,kuli iyi incende kuli ifikulwa fyantunti ifitali sana ifishingulwike icikulwa cantunti emininepo uyu mwaume uulekolopa  pantu ifikulwa fishingulwike ficilifilemonekela apatali nagu cakutu uyu mwaume nao Ali apatali
1170,"Bashikulu bantu abafwele Ishati lyelangi lyabuta , jaketi lyelangi lya butulukila netoloshi lye langi lya fita Bali na ncinga munshita ya kasuba","Bushe bashikulu bantu abafwele Ishati lyelangi lyabuta , jaketi lyelangi lya butulukila netoloshi lye langi lya fita aBali pa ncinga finshi becita?",Bashikulu bantu abali pa ncinga  balecofa iyi incinga cilemoneka kwati Pali uko baleya.kabili elyo balecofa iyi incinga bashikulu bantu nabekatilila icakupindulwilako namaboko yonse yabili,"Bushe bashikulu bantu abafwele Ishati lyabuta, jaketi lyelangi lya butulukila netoloshi lye langi lya fita Bali kwisa?",Aba ba shikulu bantu Bali mumusebo wa manenekela elyo kumbali yabo kukuso kuli Icela icabumbililwa ngo muntu neminwe icelangi lya kashika
1171,Umwaume uufwele ishati lyelangi lya makumbimakumbi ya fita  necapamulu we shati icelangi lya macungwamacumgwa naiminina panse pantanshi yacimbayambaya celangi lya fitulukila ne lya kashika panshita yakasuba,Bushe umwaume uufwele ishati lyelangi lya makumbimakumbi ya fita  necapamulu we shati icelangi lya macungwamacumgwa finshi aminine panse alecita pa panshita yakasuba?,Uyu mwaume nakata kamo kuminwe akapala musange Ako aletinika .lelo cipalile kwati uyu mwaume alececeta icimbayambaya cili pantanshi yakwe Icelangi lyakashikilila kunuma nelya fitulukila kuntanshi,Bushe incende umwaume uufwele ishati lyelangi lya makumbimakumbi ya fita  necapamulu we shati icelangi lya macungwamacumgwa aliko kuli  finshi? ,"Kuli iyi incende kuli umwaume uufwele ishati lyelangi lya makumbimakumbi kuli ifimbayambaya ,elyo ifimbayambaya filiko filemoneka  ifipya .kanshi kutitwala cipalile kwati nincende papangilako ifimbayambaya"
1172,Abantu abengi abapusanapusa Bali mucibansa camukati icamupila nabekala Pali aba bantu Pali abaume na elyo nabakoloci.,Bushe finshi aba bantu abalekanalekana  apali abaume na banakashi nabakoloci  balecita finshi mucibansa camukati?,Bonse nabeka baletamba icangalo cimo icileteyeka lelo tebonse bekele  umo mwanakashi naiminina pakati kebumba uku Nishi naimya namaboko yonse yabili mumulu.,Bushe incende abantu abengi abapusanapusa Balimo mucibansa camukati ilemoneka shani?,Kuli icifulo kuli utupuna twelangi lya makumbimakumbi uto abantu bekelepo elyo baletamba icangalo kabili umutenge utali sana
1173,Abanakashi babili nabeminina umo nafwala icampepo celangi lya mutuntula Elyo umbi na fwala icampepo celangi lya butulukila,Bonse babili aba bakashana  ifyampepo bafwele nafikwata ifisote lelo umo umukasha uufwele icampepo celangi lya butulukila nafwala amasikiyo,Bushe abanakashi babi abeminine umo nafwala icampepo celangi lya mutuntula Elyo umbi na fwala icampepo celangi lya butulukila balecita finshi?,Aba banakashi babili balelolesha muli cimashini icobabomfya pakumwenako utuntu utunono nangula microscope.Ilyo balemona muli microscope aba banakashi nabatonta amenso kabili balelolekesha,Aba banakashi nabakwata cila umo microscope nangula mashini yakumwenako ifintu ifinono ifyo twishingamona na menso yesu
1174,Umwaume wankanda yelangi lya buta uuli no mushishi ewelangi lya fita nafwala ishati lyelangi lya buta nakaputula kelangi lya fitulukila naikala pamwinshi wanganda,Uyu mwaume nafwala insapato ishikwete amalangi yabili ilyafita ne lya buta ne nsokoshi shelangi lya buta tutu kabili uyu wine mwaume naikata nafwala kuminwe, Bushe uyu mwaume wankanda yelangi lya buta uuli no mushishi ewelangi lya fita nafwala ishati lyelangi lya buta nakaputula kelangi lya fitulukila finshi  ekele alecita  pamwinshi wanganda?,Uyu mwaume nakwata fwaka kuminwe cipalile kwati acilapepa fwaka  lelo Pali aka kashita aletushako.kabili nashintilisha amaboko pa molu elyo nauminkanya iminwe. ,Kabili elyo ekele uyu mwaume nalolesha amenso kuntanshi pamo  cilemoneka kwati nasendwa namatontonkanyo yakwe.lelo kunuma yakwe kuli Icibi celangi lya kashika ne nganda Ili yelangi lya buta
1175,"Abantu abengi abalekanalekana Bali panse pancende imo , Pali aba bantu Pali abacaice, abakoloci, abanakashi na baume nabeminina","Bushe finshi abantu abengi abalekanalekana aBali panse pancende imo , Pali aba bantu Pali abacaice, abakoloci, abanakashi na baume  balecita ?",Aba bantu abalekanalekana Bali Mumbali baletamba abalumendo babili abali pakati  abakeshana.aba bantu bonse nabaposako sana amano elyo baletamba,Bushe incende abantu abengi abalekanalekana aBali panse Baliko uko baletamba abakashana  ilemoneka Shani ?,Iyi ncende  naishingulukwa ne fikulwa ifingi ifyantuntu ishitali.kabili pamushi Pali pangililwa bwino namanenekela lelo panshi apo abalumendo baleshanina nabanshikapo cimo icikwete amalangi yabili ilyafita ne lya buta
1176,Umwana mwanakashi uwankanda yabuta nakwata umushishi uwipi uwelangi lya fita kabili nafwala ishati lyelangi lya butulukila Ilya maboko ayatali,Uyu mwana mwanakashi nafwala ne toloshi lyelangi lya makumbimakumbi ne nsapato shelangi lya buta kabili naiminina pafyani panshita ya kasuba,Bushe umwana mwanakashi uwankanda yabuta uukwete umushishi uwipi uwelangi lya fita kabili uufwele ishati lyelangi lya butulukila Ilya maboko alecita finshi?,Uyu mwana mwanakashi naiminina pafyani  Ali notumaluba twelangi lya mutuntula kuminwe  cipalile kwati alepita aleswa utu tumaluba,Ifyani umwana mwanakashi anyantilepo filemoneka ifyakatapakatapa elyo nalolesha  panshi cilemoneka kwati alefwaya ukumona akaliluba enganukula
1177,Umwana mwaume uufwele ishati lyelangi lya kashika nakaputula kelangi lya fitulukila aletoloka ukufuma pa cakwangalipo,Bushe finshi umwana mwaume uufwele ishati lyelangi lya kashika nakaputula kelangi lya fitulukila alecita? ,Uyu mwana mwaume aleangala lelo elyo aleangala aletoloka  ukufuma pacakwangalilapo cakuashelemuka.kabili naimya namaboko yonse yabili elyo aletoloka necinso  cakwe cilemoneka Ica nsansa nganshi,Bushe uyu umwana mwaume uufwele ishati lyelangi lya kashika nakaputula kelangi lya fitulukila Icifulo aliko cilemoneka shani? ,Ici cifulo cilemoneka kwati cifulo uko aba bangalila kabili fyonse ifyakwangalilapo Fili nelangi lya makumbimakumbi lelo panshi pena Pali utumabwe utunono utwingi
1178,Umwanakashi uwankanda yelangi lya buta uufwele ifyakufwala fyelangi lya butulukila nakobeka necola celangi lya fita pamabeya alipanse panshita ya kasuba,Bushe umwanakashi uwankanda yelangi lya buta uufwele ifyakufwala fyelangi lya butulukila uukobeka necola celangi lya fita pamabeya alecitafinshi  panse panshita ya kasuba?,Uyu mwanakashi aleenda Mumbali ya musebo kabili aleendafye panonopanono cipalile kwati nanaka sana nangula nakwata sana amafya kanshi Pali ifyo aletontonkanya,Bushe umwanakashi uwankanda yelangi lya buta uufwele ifyakufwala fyelangi lya butulukila uukobeka necola celangi lya fita  incende aliko Ili Shani?,Incende ukuli uyu mwanakashi  ili nefikulwa mumbali yamusebo onse lelo pancende apafikile umwanakashi Pali iyi nshita Pali ishitolo elyo bashitishamo ifyakufwala. 
1179,Umwaume uufwele ishati lyelangi lya buta Ali no mukashana uufwele ishati lyelangi lya fita mumbali yamusebo panshita ya kasuba,Bonse babili umulumendo no mukashana nabafwala ama galashi ayafita kumenso ayakumwenako ngakuli akasuba kabili umwanakashi nakobeka icola camingoloshi yamalangi yabili Ilya buta ne lya fita,Bushe umwaume uufwele ishati lyelangi lya buta  no mukashana uufwele ishati lyelangi lya fita finshi balecita mumbali yamusebo panshita ya kasuba?,Umulumendo nomukashana nabeminina cilemoneka kwati balekopwa icikope elyo kuli uuli kuntanshi yabo uulebakopa icikope.,Kukulyo kwa mulumendo no mukashana kuli umwanakashi uulepita.kabili kukulyo kwabo kwine kuli ifikulwa fyantunti lelo pakati kamusebo kukuso kwabo kuli imyotoka ishingi nganshi.
1180,"Umwaume  uufwele ifyakufwala ifikwetemo amalangi yapusanapusana pamo nga ilangi lya fita,Ilya kashika elyo neya katapakatapaka Ali panse",Bushe finshi uyu mwaume uufwele insapato nefyakufwala kuminwe pakuicingilila alecita panshita yakasuba?,Uyu  alebasa icimuti cipalile kwati alefwaya ukubasa icimuti apangemo  iconi icikele pa cimuti .elyo alebasa nakwata ifisolobelo ifyo alebombafye pakubasa,Bushe icifulo umwaume uufwele ifyakufwala ifikwetemo amalangi yapusanapusana  alebashilako cilemoneka shani?,incende uyu mwaume aliko ni mumpanga pantu mupepi fyenapo alebashila Pali ifimuti ifitali ifyakatapakatapa ifingi
1181,Umwaume nafwala ifyampepo fibili cimo icili mukati  celangi lya makumbimakumbi kabili nacikwata ne cisote elyo icampepo cili mukati celangi lya fita naikala panse panshita ya kasuba ,Apo akele Pali ikalitebulo apali ifintu ifingi pamo nga akakopo umuli ifyakupentelako na malangi yakupenta,Umwaume   ekele Pali kalitebulo apali ifintu ifingi pamo nga akakopo umuli ifyakupentelako na malangi yakupenta alecita finshi?,Uyu mwaume uufwele ifyampepo fibili  naikala alepenta mucitabo Ali naco petebulo.pali line tebulo Pali amapenti yamalangi ayengi ayapusanapusana,Uyu mwaume naposako sana amano kufyo alepenta pa citabo icakuti nakontamina napetebulo.lelo kukuso kwakwe kuli motoka iyelangi lya buta
1182,Bashikulu bantu abafwele ifyakufwala ifyafitulukila nensapato shelangi lya fita bali panse pa cipuna mumbali ya musebo panshita ya kasuba,Bushe bashikulu bantu abafwele ifyakufwala ifyafitulukila nensapato shelangi lya fita abali panse pa cipuna mumbali ya musebo finshi balecita? ,Aba bashikulu bantu nabalala pacipuna mupepi no musebo . Elyo balele nabatambalala amolu kabili  nabasaila umutwe pacakusailapo icelangi lya fitulukila.,Bashikulu bantu abafwele ifyakufwala ifyafitulukila nensapato shelangi lya fita abali panse pa cipuna mumbali ya musebo nincende nshi Baliko?,Incende bashikulu bantu kuli ifimuti ifitali ifyakatapakatapa ne fikulwa fyantunti ifitali sana kabili mumbali muli imyotoka kunuma yabo
1183,"Abantu basano Bali mumuputule umo   nabeminina panshita ya kasuba ,Pali aba bane banakashi elyo umo mwaume."," Bushe aba bantu basano aBali mumuputule umo   nabeminina panshita ya kasuba ,Pali aba bane banakashi elyo umo mwaume balecita finshi.?",Aba bantu nabeminina baletota cilemoneka kwati Pali abamo aba cilanda ifisuma ifyo abantu bonse batemenwe.Bonse abantu nabalolesha kumo kwine cipalile kwati ekuli abalelenda  , Bushe aba bantu basano abeminine  baletota umumuputule balimo ulemoneka Shani?,umuputule balimo ulemoneka uwabusaka kabili kunuma ya abakashana  kuli itebulo lyelangi lya buta  apali ikabotolo ka menshi na kompyuta.elyo pacibumba Pali icikope ico balengapo  amaluba
1184,Imbwa shibili imo iyelangi lya fitulukila ne ikwete ilangi lya butulukila nashiminina panse munshita ya kasuba,Bushe finshi imbwa shibili imo iyelangi lya fitulukila ne ikwete ilangi lya butulukila shiminine shilecita panse munshita ya kasuba?,Nashiminina lelo imbwa iyelangi lya fitulukila ilemoneka ilenunsha imbwa yelangi lya butulukila.cipalile kwati shacisa mukwangala,Bushe ishi  imbwa shibili imo iyelangi lya fitulukila ne ikwete ilangi lya butulukila shiminine kwisa? ,Ishimbwa shiminine mumpanga umuli ifimuti ifitali nganshi kabili ifi fimuti nafitintinkana
1185,"Abaume bane nabanina Pali bakabalwe ,lelo elyo baninine Pali bakabalwe  nabafwala ifyakufwala ifyakuteyelamo Icangalo elyo nefisote fyakuicingililako ", Bushe finshi abaume bane abaninine Pali bakabalwe abali mucibansa panshita ya kasuba balecita? ,Aba baume bane baleendesha bakabalwe cila umo imo cilemoneka kwati Baleangala Icangalo icakucimfyanya ukubutuka nakabalwe  . kabili Elyo aba bane balebutauka na bakabalwe abalumendo nabekatisha sana intambo ishikakilwe kuli bakabalwe,Bushe kucifulo aba balumendo bane  balecimfyanyanisha ukubutuka na  bakabalwe panshita ya kasuba  cilemoneka shani?,Muli Ici cibansa balebutukila nangula ukucimfyanishisha  muli ulukungu lelo mumbali ya cibansa muli ifyani ifyayemba nganshi ifyaputulwa bwino ifyelangi lya katapakatapaka.Kabili akatalamukila kulemoneka ifimuti ifitali ifyakatapakatapa.
1186,Umwanakashi naikala eka mwihema Ilili pamabwe kabili uyumwanakashi nafwala Icisote ne campepo icelangi lya fita ifyakuicingililako ku kutalala,Bushe umwanakashi uwikele  eka mwihema Ilili pamabwe  nafwala ne cisote kumutwe ne campepo  alecita finshi?,Uyu mwanakashi aletubilisha pakuti acingililwe kumwela nempepo kabili uyu mwanakashi nalolesha amenshi kuntanshi cipalile kwati Pali abo alelolesha,Bushe umwanakashi uwikele  eka mwihema Ilili pamabwe  nafwala ne cisote kumutwe ne campepo  alimwihema kwisa?,Uyu mwanakashi alimwihema kuncende yampili shalingafye elyo kabili pamulu wa ishi mpili Pali amenshi makasa 
1187,Abanakashi babili nabekala  mumuputule umo .Pali aba banakashi umo nafwala ilaya lyelangi lya makumbimakumbi elyo nabafwala nenindaminwe kuminwe,Elyo umbi umwakashi nafwala ilaya lyelangi lya kashilila ilikwetemo amaluba ya buta.kabili bonse bekele pacipuna cimo cine icikwete ilangi lya kashikilila,Busha abanakashi babili abekele  mumuputule umo  kabili abekele pa cipuna cimocine icelangi lya kashikilila balecita finshi?,Aba banakashi nabekala baleshimika ilyashi kabili Elyo baleshika ilyashi pakulanda palebomfya neminwe . cipalile kwati baletambapo bamo,Kumwenafye kufyo balelanda  cipalile kwati Pali ifyo umwanakashi uufwele ilaya lyelangi lya kashika aletotosha umwanakashi afwele ilaya lyelangi lya makumbimakumbi kabili baleloleshanya  amenso pakulanda
1188,Umwana mulumendo Ali mumuputule bateyelamo ifyangalo fyamupila wa kuminwe kabili naikata umupila kuminwe uwelangi lya macungwamacumgwa,"Uyu mulumendo nafwala ishati lyelangi lya makumbimakumbi na kaputula akwete amalangi yatatu ilyafita, ilyabuta nelya kashikilila",Bushe finshi umwana mulumendo uuli mumuputule bateyelamo ifyangalo fyamupila wa kuminwe alecita no mupila  welangi lya macungwamacugwa?,Uyu mulumendo Ali no mupila aleteya icangalo cakucimfyanya ukuteya umupila wakuminwe up patanusha pakuteya,muli uyu muputule muli nabantu nabambi abeminine kunuma ya mulumendo Ali no mupila . cipalile kwati baletamba uko baleteya Icangalo ca mupila wa kuminwe
1189,Abantu abalekanalekana apali abaume na banakashi abakwete abana Bali pancende imo panshita ya kasuba ,Bushe abantu abalekanalekana apali abaume na banakashi abakwete abana balecita finshi ?  ,Aba bantu beshile mukwangala  umo umwana na ba mubika mucimpelwa alepeluka kabili abafyashi abanakashi baletamba uko abana baleangala,Bushe abantu abalekanalekana apali abaume na banakashi abakwete abana balikwisa?  ,Bali panse  kabili pancende Bali kunuma yabo kuli ifikulwa fyantunti ifitali sana elyo kuli nabantu abalepita kunuma yabo
1190,ABacikoloci babili umwaume uufwele ishati lyelangi lya mutuntula nakasote kelangi lya buta naikala pantanshi munshita ya kasuba,Umbi uwacikoloci mwanakashi  uufwele ishati lyelangi lya makumbimakumbi kabili ena tafwele icisote kumutwe lelo umushishi wakwe uli nemfwi,Aba banakulu bantu abali kunuma nabafwala amagalashi kumenso ayakumwenako ngakuli akasuba ayengi lya fit kabili nabafwala namasikiyo nangula ifibekobeko fya kumatwi ,Aba bonse babili abacikoloci abanakashi na baume nabekala balemoneka kwati bali mucimbayambaya baleya kumo elyo bonsefye baloleshe kumokwine  kuntanshi,Incende Baliko kulemoneka ifimbayambaya ifingi ifya tantama . ifi fimbayambaya fitanteme Fili na malangi ayapusanapusana kabili nafipusana  namumumonekele fimbi filemoneka ifinonopo elyo fimbi ifikulu
1191,"Abantu abengi abalekanalekana apali abacaice , abakoloci , abaume na banakashi Bali pancende imo mupepi nenjaji ","Bushe abantu abengi abalekanalekana apali abacaice , abakoloci , abaume na banakashi balecitanshi mupepi nenjaji? ",Nabeminina bonse cipalile kwati bamo balelolela ishitima ilyakubatwa uko baleya.lelo Bambi Bali nefyakukopelako ifikope cipalile kwati beshile mukukopa ishitima.,"Bushe abantu abengi abalekanalekana apali abacaice , abakoloci , abaume na banakashi incende Baliko ilemoneka Shani? ",Aba bantu Bali mupepi nenjanji cipalile kwati apabali ni pacitesheni ce shitima kabili kuli iyi yine incende kuli intambo shamalati ishipitile mumulu ishingi
1192,Umwana umunono naiminina mupepi na cimashini cakuteyelako icangalo kabili uyu  mwana naikata amaboko yonse yabili  kuli cimashini,Bushe finshi umwana umunono eminine alecita mupepi na cimashini cakuteyelako icangalo ?,Uyu mwana aleikata Pali cimashini cakuteyelako icangalo cilemoneka kwati uyu mwana alefwaya ukuteya icangalo Pali mashine,Bushe ukuli uyu umwana umunono uwiminine  mupepi na cimashini cakuteyelako icangalo kuli finshi fimbi?,"Kuli iyi incende kuli fimashini  ifyakuteyelamo ifyangalo kabili ifi fimashini Fili na malangi ayapusanapusana pamo nga  ilangi lya makumbimakumbi,Ilya mutuntula nelya macungwamacugwa"
1193,Umwaume uufwele ishati lyelangi lya mutuntula ne toloshi lyelangi lya makumbimakumbi naiminina kumbali ya cikulwa munshi ya cimuti icitali,Bushe umwaume uufwele ishati lyelangi lya mutuntula ne toloshi lyelangi lya makumbimakumbi eminine alecita finshi kumbali ya cikulwa munshi ya cimuti icitali?,Uyu mwaume naiminina alelolesha kukulyo kwakwe ukuli abaume babili umo Ali muli motoka naikala elyo umbi naiminina pacibi cakuntanshi  ica motoka iciswike,Bushe umwaume uufwele ishati lyelangi lya mutuntula ne toloshi lyelangi lya makumbimakumbi icifulo emininepo cili Shani? ,muli Ici cifulo kuli ifikulwa fyantunti ifitali kabili bushilya bwako uyu mwaume eminine kuli amaluba ayasuma ayayemba nanyantama
1194,Abakashana abengi Bali mumuputule umo  nabeminina  abengi muli aba nabafwala ifyapalana,Bonse nabafwala amashati yabula amaboko ayengi lyabuta ne mishilwa Shamakumbimakumbi mumbali kabili Pali Aya mashati Pali impendwa ishapusanapusana,Bonse nabafwala utupuna utwaikata utwipi utukwete ilangi lya fita kabili bonse nabafwala insokoshi ishelangi lya fita kumolu elyo ne nsapato,Bushe finshi aba bakashana abengi aBali mumuputule umo  nabeminina  abengi balecita?,Aba bakashana  beshile mukwangala icangalo camupila wakuminwe kabili cilemoneka kwati elyo Bali pakutampa ukuteya umupila
1195,Imbwa shibili ishapalana imimonekele shikwete amalangi yabili  ilyafita ne lya buta shili mucibansa panshita ya kasuba.pali Aya malangi yabili Pali ilangi lya buta elifulilemo sana ukucila ilyafita, Bushe Imbwa shibili ishapalana imimonekele shikwete amalangi yabili  ilyafita ne lya buta shili mucibansa panshita ya kasuba shilecita finshi?,Ishi imbwa shileangala mucibansa lelo shilesonsombama pakwangala pantu shilemoneka kwati shilefwaya ukutampa ukulwa.imbwa iili no umushipi mumukoshi wa butulukila naiminina lelo imbwa iikwete umushipi mumukoshi uwa fita ilebutuka ukuya kuinankwe,Bushe ishi mbwa ishile sonsombana pakwangala icifulo shiliko nikwisa kabili kulemoneka Shani?,Ici cifulo cilemoneka nga mucibansa capanse kabili muli Ici cine cibansa muli ifyani ifipi ifyelangi lya katapakatapaka.
1196,umukashana uufwele ishati lyelangi lya fita nakobeka icola icafita icikweteko ilangi lya buta panono naiminina panse panshita ya kasuba,Bushe finshi umukashana uufwele ishati lyelangi lya fita uukobeke icola icafita icikweteko ilangi lya buta panono alecita?,uyu mukashana naiminina  naikata ukuboko kwa kukulyo  pampumi kabili alelolesha pantanshi cilemoneka kwati Pali abalemukopa icikope,Bushe uku umukashana uufwele ishati lyelangi lya fita uukobeke icola icafita alikofye eka? ,Awe taliko eka  kunuma yakwe kuli Abantu abapusanapusa abengi apali abaume na banakashi nabekala patupuna balelya
1197,Umwaume uufwele ishati lyamingoloshi yelangi lya makumbimakumbi netoloshi lya makumbimakumbi Ali no mwana mulumendo uufwele ishati lya butulukila ne toloshi lyelangi lya makumbimakumbi ,Bonse umwaume no mwana mulumendo nabeminina kabili bonse nabafwala ifisote ifyelangi limoline Ilya buta, Bushe umwaume uufwele ishati lyamingoloshi yelangi lya makumbimakumbi netoloshi lya makumbimakumbi uwiminine no mwana mulumendo alecita finshi? ,uyu mwaume aleipomba ico bapomba ngacakutu umutu naicena  icelangi lya butakabili cipalile kwati aciicena elyo acilabomba,Umwana mulumendo Ali kunuma ya mwaume  uuleipomba pakuboko naena nakwata icakupombelako umuntu naicena icelangi lya fita kabili bonse Bali nabaposa sana amano kufyo balecita
1198,Imbwa shibili ishikwete ilangi limoline Ilya kashikilila nashiminina pacapangililwa nembao,Ishimbwa shibili  nasholenkana elyo shiminine kabili nashikwata imishipi ishapalana ishikwete amalangi yabili iya buta neya kashika, Bushe ishimbwa shibili  ishilolenkene elyo shiminine kabili ishikwete imishipi ishapalana ishikwete amalangi yabili iya buta neya kashika shilecita finshi ?,ishimbwa shilesonsombama kabili shiletintanina ikasali kelangi lya buta ukubomfya akanwa ,kuli iyi incende imbwa ishi shibili shilemoneka sheka kabili pacapangililwa nembao apeminine  imbwa calicingililwa nolubango lwelangi lya butulukila
1199,umwanakashi uufwele ishati lyelangi lya mutuntula nakaputula kelangi lya fita napapa ne cola kunuma elyo kabili nafwala ne nsapato Ali mumusebo wakamfyemfye,Bushe umwanakashi uufwele ishati lyelangi lya mutuntula nakaputula kelangi lya fita fishi  alecita mumusebo wakamfyemfye?,Uyu mukashana alebutuka munshila yakamfyemfye cipalile kwati Pali uko aleya nangula Pali abo alebutukila ukusanga,Bushe umwanakashi uulebutuka munshila yakamfyemfye incende aliko ilemoneka Shani?,Incende aliko nimumpanga kulemoneka impili  ne fimabwe ifikulu kabili  kuli nefimuti ifisuma ne fyani ifyelangi lya katapakatapaka
1200,"Abantu abengi abalekanalekana Bali mucifulo cimo Pali aba bantu pali abaume , abanakashi , abakashana na balumendo kabili bonse abantu abali muli uyu muputule nabeminina",Bush bantu abengi abalekanalekana Bali mucifulo cimo kabili abeminine ukwapusana pusana balecita finshi Pali iyi nshita?,"Aba bantu abalekanalekana  balecita ifintu ifyapusanapusana bamo balesala ifyakufwala  ,Bambi balelanshyanya elyo Bambi balebelenga mucitabo kanshi uyu muputule uyuuwapamfiwa","Bushe aba bantu abengi abalekanalekana Bali mucifulo cimo Pali aba bantu pali abaume , abanakashi , abakashana na balumendo nikwisa Bali?","Aba bantu abengi abalekanalekana Bali mwishitolo lyakushitishishamo ifyakufwala fya baume , abanakashi , abalumendo elyo nabakashana cipalile kwati Bali kumushika "