IMAGE #,SPEAKER 1,SPEAKER 2,SPEAKER 1,SPEAKER 2,SPEAKER 1
1201,"Umukashana na abalumendo babili balekopwa ifikope, naikata abalumendo kukulyo na kukuso.","Umukashana nomulumendo kukuso bantu bakashika, elyo umulumendo ali kukulyo wankanda yafita. ","Kwena balemoneka abasansamuka, ngafilya ciba lintu tuba na ifibusa.","Icine nabasansamuka, umulumendo wankanda yafita alelolesha kuntu balemukopela icikope.","Mucine kuti watifye ewaishibe ukwali kakopa, ilyo ababiye baloleshe kumbali."
1202,"Shitata na umwina-mwakwe nabekatana amaboko, baletamba amenshi kumbali ya musebo.","Shikulu naimina kunuma yakwa nakulu, balemoneka kwati balitemwana.",Bonse babili ba Cingeleshi nangula ntile ba inkanda yabuta.  ,"Mukwimina kwabo, tabalelolesha kuli kakopa wafiko.","Iyo nakalya mukwai, pantu bonse bali muchitemwiko."
1203,Shitata nafwala ichisote ilyo ababiye baloleshe pafishelepo.,"Bonse bali abankanda yabuta, banamayo babili nabashitata babili.","Ilibumba lilemoneka ngalilya lyensha imyototoka, nalimo ifituku-tuku (motorbike) pamusebo.",Muli ili ibumba shikulu bantu alelolesha shi tata untu alefwala icisote.,"Elyo mukumoneka uyu Shikulu bantu emukalamba wa ili ibumba, Coach mu Cingeleshi."
1204,"Kalindila wafyakulya umwanakashi, waitress, alepuputa amatebulo yakulilapo.",uyu umukashana musungu elyo naimya akabokoshi kabuta muminwe.,"Alemoneka uwasalapuka monafye ifyo alepuputa bwino bwino, nabalya baleisa kuikonekelafye.",Balya bantu balemoneka kwati baleisa muku kumanina pantu alepekanaya pantu imipando nayifula.,"Awe mwandi palemoneka ubusaka-busaka, na ichakulya kuti cawama."
1205,"Umulumendo alepilibuka, ukuboko panshi elyo amoolu mumulu.","Uyu umulumendo musungu, elyo alemoneka uwansansa.","Taletina na ukuicena, kwati filya abaice bashitina kuicena pakupama ama samasoti."," Elyo uyu umulumendo nafwala akasote kafita, elyo kunuma yakwe kuli ing'anga iyisuma","Ndepapafye ifyo akasote kakwe kashileponena, pantu mona umutwe uloleshe panshi."
1206,Akakashana ka Cingeleshi kaloleshe kukuso na umupila wa tenishi muminwe.,Kalesekelela elyo nakafwala umwingila wabuta.,"Kali ku cibansa, namonako ifimuti, na ifyani fyakatapa-katapa.","Akakashana aka kalelosha kuli kakopa wacikope, kalemoneka kwati kalelolela ukukopwa.","Hahaha ala ifikope fyena filawama ngaulelolesha kakopa, eco kale kwabeleele kakopa ukusosa ati READY?"
1207,"Abalumendo babili bali pa mfwalashi, balecimfyanya ulubilo.","Aba abalumndeo bachingeleshi, elyo umo bale cimfyanina muli amatipa.",Bonse nabeminina mucifulo cakwikala pa fipapa.,Bonse babili nabafwala ifisote ifyaku bacingila kuma sanso.,"Epakuti tabaicenene, pantu ngafilya imfwalashi ili kuno lubali tailolesha kuntashi nga iibiye."
1208,"Shikulu-bantu ali pali ka lamya kakwe, naikala na pa cipuna ca mbao.",kumbali yakwa shikulu bantu kuli ifi pampa ifyama filimu,"Iyi nincende yama filimu, kulya beeta Shinema.","Uyu shikulu bantu, muntu wankanda iya buta",Nafwala na ifyakufwala fya kumilimo yakwe.
1209,Shikulu-bantu wa inkanda yabuta ali mu cikini. ,"Nafwala nama galashi yamenso, cilepala kwati tamwenekesha.",Nasekelela lintu aleputaula icakulya cipalile inkonko nangula inama.,uyu shikulu bantu alikwata umwenfu nomushishi wabuta,Kwena nifilya batila umukote wanshiku ishingi.
1210,"Abalumendo ba tatu bali pa cimana, bale oba amato yabo.",kwishilya lyamumana kuli impili ishi kwete snow,"Ilemoneka nga inchende ya talala, nga ifyo twaishiba kufyalo fyabanensu.","Ili li ibumba lya bantu batatu abashishibikwe bwino, nga bantu bafita nagula aba buta inkanda.","Elyofye na imyenseshe ya maato yabo ilifye iciyeyeye, uyu aloseshe kukabanga, umbi kumasamba, ulya nao kupinda."
1211,Shikulu-bantu alepala imbao naka mashini ka malaiti.,"uyu shikulu, muntu wankanda yabuta, elyo nafwala na kasote","Kwena na incende yakwe ilemonekafye iyakupalilapo imbao, tutile ni carpenter mu Cingeleshi.","Icine yakupalilako imbao, pantu kuli nemiti ishipanga imbao ishisuma.",Nangula fyakufwala fyakwe fifitilefye naba oilo bakubika muli ba mashini bakwe.
1212,Umukashana wayemba alenunsha iluba ilyakashika.,Alemoneka nalimo naipekanya uku kopwa icikope.,Nganine nalemukopa kuti natila isa tukopwe selfie. ,Uyu umukashana wankanda iyabuta elyo alikwata umushishi uutali sana.,"Mukumoneka uyu mukashana nashibantukila amenso, natemwa nganshi."
1213,Umulumendo wankanda ya Cimwenye aletolokela mu menshi ya mfula.,Uyu umulumendo alikwata umushishi uwipi uwafita.,"Elyo ulemoneka uwa telela ngafilya ba mwenye cifyalilwa, ca mushishi watelela.",Uyu mulumendo tafwele insapato nagula  umwingila.,"Iyoo nakalya mukwai, pantu mukusamba tuyafye nga Adam na Eva mwibala lya Eden panuma ulubembu."
1214,"Umwaiche naapeluka mumulu pa cimpelwa, elyo ali na umwenso.",Uko ale pelukila kulemoneka kwati nikulya kuntu kwangalila abana. ,Kulya beeta Play park mu Cingeleshi ai?,"Ee efyo bakwita kulya kuntu, elyo kulemoneka ifimuti ifyauma kunuma yakwe.","Napanshi tapali ifyani nga mumbali yafimpelwa, kanshi ngawapona nimumichanga mpaaa!"
1215,"Shitata alenina ilibwe lyapala ulupili, nakwata na intambo iilemutwala pamulu.","palemoneka apatali sana pa lupili alenina, panshi yakwe palemoneka umumana.","Elyo panshi yakwe pali icambeshi ca menshi, ocean mu Cingeleshi.",Uyu shitata alemoneka kwati takwata umwenso.,"Ee mucinefye, pantu taletinako na ukupona nangula ukuicena nga ponene pa mabwe yamu cambeshi."
1216,Ibumba lya ntandashi liletamba akamfukwe-mfukwe ka menshi akalefuma mucibumbwa.,"Kunumayabo kuli ifikulwa ifitali sana, elyo abantu abengi nabafwala utu sote, cilepala kwati bale icingilila kukasuba.","Uyu musumba wapala ngaulya, intandashi shiyamukutamba.",Ili ibumba lyabantu lilemoneka kwati lyabantu baku China.,"Elyo bonsefye bali na utufyola, tumbi kuntashi yabo, elyo tumbi nato kunuma yabo, balekopwa na ifikope."
1217,Abakashana ba Cingeleshi nabekala pamwinshi wa ng'anda baleseka.,"Bonse babili nabafwala ama shati yabuta, elyo umo nafwala akasote.","Cipalile bana bang'anda imo, nangula abena mupalamano.",Elyo bekele pa mwinshi uwapangwa ne mbao.,"Uyu mwinshi wapangwa nga umutanto, stairs mu Cingeleshi."
1218,"Umukashana wa nkanda ya Cifilika atontomeshe amenso yakwe kuntashi, naikata na kalamya kakwe muminwe.",Naiminina na pambali ya ncinga ya kashika.,Elyo kukuso kwakwe kuli umulumendo wabuta inkanda.,Uyu umukashana nafwala ikoti lya katapa katapa.,"Abikapo na insalu yakucingilila umukoshi, scarf, cipalile kwalitalala kuli uyu musumba."
1219,"Namayo ali mu muputule wakuwashisha, alefumya insalu shakwe muli mashini.","Uyu namayo wankanda yabuta, alesekelela kuli kakopa wacikope.","Iciibi nacisulwa lubali lumo, elyo capentwa na ilangi lyakashika.",Uyu namayo nabika amagalashi yaku cingilila amensu kukasuba mumishishi shakwe.,"Insalu ekete ili na amalangi ayapusana-pusana, ukubikapofye; macungwa, katapa-katapa, fitulukila, kashikila, nayambi."
1220,Bakalenga wafikope babili balebika amalangi mutubale twa ibumba.,Aba bakalenga wafikope niba mwenye abaume.,Balemoneka ukubikishako amano pakuti tabalufyenye.,"Kunuma yabo kulemoneka ifilengo ifingi, nama pensulo.",Kwatifye umuputule onse wakulengelamo ifikope fyalekana-lekana.
1221,Namayo wabuta inkanda aleendela kumbali yafibumba.,"Naikata na lamya yakwe, elyo nafwala ama galashi yaku cingilila amenso kukasuba.","Ifyakufwala fyakwe fintu fyafita, nasenda nakacola kunuma.","Uyu namayo alikwata, umushishi uutali, uwacingeleshi.",Kukuboko kwakwe ukwa kukuso nakwimya ifipalileko na plastic bag.
1222,"Bakateya wamupila wakumakasa bali mu cibansa ca mupila, balelwishanya ngafilya iciila camupila citeyeka.","Aba bakateya wamupila niba shi tata batatu, babili bankanda yabuta elyo umo alifita inkanda.",Umo pali aba bakateya wamupila ishina lyakwe ni Mess.,Kunuma yabo kuli ibumba lya bantu abaletamba umupila.,Ubu bwangalo bwa mupila wakumakasa buli pakati ka ibumba lya Barcelona na limbi ilishishibikwe.
1223,Namayo alelansha umwana uuli mupepi na icitele ca nkoko.,Uyu namayo nomwana bonse naba fwala utusote.,"Kunuma yamwana, akatalamukila, kuleisa nakulu bantu nakacola kakwe muminwe.",Namayo nomwana bonse nabafwala ama shati ayabuta.,"Elyo inkoko ili mucitele ni mukolwe, rooster mu Cingeleshi."
1224,"Shitata aleendela mumusebo, kumbali yakwe kuli icimbaya-mbaya ca fita.","Uyu shitata wankanda yabuta, elyo nafwala ishati lya buta.",Elyo asendele kuminwe yakwe icitabo icabuta.,"Alikwata umushishi uwipi uyu shitata, elyo kunuma yakwe kuli ifimuti nefi kulwa.","Na amenso yakwe yalemoneka ayaingila mukati kunkanshi shapampumi, umulandu waka suba."
1225,Bakakuula wafikulwa balepenta icikulwa cipya.,"Aba bakakula wafikulwa bali basano, elyo abali cine nabafwala ifisote fya kuba cingilila kumasanso.","Kakula umo nanina muli scaffold elyo alepenta, lintu umbi alepentela panshi.",Kumbali yakwa kakula untu aninine pali scaffold kuli imbeketi iyabuta.,Mumbeketi yabuta emuli ilangi balepentela ici icikulwa.
1226,"Umwana wa nkanda yabuta naikala pa cimbaya-mbaya cakwangalilalpo, mu ng'anda.",Uyu umwana umwaume nasekelela ilyo ale angala pa ci mbaya-mbaya cakwe.,Amenso yakwe yatontomeshe kuli kakopa wacikope cakwe.,Icimbaya-mbaya camwana naci kwata intanda muma taila.,"Naikala pamulu, ekete nakucipindulo elyo kuntashi ya cimbaya-mbaya kuli ilaiti lyakashika."
1227,"Namayo, mundeleshi yakashika, aletoloka akakashana pamutwe lintu bambi mumbali baletamba.","Uyu namayo wankanda yabuta, elyo alikwata umushishi uwipi.","Akakashana kena kafwele indeleshi ya fita, nakakwata na icilimba pa cifuba.","Mwibumba lya bantu baletamba, muli umwana umwanakashi uwikele pamolu yamwana munankwe.","Pali ililine bumba pali na abanensu ba inkanda yafita, kwena uupalamene kucikope alifita ukucila ulya uutalwikeko."
1228,"Bashitata inkanda yabuta, batatu, balecimfyanya pa macinga yabo.",Elyo bonse nabafwala  ifisote fyaku ba cingilila kuma sanaso.,Kunuma yabo kuleisa tuku-tuku na icimbaya-mbaya cakutola abakuti banashiwa.,"Icimbaya- mbaya cileisa kunuma yaba shitata, cintu ca kashika.","Imfula yamupamba nayo ati tuli bonse pa lwendo, hahaha."
1229,"Umushilika wa inkanda yabuta alikuntanshi ya cimbaya-mbaya cakashika, lintu abana ba Cifilika baletota nankwe.",Uyu umushilika nafwala ama galashi yakucingilila amenso kukasuba.,"Nafwala na ifyakufwala fyacishilika ifya katapa-katapa, nakasote kumutwe.",Mwibumba lya baice muli umwana umo uufwele icitenge kumutwe.,"Kwatifye ilibumba lya kabungwe, abana abengi bafwele amashati yelangi lya mutuntula."
1230,Kateya wamupila wakumakasa aletwala umupila kucipanda.,Uyu kateya wamupila mwaume uwankanda ya cimwenye.,"Anjibukisha na ulya Kalapashi weshina Maradona, ifyo atontomeshe amenso yakwe pamupila kwati na icaalo conse naciluba.",Elyo nafwala nefyakufwala fyakuteyelamo umupila ifya kashika.,"Jersey yakwe ilembelwepo SAKAI, ngapo ekutilanshi mukwai."
1231,"Abana ba Cingeleshi, ba tatu, baleyangalila palukungu lwa ng'anda.","balemoneka aba sansamuka sana, elyo baleyangala pa lukungu.","Pali akalumendo kamo, utwashala twanakashi.","Kumbali yabo kuli shitata, alemoneka kwati aleya mukwangala nabana.",Akakashana pali utu tubana kalepela akalumendo icintu.
1232,Shitata na banamayo babili nabekala patupuna tushingulwike itebulo.,"Shitata umo na namayo umo nabafwala ama shati yafita, elyo nabekala napatumipando twakashika.","Balelolesha kuli namayo ulebasosha, naimya namaboko kuntu bali.","uyu namayo nafwala akasote, elyo kumbali yakwe kuli ifilengo ifya kambatikwa kucikulwa.","Uyu mutundu wabantu mucikope, ukulolesha na imilembele pacibumba, baku China tutile Chinese."
1233,Abantu balelolesha amakwebo ya bashimakwebo na banamakwebo kumbali yamusebo.,"Aba abantu bankada yabuta, elyo balepita mumusebo untu wakwata ifimuti ifyauma.  ","Imimonekele yafilecitika, nifilya ciba ku Lusaka show grounds ngakuli Agricultural show.","Eya, kuli na namayo umo aleshitisha ifisabo ifyalekana lekana.","Eco na Shikulu-bantu ali pantanshi alelolesha, ukumona ubusuma na imisango yafinsabwa-nsabwa fili pa tebulo."
1234,"Shitata ali pa snowboard mufyakufwala fyakaba, kabili namakalashi mumenso.","Nafwala ifyakaba pantu ali muli snow, elyo nafwala necisote ca kumu cingilila kuma sanso.","Cine-cinefye iyi ncende ilemoneka iyatala nganshi, icushi ca mpepo cileima napo alepita.",Elyo cilepala kwati bamukopele pamulu walupili.,"Kwati kakopa wacikope ali kuntashi yakwe, elyo akamela kali muunshi yacifuba."
1235,"Shitata aletumpuka mumenshi, nafwala namakalashi yafita.","Nafwala nama galashi yamenso, ayo bafwala paku sambainsamfi.",Aya makalashi yakwe yakucingilila amenso kukutobolwa na ifisangwa mumenshi.,"Uyu shitata wankanda yabuta, elyo alikwata imishishi ishipi. ","Filya caba ukuti abankanda yabuta baba pabili nalimo patatu, aba mushishi utali nababmbi uwipi."
1236,Akalumendo kapalile nga aka ci Hindu kalekulula icikolopo mu itempele.,Aka akalumendo kalikwata imishishi ishipi elyo nakafwala ikoti lya kashika.,"Uyu mushishi uwipi ewakapusanya kuli ba Shaolin monk, pantu bena balabeya amapala.",Uyu umulumendo naikata icikolopo cakwata icimuti.,"Nafwala na indeleshi iitali nga namayo, katwishi nalimo elutambi lwabo."
1237,Imbwa yafita naiima ibaka mumenshi.,Cilepala kwati pali ifyo yilepepeka mumenshi.,"Hahaha, nga tesabifye yamwene pantu imbwa nasho paluce awe mwandi!","Elyo nayisabusha amenshi, kakopa wacikope alikopele bwino kwena.","Naikwata akamwando kafita mu mukoshi, lubali lumbi kulemoneka icimuti icauma."
1238,"Abalendo nabekala pafipuna muli sacha, balifye abatalukana mimikalile yabo.","Aba abalendo bantu bankanda yabuta, elyo balemoneka kwati balifye basano.",Umulendo uli kukuso ena afwele ifyabuta nakumakasa.,"Elyo alikwata nemishishi ishipi ishafita, elyo kuntanshi yakwe kulemoneka kwati kuli namayo.","Pakati kakwe napapita ifipuna fibili ukufika pali na mayo, ifipuna fyelangi lya mutuntula."
1239,Shitata wa nkanda yabuta alepoosa utumipila tune mumulu.,Alelolesha na kuntu utumipila tule ululukila mumulu.,"Epakuti talufyenye iciila cakuposa utumipila twakwe, nangula bambi kumangalo ya festival baposa amabotolo yamulilo.",Uyu shitata nafwala nakasote akapalana notu mipila aleposa mumulu.,"Kwena limbi e bucenjeshi bwakwe (his magic), kuti afwala shani kumutwe fimofine na ilangi lyatumipila?"
1240,"Kalisha wafilimba ali apakwimbila, stage, na icilimba ca miwaya.",Uyu kalisha wafilimba nishitata wankanda yabuta nemishishi ishipi ishapombana.,"Ni mucilaiti mwakile na faaaa, ifyakufwala fyakwe filemoneka makumbi-makumbi watikama (navy blue).","Kunuma yakwe kulemoneka shitata, uwamishishi shapombana ishabutulukila.","Elyo aloleshefye kwati pali ifili kuntashi yakwe, lelo ilaiti nalyo lilemutobola mumenso."
1241,"Shitata wankanda yabuta naiminina kumbali yamusebo, ashintilishe incinga yakwe kucibumbili.","Alemoneka kwati nafwala ama galashi yamenso, ayaku mwafwilisha ukumona.","Kumusebo lubali kuleisa ifimbaya-mbaya ifyalekana, pali ifi cimo nacisanika amalaiti.","Shitata nafwala ikoti lya kashika, nensapato sha fita, elyo alikwata imishishi ishipi, ishafitulukila.","Kunuma ya ncinga yakwe kuli akakusendelamo ifipe, carrier mu Cingeleshi."
1242,"Imbwa shibili shilecena, imo ikalamba elyo imbi nayo inono.",Imbwa iyi nono ilemoneka kwati ilefwaya ukusuma iyikalamba.,Elo ninshi limbi imbwa iyikalamba eyayambililepo ukusuma iyinono.,Imbwa shonse shibili shili pa lunkoto epo shile yangalila.,"Nashikwata na makoli mumikoshi, tutile imyando."
1243,"Shitata naikala pacipuna munshi yacimuti, alepela amabwe.","Elyo nabutuluka kumolu, nafwala nakasote kafita.",Kumulandu walukungu lulefuma kumabwe alepela.,"Naikala pamupando wafita, elyo nashintilila na kucimuti.","Aloleshe nakuli kakopa wacikope cakwe, nauma na four corner."
1244,"Ifimbaya-mbaya, fyaisuka mumbali na imitenge, nafikonkana umulongo (convoy).",Filemoneka kwati file ninika ulupili lwa mucanga.,"Elyo ifi fimbaya-mbaya fili namalangi yakashika, fimbi nafyo katapa-katapa.","Kumbali yampili kuli ifimuti ifingi sana, elyo muli motoka yimo muli umuntu uufwele icisote cabuta.","Abantu nabafwala ifisote fyabuta, elyo kunuma ya fimbaya-mbaya kuli ifyola."
1245,Bakacimfyanya ba pamacinga bane balepepekana mumusebo.,"Aba bakacimfyana balumendo bankanda yabuta, elyo naba fwala ifisote fyakuba cingilila kumitwe. ","Nabafwala namakalashi yafita bonse, elyo ifyakufwala fyabo fili ifya malangi yalekana.",Balemoneka kwati nababutusha sana ama cinga yabo.,"E e kwenafye, pantu na ifimbaya-mbaya fili mumbali yabo filemoneka ifyashibantukila (blurry)."
1246,"Bashitata batatu na namayo umo nabafwala ifyakaba mu snow, kuntashi kuli nabambi abafwele fimofine.","nabafwala ifya kufwala ifyafita, elyo kumbali yabo kuli ifimuti ifya uma.","Basendele na ifyola fyabo kunuma yabo, bambi nabafwala ifisote.",Elyo bonse naba kwata inkonto shibili shibili ishaku bafwilisha ukuninika ulipili.,"Pakwenda balemoneka abatekanya pantu kuti baifyutula amolu ngabali nokupona, baleendafye panono mpaka kumutentemuko."
1247,"Bashitata ba inkanda yabuta babili balelosha icitabo cabo, umo nafwala namakalashi yamenso.",Umo shitata nafwala amagalashi yakumwafwilisha ukumona.,"Bali mu muputule uuli na ilaiti beeta itiila, elyo balemwenako.","Shitata untu afwele ama galashi, nafwala nakasote aka kashika,","Naikata nakuma kalashi yakwe, elyo umubiye afwele akasote kafita."
1248,Namayo mumakalashi yafita naikata shitata mumukoshi pakukopwa icikope.,Shitata na namayo bonse bankanda yabuta.,"Mukuumoneka kwati bakashi na balume, nabaseka pakukopwa icikope filya ciba nomutemwikwa obe.",Kunuma yabo kuli aba kashana babili nabekala pacikulwa ica pentwa namalangi ayalekana lekana.,"Ifinso fyabo fipalile ngaba ku Columbia, icisampa ca Latin America. "
1249,Akakashana kaleenda keka mucipalile nga mwibala lya maluba.,Kalemoneka kwati nakafwala icitambala kumutwe.,"Elyo kalebutukila kuntashi, uko cipalile ekuli abakalamba kaile nabo kuli iyi ncende.",Umo kalepita mulemoneka umwapangwa namabwe ayatelela.,"Kafwele utuma jombo, itoloshi, na icampepo kumulu."
1250,"Shikulu bantu ali petubulo lya maliila, naimya nolukumbo lwa mwangashi wafita.","Naikala nebumba lyabantu abankanda yabuta, ena nafwala ishati ilyafita elyo alikwata nemishishi ishipi ishabuta..","Ilibumba lilemoneka ngafilya ciba pakusefya ubushiku wafyelwe, elo nakulubantu emwina mwakwe kuli Shikulu bantu.",Mwibumba muli bashitata babili elyo bana mayo bane bonse abamishishi sha butulukila.,"Mu mbeketi ili kuntashi yakwe muli ifyakulya na ba supuni bakutapwilako, ukupitilila imbeketi kuli abantu abo alecitako toast ulukombo."
1251,"Banamayo babili nabeminina kumbali ya cimbaya-mbaya, niba Paramedical mumimonekele yabo.","Aba bana mayo bonse bankanda ya buta, nabakobeka notu fyola twafita mumusana.","Bali pa cisankano cebumba lyabantu, kwati baile mukupususwa abali mubusanso.",Kunuma yacimbaya mbaya cisenda abalwele kuli ibumba lya bantu abafwele ifyafita.,"Cipalile ngebumba lyasangilwe pa busanso nokubatumina ukwisa afwilisha abasanshilwe, nomba pantu nabafika ibumba lyasalangana."
1252,"Shitata na namayo balelosha kuntashi yabo, ukuli ibumba lyabakakansana nangula abafikansa (protesters).","Shitata wankanda yabuta, elyo alikwata imishishi ishipi.",Inkanda yabo ilemoneka iyabantu baku Europe.,"Eyaye, elyo aba bantu nabemya ifipamapa ifyalekana lekana.","Pali ifi fipampa pali na ulunga lwa caalo ca ababantu, ici caalo ni Scotland ukulingana na ulunga lwa makumbi-makumbi nelangi lya buta pakati."
1253,"Akakashana ka Cingeleshi nakela kumumana keka, kalebuta na shofolo wa katapa-katapa.",Nakekala pamaloba takafwele nensapato kumolu.,"Kunuma ya kako kuli ilyenshi nangula beach, umushishi wakako untu watelela.","Elyo kabili, kunuma yamwana uyu kuli ulupili ulupalamine nomumana.","Ilyenshi kunuma ya kamwana lili na ipofu nga ubwala, elyo imyulu nasho nashibuta tutu emukutila takuli ikumbi lya mfula. "
1254,"Bana mayo babili nabafwala amalaya yabuta, kabili bemanine mu mumfwili wabuta.",Kunuma yabo kuli icipampa icikwete ifi kope fya bantu abalekana lekana.,"Elyo balemoneka ngabaleya mukutamba iciila ca nyimbo namasha mu kanema, ukulingana nefikope kunuma yabo.",Elyo bonse nabemya utufyola utwa palana amalangi.,"Amakalashi nefikosa mumaboko nafyo ni kompo bafwele, imishishi nefimo (heights) efipusenekofye."
1255,"Bakacimfyanya wamacinga balekaka umupeto kuncinga, bali mumbali ya musebo.","bonse nabafwala ifisote fyalekana lekana, elyo naba fwala ama shati yamalangi yalekana lekana.","Umo nakontama, umbi nafukama, elyo uupalamene na kakopa wacikope nasunsumana alelolesha ababiye.","Kunuma yabo kuli ulunkoto nefimuti, elyo nefikulwa ifyapala ama yanda.","Balelungisha incinga imoine, nabaipilibula elyo cilamuntu naikata icela mukwafwana nga umucinshi wanseba kwimina pamo."
1256,"Abakashana babili baleteya umupila wakuminwe, umo napupuka nomupila mumulu  lintu umbi alolesheko.",Umukasha umo nafwala ifyakufwala ifya fita. elyo umbi nafwala ishati lyabuta.,Icibansa baleteyelamo umupila wakuminwe capangwa na imbao.,Elyo kucibumba balifimbako iciplastic,"Bonse babili bafwele utwakucingilila amakufi, ngacakuti bali nokupona."
1257,"Namayo wankanda yabuta, umwina Singapore, nasunsumana alebika inkoko mucibeseni ca makumbi-makumbi.",Namayo uyu nafwala ishati layama kumbi makumbi.,"Pantu asunsumene pafulile ilangi lya makumbi-makumbi, elyo akapuna kena ekali nelangi lyakashika.",Mumusebo kunuma yakwe muli ama cinga ya mulilo atemwa motor bike.,Mupepi na imbeketi ikalamba pali ama plastic yabili ayamalangi yapusuna-pusana.
1258,"Namayo na umwaice bali mumpanga ya menshi-makasa, snow, balecena.","kuntanshi yabo kuli icimuti ica uma, elyo umwana nafwala ifyafita,","Mucimuti, ukulefumina umwana, kuli ikalashi ilili ngolupango lwakucingilila umwakupelela abantu.",Elyo kabili kunuma yabo kuli ifimuti ifyauma.,Nakunuma yakwa namayo kuleisa umuntu nao uupalile ukuba nga namayo.
1259,"Kasunga wa maluba, mu ncende ipalile nga isukulu, alesekwila amaluba.",Nafwala neci sote cakumu cingilila kukasuba.,"Afwele nga uufiseme kubantu, elyo kunuma yakwe kuli umulongo wabapungwe (youths).",Elyo kuli nencinga nomuntu uufwele icisote icipalene necakwa kasunga wamaluba.,"Amaluba yena yalemoneka bwino nganshi, kuti watilafye bushe cinshi aleonawila amaka?"
1260,"Shitata naiminina kucibumba, aloleshe ukuli umukashana nangula ashilemulolesha.","Namayo nafwala ifyakufwala fya kashika, elyo alelolesha shitata.","Kuli umuntu umbi uulelanda na namayo, eminine kulubali lwakwa shitata ali mupepi na kakopa wacikope.","Kumbali yakwa namayo kuli icikulwa apalembewe ati ""heads up""","Elyo panshi yamakasa yakwe pali icola cakashika, imifwalile kwena ngaulya uleya mukuyolola ku gym."
1261,"Banamayo babili mufyakufwala fyabuta baleteya fencing, iciila camyele (swords).",Bonse babili nabafwala ifisote ifya ku bacingila kuma sanso yengafuma mukuteya ubu bwangalo bwa myele.,"Elyo nabafwala na ifyakufwala fya kompo, insapato shena shintu shapusana.",elyo kunuma yabo kuli intambo sha katapa katapa,"Aba banamayo balelwila mu mbokoshi nga ilya balwilamo bakaposa wankonya (boxers), ubwangalo buba kufisela fyama Olympics."
1262,"Imisepela shibili shileitomona, cungulo bushiku elyo kuli nabambi abeminifye.","Aba bantu bankanda yabuta, kuntashi yabo kuli icikulwa icakile ama light ayengi.  ","Filyacipalile ni hotela, uko abalendo, intandashi, nabekala-mushi limo limo batushisha.","umulumendo untu ale tomona umukashana nafwala ishati lyabuta, elyo napaapa akacola kafita munuma.","Cungulo bushiku mukwai na amalaiti yakile na faaa, kuti watifye yama akalale kapya!"
1263,"Banamayo bane balelosha mucitabo cafikope ifiingi, bemanine mumbali yetebulo.","Aba banamayo bonse bankanda yabuta, batatu balikwata imishishi isha fitulukila elyo umo alikwata imishishi sha buta. ","Batatu nabafwala amalungu yamumikoshi, elyo umo namayo afwele akatupa nangula ID. ",namayo wakwata imishishi shabuta naikata amapepala ayabuta muminwe.,"Uyu namayo cipalile nga katungulula webumba lyaba namayo banankwe, iyi nga te ofeshi ya ndeke?"
1264,"Banamayo bankanda yabuta, babili, nabekala pamatebulo ya makwebo yabo.",Bonse babili naba fwala ifya fita ne fitambala kumitwe.,"Ngafilya limo mukuicingilila kulukugu, lelo aba banamayo luutambi lwabo.",elyo bonse nabapeta amaboko yabo pa cifuba.,"Nokulolesha baloleshe kukuso kwabo, limbi kwali fintu balelosha pantu tabakwete makwebo."
1265,"Bashitata bankanda yabuta babili baleenda mutuputula na mavest, basendele nefyakunwa fyabo munkombo.","Kunuma yabo kuli icikulwa ca buta apa lembelwe ""farmers market"" ici icikulwa calikwata nenkoloko.","Elyo kuli na shitata wabuta inkanda, aleisa lutonuma lwabo.",nao uyu shitata nafwala akaputula kale fika mumakufi nga bashitata bantu bali kuntanshi yakwe.,"Moneni kabili kunuma yabo kuli umuntu uulesoola ifisoso, ukuti itauni libe ilyabusaka."
1266,"Akakashana ka mutundu wa ci Filipino kekele mucibeseni, kalenwa utwalowa.","Kali kwata imishishi ishafita, elyo nakalamba kunshi yamakasa.","Hahaha ala mwandi, kacilayangala ukwabula ifyakunkasa.",elyo aka ka mwana kale moneka akansansa ilyo kalelya utu utwalowa.,"Eficita imbukunya matobo, ilasekesha noulelosha maka-maka abaice."
1267,"Shitata umo alebika imiseke yakusendelamo ifinsabwa-nsabwa, mu cimbaya-mbaya.",Uyu shitata wankanda yabuta alikwata imishishi ishipi isha fita.,"Yangu uyu tata, bushe naumona umo itoloshi lyakwe lifikile?",ee nimbona kwena inuma yonse yili panse.,"Nafwala matako-mpelolubilo pambili-bili, abalumendo bena kutila uyu tata na saga."
1268,"Abantu ba inkanda yabuta, cine-lubali, balelya petebulo lyamalila, banamayo basano elyo bashitata babili.","Namayo untu apalmine kuli kakopa wafikope nalolesha ukuli kakopa, alemoneka kwati pali efyo alesosa.","E e mucine-cine, nomba Shikulu-bantu nao kwati untu alepepa hahaha.","kwena napapa, elyo nemishishi shakwe shalibuta, nafwalilapo neshati lyabuta.","Ndemona Shikulu-bantu uyu alekunta iminwe panuma yakupwisha ukuilemena,  namenso yakwe nayashibatukila."
1269,"Ibumba lyabantu liletamba bakeemba pa stage, mupepi na icikope kuli abakashana babili.",Umo namayo mwibumba naimya mumulu ica kukopelako ifikope.,"Akamela kakwe katontomeshefye pa stage, apali bakeemba.",kumbali yamukashana utu akwete kamela kuli umukashana wamishishi ishabuta.,Kabili pantanshi yakwe umukashana nafwala amakalashi yafita.
1270,"Shitata umo alesambika imbwa yamasako yamafi-yambusa (brown) mukabeseni, umbi nao naikata umwando wa mbwa.",Uyushitata wabuta inkanda nafwala ifya buta kuminwe ifyakuicingilila kufiko fintu filefuma kumbwa.,Mumenshi mulemoneka ipofu lya cinyolo (soap) cilesambila imbwa.,"mumukoshi wambwa mulemoneka intambo, elyo pali uwikete iyi intambo nomba teshibikwe nga nishitata nagula ni namayo.","Shitata alesambika imbwa nakontama panshi, epakuti imbwa ibuute tutu."
1271,Akaice ka inkanda yabuta kaleteya iciila ca kunina ulupili na umwando mumusana.,Nakafwala necisote ca kuicingilila kumasanso yengesa nga kati kapone.,"Ukumoneka kwati kanakashi, nomba ico kali apatali limbi kaume mweh.","eya kwena takeshibikwe bwino nga kalumendo nagu aka kashana, elyo kwena kalemoneka ati takakwata umwenso kumonafye efyo kalenina.","Akakalabana icine, nangula ukutina ati umwando walaputuka nakalya mukwai."
1272,Nakulu bantu aloleshe kakopa wacikope cakwe lintu ekete icakwangasha camalangi yalekana yatatu.,Uyu namayo nafwala ishati lya kashika elyo ne toloshi lyafita.,Kumbali yakwe kuli abantu abaleipitila ilyo alepupusha icakwangasha camalangi yalekana-lekana nga umukola-mfula (rainbow).,"eya, ibumba lintu lili kunuma yakwe nalikula elyo abantu nabafyala ifyakufwala fyamalangi aya lekana lekana.","Aloleshe ukuli akamela, nasekelela na ukulu kwa kukulyo nakubeyamako lubali lumo.."
1273,"Abantu baleenda mumusebo mupepi na ifikulwa fitali, ifilie nga ba hotela.","Namayo umo aledonsa ifyola, cimo icafita elyo cimbi ica buta.","Kwatifye bonse aba banamayo mumusebo, nabasenda utufyola nga umwata wabo.","icine wasosa, elyo mumusebo umu cilepala kwati mufulile bana mayo.","Nshimwenemo shitata naine, naibukisha namashiwi ya Cingeleshi yatila the future is female nangula tebupilibulo buli mu cikope."
1274,"Imbwa shibili ishamutundu walekana shilecena, lintu bashikulu bantu babili bemanine mwilyashi.",Bashikulu bantu bonse babili bantu baletamba ishi imbwa bankanda yabuta.,"Cipalile kwati cilashikulu-bantu aishile na imbwa yakwe, ukuti shangale.","Ee namona, elyo bonse babili nabafwala utusote twafita.","Kabili bemanine mucipi-cipi, filya cali inshita panuma yacikuko ca COVID-19 tacilaisa."
1275,Imbwang'anda ilelolesha kunuma mukumona akobaiposele.,Nayikwata necakwangasha icamalangi yalekana lekana.,"Ing'anda muli iyi mbwa yalikwata amalangi ayasuma, ayalekana-lekana.",yonse yalemoneka kwati fikopa ifyabeka beka (shiny),"Balyanshika na ubutanda bwa nsalu (mat), elyofye ilemoneka iyabusaka-busungu."
1276,"Akakashana ka nkanda yabuta kali mumulu pacimpelwa, nakaseka nomushishi naululuka.",Kunuma ya uyu mu kashana kuli impanga ya fimuti ifyauma.,"Elyo ishi miti shili nga ishiwilile lubali lumo, kwatifye kwapitile icipupu ca mwela.",elyo pamushili pali umucanga uwingi sana.,"Uwakuponenapo ngawapusa intambo, wena babikilafye limo mukucingilila abalepeluka."
1277,Shitata umo wankanda yabuta alelonga nangula ukulongolola imbokoshi yakutalalika (cooler box).,"Uyu shitata alikwata imishishi ishipi, elyo nasunsumana palunkoto.","Kwena iyi ncende yamaipakishe, kulya tutila pick nick.",mumbokoshi yakwe muli ifyakulya ifyalekana lekana.,"Maka-maka ifinsabwa-nsabwa, ndecetekela shitata tali eka lelo umwina-mwakwe nangula ababiye tabali mucikope."
1278,Bashikulu bantu babili abankanda ya cimwenye balepanga amasenkebele ya lutambi lwabo.,Bashitata bali umu bankanda yabuta balikwata imishishi ishipi bonse. ,Mu workshop yabo mwaisulafye utunkolo-nkolo utwalekana-lekana.,elyo mwalipentwa amalangi ayalekana lekana.,Ifintu bapanga fimo balifikobeka mumutenge wa workshop yabo.
1279,Utwaice twa mutundu wa Cingeleshi natucensa lintu tushintilishe kucibumba.,"Pali utu kashana tu tatu no tulumendoo tutatu, utukashan tonse natufwala imingila yabuta.","Pamo impendwa tuli mutanda, tupalile nga utufumine kukulongana hahaha.","eya kwena efyocipalile, elyo utukashana tonse twalikwata imishishi ishitali isha cingeleshi.","Lelo utulumendo twena tuli nomushishi uwipi, umulandu fwebalumendo tulaputula umushishi nga wakula."
1280,"Utwana twa Cingeleshi tubili, akaume na kanakashi, tulefuma mwituka.","Aka kashana kali kuntanshi yakalumendo, elyo kalikwata imishishsi ishabuta.","Nako aka kaana ukwenda nga kafulilwe, kandume yakwe kalepapafye.","cine kalemoneka aka fulwa pamenso, elyo nakafwala  itoloshi lya makumbi makumbi.","Kulemoneka kwali na icipupu ca mwela, pantu na indeleshi yakako nayululuka."
1281,Shitata umo wankanda yabuta naikala mumusebo wa lukungu nakacola kunuma yakwe.,"Uyu shitata nafwala ishati lya buta, elyo nasenda aka cola kafita.","Insapato shakwe ni bubute mukwai, ulya twaleita ati galagata!",elyo alemoneka kwati alesonta kuntu aleya.,"Uyu shitata ali pamofye na kakopa wacikope, alemusontelela intamfu yashalako ukufika."
1282,"Shitata umo wankanda yabuta naiminina kumbali yamusebo, lintu talati atoloke.",Kuntanshi kuli impanga yafimuti ifingi.,"Aba banensu basompa imyona nabo, uyu muntu imimonekele ngomwaume kabili ngomwanakashi.","kwena imishishi shakwe shitali, kabili shali fitulukila, elyo nafwala naka putula kantu kalefika muma kufi.","Mumatumba yakwe cipalile kwati muli ifyafina, nakobeka na umwamfuli (umbrella) pakubeya kwakwe."
1283,Namayo wa inkanda yabuta naikala pacipuna na maboko yakwe pamataanta.,Uyu namayo nafwala ishati lya fita elyo alikwata imishishi ishipi.,"Incende yena kwatifye ni pa farm, kunuma kuli na umunemfwe uwalelema.",mumulu mulemoneka umwakashika kwati ninshita yachungulo akasuba nga kali mukuwa.,"Eya e akasuba kena nakawa, pantu na mumulu muli ulwengelele lwa nkuba (sunset)."
1284,Namayo wa inkanda yabuta ali muputule alekopa selufi na umwana.,Namayo nomwana bonse balikwata imishishi isha buta.,"Namayo apishishe amolu yakwe pamolu yamwana, elyo umwana aposele namano ku cikope.",namayo noyu mwana nabasekelela ilyo balekopwa icikope.,"Ilingifye nga abantu balekopwa ifikope balasekela pakuti icikope cawama, nangula cingaba ati tefikope fyonse kwati ifya ku malilo."
1285,Akalumendo ka inkanda yabuta kalenina icipalile ulupili.,Aka akalumendo kankanda yabuta elyo kalikwata imishishi ishipi.,Nakekatilila kabili kanyantile mutukopo twa makumbi-makumbi na utwakashika.,kalemoneka kwati takakwata umwenso kali shipa.,"Elyo amano kaposele kumakasa, ukumona filya kalenyanta pa tunyantilo."
1286,Nakulubantu wakashikila inkanda (red Indian) naikala pacipuna nomwana muminwe wabuta inkanda.,Uyu nakulu bantu ale moneka uwansansa ilyo ekele nomwana.,"Umwana nao alifye tondolo nga uwishibe ifilecitika, abana bamo ukucenjela?",icine alifye uwailinganya ilyo ekele muminwe yaba nakulu wakwe.,"Banakulu bantu aba bapalile abacikuku, pantu ilingi abana balatalala muminwe yabakoloci."
1287,Shitata wa cimwenye ekele amakunda mulukungu lwafikulwa ukwabula ishati.,Alemoneka kwati pali efyo alelomba ico naikata akabotolo kuminwe.,Akakantu lukombo lwakulombelamo akanyampuku kubapita nshila.,bashitata babili nabamupitilila uyu shikulu bantu untu alelomba munshila.,"Elyo aloleshefye kuntashi yakwe, nga uulepepa nakanwa kakwe nakesuka."
1288,Akakashana ka inkanda yabuta katolweke pacimpelwa.,Naka fwala ifyakufwala fya makumbi makumbi.,"Elyo kumakasa kwena kuli bolingo welangi lyabutulukila, ilangi lya cikashana.","ilyo kaletoloka naka posa amaboko kunuma, kwati nakatemwa fintu kalecita, aka kamwana kali pama.","Ndecetekela aka kamwana takaicenene, iyi mitolokele muno Africa ninshi abafyashi kukulesha ukwangalila kufimpelwa."
1289,"Bashitata ba cimwenye bagonele, kunuma na mumbali, ya ka auto rickshaw.",Kuntanshi na mumbali kulemoneka impanga iyamuyayaya.,"Uyu wine musebo katwishi nga walepa shani, pakuti bekatilile mpaka ukufika?","balemoneka kwati baleya kuma yanda nangula ku makwebo, eco bekatilile.","Eya kwena fye hahaha, cipalile kwati ni kuma cha-cha-cha (early bells)."
1290,"Shitata alekunkulusha icikotikala cakwe, cisendele imbeketi, ifyeswa, na ifikolopo.","Uyu shitata nafwala ishati lya kashika, elyo alikwata imishishi ishipi.","Icikotikala cakwe capangwa na imipeto itatu, alongele ifipe nga sacha wa UBZ kale.",icikotikala cakwa shitata uyu chanshimbi yapenywa makumbi makumbi.,Alekunkulusha lintu ali kuntashi elyo amaboko yakwe yapitile kunuma pakwenda.
1291,"Shitata na namayo baleensha amacinga yabo, nabafwala ifisote notufyola kunuma yabo.","Shitata nafwala ishati lya makumbi makumbi, necisote ca kumucingilila kuma sanso yengesa nga apona.",Namayo kuntashi yakwe nafwala itoloshi na ishati lya maboko yatali.,kunuma yakwa namayo na shitata kuli impili nefimuti ifingi sana.,"Kulemoneka na umusebo wamucanga (gravel), emo bafumine pakupatukila mukashila katondo."
1292,Shitata na nakulu bantu baletembelesha imbwa kucibansa ca ciila ca mbwa.,"Nakulu bantu alikwata imishishi shabuta ishitali, elyo nafwala ifyakufwala ifyafita.",Imbwa yakwata amasako yabutulukila na yafitulukila mumbali.,kunuma yakwa shitata na namayo kuli ibumba lya bantu abeshile muku tamba ici iciila.,"Umbi shitata wa inkanda yabuta naikala pacipuna alelolesha, nacensa nokucensa."
1293,"Bashitata babili bali pamulimo na icimbaya-mbaya cabo, umo panshi umbi pamulu.",Shitata untu eminine panshi nafwala icisote cabuta icakumucingilila kuma sanso.,Shitata ali pamulu wa cimbaya-mbaya nakwata ulukasu lwakupashilako iloba.,"ici icimbaya mbaya cintu cabuta, elyo cilepala kwati baleposamo ifisoso.","Aba bashitata babombela kufyabukule (Construction), ndemona liloba lyafita lilya balebika mu cimbaya-mbaya cabo."
1294,Kapekanya wafyakulya mucikulwa ca malila nalolesha mu cikope.,Uyu kapekanya mulumendo wankanda yabuta elyo nafwala ishati lya makumbi makumbi.,Kabili nakaka na ka apron kafita mumusana.,"elyo mumu tenge muli inshimba sha pentwa nefya fita, cilepala kwati uyu umulumendo apekanya ifya kulya mucimbaya mbaya.","Na ka apron kakwe kantu kafita, nalimo ilangi lyapentwa incende yabo intu yafita batini?"
1295,Shitata naiminina mupepi nembokoshi yesabi lyamutundu wa Crabs.,Uyu shitata nafwala ishati lya fita elyo alikwata ulupala kumutwe.,"Isabi lili mu mbokoshi nalikupama, ukufumishakofye limo ilili kanseneme.","elyo kunuma yakwa shitata kuli namayo afwele ica buta, cilepala kwati eshile mukushita isabi.","Abantu abengi beshile ku cisankano mukushita iminani, kwena limbi fye cisankano ca munani."
1296,Bakalisha wafilimba fyamasese namapenga bali mucikulwa ca mangalo yabo.,"ili ibumba lyabantu babuta inkanda, shitata umo alelisha piano elyo nafwala ifyakufwala fya fita.",Alemoneka nga injishikweba ya cilimba ca mfungulo (professional pianist).,mwibumba umu muli abantu abalekana lekana banamayo nabashitata bonse.,"Bakalisha wafilimba banankwe, elyo kwati baletusha ilyo bashilatendeka ukutongola amalimba yabo."
1297,Shitata wa cimwenye nomukashi wakwe bali nabana babo kuli shikulubantu umwefi.,"namayo nafwala ishati lya makumbi makumbi, elyo umwan ekete muminwe nafwala ica buta.",Shikulu bantu alelanshanya nakalumendo kali muminwe yakwa shitata.,uyu shikulu bantu nafwala nama galashi yaku mwafwilisha ukumona.,"Bonse babili baletola ifipalile ubulungu, ngapo ngabulungu bwanshi mukwai hahaha."
1298,"Shitata wa inkanda yabuta nasunsumana alekaka intambo shansapato shakwe, kumbali ya mwana wakwe.","kunuma yakwe kuli ici kulwa ica buta, elyo kunuma yakwa shitata kulemoneka ibumba lya tubana utunono.","Shitata uyu nafwala namakalashi yafita mulandu wakasuba, lintu umwana ekete icitabo muminwe.","shitata nomwana wakwe bali mulubansa lwa lunkoto, cilepa kwati nipa sukulu pantu pa sambilila uyu mwana.","Nakasuba kalotweke na seee, kuti wamwenafye ku kamwana fintu katinine utumenso."
1299,Utwana twa Cingeleshi tubili tuli mu kashiba kamenshi (swimming pool).,eya alyo natufwala ama galashi yaku twafwilisha uku mona pamenshi.,"Natufwala notusote, akalumendo takafwele ishati ilyo akakashana kali mundeleshi.",kabili aka lumendo nakafwala akapula akafita.,Na mumbali ya kashiba kamenshi muli imyando iikalamba nga umwakupelela ukwangalila.
1300,Imbwa mufyani fyakatapa-katapa naibutukila ico imwene kuntashi.,kwena iyi imbwa ilemoneka iya kalipa,Kuli balya batina imbwa ukuimona ifyo itonkwele ulubilo awe nikatende mpela ulubilo.,"elyo kakopa untu wakopele iyi imbwa kwena ni kanye kanye wafikope, aliyi kopele bwino.",Mucinefye pantu moneni imbwa ilebutuka lelo ena aikopa bwino-bwino fye.
1301,"Ibumba lyabantu bane abamapala, banamayo na bashitata, nabafwala imikanso yabuta.","aba bantu balikwata inkanda yabuta, elyo nabekatanya amaboko pamo ilyo balelolesha kuntanshi yabo.","Namayo kukuso aloleshe panshi ilyo abanankwe baloleshe kuntashi, elyo nakwata na utunjelengwe (rings) kukutwi nakuminwe.","aba bantu bali mucikulwa cabuta, cilemoneka kwati balelongana mumapepo.","Maka-maka ukulongana kwaba nensu baku China pakucita teleningi wa martial arts, kumibeya amapala bayasha na ututoli-toli akasuba na bushiku."
1302,"Shitata na bana babili bali pali tuku-tuku, nafwala na icisote.",kumbali yabo kule moneka impanga yafimuti ifikulu sana.,"Elyo uyu tuku-tuku wamupamba ala taleenda iyo, lelo kutwana twena awe manone!",aka mwana kantu kekele pantanshi kale moneka kwati pali efyo kalepapa.,"Nakalolesha na mucikope, filya kwati nabakacebusha kuli kakopa."
1303,Bakacimfyanya wafyanso fya myele (swords) bali ku teleningi.,"aba bantu bonse nabafwala ifya fita bafwalile kumo napamenso, cilepala kwati baleicingilila kukutwa kwa myele.",Kabili amaboko yabo yonse yabili yekete imyele yakulwilako.,umu bale cimfyanina mulemoneka kwati bapangila nembao.,"Kwali nakasuba lelo bafwelefye nga ukwatalala, umulandu wabwangalo bwabo."
1304,Akakashana ka inkanda yabuta kaletolokela mu kashiba kamenshi (swimming pool).,kunuma yamwana uyu kuli shitata untu afwele akapula ka makumbi makumbi.,"Elyo umbi kumulundu afwele akaputula kabuta, lintu umo ali mukati ka kashiba kamenshi.","uku kuntu kuli abantu abengi ababuta inkanda, elyo kulemoneka kwati nakukaba sana ico abantu bonse bali mumenshi.","Ngafinofine uno mwenshi wa Lusuba lukalamba (October) muno Zambia, awe kutushiba twa menshi kuleisa abantu imintapendwa."
1305,"Namayo, upalile nga intandashi yafilengwa na Lesa, alekopa na akamela kakwe mu mpanga.","uyu namayo nafwala icisote ca makumbi makumbi, elyo nakwata icakukopelako ifikope.","Nafwala na ibulaushi lya kashika, necitambala cakwe pamabeya.","kunuma yakwanamayo kuli umuntu uushishi bikwe bwino, kulemoneka kwati kuli umuntu uusendele icola ca fita.","Elyo nakukaba, akasuba kalelasa na mumenso eco namayo afwalile akasote kakwe kumutwe."
1306,"Namayo wa inkanda yabuta ali mwibala lya maluba, aleswa.","alemoneka kwati alikwata imishishi ishitali, elyo nafwala ishati lya buta ","Itoloshi lyena lya makumbi-makumbi, elyo alepuuta ubuluba bwa maluba.",kabili ale moneka kwati alenunsha iluba lintu ekete muminwe.,"Banamayo nabofye pa maluba awe mwandi nisotambe, palya ali aletontonkanya ubusuma bwa maluba aya."
1307,Umulumendo wankanda yabuta nanina pali snowboard aletoloka.,kunuma yakwe kulemoneka shitata untu afwe ishati lyafita netoloshi lya makumbi makumbi,"Skateboard yakwe ilepilibuka mumulu ilyo talanyantapo, pantu imipeto iloleshe kuntu ali.",umu lumendo uyu nafwala nefyabuta kuminwe ifya kumucingila kumpepo pantu uku kuntu ali kwalitata umulandu wa snow.,"Nincende yatalala sana, aba banensu nabo imfula bakwata menshi-makasa (snow) ilyo muno Africa iloka icitalawe."
1308,Shikulu bantu wa inkanda yabuta naikata akamela kakwe muminwe.,"shikulu bantu nafwala nakasote kafita, elyo alikwata nomwefu.",Kumbali yakwe kuli umuntu uulemonekakofye akapimfya (piece).,kunuma yakwe kulemoneka umumana uukalamba sana.,"Ili lyeenshi lya kwangalilako inshita ya kasuba (summer time), eico cipalile kwati baile mukukopeshako ifikope."
1309,"Shitata wa inkanda yabuta ali pa skateboard, natolokela pa mbeketi yanshimbi.","mumulu mulemoneka ikumbi lya fita, cilepala kwati likumbi lyamfula.","Ububwangalo bwa skating kwena tabufwaika bacamwenso, pantu iyi imitolokele awe mwandi shuwa fye.",elyo uyu shitata aletoloka umutungi wa katapa katapa.,"Pamutungi pene epo anyantile namaboko yakwe mumulu, elyo nomwenso awe nakalya."
1310,Imbwa yabuta amasaka na yamafi-yambusa iletoloka umupini mu cibansa ca mangalo.,kunuma yambwa iyi kulemoneka icapala insalu iyakashika,"Elyo panshi pali ulunkoto lwa katapa-katapa, na utu maluba twabuta utusuma.","iyi imbwa yilemoneka iyansansa sana, kwati naimona bantu  yishibe.","Imbwa shamisango iyingi, mukumoneka nifilya abantu nga babatasha bakwata icilumba mukucimfyanya efyo na iyi mbwa ilemoneka."
1311,Shitata wankanda yabuta ali mumabala na ing'ombe shakwe kwikoli.,elyo nafwala nakasote kamucingilila kukasuba nekoti lyafita.,"Emanine pakati ka ng'ombe shine mumbali, elyo shimbi shili kuntashi yakwe.",shita  uyu nafwala nekoti lyafita cilepala kwati alelimisha ing'ombe.,"Ni Shibulimi mukwai, elyo abomba na ing'ombe shakwe kwikoli nga umutundu wa banensu Abatonga muno calo ca Zambia."
1312,"Namayo wankanda yabuta alelolesha kuli kakopa wacikope cakwe, lintu ali pamakwebo.",kunuma yakwa namayo uyu kulemoneka bashitata basano.,Umo shitata ali na inkonto yakwe kukuboko kwakwe ukwa kuso.,elyo umo shitata untu afwele itoloshi lya fita alemoneka kwati aletotosha umunankwe.,"Eya e ala nifilya batila twenda babili temwenso hahaha, ilyashi nefibusa lilawama."
1313,"Utwana twa Cingeleshi tune tuleyangala, tubili kuntashi natwikatana amaboko pakutoloka.",kwena utu bana utu natu sansamuka sana.,"Tecakutwishika, abanafye pali jumping castle awe ni leta umunwe nsumeko!","elyo tabaletina nokupona, bale yangalafye bwino kwena bali shipa.","Apa nalimo nabanaka icipesha amano, lelo ukubeba ati capwa awe ninshi mulandu umbi."
1314,Shitata na namayo nabatumbatilana mu lyenshi pakuitomona.,kunuma yabo kulemoneka kwati nakwima amabimbi.,"Elyo beena nokutina ayamabimbi nakalya, nabasendwa mumabimbi ya citemwiko.",shitata na namayo nabafwala ifyakufwala ifyo abantu bafwala nga bali kumumana nagu ku swimming pool.,"Shitata nafwala na makalashi ya menso, kuli na icipupu ca mwela filya bali kumenshi uko icipupu cipupa nganshi."
1315,"Umukashana wa nkanda yafita natoloka ibaaka mu lwelelele, lintu aikobenkenye intambo sha makumbi-makumbi.",kumulu kulemoneka amabula yakufimuti aya katapa katapa,Uyu mukashana aleshana amasha yakupupukila mumulu ilyo imyando shimutabililefye umubili onse.,uyu namayo alishipa pantu alemoneka nga ulya ashikwete umwenso.,"Awe mwandi umwenso wena takwata, naiposa mulwelele nga uushishibe ati aloseshe umutwe namaboko yakwe panshi."
1316,"Shitata wa inkanda yabuta ali mu cikini aleipika, napo maani yalya atobele mu mbale yafonka.","uyu shitata nafwala ishati lyakashika, elyo alikwata imishishi ishipi.","Aloleshe amenso yakwe pali pan, ngapo pali amafuta yakwipikila.","elyo kuntanshi yakwe kuli imbale nempoto ishingi, ing'anda yakwe yalipentwa ilangi lya buta.",Pamulu wa kabati wabuta mu cikini peswile ifipe na utunkolo-nkolo twa kwipikila.
1317,"Abangeleshi baume na banakashi baletolokela muli beemba, alemoneka uwashika kabili uwa makumbi-makumbi.","aba bantu tabafwele amashati, bonse bafwele utuputula utunono.","Banamayo ebafwelefye ififunga-mabeele (bras), mu menshi muli umuntu uupalile shitata. ",aba bantu baninine palupili lwamabwe elyo baletolokela muli beemba,"Uyu beemba wena mwandi tewakwesha kusambamo nga tawaishiba insamfi na imiibya, pantu kuti wafwa nga kakonge!"
1318,"Shitata wa inkanda yabuta naikata amenshi yaleswa mutumfukwe-mfukwe, alesansa abana bali mupepi.",uyu shitata nafwala ishati lyatu bokoshi twakashika notwa buta,"Nabikapo na kasote kelangi lya mutuntula, umushipi wikete kaputula wena untu wakashika.",elyo ngawapusha amenso munshi yakuboko kwakwe kuntanshi kuli akalumendo akekete umwana.,Aka kalumendo kaloleshe ukuli shitata wa mangalo yakusansa abana amenshi.
1319,"Bakaposa wankonya babili baleilibula, umo panshi ilyo lefu alelamwina.","umo shitata alepokolola abalelwa, elyon nafwala ifyafita.","Elyo kuli shitata umwefi emanine mupepi, ena talelamwinako iyo.","icine katwishi nga Ali nomweso nangula tailafika inshita yakwe, elyo kunuma yakwe kuli ifilemoneka kwati malata yakatapa katapa.","Ala mwebantu alaipaya umubiye, amangalo yakuposenkonya nayo iyo mwandi."
1320,Umulumendo wankanda yabuta naiminina mukasuba aloleshe kuli kakopa wacikope cakwe.,elyo naimya amaboko kwati alelangilila kakopa wacikope.,"Nafwala na makalashi yafita, elyo icola ca makumbi-makumbi kunuma yakwe.",naumona necampepo afwele? cakatapa katapa,Uyu mulumendo emiishe iminwe mumulu nga uulelisha impolo-lo shamfuti.
1321,Shitata wa inkanda yabuta ale kakatika ama tiles nomupeni kucibumba.,"nafwala nama galashi yaku mwafwilisha ukumona, elyo alikwata imishishi ishipi.","Uyu shitata wabuta inkanda waku calo ca Iceland, ngafilya ulunga lulemoneka pa cibumba.","icine wasosa, nafwala ishati Ilya butulukila, panuma napalembwa nefitu fyelangi lyakashika.","Ekeete nomupenyi wakwe amaboko yabili, pakukakatika bwino ama tiles."
1322,"Shikulu-bantu wa Cimwenye aleenda mu cisankano, kumbali yakwe kuli amatuka alolesheko.",uyu shikulu bantu nafwala umwingila wabuta nakasote.,"Insapato shakwe shintu shafita, kabili mukati kamukansu wakwe muli itoloshi.","elyo muntu alepita mulemoneka akamfwili elyo nakasuba nakapula, kunuma yakwe, ngawalolekesha kuli shitata untu afwele ifyafita elyo nasenda Ica katapa katapa kuminwe.","O yangu tata, ala elyo namwenekesha imibenge-benge shakasuba mumutenge pakuti mu cisankano mwilaba icipuki cacibe ca bantu."
1323,"Namayo na bana babili bali mulukungu lwa ng'anda, naimyapo uucepeshe muminwe.",namayo nafwala ishati lya makumbi makumbi netoloshi lya buta.,"Elyo akakashana kali panshi kafwele ishati lya katapa-katapa,  na utusapato twakompo nakatoloshi.","elyo umwana untu emishe muminwe nafwala ifyabuta, elyo alikwata imishishi ishipi.","Icikulwa bemaninepo cilemoneka nga icakale, na ilangi lya mumbali lyalilepauka imilale."
1324,Keensha wa cimbaya-mbaya ca ilangi lya kashika aleensha mumusebo.,icimbaya mbaya Ici nacikwata inambala 56.,Cilemoneka nacibutuka akababala mumusebo.,icine nabutusha icimbaya mbaya Ici pantu kwena kumbali yakwe ifintu filemoneka kwati ni fube fube ,"Iyi myenseshe ya fimbaya-mbaya yasuminishiwafye kuli bakacimfyanya, nga ni pamusebo wa cine-cinefye awe ninshi ni bumpula mafunde."
1325,Umukashana wa nkanda yabuta naikata akana ka mbwa muminwe.,"nafwala ilaya lya fita notwabuta, alelolesha akabwa.","Cipalile nga namayo waupwa, moneni ifyo nakwata akanjelengwe kumunwe wapakati.","eya uyu namayo nafwala akantu kumunwe, elyo umushishi wakwe naufimba pa mpumi.","Aka kantu afwele ka koosa, kalembelwepo SONDO (SUNDAY) mumalembo yakalamba, nalimo uyu namayo alongana pa SONDO?"
1326,Keensha wa ncinga natolokela kucibumba ca ng'anda pa ncinga yakwe.,mumbali yamusebo muli icibokoshi icipalamine ulunkoto.,Cipalile nga imbao apo incinga yatantele pakunina icibumba.,"wasosa niwebo nimbao ishili pambali ya musebo, uyu muntu nafwala icampepo elyo afimba na hood kumutwe","Hahaha, ala kale nalemona kwati nalishibokucofa incinga nomba uyu mulumendo ansungusha mwe!"
1327,"Shitata naikala palupili lwa menshi-makasa, aloleshe amenso yakwe kukasuba.",elyo nafwala ifyakufwala fyakashika mwapita notwa fita.,Kabili intambo ili muminwe yakwe iletentemukila kuli kakopa wa cikope.,cilepala kwati uyu shitata alikwete mission yakunika ulupili nokukopwa icikope nga aninika.,"Walasapofye nga pa musana wakwa kapoli, eco ekalile na insansa pantu nakwanisha icipope."
1328,Akakashana kabuta inkanda kaleshilaula ilangi lyafita pa ilangi lyabuta.,"nakafwala neshati ilitali ilyabuta, elyo nakekata ulukombo lwakashika.",Mu lukombo mwine emuli ilangi lyafita kaleshilaulila pelangi lyabuta.,elyo kukulu kwaku kukulyo alemoneka kwati nafwalako akakosa akabeka.,"Eya e, elyo kuli amalangi ya tatu kulya lubali; pepo, cibuta, na kashika."
1329,Namayo wankanda yabuta aleninika umulundu wamaluba-maluba.,kunuma yakwe kuli impili ishaisula nefimuti namaluba.,"Nafwala na makalashi ya menso, elyo muminwe asendele ikoti, nakacola pakubeya.","uyu namayo nasenda icakufwala camalangi ayalekana lekana, muli katapa katapa, ifyafita elyo nefyabeka.","Elyo iyi ncende ya mapili na mabwe, lelo yafimbwa na icani na maluba ya lelema."
1330,Namayo na bana babili bali mucibansa camangalo ya kwensha impunda.,namayo nafwala akalikoti kakashika elyo naiminina kumbali yampunda elyo aka mwana kamo nakanina pampunda.,"Nakafwala na ichisote kumutwe, cakucingilila ubongo nga kaliponene pa mpunda mu cibansa camangalo.","panuma yampunda nabika insalu ya makumbi makumbi, elyo aka mwana kanininepo nakafwala insapato shafita.","Elyo kunuma yabo bonse kuli akali tent kakashika, namwikala na bantu bambi."
1331,"Abangeleshi bane bali mulukungu lwa ng'anda, namayo umo aleimya ifipe petebulo.",nakulubantu umo nafwala siketi yamakumbi makumbi elyo alikwata imishishi shabuta.,Nafwala na makalashi yakumwenako mubukote bwakwe.,elyo shitata untu apalamine kumwinshi nafwala amagalashi yafita ayakucingilila amenso kukasuba.,"Nakwata na kabotolo kafita muminwe, kwati menshi nangula utwakunwa twalolwa alenwa."
1332,"Banamayo babili na kakashana kuntashi yabo baleenda pamulu wa bridge, nabatalukana pakwenda ngabashili pamo.",namayo untu ali pakati nasamika akacola kabuta pamabeya.,"Elyo uuli kunuma yakwe ena naifimba umwamfuli wa kashika, ico akasuba nakalotoka.",akamwana kantu Kali pantanshi yabo nakekata kufishimbi fya makumbi makumbi elyo kalelolesha kuli kakopa wacikope.,"Elyo kamushishi uutali uwafita, nakafwala akashati kelangi lya cikashana, ka shiketi na patapata wa makumbi-makumbi."
1333,"Kateya wamupila wakuminwe baseball, mucibansa, nakontama panshi alelengela.",uyu shitata nafwala neshati lyakashika netoloshi lyabuta.,"Elyo kunuma yakwe kuli akamupila kabuta, kwati alelolela pintu ukulila.",eya cine alelolela pantu nakontama elyo naikata ukuboko kwakukuso pekufi elyo ukwa kukulyo kuli kunuma.,"Incende emaninepo eilifye nomucanga, ukwashala kwaba icani ca katapa-katapa."
1334,"Shitata aleisa kumulundu wa lyenshi, nasenda surfing board na imbwa kumbali yakwe.","kuntanshi yakwe kuli impili, cilepala kwati akasuba kali mukuwa.",Na icushi ca lyenshi cilefutuka pa mulu.,"mumulu namo amakumbi yalemoneka ayafita, kwati yamfula.","Pakwenda kabili moneni, nasabausha amenshi kumakasa ngomucanga."
1335,Bakateya wamupila wakumakasa bali mucibansa baleshokana imingalato.,mucipanda muli kasunga wacipanda ufwele ishati lya katapa katapa.,Uyu kasunga wacipanda aposele namano kuli bakateya wamupila mu cibansa.,epakuti ayipekanye nga baya muku lasa umupila mucipanda.,"Kwena uyu kasunga wacipanda ali mucibe, pantu uyu mupila nga wayalulukafye nimuli wene na paaa!"
1336,Shitata wankanda yafita nafwala ikoti lyafita aleenda ku citesheni ceshitima.,"shitata umo uwankanda yafita alefuma mwisitima, nafwala neshati lya kashika nakasote ka makumbi makumbi.","Elyo umbi kunuma yakwe nafwala amakalashi yafita, balefumina pamo lelo tabali bonse.","eya, nafwala neshati lya buta elyo mwitoloshi muli umushipi wafita.","Pesamba lya cikope kukuso kulembelwe amashiwi yaleti William C. Hutton Jr, ngapo ewakopele mwe."
1337,Umulumendo wankanda yabuta aleteya ubwangalo bwa pool table mucikulwa ca bwalwa.,"alikwata nemishishi ishipi, elyo nafwala ishati lyabuta.","Mukati ka pool table muli utumipila twa malangi yalekana-lekana ukubikapofye: kafi, kashikila, katapa-katapa na akabuta.",kumbali yakamuti kakuteyelako kuli aka mupila akafita.,"Afwele na aka kosa kafita kukuso, na kakwata amalembo yabuta yashilemonekesha cilya napafita."
1338,Shitata wankanda ya kashikila (red Indian) naimya ifinsabwa-nsabwa fintu aleshitisha.,uyu shitata nafwala icisote cakumucingilila kukasuba.,Elyo na intambo sha kashika nashipita mumukoshi wakwe.,kunuma yakwe kuli impanga iyikulu ifimuti nafipula na mumusebo.,"Ifiliimwa fili muminwe yakwa shikulubantu uyu fili na ilangi lya katapa-katapa, ukubikapofye ba mandalena kukulyo elyo coconut wa menshi kukuso."
1339,"Abantu babuta inkanda balenina mubwato pa menshi, bashitata na banamayo nabasenda utufyola twabo.","kumbali yamumana kuli icikulwa, cilepala kwati epo amaato yasendela abantu.",Pabwato balenina pali amashiwi yaleti HUPIN HOTEL.,aya ama shiwi nayalembwa nelangi lyabuta.,"Aya amalangi yali mumbali ya bwato te malangi fye, nayakwata ubupilibulo bwa ulunga lwa caalo ca Yemen; kashika, kafi, na cibuta."
1340,Keensha wa cimbaya-mbaya catemfwa panshi aleensha mumusebo nga mukucimfyanya.,"uyu kensha teshibikwe nga mwaume nagula umwanakashi, elyo nafwala ifyakufwala ifyakashika.","E mukwai, teshibikwe bwino-bwino lelo nasekelela mukati ka cisote cekalashi.",elyo ngawalolekesha mukati kacisote afwele alemoneka kwati alelolesha kumbali yamusebo untu ale enseshamo,"Eya e, pantu cikankala ilyo ulepetuka pa kona walolesha kuntu ulepetukila epali waisanga mu cimpusa naufulamuka."
1341,Shitata wa inkanda yabuta alebasa ulubao mucuni cipalile nga lubambe nangula kapumpe (eagle).,kunuma yakwe kulemoneka bashitata babili nabo ababuta inkanda.,"Bena kwati inkanda shintu shabutulukila, panshi ya cuni palemonekela na kakashana kaleenda na shitata.",elyo kunuma yakwa shitata nomwana kuli shikulu bantu uwakwata imishishi Isha buta.,"Uyu shitata alebasa icuni nafwala ifya kumatwi yakwe, pakucingilila kunkulukutwi ku ciwunda ca mashini wakubashilako."
1342,"Akakashana ka Cingeleshi nakekata inshimbi pakunina icimpelwa, kaposele nakacola panshi.","naka fwala ishati lyakatapa katapa, elyo kalikwata imishishi ishipi.","Kabikapo akatambala mumutwe, amakalashi yafita, kaputula wafituluka, elyo na pata-pata kunkasa.",kalemoneka kwati Kali mucende iyakwangalilako abantu Maka Maka utwana utunono.,"Efyo mukwai, kuli umutanto wamunyololo wafita kabili ifimpelwa fya iyi ncende fya malangi yabili; ifya kashikila na ifya katapa-katapa."
1343,"Umukashana aleendela pantanshi ya mulumendo uli kunuma yakwe, bonse bafwele kompo nga bakeemba mu Chilonganino.","aba bantu babili nabafwala ama shati yabuta, elyo namayo afwele siketi yafita, shitata ena nafwala itoloshi lyafita.","Elyo kunuma yabo kuleisa bashitata babili, umo afwelefye kafita konse lintu uwakulekelesha afwele nga bena.",mumusebo balepita tamuli abantu abengi.,"Kwatifye ni pa Sondo, abantu abengi tabendauka nga mukati ka mulungu pantu balatusha mu mayanda yabo panuma yakulongana."
1344,"Shikulubantu umwefi nafwala ifyapamulimo wakwe icungulo-bushiku, emanine na icikotikala cakwe.","mufyakufwala fyakwa uyu nakulu bantu, muli katapa katapa, elyo alikwata nemishishi ishipi ishabuta.","Nangu apalile nakulubantu uyu ni shikulubantu, na mu cikotikala cakwe muli ifibombelo.",elyo kunuma yakwe kuli shitata nafwala itoloshi lya fita alelolesha kumbali yakwe.,Lintu umulumendo wankanda yafita na akacola aleisa mukupitila kuntanshi ya cikotikala cakwa shikulubantu uyu.
1345,Abangeleshi baume na banakashi nabekela mucimfute ca malila.,shitata untu ali kuntanshi nafwala itoloshi lya buta neshati lyafita.,"Iyo ulya ni kaputula te toloshi, elyo alelanshanya na banamayo abekele petebulo.","nakaputula wine ubutali yilemoneka kwati litoloshi, ngawalolekesha kuntanshi kuli ifikulwa ifitali.","Hahaha ala cacine, kuti watilafye nalimo eulya beta ati kapulisha wa babiye (big buyer)."
1346,"Imbwa shibili shilecena mu ng'anda, imo yalibuta elyo imbi yalikashikila amasako.",iyabuta nayasama akanawa yilemoneka kwati naikalipa.,"Naibika na kakulu pambafu yaibiye, uyu mutundu wa mbwa kwena untu wakalipa.",nashikala pansalu yamu ng'anda iya makumbi makumbi cilepala kwati ishi imbwa Shamu ng'anda.,"Iyi nsalu butanda bwa mung'anda nangula carpet mu Cingeleshi, elyo icikope cakopelwe mumfi-mfi filya ilaiti lilemoneka nga ilya kamela."
1347,"Banamayo ba inkanda yabuta bali mucimfute, ilyo umo aleitila amenshi yamfula pamutenge.",kunuma yabo kuli amaluba ayalekana lekana amalangi.,"Nabantu balepita kumbali, amenshi yena yetikile ukushili bantu.",kunuma yakwa namayo untu aleitila amenshi kuli nakulu bantu uufwele ishati ilyakatapa katapa.,"Mukumoneka kwati ubu bwali bushiku bwa mufumbi lobo imfula icesha kumutenge, pantu nabantu nabasenda imyamfuli yabo."
1348,Nakulubantu wankanda ya Cimwenye aloleshe mu cikope ilyo aleshingulusha icinjelengwe.,alemoneka uwasekelela ilyo alelolesha kuli kakopa wacikope.,"Elyo na kumakasa takuli nsapato iyo, nakulubantu uyu alifye pyeni.",umo ekele mulemoneka kwati nimulya bapangila insapato.,"Elyo ici icikulwa capangwa na imbao konsefye, nshilemonapo iloba nangula amatafwali (bricks) mubukuule."
1349,"Umukashana wa nkanda yafita aleenda mu menshi, nasenda plastic na imbeketi muminwe ilyo kunuma kulekonka imbwa.",aleenda mumbali yamumana cilepala kwati aleya mukwela isabi.,"Aya nga temenshi ya mfulafye, pantu imyendele yapala iyacincila ukwabula kusakamana ukushika kwa aya menshi.",elyo nakaka imishishi kunuma yamutwe pakuti shiilamucinga pamenso.,Na icinshingwa cakwe cilemoneka ica futulukila pa menshi umulandu wa mukuku (waves) umo alepita.
1350,Namayo wa inkanda yabuta alesonta pacikope cili kucibumba. ,namayo uyu alikwata imishishi Isha butulukila.,"Elyo nafwala na kapimpinya kashiketi, kabili nakwata inembo (tattoos) pa cifuba na pakubeya.",elyo nafwala neshati lya fita elyo abikapo nakabuta akashati akaisuka pantanshi,"Tonse utwakufwala twakwa uyu namayo tupimpinya, ekete ulukombo lwa twakunwa twalowa kukulyo."
1351,"Daniela alebutuka mukucimfyanya nababiye, kunuma yakwe kuli namayo ulecimfyanya nankwe.","mwibumba lyabale tamba muli shitata uwakwata ulupala, elyo nafwala ishati lya kashika.","Alelengela kunuma yakwa Daniela ukumona abaleisa, nalimo ukufwaya ukushinikisha ati takuli umbi kunuma yakwe.",elyo naikata akabotolo kakatapa katapa muminwe.,"Ala le, bushe naumona imipusanine yamifwalile Daniela na ulya aleisa kunuma yakwe?"
1352,Shitata wabuta inkanda naiminina ubushiku na icipampa camashiwi muminwe.,nafwala necampepo ca fita elyo nakasote kafita.,"Takwata nokwakulala, asendama mu musebo kumonafye katundu wa fyola fyakwe kunuma yakwe.",kunuma yakwa shitata uyu kuli umuseke uwiswile nefintu fyalekana lekana.,Elyo imipeto ya kuntashi ifikile pa inshinko ya pacilindi cipalile ica busali (sewage).
1353,"Kateya wamupila wakumakasa napanta umupila, nokulu kwa kukulyo ngouleingisha mulupanda.",elyo nafwala ishati nensokoshi isha kashika elyo nakaputula kabuta. ,"Elyo ishati lyena lyelangi lya kashika, namupita na imishilwa yabuta.",alemoneka ati nalolekesha sana pamupila untu apantile mumulu.,Ukupusha amenso kulubafu lwakwe kuli umubiye uleenda lintu kashila wa fishilwa (linesman) atanganene na katambala kakwe aka katapa-katapa.
1354,Shitata wa inkanda yabuta alebutuka eka mu menshi yaleswa mutumfukwe-mfukwe.,"nafwala itoloshi lyamakumbi makumbi, elyo alikwata imishishi ishipi.","Abikapo na ishati lya mutuntula, nasekelela ngefiweme.",ukulolekesha kunuma yakwe kuli shitata na namayo.,"Nakulubantu wankanda yabuta naiminina pakati ka bashitata babili nabo ababuta, umo aloleshe kuno lubali mu makalashi yafita."
1355,"Namayo nomwana wakwe pakubeya, baloleshe kunuma ngokuleisa icipolo-polo.",umwana nabamufimbanika insalu yamakumbi makumbi,"Nakwata naka tit mukanwa, nangula kalemoneka akapilibuka.",namayo nafimba icitambala kumutwe elyo nacifika napama beya.,"Umona wakwe ukumishe mumbali ya mutwe wamwana, elyo imilomo shena shilifye pa kutwi nga uuletepelsha inkama."
1356,"Abatemwikwa babili, umwaume nomwanakashi, nabemya amaboko na inembo shatumitima umuli namashiwi.","shitata nafwala akasote kakatapa, elyo namayo nabika amagalashi yafita mumutwe.","Amashiwi mukati kaanembo shatumitima yaleti umuya-ya-ya (Forever), namayo nakwata na fwaka pakati ka minwe.","shitata nafwala akasote kama langi yabili, katapa katapa elyo nefyabuta.","Namayo ena afwele amashikiyo, ubulungu bwa mumukoshi, ikoti lyafita kabili na papa icola pakubeya."
1357,"Shitata wankanda yabuta ali mu cikini alepbika isabi lya crab mumpoto, ngapo ekusumpula katwishi mukwai hahaha.","ala Teti wishibe, amasabi yauyu musango tayamoneka sana kuno mwe, uyu shitata nafwala ifyafita elyo alikwata imishishi ishipi","Mumpoto alepbika isabi lya crab mulemoneka umuli ifyakashika kwati ni mpili-pili, nalimo utwakununkisha umulyo spice mu Cingeleshi.",umu muciputulwa muli ifintu ifingi sana ifyamalangi ayalekana lekana.,"Efyo ciba nga mwapatikisha shitata ukwipika, moneni napo nga nindimu (lemons) shanshi abikile pakabale kabuta lubali lwa plastic."
1358,"Ibungano lya bantu pa cisankano liletamba shitata, ili li tauni lya mu China.","panuma yebumba ili pali namayo untu akwete incinga, elyo nafwala ifyafita.","Elyo shitata ali kunuma yakwe ali pali tuku-tuku, bonse babili nabapwenekela kuli Shitata umowine.","mwibumba umu, mulemoneka kwati mufulile bashitata abamishishi ishipi.","Kuntanshi yakwa namayo uli na incinga kuli ifilubi fya bana, elyo kunuma yakwa shitata baletamba kuli imipila ya kumakasa iyabuta."
1359,"Keensha wanama ya mbowo bamufulamwina panshi, iyi mbowo ipalile ngeikalipe mwe!",nafwala akasote neshati lya makumbi makumbi.,"Iyi naama, tekuti yaipaya umuntu kucifukushi?",awe kwena Pantu fintu yimufulamwine uyu shitata Ali mupepi nayo nafibipa.,"Efilya mumfwa insoselo shimo; inshiku tashicela mumo, ubushiku bushilile kantu, kabilifye ubushiku usheme na icimbala ciloca! "
1360,"Imbwa yabuta naitoloka umupini wamulando mumpanga, ngapo imweni umunani wabena Chipata hahaha!",yilepitana mumpanga umu lemoneka ifimuti ifyauma ifingi.,"Kunuma yaiko kuli abantu ba inkanda yabuta babili, umo ni namayo lelo umo yeshibikwe ico ashingeme ku miti.",umukasha nafwala akaputula akepi akakashikila. elyo nakaka imishishi kunuma yamutwe wakwe.,"Nshimwenepo umukashana mukaputula akepi, lelo uuli mupepi na umukashana nasenda icintu cafita kukuso."
1361,"Shikulubantu umwefi aletolokela lubali lumbi ulwa musebo, nasenda nakacola pakubeya kwa kukulyo.","pamusebo napalembwa amashiwi ayaleti ""keep clear"" yalelangilila abantu ukuti belasangwa kuli ulu lubali lwamusebo.","Pamusebo kwena palemoneka utumenshi twa mfula, cipalile kwati kwali sanshileko utufula twa mufumbi tulya tucesha kumutunge.","eya elyo kumpela yamusebo kuleisa icimbaya mbayab icasishe amalaiti, cilepala kwati bwalaila.","Ukuletolokela shikulubantu kuli icibumbwa ca muntu, elyo lubali lumbi kulemoneka ulunga lwa caalo ca Jordan kabili amashiwi mumbali yaleti Afghanistan Bring Our Troops Home. "
1362,"Imbwa yafita naikala mwikona lya ng'anda, lintu utwana twa mbwa tutatu utwabuta tuleonka.","tubili natukwela pamulu wa mbwaikalamba, utubwa twafisela.","Ala mwandi hahaha, imyonseshe sha mbwa shalipusanako na umuntu.","icine shalipusana, iyi imbwa yilemoneka kwati naikwata intambo yakatapa katapa.","Amasako ya iyi mbwa na utwana twaiko awe kwena yali telela, kuti watila bushe ni mbwa mushi nangula ya milopa shibili (mixed breed)?"
1363,"Abantu bali pamacinga yabo, nabafwala ifisote, na ifyakufwala fya pamacinga notufyola twabo kunuma.","ifyakufwala bafwele fintu fyafita, elyo kumbali yabo kuli ulupili ulwa butuluka.","Mupepi ya musebo muli imilando yauma, cipalile kwati e mipaka ya musebo na mapanga ya bantu.","elyo kumpela yalupili kulemoneka ifimuti ifishauma, fili namabula ya katapa katapa.","Mupepi na umusebo kuli ulupungu lwa njelwa (welded tower), napo nga lupungu lwa ba lamya nangula imilabasa teti wishibe iyo."
1364,"Abantu ba inkanda yabuta nabanina mucimpelwa ca rollercoaster, kuntashi kuli banamayo babili elyo nabambi kunuma balesekela.","balemoneka abansansa sana ilyo rollercoster ilesela, namayo na shitata abali pantanshi nabekata kuntanshi yaici cintu.","Rollercoaster kwena ilatiinya mwe, nomba bena pakuti bali belela awe nomwenso nakalya.",elyo pantanshi yabantu palemoneka fube fube katwishi nga ma wireyapalamine kucakukopelako ifikope.,"Kucisolobelo ca kuntanshi kuli icipampa ca amalangi ayapusana-pusana, elyo na amashiwi yaleti ASTROLAND-CYCLONE -CONEY ISLAND."
1365,"Bakateya wamupila wakuminwe netball nabema amabaka, aba kashika balefwaya ukwikata umupila elyo aba mutuntula ebaposele.",batatu abateya kwi bumba limo naba fwala ifyakashika fyekafyeka.,"Lubali lumbi kuli ibumba lifwele ifya mutuntula, notuputula twa makumbi-makumbi.",mufipuna fyabakatamba muli ibumba lya bantu abengi nabesa muku tamba uyu mupila.,"Elyo abafwele ifyakashika nabeema mumulu lelo umupila wena mukumoneka, mwana mayo, ni wele pantu naupula muminwe yabo."
1366,"Shitata ali naputamina pa ncinga yakwe, aloleshe petebulo lya kwa shikulubantu umwefi.","kumbali yakwe kuli shitata wafita inkanda, nafwala itoloshi lya makumbi makumbi.","Petebulo pali utunkolo-nkolo, kwati palya balungishisha inkoloko shaku maboko.",ukulolekesha kulubali lwakwa shitata untu afwele itoloshi lya makumbi makumbi kuli ifimuti.,"Elyo uyu shitata ekele mu cimfute ca itenti lya katapa-katapa, abikile na insapato shakwe ishabuta ku tebulo lubali."
1367,"Bakateya wamupila wakuminwe rugby nabatintana pakulwishikana, mucibansa mwiswile na bantu sululu!",mwibumba muli abantu abengi abankanda yalekana lekana.,"Uyu mupila awe walitambwa na imintapendwa ya bakalumba, ala ni shala wambe!","icine abantu baletamba nabafula, elyo kumpela yacibansa kuli ifimuti ifilemoneka.","Pali ba kateya wamupila wakuminwe rugby umo nakwata inambala 86, elyo umubiye inambala 9 pa ma jersey yabo."
1368,"Kalisha wa cilimba ca miwaya (guitar) naiminina mulukungu lwafikulwa nakasote kakwe panshi, lubali lumbi ifimbaya-mbaya fileenda pole-pole mumulongo (convoy).",mumusebo namwiminina imyotoka ishingi ishamalangi yalekana lekana.,"Kulesansa notufula twa mufumbi, panshi pali na imilamba yatufula tulesansa.",mumbali yamusebo namufula utu pampa twamutuntula.,"Lubali lwamusebo kulemoneka icikulwa icikalamba icikwete ilangi lya mutuntula sana, lelo pamulu na panshi pali amalangi ayapusana-pusana."
1369,Shitata wankanda yabuta alelisha icilimba ca mfungulo (keyboard).,"uyu shitata alikwata ulupala pakati kamutwe, elyo nemishishsi ishipi mumbali",Naikala pacipuna cafita aloleshe napa cinanda cakwe.,kunuma yakwe kuli icibumba camalangi yamutuntula na katapa katapa.,"Kabili kuli na insolokoto (window) ya kafi, elyo panshi ya nsolokoto pali icibumba ca ilangi lya makumbi-makumbi nga itoloshi lyakwe."
1370,"Abakashana ba Cingeleshi baleteya umupila wakuminwe volleyball, ilyo akalumendo kalepitila kumbali yabo.","umukashana untu alemoneka kwati afuma mukuposa umupila, nafwala ishati lya buta elyo nakaputula kafita.",Elyo ulya apelekeshe umupila alemoneka ngouli mupepi na icipanda alefwaya nokwingisha.,kumpela ya cibumba kukona kuli icintu ca makumbi makubi icapala mateleshi.,"Icibansa conse cifulilemo ilangi lya mutuntula, panshi, kucibumba, kabili nakunsalu ili kunuma yabo lelo panshi pali ifishilwa fyamalangi yapusana-pusana."
1371,Umukashana wa nkanda yabuta aloleshe kumbi ilyo balemupenta mu cisansa.,"umukashana untu alemupenta nafwala ishati lyabuta, elyo alikwata imishishi ishitali.",Petebulo lyakwa kapeenta pali ifikope fyakusalapo filya utemenwe ukupeenta.,kumbali yamukashana untu alepenta umunankwe kuli umukasha alemoneka kwati pali efyo alelonga.,"Elyo mumbali yakwe nangula iya itebulo mushingulwike abantu babuta inkanda abengi, bashitata na banamayo nabo kwati bantu balepentesha."
1372,"Abakashana babuta inkanda basano nabekala pa cipuna ca mbao, babikile ifyola fyabo panshi elyo nabapenta na pamasaya.",bonse balelolesha kuli kakopa wacikope kwati balelolela ukukopwa.,"Bane babikile amolu yabo payabiye nga 4 kona, lelo uuli kulutwe ena atile nashilako abaice hahaha.",aba abakashana bekele bamupando wakatapa katapa. elyo umukashana untu apalamine kuli kakopa wacikope nafwala ikoti lya katapa katapa.,"Elyo uyu mupando bekelepo wakulililwa mukashila katupamba (outdoor floor tiles), utunono elyo utwatitinkana."
1373,"Shitata ali pa surfing board nalambalalanako, ilyenshi lilemusunkila ukwalola umwela.",uyu shitata nalala pali surfing board yakwe iya makumbi makumbi,"Nokutina ibimbi lya menshi awe nakalya, uyu shitata untu washipa mwe.",uyu shitata kwena ali shipa pantu amabimbi nayema kunuma yakwe uko kwati yalamusenda.,"Ndecetekela alishiba na ukusamba insamfi nangula imiibya, pantu kubashaishiba ukukupikilwa na ili biimbi ninshi webo liluba walya!"
1374,"Akana ka Cingeleshi kalebutukila kuntashi na icilubi miminwe, kabili nakasekela.","nakafwala nomwingila wamakumbi makumbi, elyo kalikwata imishishi shabuta.","Nakafwala na ubulungu bwa mumukoshi, mukumoneka kwati bwa silfele.",kwena aka kamwana kansansa fintu kasekelele kale leta insansa.,"Elyo umusebo kalebutukilamo untu wabula ama nenekela (bitumen), ulemoneka kwati walukungu lwa mwilungu (plain)."
1375,Abakashana babili aba inkanda yabuta nabekala mu miti nakabwa kabo.,"umukashana umo alikwata imishishi shabuta, elyo nafwala ishati lya makumbi makumbi.","Mupepi yakwe kuli akabwa kabo, umutundu wa aka kabwa mukumoneka ni chihuahua.",elyo mupepi nefimuti kuli ama bwe ayashungulkwike ifimuti.,"Munshi ya miti muli amabula yauma, nga mu mwenshi wa Lusuba-lunono (September) ilyo kuba ukulokota kwa mabula."
1376,Namayo wa mutundu wa ci Philistine napeta amakunda nga pakupepa kwalutambi lwabo.,elyo nafwala icitambala cabuta elyo neshati lyakashiklila.,"Kuntanshi yakwe kuli insalu sha malangi yalekana-lekana, pali ifilembo ifya pusana-pusana panshi na pamulu.","pakati kansalu ishi pali yimo iyabuta, elyo shimbi muli ifyakashikila.","Ishi nsalu shikobeme kutumuti twauma utupitile pakati ka nsalu, kwati eko ishi nsalu shakobekwa pakuti tashiponene panshi."
1377,"Umulumendo nomukashana nabekala mucimpelwa ca myando shibili mumbali, nacibatwala mumulu elyo bekatilile imikonso yacela.",balemoneka abansansasana ilyo bekele mucimpelwa camalangi ayalekana lekana,"Umulumendo ena nafwala insapato shakwe, lelo umukashana wakantu alifye pyeni.","elyo bonse babili aba balikwata imishishi shakashika, umukashana ena imishishi shakwe nashimufimba pamenso.","Shululwike ku mwela wa mu mulu filya beena baleuluka pacimpelwa, mukumoneka kwa mushishi wabo kwati bali daisha amalangi ya kashikila."
1378,"Nakulubantu alelansha akakashana muputule, kunuma yakwe kulemoneka ifyamabupe.",uyu nakulu bantu nafwala ifyakufwala ifyafita elyo akakashana nakafwala ishati lyabuta elyo lyakwata amaboko ayelangi lya kashiika,Nakulubantu uyu nafwala na makalashi yakumwenako ico ena mukoloci.,"kunuma yakwa nakulu, kuli ifinkolwa nkolwa ifyalekana lekana ifyo batantika kucibumba.","Ipalile nga incende ya masambililo ya bana banono, elyo uyu umuputule washingwa na ilangi lyabuta mumulu na mufibumba monse."
1379,Ibungano lya bantu mucikulwa nabekala mufipuna namalaiti nayasanika.,"balemoneka kwati bali kuma pepo, bonse nabakwata utubuku twapalana.","Abantu nabesula muli ici cikulwa, bamo panshi elyo bambi nabo pamulu.",abali pamulu nabakwata utusalu utwa kashishi utusamine kucibumba cintu cile cingilila abali pamulu.,"Utufunga twa ilangi lyakashika, elyo na mupita na insalu iyafita mumbali ya mbao."
1380,Namayo pakati kabashitata babili balepila amenshi mu cibansa.,bonse nabafwala amashati yakashikila notusote.,Bushe aya mashati mwati yantu yakashika nangula yelangi lya macungwa watikama (dark orange)?,"kwena aya mashati bafwele kuti yaba nifyofine mwe, aba bantu balemoneka kwati nabasansamuka ilyo balepila amenshi.","Eya e, balemoneka nga abaleyangala lelo nifilya nga walitemwa umulimo obe nangula usola ifisoso ukalamwentula pantu uli muntungwa ku mutima na kubongo."
1381,"Umulumendo wankanda yakashika aletinta umunyololo wabwato, kunuma yakwe kuli shikulu-bantu nakacola.","uyu mulumendo nafwala ikoti lya katapa katapa, elyo netoloshi lyakashikila.",Baleendafye mupepi na menshi nga balondo besabi.,shitata nafwala necisote cabuta icakumucingilila Kuma sanso.,"Nafwala nakuminwe yakwe insokoshi (gloves), pantu imilomo yakwe yakwikata ifyela fyalekana-lekana."
1382,Banamayo batatu na kakashana pamabeya bali kucibansa ca mangalo.,"banamayo nabafwala ifyabuta nemishishi ishakashika, elyo akakashana kafwele ifyafita.",Imifwalile yabo kuti waipusha nga nikubwinga baile nangula iyo.,"elyo uyu namayu untu ashikwete umwana nasekelela, alelolesha aka kashana Kali pamabeya yamunankwe.","Akakashana nako kalemusekela ngakalemulanga ifilembo paka pepala, nabakapeenta na icinso ca pushi."
1383,"Icuni cilepupuka mumulu, cili namalangi yabuta nayafita pamungololo napa mutwe.",panshi napo palemoneka ifimuti nama bula yakatapa katapa.,"Eya e ala mulwelele efyo ciba, nga uli mumulu imiti ilamoneka bwino saana.",elyo ici icyuni calikwata amenso ayakashika.,"Umulomo uutali elyo amolu aya kwata ilangi lya mutuntula panshi ya makasa, ngawalolekesha kumulomo kulemoneka ilangi lyakatapa-katapa."
1384,Umulumendo wankanda yabuta alebutuka panono mumbali ya mumusebo mupepi na icibumba calengwapo na itauni lya bantu.,uyu umulumendo nafwala ifyakufwala fya makumbi makumbi.,"Elyo kumutwe akakileko akatambala ka makumbi-makumbi, lelo insapato nashipusana.",imishishi shakwe nangu shili ishafiswa shilemoneka ishakashikila ,"Amenso yakwe yalifonka, umona wakwe utali, na akatelufu akatali lelo takakwata mwemfu nalimo abeyelefye."
1385,"Umukashana ali panshi mukupima intamfu ya bwangalo bwakwe, ilyo shitata emanine necipyango muminwe.","namayo nafwala akasote, nefyakufwala fyafita.",Wamushishi uutali kabili mufyakufwala fyakwe namupita imishilwa ibili iyakashikila.,kunuma yakwa shitata mupepi necibuma kuli imbeketi yabuta.,"Elyo apafukeme uyu namayo pali ilangi lya makumbi-makumbi, mukati ilya buta na ilyakashika kabili na limbi ilyabuta nayashinguluka."
1386,Bakalisha wafilimba batatu balelisha nokwimba pa stage.,umopali aba bakalisha wafilimba nafwala shati lyakashika.,"Babili nabo bafwele kompo amashati yafita, iyo nisotambe wemwana mayo.","icine, kwena nangu kufitile kuti wamona ati uku kuntu kuli ibumba lya bantu abeshile mukutamba ici iciila.","Elyo kabili kunuma yabo kusanike ifimalaiti ifikalamba, fisontele mumulu na ulubuto lwa mulilo wa ilangi lya macungwa."
1387,Ibungano lya bakashana babuta inkanda lileyolola ngabali pa teleningi.,bonse mwibumba nabafwala utu toloshi twafita utwapalana.,Lelo utumashati natukwata amalangi yabili ayapusana.,"eya kwena kumaboko kuli ilangi lya fita, elyo kumubili kuli ilangi ilya kashikako (pink)","Apo bemanine palemoneka ubusaka-busaka kabili apatelela, aba banamayo kwena nabasankana na utwaice."
1388,"Shitata na namayo nabailolesha petebulo, nabaseka ngabali muchitemwiko.","bonse babili nabafwala ifyafita, elyo shitata nakwata ishati lyabuta mukati ka suti yakwe.","Namayo nafwala ubulungu bwa mumukoshi, shitata ena afwele inkaki-mukoshi (necktie) peshati.",kunuma ya aba bantu kuli abakashana babili abafwele ifyakufwala ifyabuta.,"Shitata nakwata na iluba pa ikoti lya nsuti yakwe, na pa itebulo pali inkombo sha makalashi ngapo shakunwinamo umwangashi (wine)."
1389,Kateya wamupila wa kuminwe rugby nabamusunsa mumulu pakulwishikana kwa bwangalo.,"naikata nomupila wakuteyelako, alemoneka uwasekelela, cipalile kwati natemwa.","Elyo napundilila ababiye bali panshi, nakanwa naakasama.","ali nensanasa uyu muntu, mucibansa muli ibumba lya bantu abengi abeshile mukutamba ububwangalo.","Elyo ishati lyakwe nalikwata amashiwi yashipwililike ayaleti TOYO, nalimo ni TOYOTA nga filya twaishiba ulwa fyangalo."
1390,"Shitata na namayo balelosha kuntashi mukasuba, bonse bali na makalashi yafita.",namayo nafwala ama galashi yakwe elyo shitata ena abikile ama galashi yakwe mumutwe.,"Nomba shitata nafimfya icinso kukasuba ngoushikwete makalashi, tekuti wasekwa na kucipuba?","kwena kuti wasekwa, nakwata amagalashi nomba tayafwele, kumbala ya aba abantu kuli shitata na namayo, shitata nafwala ishati lya buta.","Elyo kuli na icikulwa icikalamba, cipalile nga icikulwa ca ibanki lya kusungilako icuma pali na amashiwi yaleti DEBUENKORP pa mulu."
1391,"Shitata wankanda yabuta ali pamulu we lyenshi, naiminina pali surfing board namaboko mumulu.","elyo nafwala ifyakufwala fyafita, tafwele nensapato.",Ilyenshi lilemoneka katapa-katapa elyo imyulu makumbi-makumbi.,uyu shitata nakontamako kwati alefwaya uku balansa pakuti epona. ,"Eya e, pantu kuti wawila mu menshi nokunwina eico ufwile waishiba ifyo amaboko yafwile ukukwafwilisha pa surfing board."
1392,"Shitata wankanda yafita alepetula imbuto, ngapo nga maale nangula amasaka.",nafwala nakasote kabuta neshati lya fitulukila.,Kukuso kwakwe kuli abalumendo babili abalebomba nankwe.,"kuli necintu cilemoneka kwati cigayo icakashika, elyo umulumendo umo nafwala akaputula ukwabula insapato.","Ici, nalimo nga cigayo, cikwete ilangi lyakashika kabili mumbali namupita imilando yafimuti fya uma."
1393,"Shitata na namayo baleisa nabana babo muminwe, kuli nabantu abengi ku citesheni ceshitima.",mupepi nakakopa wafikope kuli namayo uwamishishi ishipi aleya kuntu kulefuma shitata nolupwa lwakwe.,Ngabaleya mukupatama ishitima abengi balifye nendupwa shabo.,kumbali yakwa namayo Ali nomwana kuli icela icobaiminika Pali ne number 5 (cisano),"Kumbali ya shimbi pali iyi inambala kuli imiti iisuma iya katapa-katapa, ilemoneka kwati ilapelako ifimfute (shades) ku bantu abali pabulendo."
1394,Namayo wa Cingeleshi aleteya umupila wa tenishi mucibansa.,nafwala neshati lyakashika na siketi yabuta.,"Insapato nasho ishabuta, elyo alikwata umushishi wafita uutali.",kunse yacibansa kuli ifimuti nefikulwa fyabuta.,Kabili kuli na ifikulwa ifitali ifyapala amayanda nangula ba hotela bakulalamo abalendo.
1395,"Nakulubantu nalolesha pa lyenshi, nafwala na icisote ca kupikula na maluba.","uyu nakulu wankanda yabuta, elyo nafwala ishati lyabuta. ",Abikapo na kasalu ka mumukoshi (scarf) elyo na shiketi wa makumbi-makumbi.,"kumpela yamumana kulemoneka kwati kuli ifikulwa, nefyani.","Uyu nakulubantu aloleshe kululamba lwa mumana, kulemoneka ifikulwa ifitali nga Island."
1396,"Bashitata batatu na banamayo babili nabatolokela mumulu pakukopwa icikope, bali abansansa.","namayo umo nafwala sweta yakashika elyo umbi afwele ishati lya fita, balemoneka abansansa aba bantu.","Nakunuma yabo kuli akamfukwe-mfukwe ka menshi, nefikulwa fyabuta.","aba bantu bakopelwe icikope ninshi bali mumwela, kwena kakopa nikanye Kanye.","Nabasanikwa na akasuba, aka kasuba kapacungulo kalemoneka akakashikila bwino-bwino."
1397,"Ifinshingwa fya bantu babili, umwaume nomwanakashi, filemonekela pa cibumbwa kakopa akopele.",ifi ifinshingwa filemoneka kwati abantu baleshimika.,"Tecakutwishika mukwai hahaha, balelanshanya mu malaiti ya bushiku.",aba bantu bekele nga abali mucitemwiko pantu kwena nabwila panse napafita.,"Bapalile nga abaleilisha utusuma utwa citemwiko, tulya naku ng'anda tushishitwapo."
1398,Iminwe shakwa kabasa wa mbao shilesembulula akantu kabuta.,kabasa wambao uyu alemoneka uwankanda yabuta.,Alebomfya na mashini wakwata umusomali kuntanshi.,uyu umusomali walitwa kuminafye efyo ulepita muli aka kantu kabuta akapala imbao,"Elyo uleshinguluka kuli mashini wafita, ulemoneka kwati tewa kubikako umunwe ninshi wakulasa!"
1399,"Shikulu bantu ali palupili lwamabwe, nafwala ifyatikama kabili icola kunuma na inkonto shibili kuminwe.","kuntanshi yakwe kuli ulupili ulu kwete snow, cilepala kwati nakutalala sana uku kuntu ali uyu shukulu bantu.","Nafwala na kasote, akontamine panshi yalupili emaninepo.",umulu ulemoneka uwabuta tamuli amakumbi.,"Mulemoneka kwati mulepita aka mwela akaleulula amakumbi, filya kubwaice twaleti icushi cileenda mu makumbi."
1400,Namayo wankanda yabuta aleendela mulukungu lwacikulwa celangi lya pepo. ,"uyu namayo nafwala itoloshi lya buta, nensapato shabuta.",Nasenda nakacola kunuma yakwe elyo icipampa kukulyo.,kunuma yamukashana uyu kulemoneka icinshingwa cipangilwe necimuti.,Elyo kucibumba kuli aka pampa akafita apali amashiwi yaleti LARGO Jaka u Bulu.
1401,Shitata wankanda yafita nafwala insuti mu cimbaya-mbaya.,mukati yasuti yakwe muli ishati lyakashika.,"Kabili na inkaki-mukoshi ya maluba-maluba, ikoti lya makumbi-makumbi watikama abikapo na inkoloko.",uyu shitata alemoneka ngauntu àkalipe nagula uulepapa.,"Hahaha, limbi nifilya bonse tukalipa muli sacha kondakita nga talekupeela cengi wamalipilo yobe maka-maka nga wacilomba."
1402,Ibungano lya bantu balekana-lekana lilelosha pafikope fili kucibumba mumakalashi.,"aba bantu nabafwala ifyakufwala fyamumpepo, cilepala kwati nakutalala sana.","Na utusote twalekana-lekana, ni ncende ya talala mucine.",Elyo kabili aba bantu nabafwala ama koti nefyampepo fyalekana lekana amalangi,"Palamina mupepi nkulangishe, mona kuntanshi ya cikulwa kuli amalaiti yapa musebo elyo kunuma ya miti shauma ndemona kwati ni ng'ongo (pinnacle) ya White House!"
1403,Akabungwe kababomfi ba mufyabumi kalongene mukukopwa icikope.,"mukabungwe muli abantu bankanda yabuta elyo neyafita, kabili muli bashitata naba namayo.","Pebumba pali abafukeme, bamo nabekala pa mupando, elyo bambi nabeminina.",kabili banamayo balekana lekana Inkanda nabekata ifibokoshi apali ifinso fyabantu.,"Elyo mufibumba fya mutuputule muli ifikope fyalekana-lekana, ifikulu nefinono."
1404,"Imbwa iletolokela kumulundu wa mumana, naima ibaka ukufuma mumenshi.","iyimbwa yelangi lya kashikila, elyo naisabusha amenshi pakufuma mumumana.",Kabili moneni ili nomwando uwipi mumukoshi.,kuti limbi nayibutuka kumwine mwe.,"Ala nacibefye ifyofine, pantu ngayakusuma umuntu awe ninshi mukwai yalimufondolole nkanda!"
1405,Umwana wa ci Filipino aponene panshi ukufuma pa pram.,banina nabamukakila intambo mumusana ilyo alele panshi.,"Ndepapafye ifyo alele panshi, bushe banina teti bamutole bwangu bamusunsuntilako?","balekatambafye, kwena limbi kalibapesha amano mwe.","Nangula cingaba ifyo acepesha, kwena nga ali mwana wesu kuti namitobamo indupi kumasaya!"
1406,"Namayo ali pakati kabashitata mwi ofeshi lya mapepala, baletantika bwino-bwino ilyo bambi balelemba.",shitata untu ekele kukulyo kwa kwa namyo nafwala ishati lya makumbi makumbi.,Kuntanshi na kunuma yabo kwiswilefye ama pepala umuputule onse.,"ama pepala aya yakatapa katapa, namayo umo alesekelela ilyo ekete ipepala limo.","Elyo yalemelwepo mumashiwi yafita, nakufibumba konse kulifye ama pepala limbi ni ku printing press uku?"
1407,"Abaiche ba inkanda yabuta baleteya umupila wa kumakasa, lintu akabwa kafita kalebutukila kuntu bali elyo imbushi yabuta nayo ilekatinya.","umwaice umo nafwala ifyakufwala fyamakumbi makumbi, elyo alepanta nomupila.","Uyu wine mupila ngakuti waupanta shani uyu musango, kukashinshili?","imbushi nayo yilemoneka kwati yilefwaya ukuteyako, kuti waseka mwe.","Hahaha hahaha hahaha, wanjipaya kunsenko bushe teyalifye kasunga wacipanda wa mupila?"
1408,Shitata aleteta ulunkoto naka mashini ka lawnmower.,kamashini kakwe kelangi lya kashika nelya fita.,Cipalile nga uulekasunkila kuntanshi noti kunuma.,uyu shitata nafwala nensokoshi shabuta mukati kansapato shakwe.,Mumbali ya lupango lwakwe muli amaluba ya katapa-katapa elyo na mabula yauma.
1409,Namayo kabili kalisha wacilimba ca miwaya alelisha nokwimba pa stage.,"uyu namayo nafwala umwingila wakashika, elyo imishishi shakwe nashimufimba pampumi.","Umushishi wakwe utali, elyo iyi mimbile eilya batila rock n roll, ukwimba kwa pikintika.","kunuma yakwe kuli amalembo ayaletila ifya lekana lekana, mumalangi ayapusana.","Iyi milembele ipalile graphite, elyo yaleti FESTIVAL ISLAND ulubali lumbi ati WHY? "
1410,"Keensha wa cituku-tuku ali mumusebo, naputama pakwensha tuku-tuku wakwe.","nafwala ifyakufwala fyapalana ilangi na honda yakwe, ifyakashika nefyabuta.",Nailembwa amashiwi yalekana-lekana ukubikapofye pepe phone.com na hp.,cipalile kwati aya malembo yaku langilila abantu ukwakushita iyi honda.,"Eyo, ngafilya ciba mumakwebo kulaba ukusulusha ifyo uleshitisha pa milabasa (radios) na pa fitunshi-tunshi (Televisions)."
1411,"Shitata wa Cingeleshi aleyangala mu ng'anda nomwana, bali notulubi twakwangasha.","uyu shitata nafwala ama galashi yaku mwafwilisha ukumona, elyo alikwata imishishi ishipi.","Kwatifye mwana ali nao, shitata aleensha akalubi keshitima pa njanji kumbali ya kayanda.",elyo kumbali yacibumba kuli ocakusungilamo ifipe Ica pangwa nembao.,Ba kabati batini?
1412,"Shitata wa nkanda yabuta naimya ulunga lwa caalo ca Brazil, ali mumbali ya musebo nabantu bambi mupepi.",uyu shitata nafwala akaputula akalefika mumakufi.,"Kunuma ya jersey yakwe kulembelwe RONALDINHO 7, bwali ngobushiku bwa mupila wakumakasa.",icine ubu bushiku bwali bwamupila.,"Nangula cili kwati uyu shitata ewulesefyafye eka, bushe muno calo ca Zambia efyo ciba mumisebo ba Chipopolo nga ebaleteya?"
1413,"Umulumendo wa Cimwenye alepenta umubiye kwisaya, bali kukusefya kwalutambi lwabo.",uyu mulumendonafwala ifya katapa katapa elyo umubiye afwele ishati lya buta.,Bonse bakakile na imishingo sha katapa-katapa mumitwe yabo.,elyo bonse balikwata imishishi ishipi Isha fita.,"Kumbali yabo kuli ifilubi fya ba balloon ifyalekana amalangi; umutuntula, makumbi-makumbi, kashikila nayambi."
1414,Umwana wa Cingeleshi nacensa mumaluba pakukopwa icikope.,"uyu umwana alikwata imishishi ishipi, elyo nafwala itoloshi lyamakumbi makumbi.",Abikile namaboko yakwe kunuma ngoulefisa iluba kuli kakopa wacikope.,"nafwala necampepo ca fitulukila, cilepala kwati kuli impepo nangula lucelo Celo.","Mumaluba limo muuba kwati ni mufyani, mulaba umume (dew) wa lucelo filya ubushiku kutalala."
1415,"Banamayo babili abankanda yabuta, balebika umupila wa ncinga yabo kumbali yamusebo ubushiku.",incinga shabo nashikwata ama langi yalekana lekana.,"Uwikete itaela nafwala akasote, elyo umubiye apapile akacola ka kashika.",namayo untu afwele akasote nafwala ishati lyabuta nama langi yalekana lekana pantanshi.,"Aba bakashana baku calo ca United States of America, lolekesha pa ncinga imanine ulunga lwa ici calo."
1416,Kateya wamupila uwa nkanda yafita ali mumulu pakuposa umupila wakwe mucipanda.,mubantu baletamba mufulile abantu babuta inkanda.,Elyo aba bantu balemutamb  kunuma yakwe bapenwikefye.,pantanshi yebumba lya bantu baletamba Pali shitata uwaina sana,Elyo mu fipuna mwikele abantu baletamba muli ilangi lya makumbi-makumbi namupita notushimbi twa kashika.
1417,Umulumendo nomukashana nabekala pacibumbili ubushiku.,aba bantu babili bantu bakashika inkanda.,"Bali mupepi na icikulwa icikalamba, cakulwa na malaiti ayengi nentanda.",aba bantu balemoneka kwati bekele pamulu wacikulwa.,"Elyo icikulwa cikalamba bapalameneko cilemoneka nga ica bufumu (castle), ngamulya Queen Elizabeth ekala."
1418,Nakulubantu aleshitisha ifinsabwa-nsabwa mumbali ya musebo.,uyu namayo wankanda yafita nafwala umwingila wafita notwabuta mubali yamaboko namumukoshi.,"Nafwala na ichisote kumutwe, alepima icipushi aputawile pali shikelo.",pafinsabwa nsabwa aleshitisha Pali inkonde  nefipushi ifyaputulwa.,"Namonapo na kanyense, umusalu nga bondwe, cimpapila, notuma plastic twa green pepper na impili-pilimo."
1419,Shitata wa inkanda yafita nalolesha mu cikope.,elyo nafwala necisote cabuta netoloshi lyabuta pamo neshati.,Nasekelela lintu ekete ulukombo lwa twakunwa twalowa.,"uyu shitata nakaka umushipi wafita mumusana, elo nafwala ubulungu bwabuta mumukoshi.","Amakalashi yakwe yena yakobele muli shikipa wabuta, elyo infungulo shilepela mwilupu lyetoloshi."
1420,Bakapeenta wamisebo batatu baleshilulula ifilembo pa musebo. ,kumbali yabo kuli icikulwa icilemoneka icakale.,"Kuntashi kuli icimbaya-mbaya cabo, cilebatungulula umwakushilulula.",naba fwala nama koti yapancito yabo ayakatapa katapa yabutulukila.,"Babili basendele icipampa cabuta, balecitwala kuntanshi ya cimbaya-mbaya cabo pakuti abapita nshila tabacilingenye imilomo."
1421,"Abana ba Cingeleshi babili bali mucimpelwa, kamo nakekala elyo kambi nakeminina.",aka mwana kantu keminine kalemoneka kwati pali efyo kalepapa.,Tonse natulolesha ngotulepapa ifilecitika kumbali ya cikope.,elyo tonse twalikwata imishishi ishipi akekeleko kakwata ishafita akeminine nakokakwata ishafita.,Akekeele nakafwala itoloshi lya makumbi-makumbi lintu akeemanine kafwele kaputula wantambo shakashika.
1422,"Namayo wa inkanda yabuta alelolesha mu citabo, bashitata abali mupepi balelosha kufikope fili kucibumba.",umo shitata uwa buta inkanda nafwala ikoti lyafita nakasote kafita.,"Elyo namayo wacibili ena afwele ikoti lya kashika, iyi ncende kwati yali talala.",shitata umbi naiminina alelolesha kucibumba nafwala nama galashi yaku mwafwilisha ukumona,Elyo pa itebulo pali akabokoshi na icipalile nga icitabo mupepi.
1423,Imbwa shine namalangi yalekana-lekana shilecena mu mpanga.,akabwa kamo akabuta kalemoneka kwati pali abo kalebutukila.,"Tashili sheka, kuli abo shiletandala nabo mu mpanga.",imbwa yimo iyabutulukila naikakwa nentambo yafita mumukoshi.,"Cimocinefye na kabwa kanono, nakakwata intambo yafita mumukoshi."
1424,Umukashana wa nkanda yabuta aleisa nakacola kakwe pantanshi ya matanta.,"nafwala akasote nekoti ilya makumbi makumbi, elyo alikwata imishishi ishitali.",Aloleshefye ngoukalipe pakumukopa ukwabulensambu.,elyo uyu nayamayo alikwata imishishi ishitali Isha kashikila.,"Afwele na insapato shamikonso iitali, ishifikilefye mupepi na amakufi."
1425,Abana ba Cingeleshi baleyangila mumenshi yalefutuka mukamfukwe kamenshi.,umo umwana untu ali pantanshi yacikope ale moneka uwankanda yafitulukila.,"Nakwata na umushishi wayemba uutali, alebutukila kubabiye.","tafwele nensapato, elyo nafwala ka siketi aka fitulukila.","Lulya lubali lumbi kulemoneka akakashana kabuta inkanda, na namayo uuli nomwana."
1426,Abalumendo bane nabfwala imikanso yabuta na imipango twa mutuntula.,bonse nabakaka mumikanso shabo imishipi sha kashika.,"Elyo bemishe ulunga lwa caalo ca Warsaw, ngenjikale sha cilya calo.",kunuma yabo kuli ichi kulwa cabuta ukuli naba namayo.,"Nangula bafwele ifyabuta awe kumakasa yabo kulifye pyeni, elyo bashitata ebafulile."
1427,Nakulubantu nalolesha panshi namakalashi yakwe kuminwe.,"kunuma yakwa nakulu uyu kuli ifikulwa ifitali ifisuma, nafyaka nama laiti ayengi.",Nabamwikata ukuboko pakutolokela kwishilya lya musebo pa zebra crossing.,mukati kekoti namayo nafwala ishati lya kashika nefyafita.,"Elyo kumatwi yakwe nafwala amashikiyo, yalemoneka nga ya shilufele."
1428,Akakashana kaletoloka ifipampa fyelangi lya mutuntula.,ili ibumba lyatubana utwa nkanda yakashika utufwele ama shati yabuta.,Kunuma kuli ibumba lyabasambi babiye nakafundisha.,kafundisha nafwalasuti yafita elyo neshati lya buta mukati.,"Akakashana kena kafwele shikipa wabuta, akaputula kafita, na utusapato twafita nga sports attire."
1429,"Namayo wa inkanda yabuta alelolesha pali ka lamya kakwe mulukungu lwa ituka, ilyo bashitata babili balelisha ifilimba fyabo. ","kumbali yamolu yakwa shitata untu ekele, kuli insalu yakashika.","Aba bashitata babili bankanda yafita, baba kufyalo fyabanensu basompa imyona.","kunuma yakwa shitata untu ekele kuli ama botolo aya kashika, elyo shitata uyu nafwala nensapato shakashika.","Elyo shitata wimanine nafwala akasote makumbi-makumbi kalembelwepo pepsi, nomushilwa wabuta."
1430,Kanye-kanye wapa mulabasa naikala pacipuna mu muputule wa filimba.,"uyu ni shitata wankanda yabuta, elyo alikwata imishishi ishipi nafwala ne shati lya buta.","Aloleshe mwikalashi lubali lumbi, kulemoneka kuli abantu babili; umwaume nomwanakashi.",umwaume umo nafwala akasote neshati lya fita.,"Elyo icinshingwa cakwa namayo cilemoneka nga uuwamushishi wafita uutali, nakwata na akacola ka pakubeya."
1431,"Shitata wa mwemfu wabuta ali kululamba lwa cimana, uyu apalile nga umu Yuda (Jewish).",kumpela yamumana kuli ifikulwa ifingi ifyabuta.,Nabika akabotolo ka menshi pa cibumbili cakulwa ku mumana.,"nafwala netoloshi lya fita, elyo nafwala nakasote kafita kumutwe.","Imiloleseshe kwati alekumbwa umutende wa lyenshi, nga ulwimbo WHEN PEACE LIKE A RIVER ATTENDETH MY WAY."
1432,Namayo wabuta inkanda alelolela ku citesheni cipalile nga iceshitima.,"namayo untu alelolela nafwala ishati lya buta, elyo alikwata imishishi ishitali.",Kuli nabambi abaleenda ilyo bamo-bamo bekeleko ngabalelolela.,namayo umo mwibumba naikata ukuboko kumo pamusana ilyo alelolesha ukuli isitima.,"Namayo uli mupepi mu cikope nasenda aka cola kakashika kunuma, panshi napo pali akacola  kashishibikwe ilangi."
1433,"Bakashana wamasha ya opera babili, umwaume nomwanakashi, nabekatana amaboko mumulu.",umulumendo nafwala ifyafita elyo umukashana nafwala umwingila wakashika.,Baloleshe kwibumba lya bakatamba wa ciila cabo.,umukasha umo naikala elyo nafwala umwingila wafita.,"Imifwalile yabo kwati bowa mu mpanga, bashitata nabo utwakufwala twauminina ku mubili."
1434,"Akalumendo ka inkanda yabuta nakekata umwando, napo kalekakula nangula ukukaka teti wishibe.","cine teti wishibe, elyo nakafwala ishati lya katapa-katapa notubokoshimo.",Umwando wena welangi lyamafi-yambusa (brown) ngo mushishi wakako.,elyo kumulu kuli amabula yacimuti icikalamba.,Nangu takulemoneka icimwela imisambo ya fimuti yalecitanda paka-paka tucinde bwaca nga amabula ya nkonde.
1435,Ifimbaya-mbaya fyamalangi yalekana-lekana filepepekana mu musebo.,"icili pantanshi ce langi lya katapa katapa, elo cimbi cilemoneka kwati calipentwa mulilo-mulilo.", Ciila cakucimfyanya kwa fimbaya-mbaya (car racing).,ifimbaya mbaya nafi palamana cilepala kwati Fili paku koneka.,"Muli ubu bwangalo eco mubela amasanso sana, elenganya umupamba wingacitika nga ifi fimbaya-mbaya fyali punkene."
1436,"Bakateya wamupila wa baseball baleiteyanishisha ubwangalo bwabo, bali mucibansa nabakulumba.",aba ba kateya bankanda yabuta elyo naba fwala ifya makumbi makumbi.,"Icibansa ca bwangalo bwabo cilemoneka icayemba, bakakopa wafikope nabo nu mukuipekanishisha.",eya kwena caliyemba elyo mulemoneka kwati tamuli abantu abengi.,"Aba ba kateya wamupila wa kuminwe nabakwata imilando yabo, ilya ba uminako akamupila."
1437,Bashikulu bantu babili abankanda yabuta baleetema imiti mumpanga.,"iyi impanga yikwete ifimuti ifyauma, elyo muli amabula ayauma pamushili.",Nabeminina pa miti intu batemene na mashini wabo mu mpanga.,shitata umo alelosha napafimuti fintu batemene elyo naikata amaboko mucampepo afwele.,Umbi nao aloleshe kuntanshi ngapo mukufwaya umuti umbi uwa kutema?
1438,Nakulubantu wankanda yabuta ali ku museum mupepi na ifikope.,uyu namayo nafwala ishati lyabuta na siketi ya makumbi makumbi.,Uyu namayo alekopa icikope cimo icikwetepo kolwe.,pacikope cimo palemoneka kwati Pali pushi wamumpanga.,"Uyu pushi mukalamba bamwita imbwili, elyo icikope cimbi pali insofu mu menshi, icakulekelesha cena kwati ni nsamba (monitor lizard)."
1439,Shitata wabuta inkanda alepelula inyunshi yakwe ku cibansa ca ndeke.,nafwala akasote ne fyakufwala ifilemoneka kwati untu ensha indeke.,"Abikile icola cakwe panshi, akatalamukila kuli shitata umwefi naiminina.",ukulolekesha kuntanshi yakwe kuli shitata naumbi uufwele ifyapalana nefyakwa shikulu bantu uukwete inyunshi.,"Elyo cipalile kwati takuli abantu abengi, filya ifibansa fya ndeke ifingi filesula bashimakwebo na banamakwebo."
1440,"Utwana twa Cingeleshi tune tuleisula ifyamabupe fyabo, akakashana kantanshi nakemya mumulu na insansa.","icho kemishe cibokoshi ca katapa katapa, elyo nakafwala ishati lya kashika.",Utubiye twena tuletamba ifyo aka kakashana kemishe icibokoshi mumulu.,kamo nakafwala nakasote elyo Kambi kalifye nemishishi ishitali ishatelela.,"Kamofye ekafwele insokoshi ya kumutwe (head sock), lelo tutatu tulifye na imishishi."
1441,"Bakateya wamupila wakuminwe, basketball, balechimfyanya pa cipanda cakwingishishapo.","aba katateya bonse balikwata imishishi ishipi, umo nafwala ifyabuta elyo umbi nafwala ifyakashika.",Icibansa cabo nacisula nabakulumba ubwangalo bwabo.,"elyo abengi bafwele ifyafita, bonse banamayo nabashitata","Mukati ka cibansa baleteyela umupila kuli icipuna cili pakati, ica ilangi lya katapa-katapa na mashiwi MASON."
1442,Banamayo abankanda yabuta babili  baleenda mwitauni lyabo.,kuntanshi yabo kuli ifikulwa fyakwata imitenge shakashika.,Basendele na utufyola twapa mabeya (handbags).,kuntanshi yabo mumbali yamusebo kuli ifimbaya mbaya ifya kashika.,"Elyo kukuso kwabo kuli icikulwa icilembelwe PRE GRILL pa mulu, na cimbi kuntanshi yabo pali PIZZER."
1443,Imbwa ya masako yabuta na yamafi-yambusa iletolokela mumulu ukuti ingaanka ka tenishi ka katapa-katapa.,kumbali yambwa kuli aka musebo akanono umulepita shitata wabuta inkanda uufwele ishati lyabuta,"Muli iyi ncende mupalile ngomwa kwangalila abantu, maka-maka abana banono.","icine, elyo mumbali yakamusebo muli utumipando twaku tusishapo.","Na panshi ya lunkoto pali utuntu twabuta, kwatifye tu mabwe mukumoneka."
1444,"Keensha wa ncinga awa icisamba mu maloba yamusebo, ilyo abantu baletamba no mwenso.","uyu kacimfyanya muntu wankanda yabuta, elyo kumbali kuli abalumendo bane, babili nabafwala ama shati yafita elyo babili nabafwala ama shati yakashika.",Mumbali ya musebo wakwe muli intambo yakucingilila imyendele ya macinga yaba kacimfyanya.,kunuma yaba letamba kuli ulupili ulwamabwe nefyani pamulu.,"Incinga intu ya buta elyo mumipeto yafita mwalipita umushilwa wa mutuntula, kuntanshi kuli na akapampa ka nambala 661."
1445,"Shitata wa inkanda yabuta aletolokela kumbali ya musebo, nakwata inyunshi na ulukombo muminwe.",kumbali yakwe kuli icimuti na motoka yabuta,Mupepi na icimbaya-mbaya cabuta kuli icipuna ca nshimbi na ilangi lyafita.,elyo nafwala nakasote kashika kabili alemoneka kwati nakobeka akacola aka kashika pamabeya.,"Ishati lyakwe lya mutuntula, itoloshi makumbi-makumbi, lelo insapato shikwete amalangi yashilemonekesha."
1446,"Bashitata bankanda yabuta babili baleya mu mpanga, bali na utwana tubili.",elyo aba bashitata nabafwala ama toloshi ya makumbi makumbi.,"Nabafwala na ifisote, elyo utwana twabo tuli na imishishi uutali.",shitata umo nafwala akasote akakashika  elyo naimya icintu capala umususukupala wakatapa katapa.,"Inshila yabo iswilemo amabwe, imiti, kabili impili uko baleya."
1447,Umulumendo wankanda yabuta naikata amakalashi yakwe ayakowelamo.,"uyu mulumendo alikwata imishishi ishipi, elyo alelolesha ama galashi yakwe.","Alifye luno na bamba wa makumbi-makumbi, alemoneka nga uuli mupepi na menshi.",icine alemoneka kwati Ali mupepi namenshi.,"Takwata na icifuba, ba bombwe nangula imishipa, ena alifye nga filya basekele Davida pakulwa na Golyati ati ulemoneka nga namayo!"
1448,"Abakashana ba Cingeleshi basano nabekala mu menshi-makasa, uuli pakati nalolesha kunuma nga uulewela kakopa wacikope.","aba bakashana nabafwala ifyakufwala fyama langi yalekana lekana,elyo kuntanshi yabo kuli impili ishingi.","Kuntanshi yabo kuli na icipampa ca mutuntula, cipalile nga icisontelelo ca myendele yabo.",namayo untu Ali kumpela nafwala akatambala ka katapa katapa elyo nekoti lyamafufu ilyafita.,"Bonse aba banamayo nabekala patulupe twakushelelekapo, tuli na amalangi ayapusana-pusana."
1449,Abasambi nabekala mufyakufwala fyakupwishishamo amasambililo yabo.,"ifi ifyakufwala fintu fyafita, elyo abasambi aba bantu bakashika.","Nabafwala na ifisote fyafita pamitwe, kuntanshi yabo kuli intungulushi sha isukulu.",kuntanshi yabana besukulu kuli insalu shama langi ayalekana lekana ,"Nganamulolekesha mwalamona ukuti aya amalangi ya mutundu onse, kabili maa lunga yafyalo fyalekana-lekana."
1450,"Kateya wamupila wa tenishi ali mucibansa, aloleshe panshi ilyo aletanusha ka tenishi.",uyu namayo wankanda yabuta nafwala insapato shabuta nomwingila wakashika.,"Alikwata umushishi wamafi-yambusa uwipi, naukakila na kunuma.","elyo nafwala insapato shabuta, shintu bafwala pakuteya umupila.","Indeleshi yakwe nailembwa ati Aggies, elyo pamulu pali adidas."