IMAGE #,SPEAKER 1,SPEAKER 2,SPEAKER 1,SPEAKER 2,SPEAKER 1
1701,"Umusungu umwaume ne cisote cafita alekakililila kabalwe mu mishipi uwakashika. Pa mbali yakwe, pali umusungu umwanakashi ne ilaya iyakashika na majombo ayafita nakontama aletolapo fimo.",Nga nikwi alefwaya ukuya nakabalwe wakwe uyu umusungu? pantu alemoneka nalimo aleiteyanya ukutendeka ubulendo,"cipallile kwati nakalimo aleteyanya ifya kwisa mubomfya inshita imbi. umu mwilinga ali kabalwe, emo basungila ba kabalwe babo","Ninshi umu mucibaya, emo basungila bakabalwe ebo babomfya ukwendelako nangula kumangalo yalubilo lwaba kabalwe aini?","Uku ku mpanga baikala kutali na akalale, bakabalwe bababomfya ukuninapo nokusendelapo ifyalekanalekana"
1702,"umwanakashi umusungu, Ali no mwanakashi wafita inkanda, nabekala pambali ya nshila. bonse babili na bafwala utusote elyo baletamba ubulimi bwa mupunga.","Aba banakashi babili, bekele pa cilibwe ilyo baletamba ubulimi bwamupunga. Umusungu Ekalile ku kuso elyo umufishi ena ekele ku kulyo.",baleisha nakalyashi elo no mwela ulepupa. inshila nayo tamuli no muntu alepitamo nelyo umo. E ico uku kuntu bali kutalele tondolo nga amenshi makasa.,"Pacilibwe palya bekele abanakashi, ku kuso kwa musungu kuli icola epo abikile nokuboko kwakwe ukwa ku kuso. ",Eya  elyo kabili umufishi naponya akasalu kunuma nelyo takamwene pantu nakafutatila. Amano yonse aposelefye ku kwiisha no munankwe umusungu.
1703,Namayo umusungu nafwala itoloshi ali mwi tuka alefwaya ukushita amakwebo. Elyo kabili umusungu umbi uwepala ali na wiba wakwe baleyenda mwi tuka limoline.,Mumulu yamwituka namwaka namalaiti ayaleleta ulubuto mukati yetuka,"Mumulu mwine muli ne icipampa apali umwina egupiti epo balembele amashiwi ayalepilibula ukweba ati, ici cipande cintu bashitishishamo imbeu mwituka ili",Mwituka muli nabana abanono babili abasungu elyo na namayo umusungu uupapile akachola. Cipalile kwati uyu namayo enyina wabana aba,Emukwai bonse muli ili ituka bali abaipakisha icine cine
1704,Uwanchito umusungu aleyenda mwibala. Mwibala line mucli ichani icha lambulukila kabili ne ichani cha katapa katapa.,"Umusungu uyu wine nafwala na ifyakufwala ifyakubombelamo; itoloshi lya makumbi makumbi, elyo kumulu afwele ica maboko ayatali ica mutuntula.  ","bushe kwena ifi ifyakufwala afwele, fyabu  shibulimi? Nangula fya ba solwe solwe abalungisha ifi solobelo fya milimo ya mwibala?",Cilemoneka kwati fyakufwala ba solwe solwe ifyakuicingilako kumilimo yamwibala,Nombafye fintu aleyenda alekumpauka kwati nakalimo pali fintu alebutukila. ndemona emulandu wine ibala lilemoneka ilikankala kabili lintu batangata busaka busaka. ababomfi bafwile baliposako amano ngashi
1705,"akamwaiche ka mwenye akanakashi kalekumbaula fimo mu mpoto nensansa. Nakafimbana insalu iyafita elyo ali mu muputule bepikilamo. Pali imbale, imbakuli na mapoto pa mbali yakwe.","Eya, mwalanda bwino saana. Cilemoneka kwati aka akamwaiche nakanina pakapuna ilyo kalekumbaula umuto mumpoto.",abana nga balesambilila imilimo ya panganda umusango uyo ici  calo ukabelamo ukawama nganshi ,Cacine. Pantu umwana uwaishiba inchito shapanganda. Teti ashupe ukusungwa ukuli konse engaya.,"aka kena nakamba bwino sana. kalekula bwino. eco ifyakulya fya ba mwenye isonde lyonse fyawamina, balamba ukusambilila ukwipika ilyo bacili fye utucece"
1706,Bakemba babili abasungu bali pa cambaso balelisha ifilimba. umo afwele ilaya ilyabuta notumishilwa twakashika mumaboko yaliko. alelisha  banjo nokwimba. umbi nao afwele ilaya ilyafita alelisha ingoma.,"Bushe cinshi cilengele ukuti aba abalumendo babili abasungu bakemba baleimbila, kuli iyi incende?",Cipalile kwati nakalimo kuli icila CA bantu abengi. kunuma ya bakemba kuli icipampa epo balembele fimo. bushe namucimona mwa?,Eya  naine nincimona ici icimpampa. Cilemoneka kwati ukwimba kwabo kwaku pangilako tundalama twakwa fwilishako abantu balya abakabila nangula abantu abapina.,nakuba efyo. baleimbila ukukolonanika kandalama ka bwafwilisho. apa pantu baleimbila napo akasuba nakabalikisha eco bafwalile na makalashi kumenso
1707,Umusungu umwaume umukote uufwele ishati ilya maboko ayepi na kaputula aleangala na imbwa yakwe ku nchende ukuli ichani icho bakwempa icha katapa katapa umuli na ifimuti.,"uyu shitata umusungu bushe kwangala fye aleangala nangu alefunda imbwa umwa kumfwila amakambisho yakwe? abasungu balitemwa ukufundisha imbwa. bafwaya nga ati ""toloka!"" imbwa nayo yatoloka. nga ati ""ikala"" imbwa nayo yaikala","Icho cipusho icisuma saana. Uyu musungu alefwaya imbwa itoloke ikate ikamuti emishe mumulu. Aleisambilisha ukula umfwa amakambisho yakwe, pakweba ati ubushiku bumbi ilyo akapunda ati, ""toloka."" Ilya imbwa ikatoloka ukwabula naukuilangisha akamuti",uku kwine kuncende bali kulemoneka kwati ni mwilungu elo lubali mu mpangafye. pantu mumbi tamuli imiti koma patali patali kuli imiti,Uku kuntu kwati niku nchende eko abasungu bangalila na ukutushisha. Pamo pene na ukuchingilila ifyani na ifimuti kukupwa.
1708,utwana twa mpanga tutatu tuli kumulemfwe ukushili icani icitali icakweba ati tulelyako. Kamo kacipapa icafita elo tubili twafipapa ifyabuta.,Ninshi tuli mupepi nakachema? Pantu ndemona icifulukutu akatalamukila kunuma yatuko,"ee, kacema afwile ukuba mupepifye nangula ilinga talilemoneka akafulukutu kalelanga ukubapo kwa bantu","tulemoneka apa tuli twa tampa ukubutaka, cili nalimo twatampa ukwangala uku kuncende tubelele, limbi twala amba noku cena..mwamonapo shani?",cacine tulemoneka utwabelesha ukusangwa kuli ici cifulo 
1709,Akamwaiche aka musungu kaleyangasha amabwe nakekala panshi. kafwele ilaya ilya kashikilila,"Uku kuntu kekele akamwaiche nimupepi nakumumana kulya abasungu baya mukutusha, uku ontela akasuba na ukwangala. ",palemoneka apa sansama kwati ni palupili kali elyo icishiba musoselepo cili kunuma yakako apatali. mumulu muli namakumbi ayanono,Eya. Amakumbi yalemoneka ayanono pantu nimbona kwati nakabala. ,fintu aleyangasha utumabwe uyu umwaice kwati nakalimo aleteya iciyenga.
1710,namayo umusungu naikala pampongolo yakwingililapo. ekele uwa kutumana nalela nakafulutu pa matanta yakwe. nafwala akasote kumutwe alyo ne nkwabilo shakashika ku molu.,"Palya ekele nakutumana, cipalile kwati Afumine ukutali nomba abakwisa musenda nabakokola. Nangula kutali kuntu aleya nomba icimbayambaya cakumusenda cakokola ukwisa. ",limbi asakamene fintu alaingila munganda. pantu apa ekele cipalile kwati epa nganda pantu ekala lelo asangile icibi nacikomwa,"Nimwe mwasosa icishinka. Pantu cipalile kwati afumine ukutali elyo nakafulukutu kakwe kantu kafina. Elyo cilya afika asanga ukweba ati ing'anda naikomwa tapali na abantu, ekwikalafye pa mwinshi wang'anda nakutumana. ",kalanda ku usendele imfungulo. pantu kalamutalala ilyo alabwela
1711,umwaume umusungu alelansha umwanakashi umusungu utu mashiwi utusuma utwa citemwiko. umwanakashi nankwe pakutumfwa alemwetula no kumwentula.,Umwaume umusungu afwele ijaketi ilya fita. Elyo umukashana afwele ilaya ilyabuta. Kwena bali muchitemwiko kumonafye nokumwentula bonse babili. ,kwena nabatemwana. umukashana alebika na kaliluba pe jaketi lya mulume notuseko pamenso,Ici cikulwa balimo cilemoneka nalimo li tempele lya bakatolika.,Cacine fintu bafwele cipalile bushiku bwa bwinga bwabo pantu nabapepekana nganshi
1712,shitata umusungu uwepala nakontama alebulapo fimo mumpoto shibili. pancende ali pali ne nkunda nashikala.,Cilepala kwati uyu shibantu paliba efyo apanga efyo ashitisha pali iyi ncende. ,"elo kabili nga ashitisha, kulaponapo ubufungau ebo inkunda shitolaisha. eco pasangilwa nenkunda",Cine mwasosa. Elyo na kayanda kene kalemoneka kwati emwikala utu twine utunkunda.,pa ncende pene pali Isalu bakobeke isha amalangi yalekanalekana kukucingilila kukasuba
1713,"bakemba babili bamwenye bali pa mutenge mupepi ne cishiba. balelisha banjo, ingoma na masese",Aba bakemba babili ba mwenye nibashitata abafwele ifyakufwala ifya buta napantu bekele balelisisha nipa nsalu yabuta. ,nalimo ukwimba kwabo kwa kupepa. icimbo ca mapepo ntile,"Emukwai. Ukwimba kwabo kulemoneka nakalimo tekwimbafye iyo, kwati nintambi. Emo basangila umutende nobutusho ngabaleimba kumipashi yabo.",kwena pantu bali nipa muulu wa cikulwa nalimo baleishibisha abanabo ukuti ni nshita yakulongana kukupepa
1714,"ababomfi ba mwituka lya fyakulya bane baleteyanya ifilyo balashitisha. bantatu baume abalumendo, elo umo mwanakashi namayo. abalumendo bonse nabafwala ifitambala ku mitwe yabo.","Ifi fitambala bafwele aba abalumendo aba batatu mwituka, fyakucingilila ifiko fyakumutwe ukuponena mufyakulya.",emukwai e. pakwipika cilafwaikwa ukucingilila umushishi  ukutila wiwila mufya kulya ,elo bonse aba bantu balemoneka ni ba mwisa abekalila nangula ntile abaku fyalo fyaku kapinda ka kukulyo,cacine aba bamayo abashifwele akasote ku mutwe bena balefwaya ukufwa Umuchele mufipikwe nalimo ebakalamba Bangalila ici cifulo 
1715,Umusungu umukashana natemwa aleseka no kuseka. Naikata ulukombo ulwabuta napapa na kachola. umushishi wakwe utali,Nafwala nama galashi yabuta ayapalile nkomaki asendele ku kuboko kwakukulyo.,ku numa kuntu ali kuli ne chimuti techikalamba sana  cilifye icalinga,nafwala nensalu iyakashika kumulu iyilemoneka iyapepuka. insalu iyi afwele ilelanga ukuti uku ali umukashana uyu nakukaba elo nakasuba kene nakatula,cine kwena nakukaba pantu  ikomaki akwete ilelangilila ukuti achilanwapo fimo ku mulandu wakukaba
1716,"ba mwisa abengi nabeminina panse ya matuka. bambi nabakumbatana, bambi bemininefye elyo bambi balekopa ifikope pali ba musange wabo","Aba bamwisa beminine panse yetuka, balemoneka kwati baku fyalo fyabela ku kapinda ka kukulyo, kulya beta ati ku Asia mu ci ngeleshi.",cacine elyo uyu namayo uufwele icabuta alemoneka uwa bulanda bushe finshi aletotonkanya ?,"alemoneka nalimo kuli ifili pantanshi yakwe efyo abikileko saana amano, eico apalile ukumoneka uwabulanda, nde enekelafye kulifye efyo alelolekesha pantanshi yakwe nangula efyo alekutika",cine nalimo kuli ifyo amwene ifilelenga amoneke  uwabulanda nangula kuli amafya alepitamo ayakalamba pantu tali ne nsansa iyo
1717,kapala wa mbao alepalika umupando. nakontama alepimapima pakweba ati kafume busaka busaka. nakwata sando nefisolobelo nafimbi,Alebombela umulimo wakwe mwituka lyakwe. Alepangila umupando pacili tebulo. Nafwala na inkoloko kukuboko kwa ku kukuso. ,fintu alemoneka alishibisha umulimo wakwe pantu alebombafye eka ukwabula nakafwa,"elo shitata uyu musungu nafwala nensalu iya fitulukila kumulu, elo umu muncende alebombela bushe cine ni mwituka nangula nimumuputule umo uwa pa ng'anda fye",ni mwituka lyakwe pantu ukubansa emulimo wakwe elyo kunuma kuli nashimbi imbao ishishilabaswa 
1718,"aka kashana akamusungu akacenjela mu fyakushana nokushelela, kaleshelela mucikulwa umo panshi pa menshi makasa apa telela nganshi. nakemya no kuboko mu kushunguluka",kalebomfya utu sapato twa kashimbi munshi ilyo kaleshunguluka no kushana,nakashanisha nganshi nalimo kali mukuchifyana ukwakupanga amatoni,"cine ukushana kaleshana akakashana akamusungu aka kuntu kulya ukwaku cimfyana, nde cetekela kuli nabala pingula uwala shanisha ukucila abanankwe abaletamba fyonse",eee nanguline takulemoneka nga kuli abalepingula nalimo uyu mukashana alepekanya ifyo akaya mukuchifyana na bakashana banakwe
1719,umulumendo umusungu ne laya ilya buta aleimba mu cikulwa ca bwala ica bushiku. kunuma yakwe kuli abalisha ifilimba babili,"kunuma yakwe kukulyo kuli naumbi umulumendo uuleimba nokulisha akalimba. Afwele ica mpepo icakwata akasote ica fita, palembelwe namalembo ayabuta pantanshi.",ili ibumba balebombela pamo pakuti bengapanga iciunda cisuma icha kusekesha bakakutika ,"kwena abalumendo abasungu abalelisha ifilimba nokwimba tebumba ilikalamba iyoo, balifye cine elo balemoneka bali mucikulwa ica fita",cacine ilingi line bakemba tabafula iyo babafye abalinga pakuti imibombele yabo ingaba bwino
1720,Shitata umusungu naikala mupepi ne ca icabaswa mu mulola wamuntu uwikele. shibantu nakutumana alelolesha na patali kwati Ali mumatontonkanyo,"Apa pantu bali Cipalile kwati nipalya abantu batusisha nga nabanaka mukalale, elo ifipuna ifyakubumba ifilipo fipalamine kumusebo. Pali nabambi bashitata abaloleshe kumusebo. ",babili nabekala pafipuna elyo umbi naiminina kuli naumbi  umuntu uwikalile mupepi na bashitata abakutumene lwakukatalamukila nakumusebo.,"bushe ici ba baasa mu mulola wamuntu, tabaci bashilefye muku cindamika umuntu uwa temenwe ukwikalila palya pene baci bashila panuma yamfwa yakwe umuntu wine?",cine kuti caba ifyo fine nalimo bashitata nangula shitata alitemenwe ukwikala pali ici cifulo elo nomba babumbilapo icabumbwa nga shitata ngecakwibukishapo
1721,shibantu naikala alebenga amapepala elo kunuma yakwe kuli naumbi shibantu umusungu alebelenga fimo pa cilengwelengwe ca ncito. elyo na namayo umusungu nao alebelenga fimo pa cilengwelengwe ca ncito.,"Umu mumuputule wancito bekele, mumulu muli namalaiti ayatali yatatu. Elyo mulemoneka umwabuta saana kumulandu wakwaka kwamalaiti. ",balemoneka inchito  naikosa pantu bonse bali Chila muntu  ali  pa tushitushi cakwe ,"elo kucibumba icikwete iciibi ku kulyo bali kambatikako ifipepala ifya ma langi ayapusana pusana, elyo napa ciibi cine bali kambatikapo ifipepala",ee ifyo bakambatika fyakuyefya icifulo balebombelamo elyo kabili muli uyu wine muputule muli amatebulo ayakalamba apo balebombela nefipuna fyalinga nga cakuti balipokelele abeni.
1722,umusungu umulumendo umwaice ali kululamba lwabemba aleyangasha umucanga,"pantu aleangalila abafyashi bakwe tabalemonekela mupepi, limbi ebalekopa ifikope.",kunuma yamuchanga kuli shitata ulefwaya ukwingila muli bemba nafwala nakaputula wakashika.,"uyu umwana umulumendo alemoneka alefwaya ukushika amolu yakwe nomucanga ale angasha, pantu nashika kale amakasa yakwe nomucanga wine",kwena namona ukwangalila mumuchanga mulimo uyo abaice batemwa sana ukucita elyo fintu cipalile nabafyashi nabasuminishako kuli ifi aleangalila mumuchanga
1723,cinkupiti wa bantu baleyenda chachacha mumusebo. Bambi balekopa ifikope pali tu musange twabo,Cilemoneka kwati kuli ifintu ifikalamba ifilecitika uku kuntu. Ecilengele nacinkupiti wabantu ukusangwako.,cacine nalimo kuliko ukulongana ukukumine ubumi bwa aba bantu basangilweko,"oo elo namona, uku kuntu bali kuli ukucimfyana kwakenda nangula ukubutuka panono panono pancende iyalepa nganshi, uwafika bwangu kumpela ewaku senda icikombe paku cimfya abanankwe","iyo mukwai ukucifyana kwakwenda abantu tabafula nganshi, ngaba bafula balabika muma bumba yanono yanono pakuti uku kwena kwi ngenda bwino ukulingana nama funde"
1724,"banamayo babili balepita pantanshi yamatuuka, umo uufwele ifya buuta alecofa incinga. elo umbi uufwele ica kashika neca makumbi makumbi nakwela pali mpumpumpu ",Uku kucalo nikulya ukwabela ku fyalo fyakapinda ka kukulyo. Namwena kufyo bafwele na kumikulile yafikulwa fyabo ifipalamine na umusebo.,cine ifikulwa filemoneka lwa mupepi no musebo matuuka umo baleshitisha ifyakulya fyalekanalekana ,"kunuma yabo ba namayo aba babili kulemoneka ifimbayambaya fibili ifya buuta, bushe nga abantu bambi abale enda kumbali yakwa namayo uyu uuli pancinga, bushe lupwa?",nalimo kuti baba lupwa pantu pali bashitata bana mayo elyo no mwana umukashana baleendela pamo ninshi banamayo nabasenda fimo ku minwe
1725,kanyekanye wa bakabalwe aleyangala ubwangalo bwa kwikatilila panuma ya kwa kabalwe inshita iitali. abantu mumbali baletamba no kumulumba,"Aya mangalo yalechitwa mucibansa, kuli naba nabashitata abafwele ifya fita umupitile nefishilwa ifya buuta abakumwafwako ifintu nga fyalubana, bali mupepi na umwishi wakwingilila kucibansa. ",cine mu cibansa mwine muli amaloba pantu bakabalwe balebutuka bwino,elo uyu shitata umusungu uukwelele kabalwe nalwisha namaka yakwe yonse ukwikatilila palya kabalwe alelwisha ukumuponya,cine pantu nga apona pali kabalwe ni Alusa muli uku kuchifyanya  emulandu wine aleesesha na maka yakwe yonse ukuti engatwalilila ukuba pali kabalwe nanguchikati kabalwe nakwe alefwaya ukumufumyapo
1726,abasungu batatu beletungilila abantu ukusala bashimuchindikwa abalembelwe pa chipapa ukuti babe chilolo babo.,"Uyu musungu uuli kunuma afwele ikoti lyakashika na akasote kafita, elo nao wine naimya ichipampa ca bantu aletungilila", banamayo nabekatilila ncinga bali ne nsansa sana pa ukubomba uyu mulimo ,"elo shitata uyu uuli pambali ya kwa namayo naimya icipampa ica makumbi makumbi, nao alemoneka nasekelela saana",ca cine ibumba lyonse fye balemoneka balitemwa noku cetekela sana bashi mafumu bantu baletungilila ukulingana nefi pampa bakwete.
1727,namaliketi umusungu aleshitisha ifisabo pa cisankano. ,"Natantika na ifilyo pantanshi ifili nga amacungwa, ifisepo na fimbi na fimbi.",elo pantu atantike palemoneka ni mumbali yamatuuka ayakalamba ,"alemoneka nalimo alesuka ifisabo fimbi palya akontamine, bushe musungu cine uyu nangula ni mwisa wakufyalo fyaku kapinda ka kukulyo?",kwena mukumoneka ni mwisa wa ku fyabo fyaku kulyo elyo nakobeka ne fyola fyakashika fibili pa muulu wa chibumba  ico ekelemo mu mbali
1728,umusungu umwaume ali mwisamba lya fimuti aletoloka. pantanshi yakwe pali imbwa iyafita nailala panshi,"Umu mwisamba ya fimuti ali, bali byalamo ifyani ifyo bakwempa bwino saana ifya katapa katapa. ",cacine elyo ena nafwala itoloshi lyafitulukila elyo ku muulu kuli ilaya lya buta ne campempo cafita,bushe finshi alelwisha pakutoloka uku kuncende aletolokela shitata uyu?,nalimo aletolokaa kuli ifyo atemenwe nelyo aufwafye ngo kutoloka nangula kuli ifyo atinine ifyalenga atoloke
1729,umwaice mwaume mwenye aalepikula impansa pa cisolobelo cakupikwilapo. tafwele ilaya ku mulu. kunuma yakwe kuli umwaice umwanakashi mwenye naimya na kakatabo.,Apa pancende balepikwila impasa pantu pacingama na ifimuti fyankonde. Ici icakupikwilako bacibikila mucintelelwe mumbali yafimuti. ,cacine elyo kuli na bambi abaice balesambilila ukupikula impasa pali ici cifulo,"elo ici icisolobelo cakupikwilako impasa cilemoneka cakale, muku mwena ku mbao babomfeshe ukuci pangilako",cine ifisolobelo fyaba nensu filakokola elyo nga ca cakokola elyo chibomba bwino umulimo wa kupikula
1730,umukashana umusungu nanina pelibwe kumbali ya cishimba alekopwa ifikope. umwaume umusungu naiminina akatalamukila alemukopa,"Uyu umukashana afwele ilaya lya makumbi makumbi ne itoloshi lya fita. Kumbali yacishimba kuli amabwe yasano, elo uyu umukashana eminine pelibwe lyalenga bubili ukutula ku kuso.","cine uyu namayo takwata umwenso kuti aiminina pa libwe kululamba lwa bemba ,inga nga aliponene kuti kwachitika ubusanso bwakutinya",limbi alishiba ukuowa insanfi eco tabelele nomwenso wa kwimina pelibwe palya eminine kumbali yamenshi,"nanguline engeshiba ukowa fintu eminine teti  amone pantu aleponena nga pali bwino nangu iyo ,kanshi kuti caleta ubunsanso icine cine"
1731,"abalumendo babili abasungu nabafwala amalaya ayapangwa na bamoloshi, elo baledonsa icisendo balepita mumusebo. abantu abengi nabekala mbali yamusebo  baletamba aba bene abalumendo babili.",Bushe cinshi bafwalile aya yene amalaya nokudonsa icisendo cine mumusebo? ,nalimo kuli icangalo mukuchifyana ico basendelemo ulubali  pantu kwena teti bacite  ifi ukwabula mulandu uuli onse ,"bushe ici icisendo basendele ninshi cilemonekela nalimo kafungu akanono? elo kuntu bali akasuba nakatula, kumwena fye kumulumendo uuli ku kulyo efyo emishe ukuboko kwake ukucingilila amenso yakwe",cacine kwena nakabala elyo bonse balelolesha ku tanshi yabo nalimo kuli ulebatungulula mufyo bafwile ukucita muli uku kuchifyanya elyo ku numa yabo kuli ne bumba lya bantu nalimo beshile mukutamba ifilechitika
1732,abasungu babili balecimfyana mu bwangalo bwakulutulana panshi. elo kumbali yabo kuli kangalila wa mangalo uwa ku bikilisha amalango ya bwangalo. kangalila afwele umwingila uwafita me toloshi lya fiulukila,Mumbali yacibansa mwikele bacilolo abangalila kuli aya mangalo. Eba landa uwacimfya umunankwe panuma yaku cimfyana kwabale cimfyana mucibansa,umo pabalecifyana nafwala ifyakufwala fya makumbi makumbi elyo umbi afwele ifya buta,"elyo bonse babili nabakaka imishipi isha fita, eshilanga epo bafika mumasambililo aya ayakucimfyana mubwangalo ubu, umushipi uwa fita ulanga ukuti aliyeshibisha amangalo aya",cacine  elyo cipalile kuli ibumba lya bantu abeshile mukutamba  uku kuchifyana.
1733,Namayo umusungu naikala elyo alelanda. alelandila mukankofyonkofyo kasangulula ishiwi ukuti lyumfwikike. ,nafwala ifyafita no bulungu ubwabengeshima nefibeko beko ifyapalana no bulungu .umushishi wakwe ulemoneka uwakashikilako ,cilemoneka uyu namayo alikwatako akafulo mu buteko bwa calo ukulingana nefyo alelanda,"eya, nimwe mwasosa, apala uuli kulya bakumanina bakateka ba fyalo pamo nabakwata utufulo mu calo",mu kulanda kwakwe ali uwa shininkisha elyo alebomfya iminwe kuku langilila fintu  alelandapo imiloleseshe yakwe naposa amano kuli bakomfwa abali mwi buumba
1734,Abasungu babili abaume nabekala mwituka lya fyakulya. umo nafwala akasote kumutwe akabuta elo umbi tafwele akasote. bafwele ifyakufwala ifyapalana kwati nalimo babomba mwituka ili line.,Ee naine efyo ndecimona. Aba bashitata abasungu babili kwati emo babomba muli ili ituka pantu ngamwa lolesha kuntanshi kulemoneka naumbi umusungu uufwele fimo fine ifyakufwala.,cine cilemoneka icifulo cabo icakubombelapo elyo uyu uulele pe tebulo nanaka nganshi nalimo bali mukwinuka,"cine naine nati nsosepo ati shitata uyu uulele pe tebulo ati nanaka kwena, elo futi cine bali mukwinuka pantu nakumoneka ati cungulo ",mwituuka balebombela tamuli na bantu elyo kuli shitata uuli lwamupepi noko balipilila alemoneka alepekanya ukwinuka 
1735,umwaice umusungu umwaume alenina ulupili. kunuma yakwe kuli ifimuti fyafisabo. afwele ilaya ilya bamupila ba kumangalande ilyabuta ne cisote kumutwe.,Icisote afwele icabuta nacimucinga saana pamenso elyo aleenda uwatekanya kukutina ukuicena. ,bushe ali nabani kukunina ulupili pantu uyu mulimo ufwaikwa ali abakalamba nangu abantu bambi pantu kulaba amasanso ayesako ku kunina ulupili,"cine, palya ali nde cetekela alipo nabakalamba mupepi, pantu yalya amabwe kuti yamucena nga tapitilepo bwino, elo futi uku kumpili sha ifi kulasangwa insoka","cine, ifiswango ne soka shikala mu mabwe kanshi ukumona umwana aleenda eka tachingililwe ku busanso bwingesa"
1736,Abasungu basano baleyenda mu musebo. batatu banakashi elo babili baume. kumbali ya musebo  kwalimena ne fimuti ifitali. Elo ku kulyo kuli ne nganda iyabuta,"elo shitata uuli kumpela ku kuso alemoneka kuli eko alesunka, kalemoneka ni kalya babikamo utunya abasungu nga balefwaya uku kasendako cilya batila ati bololeko amolu ",ku cifulo baleendamo chilemoneka ichabusaka elyo fintu  baleendela nabakwana musebo onse ciwemefye takuli ifimbayambaya ifileisa,"cine kuntu babelele kuntu kwayemba, nimbona ukuntu balolele kulemoneka nefimbayambaya ifyo babikile kumbali wamusebo fibili",cine nalimo uyu musebo takupita sana ifimbayambaya
1737,imisepela abasungu bali kumbali yabemba nabafula na amalaya ya kumulu bashelefye no tuputula. umo Pali bene aleowa insafi muli bemba.,Baleontela nakasuba ilyo bali kumbali yamumana. kuli nolupili ululi mupepi nakamana kene.,balelashanya ifyo bachiipakisha ukowa muli bemba elyo nakasuba nakabalika nganshi,"bushe balya batatu abekele pelibwe teba shitatafye? pantu umo pali bena, uubelele ku kulyo alemoneka alisebeka ulupala","kuti baba bashitata, nalimo pe bumba pali abalumendo naba shitata abaleangalila pamo"
1738,Abakashana babili abasungu balecimfyana mubwangalo bwa inkonya ne fibakela. umo afwele ifyakashika,uyu umbi uufwele ica bengeshima nga golide kunshi naimya ukulu alepanta uufwele ifyakashika icibaka,ku mbali ye linga balelwila kuli euleangalila uku ukwangala ena kumulu afwele icabuta muli ne langi lya mututula pakuti abantu bamwishibe bwino ukuti euleangalila ,bushe uyu te umo pali balya abafunda imilwile nangula imicimfyanishe sha mangalo aya? kabili uulangilila afwile aba mukati nelinga pamo nabale cimfyana,kwena limo balaba panse ye linga nga cakuti abalelwishanya baleisa ku kulubali abelele mwi linga
1739,icimbayambaya ca bashilikale naiciminina kunse ye ilinga lya fishimbi. mukati ke linga muli umukashana afwele ilaya ilya kashika alelolesha ku cimbayambaya cine. umukashana umufishi naikata na ulunga lwa calo,"alemoneka alelengela nomwenso uyu umukashana umufishi, nafwala nefyakashika kumulu, elyo nakaka nakasalu aka kashika kukuboko kwa ku kuso",ca cine imilengelele yakwe ilelanga ukuti kuli ifyo acita ifyapulile mwi funde nomba aletina pantu amona icimbayambaya caba shilikale,"elo abashillikale aba balemoneka ni ba mwisa mu calo cakwe uyu umukashana, pantu balemoneka basungu balya abaya mufyalo ifya sanswa nenkondo",kwena kuti caba ngefyo fine musosele abashilika bafuna ku fyabo fimbi balatuma ukuya mukusopa umutende mu fyalo mwaba inkondo
1740,Umukashana umusungu alekumpauka aleciluka umusebo. kunuma yakwe kuli umukashana umufishi nao alefwaya ukuciluka umusebo. umusungu afwele ilaya ilyafita elo umufishi ena afwele ilya fitulukila.,elo mukalale umu bali mulemoneka bonse abale endelamo balifye aba celwa mumi kumpaukile shabo. umukashana umufishi alemoneka nalimo alelanda pali lamya ninshi nalolesha kumbali yamusebo alefwaya ukutoloka,cacine bonse fye bali abapafiwa nalimo ninshita ya kacelo iyo abantu balebutukila  kuma ofeshi ukulingana nefyo bafwele ,"elo uyu umukashana umufishi naimya icola ica makumbi makumbi ici kalambako panono, elo cilemoneka nalimo nacifinako","cine elyo bashitata bambi abali ku numa ya/mukashana umufishi, umushishi wabo utali kabili kuli bashitata bambi nabasenda ne  fyola balekupauka "
1741,abakashana babili bamwenye baleshana amasha ya bamwenye  pa cisankano,"balemoneka nalimo encito yabo iyaku shana, ebalanga ba mwisa abesa ku calo cabo amasha bashana mu calo cabo",cacine pantu apo baleshanina ni nshila apalepita abantu balekana lekana elyo cipalile abantu abali uku kucifulo beshile mukumonapo fimo,elo ukukwine kuncende babelele kwalifula ifikulwa ifya buta ifilemonekela akatalamukila ku kulyo na kunuma kwa bakashana abale shana,cacine abene bafikulwa ifi balitemwa ilangi lya buta 
1742,bashitata nabekala pa citukutuku cabo pa ntashi ye tuka mushinta yabushiku,"shitata uyu alemoneka uwanaka nangula uwabulanda, bushe cinshi cilemonekapo icilemushupa?",nalimo amakwebo nayashupa elyo ninshi alikwata ulupwa lwa kusakamana ,"cacine mwasosa, alemoneka nalimo amakwebo naya shupa elo nanaka saana nomba teti enuke kuncito yakwe iyi",nalimo aelenekela abantu baalefuma mwi tuka lili ku numa yakwe balamubomfyako mumyendele yabo
1743,bashitata babili nanamayo umo baleocha umunani mwisamba lyacimuti ninshi akasuba nakabala,"balemoneka kuli efyo balesefya uku kuncendele babelele, nalimo nabakumana nendupwa shabo",cine ukukumana pamo ne ndupwa ne fibusa enshila imo iyo  abantu basasamukila pamo,"akatalamukila napo babelele kulepita nefimbayambaya kumusebo, elo uko babelele uku kwabusaka saana, balitenya necimugomo umwaku posela ifisoso ica katapa katapa",namona balemoneka bantu abachindika amafunde  pantu bali pali apabusaka sana
1744,namayo umo aleesha ukwikata ku kantu  babika ku kuyefya umuputule muntu  bali,"kuli na shitata uwikele alemulolesha umu mumuputule babelele, elo namayo uyu alemoneka afwele ilaya ilya buta",nalimo shitata uulemulolesha mwina mwakwe bali mumuputule balelashanya ifikumine ubumi bwabo,elo ama laiti bakobeka umu babelele abasungu aba yaba aya cingililwa kabili noku shingulukwa nefi pepala ifya kashika,namona emulandu wine mumuputule mulemoneekela umwakashikilila
1745,bana mayo bali muchibansa  baleteya umupila wakuminwe kabili ifyo bafwele nafipusana amalangi ,ubu ubwangalo te bulya ukwakuma akamupila akanono nembao iya ku bashilila iyo bateyelako?,cacine ubu bwangalo bwaka mupila akanono nomba tabalebomfya aka mbao lelo baleposelana akamupila ukubomfya fye iminwe isho bacingilile nefya fita ifyo bafwele ,"uukwata imbao abafye umo mubwangalo ubu, elyo ilingi nga bamuposela akamupila elo akwanisha uku koma nembao yakwe, alabala aitula elo atatula ulubilo ukushunguluka ulubansa baleteyelapo nga filya baleshinguluka ba namayo babili abafwele ifya makumbi makumbi",cine ico mwasosa  naka shimbi kakuminako akamupila kanono  elyo akamupila kaleya mukwingila mulya bapangila amatoni 
1746,banamayo bane abasungu bali mumuputule umuli ifikope fyalekanalekana ifyo babika ku cipupa,"bushe umu te mwituka ilyaku lipilila aba kopa utukope utusuma nganshi, nangula balya abo beta ukwisa kopa utukope ku ma bwinga nefyapalako","cacine kuti mwaba pantu ifikope filimo nafifula nga kutila ati fyakuyefya mumuputule, elyo bamo banamayo balemoneka beshile muku senda ificope fyabo ifyo bakopelwe","cine namayo uyu alemoneka eshile mukulipilila ifikope fyakwe, elo mwituka ili balashitishamo ifya kubomfesha ko kutukope",cacine nalimo efyo akonkele pantu uyu namayo ulemushitisha alebula kalya basungilamo ifikope akakwata igalasi pa ntanshi elyo  ne mbao kunuma elyo ifikope nabika pa pakati ke galasi ne mbao elyo babika nga filya
1747,umukashana umo ali mu mbali ya bemba nafwala ne laya lwa buta ,"alemoneka ali pabwato ubukalamba ubwenda ukubomfya amafuta, cilemoneka kuli uko baletolokela, elo kuntanshi yakwe kuli ubulalo"," cacine kwena elyo  namona, kuli amenshi ayalemoneka ukupatukana ukulangilila ukuti ubwato nabupitapo","eya, elo umukashana nakwata akacola akakwete akamutwe aka kadoli akapala ka kalulu", cacine nakwata naka kukopelako ifikope pakuti aleibukishapo ukuti alitandalileko pali ulya bemba
1748,shitata umusungu nabika isembe paku beya kwakwe ninshi alemwetula,"alemoneka aletema icimuti umu mumpanga ali, elo nafwala ilaya ilya katapa katapa netoloshi ilya makumbi makumbi",Alemoneka uwa ipangasha nganshi- ukubomba uyu mulimo wakakata elyo mu mpanga muntu ali muli ifimuti fikalamba sana,"isembe lyakwe nalilamba noku lamba muku tema ifimuti, bushe mulemonapo shani, taletemafye ifimuti pamulandu wakufwaya inkuni isha koca nangula ntile ukwipikila?",kuti caba ngefyo fine pantu abantu abengi mu calo balabomfya ifimuti kukuni sha kwipikila nangula ukukafya icifulo elyo nakumakuule yafintu fya lekana lekana
1749,shitata umo umusungu alelisha ifilimba nanguline alemoneka uwa bulanda,"alemoneka alelisha nomutima wakwe onse palya abelele, nafwala nelaya ilya buta kumulu, nalipeteka namuma boko",namona kanshi tebulanda akwete nico ulwimbo aleimba nalumufika pa mutima,"cacine ulwimbo aleimba nalumu fika kumutima, alemoneka nalimo alifye eka palya aleimbila, bushe ali nabambi?",kwena ku numa kulemoneka ifisolobelo fyakwimbilako  nangu cakuti takulemoneka bantu pantu nakufita
1750,bashi tata babili umo uwa fita inkanda balepanga ifyakulya ifyo bapangila muchitofu,balemoneka babombela mwituka umo bashitisha ifyakulya pantu nabafwala ifyaku fwala ifya palana,cine ico mwasosa fintu balepanga nafikwata umusango balefiyefeshamo pantu muli utuboshi tulya tuba kuma pani bapangilamo,ifyakulya ifi balepanga bushe bafilya shani aini?,bafilyafye nga filya balya umukate elyo nafimbipo ifyo bapangila mucitofu
1751,bashitata abasungu babili balelolesha ifyo shitata umbi alepopa mu chimuti icaputulwa,"cine, elo pali aba babili abali kunuma ya uyu uule popa imisomali uufwele ica kashika kumulu nakasote akaku pikula, kuli umo uufwele ica buta elo umbi uufwele ica makumbi makumbi ","eya, bonse balemona ifyo umunabo alebomba  pantu naposako amano kufyo ena alepopa imisomali mu cimuti",mu kuboko kwakwe ukwa ku kuso naikata akakopo aka bwalwa elo sando alepopelako ekete mukuboko kwa ku kulyo,cacine ni umo uwa bantu uukwanisha ukunwa no kubomba nanguline ukucita ifyo tacatashiwa iyo
1752,na mayo na shitata abasungu nabeminina mupepi ne cimuti ca pangwa ico babomfya ukusefya icaka ku kukopwa icikope ,"elo shitata nafwala ica makumbi makumbi kumulu, namayo ena afwele ilaya ilya fita nacilya bakobeka mumukoshi abasungu ici cingilila ifyakufwala kukulamba palya umuntu aleipika",bonse balemoneka ne nsansa ukuti bakopwe ici cikope ukulinganafye nemiminine  yabo,"cine, elo beminine pantanshi ya mulya bocela inkuni mumayanda ya basungu ku fyalo fyabasungu",elyo pamuulu wa palya bocela ikuni mu ng'anda pali ifikope nomba ichilemwenekesha ni cilya balenga impanga ya fimuti ne fyani 
1753,ibumba lya bantu abasungu nabeminina ukulemoneka ku musebo ninshi balelolesha ku tanshi yabo ,"elo bonse nabafwala ifyaku ifyakuicingilila kumpepo, pantu uku babelele kulemoneka nakutalala elo kulemoneka nalimo bali mu kalale",cine nikukalale bali pantu balemoneka beminine pa kati ya fikulwa ifilemoneka fyaikala imyaka iyingi apo bafikulile ,elo uyu shitata uuli pantanshi mu cakufwala ica makumbi makumbi alemoneka nalimo nakalipa,cine ukulundakofye nanamayo wine alemoneka tali ne nsansa nalimo kuli fimo ifilechitika mu muamba bekala ifyo tabatemenwe emulandu wine babelele mu musebo 
1754,shitata umusungu aleowa insafi mu menshi yalya bapangila ukuti yakowamofye ,"bushe uku ale owela shitata uyu, tekulya bacimfyanisha mumangalo ayaku owa insafi?",nifyo fine nikulya abalecifyanyana basambila pantu amenshi yalemoneka aya makumbi makumbi elyo ni   yalya babikako umuti yantu basunga,"cine amenshi yantu yabuuta mumimonekele, tamule moneka ifiko nangu fimo. elo na shitata alemoneka alishibisha ukowa mumiposele yamaboko yakwe pakowa",cacine ico kwena mwasosa elyo ku mutwe nafwala akakucingilila umushishi pa menso nafwala amagalasi yakowelamo
1755,ama bwato ayali cine konse konse  ayamalangi yalekanalekana yali pali bemba .muma bwato yano   muli umuntu umo elyo yambi muli abantu babili,"elo ama bwato yakaena yalemoneka ni yalya bendelamo ninshi nawikala, teyalya bendelamo ninshi naiminina",cacine pantu bonse nabekala elyo amabwato yalesendwa ku mwela wapamenshi,bushe mangalo aya balecita nangula kucimfyana bale cimfyana pama bwato yabo?,kwena cilemoneka aya mangalo yakucifyana aya mubwato 
1756,namayo umusungu umukalamba alepita mu musebo muli amatuka pamo ne mbwa yakwe ,Akabwa aletoloka umusebo nako mu kalale ni kalya akabwa akanono akakwata amasako aya fufuma elo futi nakabwa kene kantu kabuta,kalemoneka akachenjela nalimo nakeshiba kuntu baleya nalimo ni filya fye imbwa shatemwa ukutungulula  ,"elo umu mukalale alepita namayo uyu mulemoneka fye ifintu ifya kale, ifi mbayambaya filemoneka ifya pangilwe akale, elo nefikulwa filemoneka bafikulile akale",cacine kwena nalimo ili tauni  mwafula aba mushinku uukalamba  pantu eba baishiba ubucindami kwa fintu fyapangilwe kale
1757,shitata uufwele icisote capikulwa namalangi yalekanalekana  ali  mwi shitima ninshi aleshipula,"ici cisote cilemoneka ca katapa katapa mwilangi elo pali no tuntu utwa malangi aya pusana pusana, shitata wine uushipwile nafwala nama galashi  ",cine nalimo afumine ku kubomba mukulolela ukuti ishitima lifike kuntu aleya ashipula no mulandu wakunaka ,"cine kuti fyaba nga ifyofine mwasosa, alemoneka nalimo afumine ku ncito shitata uyu",eee pantu ku fyalo abasungu abantu abengi abaya ku sha ncito balabomfya sana amashitima
1758,umulumendo umusungu aleenda ninshi napapa ne chola mu numa nakwata na fimbi ifipe mu minwe necakuicingilila ku kasuba ,"elo kumbali yakwe kuli icikulwa icikalamba saana, munshila umo alepitila takule moneka nabantu abali bonse nelyo kasuba alepitamo umu umule moneka nimu kalale",cacine ali mukalale nalimo inshita aleendalamo ninshi abantu tabalepitana ,nafwala itoloshi ilya fitulukila ne laya ilya buta umulumendo uyu...elo necola cintu apapiile cintu cafita,"elyo ni mumbali ya cikulwa muntu aleendela,pamuulu wachikuulwa pali amalaiti elyo no twakukopelako twamumusebo kukucefyanyako abapupu nabatala misoka  "
1759,Abakashana mutanda abasungu nabeminina pa cibumba bakuula pali bemba elyo basano bali aba nabafwala ifya fita ifya kowelamo. Notusote twa katapakatapa,elo abasano bene abafwele ifya fita ifya kowelamo insamfi bonse balelolesha kuntanshi kuli bemba elo umo uufwele ica katapa-katapa nateyako inuma kuntu balelolesha abanankwe,nalimo tali pamo nabena emulandu afwalile elyo alechita ifipuseneko naba nankwe ,"cacine kuti caba ifyofine kwena, elo abakashana aba abasano abafwele ifya fita ifya kowelamo nabekata intambo iikalamba, bushe yanshi intambo iyi bekete?",iyi tambo nalimo yakubafwilishako ukuti beponena mu.menshi ilebatungila lintu beminine pa cibumba cikulwa pa menshi
1760,umulumendo umusungu uulemonekela lwa mupepi ali mucikulwa cimo imo balesefya fimo umuli abantu balekana lekana abaleshana,"ici cikulwa ico bashitishamo ubwalwa noku shaninamo amasha, kabili mulemoneka umwa fita nama laiti aya ma langi aya pusana pusana",ukuba kwena namufita na bantu abali apatali necisolobelo ca kukopelako ifyo balecita tafilemoneka bwino sana,"bushe abakashana aba babili abasungu abaleshana pambali yamulumendo nokumu lolesha palya baleshana, bali pamo nankwe?",nalimo bali pamo pantu fintu balemulolesha kwati bantu baishibana
1761,umwaume umusungu uufwele ifya makumbi makumbi ku muulu alenina ulupulu nakakwa ne ntambo mu musana wakwe iya kuichingilila ukuti eponena panshi,elo ulupili ulu alekwela lulemoneka lwalishupa ukukwela pantu luntu ulwa kweleka nokusonta mumulu nalimo filya icimuti cisonta kumulu,cine lulemoneka ulwashupa nganshi nanguline aleesha namaka yakwe yonse ukuti alunine,elo mumimonekele ulupili lwa kaena lulemoneka nalimo cilibwe icikalamba saana,cine cilibwe icikalamba kabili icashupa ukutila benganinako
1762,namayo umusungu no mwana wakwe baleangasha amenshi ninshi umwana naikala mukakusungilamo amenshi ayakwangasha elyo namayo ena alemulumbilisha,"namayo naikata imbeketi iya katapa katapa, elo alemoneka na sansa umwana wakwe uulengalila mumenshi amenshi yambi ayaciba mu mbeketi ",ku numa yabo kuli ifimbayambaya nalimo efyo bachibomfya pa kuti bese kuli ici chifulo ku kwangala,"cine efyo cili nifyofine, elo namayo nafwala akalilaya aka buta na kaputula iya makumbi makumbi",ku ncende bali kuli ne fimuti  ifyakupenda elyo ne fyani ifyo basunga bwino
1763,Umwaice  umusungu uufwele ifyakashikila  ku muulu nefya makumbi makumbi kwi samba aleangala panse mupepi na maluba naya katapakatapa ,"nafwala nakasote akabuta, elo futi kukuboko kwakwe ukwa ku kulyo kuli icabuta ico babika nga umuntu ali ifuna","namona,lelo kwena ico afwele chilemoneka nga cilya icifwalwa ngo muntu alefwaya kuichingilila nga alebomba imilimo imo iyingi cena iminwe yakwe","iyo kwena, nga ni cilya icakuicingilila palya alebomba imilimo nga afwalile kuminwe shonse shibili, elyo futi utukumo tonse nga natucingililwa kumo...nomba ici afwalile kukuboko kumo elo notukumo natupulamo",kwena kuti caba nge fyo fine mwasosa
1764,bashitata abasungu abakalamba balebombela mu muputule umo ilingi line bashitata babeyela umushishi,"cacine, umu nimwituka lilya ba beyelamo imishishi, elo kucibumba kwaliko kwaba insalu ishitali isha kwata amalengo yama luba aya kashikila",elyo kabili muli nefipuna nefi nefisolobelo  babomfya kukubeya umushishi ,kuli namafuta ayalekana lekana eyo babomfya ukusuba mumutwe wamuntu nga bapwisha ukumubeya imishishi,elyo muli shitata untu bapekenye ukutendeka ukubeya  nabamufwika ne nsalu yakufimba umubili pakuti umushishi wiponena ku fya kufwala fintu afwele
1765,umulumendo umusungu uufwele ifya makumbi makumbi aleenda ukulola mwi tuka bashitisha amenshi makabe,"ifintu afwele filemoneka ni filya bafwala ababombela muma tuuka, bushe tabombelafye umumwine mwi tuka?",nalimo emo abombela apa ni shi elo alefika kukutendeka ukubomba,nomba kuti aletendeka incito ifi katulile akasuba? bushe tabacimu tumafye ukuya senda fimo nangula ukutwala fimo kuntu kumo?,nalimo bachimutuma ukuya senda fimo pantu cacine akasuba kwena nakabalika ukulangilila ukuti te nshita akacela iyi
1766,umulumendo uuli mu chibansa cakuteyelamo umupila wa kumolu naikatilila umupila wakwe ku minwe ninshi alefwaya ukuti engaupatila  kuntu aloleshe ,"kwena umupila uyu uulemoneka wakumaboko, ulya uwa palana nowa kumolu, bushe tewaku mabokofye umupila uyu? pantu pacibansa eminine pafulile umucanga",kuti waba uwa ku maboko pantu fintu ali tafwele  ukulingana nefyo abateya umupila wa kumolu bafwala,"cine kwena mwasosa, imifwalile yakwe nayo nailanga ukuti ubu bwangalo aleteya bwamupila waku mabokofye",elyo ku numa yakwe kuli ifimuti ifikalamba elyo fimbi filemoneka ifinono nafibaluba namaluba
1767,ibumba lyaba shana umwaume no mwanakashi nabekatililana balemoneka elyo bapwisha fye ukushana kwabo ,"elo bonse abale shana umu muncende basungu, bushe bashitata cinshi bafwalile amalaya ayapala ayaba namayo kwi samba?", nalimo balekonka amafunde yaaku mwabo nangula aya chiila cabo iya kuti umwaume afwile ukufwala nga mwanakashi ,"oo iyo kwena, ninshi amafunde aya uku ku calo cabo nangula kuncende babelele yantu yaibela",cine kwena kwaba amafunde mu fyalo fimu ayapusanako nayo twabelesha
1768,ibumba lyaba sungu abali ne minshiku shalekana lekana nabalongana pa sukulu  kukutamba abana be sukulu abalepanga akasela,"kwena ni cinkupititi wabantu uuli pancende iyi, kuli nabaice abalelisha amapenga pamo nengoma ",cine elyo abaice abalipo nabafwala ifyakufwala fyabo ifyakusambililamo,bushe finshi ifyo babikile panshi ku kulyo yamu kashana iwimishe ipenga ilikalamba lilya?,filemoneka fibokoshi nafimbo ifishishibikwe  bwino Sana ifyo balebomfya kuli uku kulongana
1769,ibumba lya bantu apali abaume nabanakashi bali mucikulwa chikwata amatuuka ayalekanalekana,umo namayo uushintilile kuci bumba ica mutuntula ali pali lamya yakwe napuuta necushi nalimo alepeepa fwaka palya emininefye, cine alepeepa fwaka elyo abengi nafwala ifyampepo kulemoneka nakutalala sana,"cine nimunshita yampepo uku ku calo ca aba abasungu tulemona, elo pe bumba apa nshilemonapo umufishi nangula umo",cine bonsefye abalemonekela basungu
1770,namayo uubomba umo bepika ifyakulya fyalekanalekana alepanga ifyakunwa fya mututula ifya bantu abengi,"ifi ifyakunwa filemoneka nifilya bapangila kufisabo, elo namayo uyu alemoneka kale atampa ukubombelamo umu pantu alemoneka aliyishiba bwino incito yakwe",cacine kwena naposeshako amano kufyo alecita pantu naishiba ukuti abantu balekopa ifyo alepekanya,"elo ifili kumbali yakwe ifili mumbale yalongomana, bushe mupunga nangula menshi makasa eyo batobaula mutupande utunono?",kwena menshi makasa nababika fimo muli ishi mbale elyo baisushamo amenshi makasa pakuti fitalale
1771,Bashitata mutanda abasungu balepanga inyanji ninshi ishitima lili mukupitamo nga bapangafye ,"elyo bonse balemoneka abacikulile bashitata aba, kuli na umo uuli mukati mwishitima ili balepangila inyanji pakati kamusebo mu kalale",nalyo line bali abacincila mumibombele yabo chilemoenka inyanji balepanga yamukwangufyana ,"elo kumbali na oko bale bombela ku kuso, kuli icibumba ica katapa katapa ico balengapo ka ka doli keshitima ilya kashika",Kabili bonse abalebombela pali iyi ncito nabafwala utuli pa muulu yamalaya yabo utwe langi lya kashika mupitile  ne langi lya buta
1772,umusungu umulumendo naikatilila kuli kamo akashimbi ka makumbi makumbi pa tushimbi utuli pa muulu wamutwe wakwe ,"alemoneka nalimo alepeluka kukashimbi ako, bushe umu ali temuci bansa cilya babika ifya kwangalilapo, utushimbi, imishelemuko, nefya shala ifyo abana bangalilapo nga bayako mukwangala?",cine emo mwine pantu kulemoneka utushimbi utwingi utwakupelukako nafmbi ifya kwangalilapo abana ,namoneka ukuti ali nensansa isha pulamo pakuba kuncende uku uko bangalila abana nangula ntile abaice,nanguline ali fye eka pali iyi inshinta aleipakisha ukwangala kwakwe ukwa kupeluka  
1773,shitata umusungu uufwele ifyabuta alepeeta ici bumba ne langi lya fita,"uku shitata alebombela kulemoneka ni kulya kuncende eko ama tuka yakonkana, elo imbeketi alefumyamo ilangi alelenga pacibumba intu ya katapa katapa kwisamba noku buta kumulu, namupitako nakashilwa aka mutuntula palya apa katapa katapa",elyo naiminina napa chakumulefyako ico bapangila no ne shimbi   pa kuti engafika apalepa apo icibumba capelela,"cine akamutanto aka akwelelepo kantu kaibela, pantu kena takale fwaika ukushintilila kuci bumba, kaleminina fye bwino keka panshi",Cine ni kalya bapanga akakwinina keka  ngataka fungulwilwe kabili kuti kashitilila ku cibumba nga apa lefyaikwa ukufika napalepa ukupitila mukukafungulula
1774,umukashana umusungu nafwala ifya kashika alelisha ipenga ukulingana na fintu alebelenga mwibuku lili pa ntashi yakwe,"alemoneka ali muka bungwe ka balya abalisha ifilimba ninshi nabafimya palya bale enda mumusebo, pantu bonse nabali kunuma yakwe balemoneka bafwele fimofine nefyo afwele umukashana uyu",cine nalimo euletungulula uku kulisha kwa filimba elyo kuliko fimo ifyo balesefya nangula ukwibukisha ,cacine kwena alemoneka eule tungulula apa bale endela pamo nokulisha ifilimba akasuba mukalale umu balepitila,Kabili kuli na bantu bambi abalepita mumusebo pali iyi yiine shinta ena ne bumba lyakwe baleimba 
1775,Umwana uwa myaka isano nangula no kuchepako aleenda eka mu musebo uwapita mu fimuti ulolele ku chishiba ca menshi icilemoneka ni cilya bapangafye ukuti balesungilamo amenshi     ,"kuntu abelele umwana uyu umukashana umunono kuntu ukwabusaka elo futi ukwayemba, nefimuti ifiliko filemoneka bwino nangula tafili nefisabo",cine nalimo fimuti fye fyakuyefya icifulo pantu kuli namaluba lwa  ku kuso aya malangi ya mututula na ya buta ,"elo umwana uyu uule enda alemoneka nabamufwika itebela munshi yakali toloshi kakwe akalemoneka aka buuta, eku mona ati acili mwana",Fintu aleenda kwati nalimo nakwata kuntu alefwaya ukuya  pantu natekenya sana 
1776,Bashitata bane abafwele namalaya yakashika nama toloshi yabuta balelisha ifilimba  mumusebo,"aba bashitata bane balemoneka nibakalisha bafilimba, akabungwe kabo kalemoneka kale ka amba ukulisisha abantu ifilimba, apa bali panse mu kalale epo balelisisha abantu abeminine kumbali bale batamba nokumfwa fintu balelisha",cine balemoneka ni kale batapa uyu mulimo pantu ibumba lilekutikako lili ilya nsansa pakufwa imimbile yabo  nalimo kuli nabaleba pelako ka lusangu ,elo pali bonse uyu uubele ku kuso ewafitapofye inkanda kabili futi eule monekapofye umulumendo pali bonse aba bambi,caine kwena ku numa ye bumba lya bantu abalebatamba  kuli icikulwa icilemoneka cikulwa ca tuti  
1777,kabalwe uusangwa mumangalo yakucifyana aleponya shitata waciba pa numa yakwe pantu nabutukisha nganshi,"kwena taponene bwino shitata uyu uule fulumuka panuma yakwa kabalwe uyu, katwishi nga taicenefye nga fika panshi, elo panshi pene aleponena tapali nefyani nangula fimo..palemonekafye iloba elyo futi apakosa",cine pantu nemimonekele ya basangwa mucibansa balemoneka abapapushiwa pafyo shitata alepona pali kabalwe wakwe elyo kuli ne bumba lya bantu abaletamba ukucifyana abekele mu fipuna fya mucibansa   ,"elo bonse abale tamba mumbali yacibansa pamo naba shitata babili abali mucibansa pamo na shitata uyu uule fulumuka pali kabalwe wakwe, nabafwala utusote",Cine mwasosa kwena nalimo emafunde yabako kuli ici changalo ukuti bafwile ukufwala utusote 
1778,bana mayo ba nkanda  yabuta ba leenda mu  musebo ninshi bonse balelanda pali lamya,"elo pali banamayo aba babili abasungu, umo nafwala ilaya ilya fita kumulu ninshi umbi nafwala ilya buta kumulu ",elyo kunuma kwabo kuli necikope babika pa cibumba na icakucinga akasuba ica buta muli ne milaini sha fita,uyu uufwele ifyafita uuli pantanshi yamunakwe alemoneka nalimo ali no bulanda pamenso ilyo alelanda pali lamya yakwe,nalimo kuli ifyo apokelela ifyalenga ena ukumoneka  uwabulanda 
1779,bana mayo babili bali  mu cikulwa cakwangalilamo ifyangalo fyapa citunshi tunshi nabekata na fimo mu minwe bushe finshi bekete muminwe?,"cacine, ni palya bangalila amangalo ayaku teyela pafitunshi tunshi noku bomfya tulya bangalilako pakutila bale sesha ifile monekela paci tunshi tunshi",cine elyo namayo uuli ukwa kukuso natotomesha amenso pacitunshi tunshi chilemoneka ubwangalo bwakwe nabuwama nganshi ,"eya naine namona ukuti amangalo uyu aleteya nayamu senda nganshi, aleumfwa bwino paku teya",nalimo uyu uuli ku kulyo elyo alatendeka ukuteya
1780,umukashana umusungu ali mumusebo alebebeta ifikope asangile ifyo balesabakanya umukashana mwilaya lya bwinga,"cine apa babikile ifikope palemoneka nalimo ni panse ye tuka umo bashitisha amalaya ya bana bwinga, nalimo alefwaya ukushitapo ilaya lya bwinga nankwe",cacine pantu fintu alelolesha aya malaya pa cikope alemoneka ni nabwinga uulefyailisha ilaya lya kufwala pa bwinga ,"elo umukashana naimya ifyola fibili kukuboko kwa kukulyo, pali cimo ica kashika elo cimbi cintu cafita, nafwala notusapato utwakashika",cine elyo nafwala ne toloshi lya makumbi makumbi nece mpepo cilemoneka icabutako panono
1781,akabungwe kabalumendo bane abapapile Ifyola mu numa bali mu mpanga balekweleka umulundu ,aba abasungu balemoneka nabaya tandala pakutila bamone ifyo yaba impanga iyi babelelemo ,cine nalimo ni balya basambi basoma ifyaba mu mpanga nomba baleya kukufyailikisha fintu balesoma pa kuti beshibilepo na fimbi ,"cine mwasosa, nde enekela ni balya bene abasambi abasoma ifintu fyaba mumpanga",kabili kulubali kuntu bali kuli tulya babofya kukuninika ifikulwa fya tuti nalimo kuli Icikulwa kuntu kwalapelela utu twakufikila pamuulu  wa lupili 
1782,shitata umusungu uufwele ilaya lya fita aleenda mumusebo ninshi alelolesha ukwa kulyo kwakwe,"kunuma yakwe kulemoneka kuli ifimbayambaya ifingi ifya lekana lekana, kuliko ica fita, ica buta elo nacimbi ica mutuntula",Mukulolesha kwakwe cipalile kuli ifyo amwene ifyo atemwa nangula ifya mupesha amano ,elo shitata nafwala nakaku cingilila ukuboko kwakwe ukwa ku kulyo kumpepo aka buta,Cacine kwena nalimo nakutalala sana nanguline tafwele ica mpepo
1783,umulumendo umusungu uufwele ica mpepo ca fita aleangalila umulimo wakusakanya ifiunda pa kuti Inyimbo shingalila ne ciunda chisuma,"elo mucikulwa babelele muntu umwafita, bushe pali efyo balesefya nangula nimucikulwa cilya bashitilamo ubwalwa?",cilemoneka ali mucikulwa caku pangilamo inyimbo pantu alimofye eka elyo natekanya sana  ,"oo kwena nimwe mwasosa, mwapala umwaku pangilako inyimbo umu",Cine cine Nalimo alepituluka mufyo akaya angalila uyu mulimo lintu kukaba iciila cifyaikwa ukusakanya ifiunda 
1784,umulumendo umusungu ali paka kwendelapo akamawilo yabili ninshi natolekela muulu   ,bushe kalya alipo tekalya bashelemukilapo kumpili shilya isha lokwa namenshi makasa uyu umulumendo?,cine kalabomba nokushelemukila ku mpili ukuli amenshi makasa elyo no kwendelapo mu musebo uusuma ,"nomba tulya utwaku mpili tatu kwata ama wilo munshi, epo twapusaninako, bushe tonse tuba cimocine kwena?",Iyo mukwai tonse tulakwata amawilo 
1785,abakashana batatu nabeminina mumusebo ni shi umukashana ali pantanshi nakwata akakukopelako kabili naiteyanya ukuti bonse bakopwe,"elo kunuma yabo kuli ba shitata naba namayo babili abasungu, elo kuntu bali kalemoneka nakatula akasuba nelyo bafwele ifya mpepo bonse abantu abali kuncende uku",cine nalimo kwali ukwatatala ulucelo elyo kwakaba mu kasuba chilemoneka abakashana fibusa sana   ,"cacine pali icibusa apa beminine abakashana aba, uku kuncende bali uko balefwaya ukukopwa, bushe tekaku balilapofye ukuyako?",Nalimo pantu kuli na bambi abantu babili abalemoneka nga abaupana  nabo bene nabafwala ifya mpepo
1786,shitata uwa nkanda yafita  uufwele ifya makumbi makumbi naikata icisolobelo cimo mu minwe,"nafwala akasote aka buta uyu shitata, elyo futi ici akwete muminwe caku kopelako utukope cilya bapangile akale","namona kwena, fintu achikete nalimo alelangilila ifyo chibomba pantu umushinku wakwe uelanga ukuti alicibomfeshepo ","cacine kwena mwasosa, alemoneka lintu alebomba munshiku shabulumendo shakwe alecibomfya saana kuncito kuntu alebombela",Kunuma yakwe kuli ne cikulwa cintu bacingilila no shimbi utwe langi lwa fita
1787,abalumendo babili aba nkanda yafita baleangalila kululamba lwa bemba ,"aba babili, balemoneka bale angala bulya ubwangalo ubwa bulwi ubwaba nalimo baleshana ubwa ku calo cilya beta Brazil",kuti caba ngefyo fine ukuti ba ku brazil abaleshana amasha ya tambi sha kumwabo  elyo imo nafwala itoloshi lya katapa katapa elyo umbi alifye nakaputula wa makumbi makumbi,"elo aba babili balemoneka paliba cibusa, nemishanine shabo ishi isha kwikata panshi palya baleposa amolu mumulu kale ba amba ukushana",Cine mwasosa  baleipakisha uku kushana nalimo kuli iciila cintu baleipekanishishako 
1788,umukashana umusungu nakwata icipyango cakwiminina alepyanga nalimo mu ng'anda yakwe,"alemoneka nasekelela saana umukashana uyu, nafwala neca fitulukila kumulu netoloshi ilya makumbi makumbi",mukusekela kwakwe cilelangilila ukuti alaipakisha ukubomba incito yakwe ,nangula kuli ebo alesoshanya nabo mung'anda abalandile fimo ifilemu sekesha,Cacine limbi balemutasha pamibombele yakwe iyi suuma 
1789,shitata wakufyalo fya kukulyo naiminina pa ntanshi ye tuuka lyamumusebo ,ituka lyakwe lilemoneka ilikwete insalu isha pusana pusana elo futi nalikwata ama galashi yalya bafwala pakucingilila amenso kubukali bwa kasuba,insalu shine nashikwata amalangi yapusana pusana  elyo kunuma ye tuuka  lyakwe kuli icimbayambaya cha mututula icileenda mu musebo ,"elo ituka lyakwe lilemoneka notuma wilo munshi, shitata nafwala nefya buuta kumulu na kunshi, nangula ilaya afwele lintu lya butapo ukucila itoloshi","Eee namona, nalimo ili tuuka ni liya basesha ukukonka ukuli abantu "
1790,ibumba lya bantu apafulile bashitata nabeminina ku ncende ukulemoneka nga kulya ukutandalila abeni beshile kukumonako ifilengwa na lesa,"cine efyo cili ifyofine mwasosa, elo futi pa bantu aba kuli abekele kumbali ya bulalo, kabili kulemoneka nakukaba uku kuntu ukulingana nemimonekele yancende, ifyo bafwele abantu pamo nakasuba ifyo katulile",cine elyo bambi nabo balemoneka elyo bafika  elyo bambi ni kale bafikile nabafika napa lupili ukubomfya ubulalo,"kuncende babelele kulemonekafye ukwa mpili kwena, namabwe saana, takulemoneka ifimuti nangu fimo, kulifye utufyani utwa salangana utunono",nalimo ni ncende yaisulako impili sheka sheka elyo kwaba ne filengwa na lesa ifyo abantu baya mukutamba 
1791,shitata umusungu nabana bakwe babili baleangalila muli bemba  ,alemoneka nalimo aposa uyu umwana umwaume mumulu palya bale agala mu menshi,efyo cipalile kabili kunuma yabo ukulepwila bemba kuli ne fimuti ifingi sana,elo umwana uuli kunuma yakwa shitata na munyina wakwe alelolesha ku kulyo kwakwe nalimo kuli efyo amwene,Nalimo balifye abapempwila bali pa munana kanshi balekabila ukumona ifileisa pantu kuti baikatwa mukupumikishiwa kufiswango fya mu menshi 
1792,abana Baku fyalo fyakapinda ka kukulyo babili nabekala elyo uuli ku kulyo alelilila akakwangasha kakwete umunakwe,"elo bonse babili bantu baina bwino sana, uulelilila akakwangasha bamufwikile akalilaya aka mutuntula kumulu naka kaputula aka fitulukila","elyo ulya uukwete ako umunankwe alelilila alelolesha umunakwe,kulubali bekalile kuli ne tebulo apali ifilemoneka fya kunwa  ",pampumi ya uyu uule lila pali akasalu kalya bakambatika pacilonda umuntu ngaicena,Cine nalimo alipo ne chilonda emulandu  wine alelilila sana 
1793,namayo umusungu nabekala panse mukasuba no mwana wakwe uyo alepela akakwangasha,"uyu umwana alemoneka mulumendo, nabamufwika neca fitulukila kumulu, namayo ena afwele akalilya aka buta kumulu",balemoneka bekele mwi samba lya cimuti pantanshi yabo pali ne tebulo lyama waya apo abikile ne galasi lyafya kunwa fyakwe ,elo bonse babili namayo nomwana wakwe balifye aba mwentula apa bekele,Cine nabatemwa nganshi baleipakisha akanshita kasuma capamo 
1794,umukashana wakufyalo fya kapinda ka ku kulyo nafwala ilaya lya amalangi yalekanalekana ninshi naikata ikomaki mu minwe,"alemoneka nalimo ali mu bantu abengi panse, nalimo ale endela mu kalale, kunuma yakwe ku lemoneka umwaice umusungu uufwele ama galashi ayaku cingilila amenso ku bukali bwa kasuba",kabili lwa mupepi nakunuma yakwe kuli umulumendo ufwele ifya fita elyo umbi afwele ifya katapa katapa,cilya afwele ulya panuma yamukashana ica katapa katapa cakuteyelamo umupila waku maboko uwo bengisha mukapanda kalya bakobeka pamulu aka pala umuseke nangula imbeketi,Mu mushishi wakwe muli amagalasi yafita ngo mushishi wine ayakucingilila amenso kubukali bwaka kasuba
1795,ibumba lya basungu baleenda mumusebo mupepi ne chikulwa cama ofesi ayangalila abeni abesa muli ici calo,"elo icikulwa ici nacikwata amalembo ayakalamba aya mutuntula aya letila 'ubukali tabukokola, nomba ukupelela panshila kwamu yayaya' mu cisungu",cine aya mashiwi yakukoselesha abatandashi besa kuli ici cifulo elyo na bekanshi ba kuli ici cifulo ,cacine mashiwi ayaku koselesha abantu uku pwisha imilimo ba tatula nangula bafika palya epo shamoneka ukukosa imilimo shine,Eee namona icikulwa cine cintu bashingulushako amagalasi kunse kukuciyefya  
1796,ibumba lya basungu bashitata na banamayo elyo babili  pali aba balemoneka elo bapwishafye ukuceceta fimo ukubomfya ifisolobelo ifilenga tumone ifintu fyacepesha,bushe muncende umu babelele bacitilamo inshi?,Nalimo emo bacecetela ifyo tatwingamona na menso yensu pantu emo babika ifisolobelelo fya kubomba kuli  uyu mulimo,bushe eumu babombela pamo nabapanga imiti ishaku cimfya utudoyo nama lwele tuleta panuma yaku mona efyo tubomba nokubomfya ifisolobelo ifi balebomfya?,Kuti mwaba  pantu ifisolobelo nafifula kwena na bantu bene cimo cine
1797,akabwa akabuta ako bafwikile ifyakatapa  katapa kaleenda mu muchanga  ninshi naba kakulika ku ntambo,bushe umu kale endela nimu mucanga cine nangula nimu menshi makasa ya mfula yamenshi yamakasa? pantu kwena pantu pabuuta epo kale endela,kwena nimumuchanga pantu kuli akasuba  elyo necishingwa ca kambwa nangula limbi elyo akasuba katulafye  na menshi makasa elyo yatendeka ukusunguluka  ,"cine ndemona nifyo mwasosa pakulekelesha, pantu bushe kwaliba umucanga uwabuta ngefi? ndecetekela menshi makasa ayala tampa ukusungulika ifi akasuba kala tula",kuti caba ngefyo ukuti menshi makasa pantu fintu akabwa kafwele nafyo filesuminashako kuli uyo mulandu 
1798,abasungu babili umulumendo no mukashana  bali pamo elyo umulumendo naikala pa cishimbi icikalamba ,"bonse babili nabafwala ama galashi ayakui cingilila kubukali bwa kasuba, elo futi bonse babili kuli ifyo balelolesha kukulyo kwabo",cine ku numa yabo kuli ifimuti mu mbali yamusebo elyo namwimina ne  fimbaya yambaya fyalekana lekana ,"elo uku kuncende babelele nakumoneka ukuti kuntu kwa kaba, ukulingana nemifwalile yabo aba babili",cine pantu ne mifwalile yamagalasi nayo ilelangililia ukuti nakukaba 
1799,abacaice batatu bali mucikulwa cakusambililo ifyakuposa Ikonya namabaka,"elo pabaice abasungu aba, nangula bonse bafwele ifyaku sambililamo ifyabuta, babili bakwete imishipi isha kashika elo umo akwete uwa mutuntula ukulingana napo bafika nama sambililo yabo ayankonya nefibaka",Muntu baleambililamo muli ne mbao isho babomfya kukulekanya umuputule  elyo panshi pali isalu ya katapa katapa ,"elo bonse batatu apa beminine naba tangishako amolu aya ku kulyo yabo, noku posa ama kofi namaboko aya ku kuso",Namona balebombela pamo mumasambililo yabo  ukukonka ifyo bakafundisha balebatungulula
1800,namayo ali  nabana bakwe batatu umukalamba pali aba bana aletomona umwaice wakwe uucepeshepo,"uyu umwana aletomola uyu umukalamba alemoneka tapakokwele saana epo afyalilwe, limbi papitilefye inshita iyinono, teti bucile ubushiku bumo",Cine fintu balemulolesha cilelangilila ukuti tapakokwele pantu  bamupokelele mu lupwa lwabo ,uyu umbi umwana umulumendo uuli kukulyo alemoneka napapa efyo kalemoneka akanya aka baletomola kumu kalamba wakwe,Cine limo mulaba no mufimbila ukumona ifyo umukalamba alelanga ukutemwa ku kanya kaisa 
1801,abana be sukulu abalumendo nabakashana abakufyalo fya kapinda ka kukulyo nabeminina panse yacikulwa camasambililo nabababika nama pepala ya malangi yapusana pa ntanshi yama laya yabo ,"elo bali nabakalamba abasungu abalemoneka niba kafundisha bane, abaume babili nabanakashi babili, bonse nabafwala amalaya ayabuta kumulu. pali na umo kafindisha umwaume uwa ku calo icicine uuli nabo uwimishe ici pepala pamulu yamutwe wakwe",kabili pali na bana babili abashili mufya kufwala fyakusambililamo kabili balekumbwa ukuba pamo naba abanabo abali mufyakufwala fyakusambililamo ifyo baleanga nge nshila imbi iyakusambililamo ,aba abana abali nabakafundisha balemoneka bafumine mu mumuputule wama sambililo pakutila bangaleko panse nangula bacimfyane mumangalo yamo,cine mwasosa nalimo balefwaya ukwangala icangalo cama sambililo
1802,Namayo umusungu alefuma ku kubika nalimo ikalata nangula ifipepala fimbi ifyo babika mulya basungila ifya kutuma ku ncende shalekana lekana  ,"cine efyo cilemoneka kwena, pantu alefumina kufyaku bikamo inkalata filya ifyaba mu kalale ku basungu, elo namayo wine nafwala ica fita icakuicingilila ku mpepo ne toloshi ilya fitulukila",cacine kuntu alelola kuli ifimuti ifingi ifikalamba elo chilemoneka nomba alebwelela kuntu abombela Panuma yakutuma amakalata ,"ukulingana ne icinshingwa cakwe namayo uyu, kulemoneka nalimo cungulo nangula elo buleca",namona elyo alekupaika mu mwenso nalimo alebutukilako fimo
1803,Abana babili umulumendo nomukashana nabekala pa cinama camumpanga ica baswa balelolesha uulebakopa,uku bali abana nakupala kulya basungila ifinama ifyo bacingilila no lusasa ulwa pangwa nefishimbi  ,cine kusangwa ifinama mpanga ifyo baleta mupepi na bantu elyo baficingilila pa  kuti fileta ubusanso elyo abantu baleya kukumona ifi ifinama mpanga ifyo bacingilila mwilinga lwa tushimbi,elo kunuma yabana aba abakwelele icinama caku basa kuli icipampa ica katapa katapa icikwete amalembo aya buta,cacine aya amashiwi yalelondola ishina lya cinama icabumbwa mucingeleshi
1804,Abakashana batatu elyo nomulumendo abasungu nabalambalala panshi kululamba lwa bemba ninshi baloleshe mu muulu,"abakashana batatu nabai palama elo umulumendo ena ali akatalamukila kuli bena, bonse tabafwele ifyakufwala ifya kowelamo insamfi",cine nalimo tabele mukowa lelo belefye kukuipakisha umwela kululamba lwa bemba ,bushe aba abakashana balipamo nomulumendo uyu? pantu nabaitaluka kwena,awe nao alifye aka nga aba nabo nga aliko mupepi
1805,Namayo umusungu umukalamba naikala mushi ya cimuti alelenga fimo lwa mupepi ne ng'anda yakwe,"elo ing'anda yakwe ilemoneka iyakulilwe akale saana, elo futi ilemoneka iikalamba..namayo uyu palya ekele ku kuso kwakwe kuli imbeketi iyinono iya buta",cine nalimo emo asungila ifisolobelo ifyo abomfya pa kulenga  kabili nafwala icisote cakuicingilila kubukali bwa kasuba,bushe namayo uyu alekalapo nabali bonse? pantu mumimonekele cili nalimo ekalafye eka muciyanda ici icikalamba,ninamayo wachikalamba abana bakwe bonse balikula elyo limbi alekalako na keshikulu nangula umuntu fye umbi
1806,Abana babili abasungu bali pacipelwa ninshi naba kumbatana balepeluka ,"aba abana balemoneka nindume nenkashi, elo uko balepelukila ing'anda baikulila peulu, pantu ifimuti ifilemoneka kuntanshi yabana filemoneka ifinono nelyo fikulu",cacine pantu balemonekela pa muulu wafimuti icipelwa cabo cili ne ntambo ya tushimbi iya katapa katapa,kuncende babelele kulemoneka nikulya ukwa mpili isha kwata impanga nefimuti ifikalamba saana,cacine kwena ku incende uku bali kusuma sana balisungilila bwino impanga 
1807,Umwana uwa nkanda iyafita nasendama ninshi nabika no munwe mukanwa aleooka ,umu asendeme umwana bushe temwishitima nangula cilya icimbayambaya icikalamba ica kubasungu?,cine kuti mwaba mwishitima nangula muli sacha elyo nafwala ifyakufwala fya fita ,"nakumbatila nensalu iya buta palya asendeme, bushe ninshi tabamulelefye abafyashi bakwe umwana uyu?",kwena ukulela uyu mwana cintu chayafya pantu alemoneka no mubili kabili naena teti asendame bwino ninshi nabamulela 
1808,Namayo Umusungu naimya umwana wakwe umukashana kukuboko kumo elyo kumbi naikata icapala icilembelo,"elo uyu umwana uo bemishe munono, alemoneka nalimo elo aambile ukwamfula...banyina apo bamwimishe kuli ifyo bale sekelela",cine kuntu bali kuli ifimuti fya katapa katapa ifitali nganshi nefyani ifyasakamanwa bwino,bushe uku kuncende bali tekulya abantu baya nga balefwaya ukuya kumanapo nendupwa shabo palya balefwaya ukusefya nokoca inama ,Eee nalimo balekumana pamo no ndupwa shabo isho bamonenepo akale emulandu wine namayo uyu abelele no mwana pakuti balupwa bambi bengamumonako
1809,Abalumendo mutanda nabekala mumuputule batatu pali aba balelisha ifilimba elyo bambi baleimba ukukonka mufilimba ,bonse balemoneka bafuma ku fyalo ifya pusana pusana nangula abafulilepo balemoneka baku fyalo fyaku kapinda ka kukulyo,cine balemoneka aba buchibusa pantu balelisisha ifilimba kabili nabafwala ifyakufwala fyama langi yapusana pusana,mumuputule bali panshi palemoneka apa kashika mwi langi,elyo nabakana imilimo balebomba kuli abalelisha ifilimba elyo bambi baleimba ukukoka mu filimba 
1810,Namayo umusungu aleenda mumusebo waba mupepi necikulwa ninshi alefwenya ku kanwa  ,"nafwala ilaya lya makumbi makumbi kumulu naimya ne cola icafita, alefwenya na kumbali yakanwa kwakwe",cine alemoneka elyo aleinuka ku milimo yakwe pantu kasuba kalemoneka kali mukuwa,"cine alimukwinuka, mumukoshi nakobeka nakatupa kaku ncito abombela uyu namayo",cine akatupa kaku nchito eko bamwishibilako ukuti abomba nakalya akapani
1811,Shitata umusungu umukalamba uufwele ilaya lya mututula necha kucinga umutwe ifya mutuntula aleenda mu cikulwa cakwata amatuuka ayengi umuli na bantu bambi  ,"shitata uyu alemoneka nalimo ni namutekenya wa mpumpumpu, eco afwalile icisote ica kuicingilila kubusanso ngati apone pali mpumpumpu wakwe",cine mwasosa nina mutekenya uyu elyo nakobeka namagalasi mumukoshi wakwe ukubomfya itambo ,alemoneka kuli efyo eshile mukushita mwi tuka alefwaya ukuyamo uku ele kucikulwa caba nama tuka ayengi,Ee elyo mumyendele yakwe alemoneka alefwaya ukufika no kubwelako bwangu  elyo bonse abali mwibumba balifye abapafiwa no bumi bwacila bushiku
1812,Umulumendo umusungu uwamyaka nalimo ikumi aleesha ukuwamya icipe ico babomfya kukuicingila ku mfula nakasuba ,"naiminina palu bansa ubushiku, elo ici alelwisha ukulungisha caba namalangi ayengi aya pusana pusana",cilemoneka ni nshita yabushiku pantu kunuma yakwe nakufita elyo kutanshi ekuli ilaiti alebomfya,cine ulubuto ululi kuntanshi yakwe lulemoneka lwaku mu sanikafye palya eminine noku lwisha ukuwamya icipe cakwe,cacine elyo palubansa pantu ali pali ifyani ifyo basakamana bwino
1813,Umwana umukashana umusungu naiminina pa ntashi yaci solobelo ico babikapo icakukopelako ifikope  kabili alemona  mulya balolesha nga baleipekanya ukukopa icikope calinga ,"nacita nokubikako amano kufintu alecita nalimo alekopa nelyo tapali ifyo alemonamo palya abikile ilinso lyakwe pantu tapaba akaku mwenamo, cili nalimo alekopelesha abafyashi bakwe ifyo bakopa",cine aleesha ukucita ifyo abafyashi bakwe bacita  Elyo  kunuma yakwe kuli icilubi cakwe icili mupepi nabasiketi ,"kunuma yakwe kuli nakadoli akapala umwana eko angasha uyu umukashana, elo, imishishi shakwe nashi kakwa kumbali yamutwe notu tambo tubili, kamo aka mutuntula elo kambi aka makumbi makumbi",cine nafwala nefya sendaminamo nalimo ninshita ya bushiku nabamupekanya ukuti asendame
1814,Namayo wafita naiminina pa ntashi ye tuuka bashitisha ifyakufwala fya fitenge ifya lekana lekana ,"nafwala nefyaku fwala ifya fitenge, pacibumba ce tuka lyakwe pali ne nsalu yaku calo cakwe ",cine nalimo eupanga ifi ifyakufwala elyo aleshitisha ,"cine kuti caba ifyofine, limbi eutunga ifyaku fwala ifya fitenge",cine pali ifi fine ifyakufwala  apanga pali ifya banamayo nabashitata
1815,Ibumba lya bantu abasungu naba fita  baletukusha umubuli balebutuka mumusebo ninshi kuli no mukola mfula,"bale butukila mumfula aba bantu eico kule monekela umukola mfula palya bali, bushe kutukusha fye imibili nangula pali noku cimfyana mumi butukile yabantu aba?",awe kukucifyanya kulaba amafunde yakukonka pamo nga abantu tabafwile ukufula muli uyu musango ukwabula ukukwata  incende apa kubutukila bwino emulandu cilemoneka ukuti baletukushafye umubili ukwabula amafunde yakukonka ,"oo caumfwika kwena, nomba aba bantu kuti basalafye ukuya muku butukila mumfula, bushe tabaikatwe nefifine bonse aba epo babelele?",nalimo lintu bachitendeka ninshi imfula takuli nangula umukola mfula wachi koselesha ukuti tayaloke  sana imfula 
1816,abacaice ikumi abasungu baleowa kucikulwa cakucifyanishishamo ubwangalo bwa kowa ninshi nabaishunguluka abene ,"kuli efyo bapangile mumenshi, tabale owa filya bowa ilingi, abasano nabeminina mumenshi nokushinguluka abasano bambi abalele pakati yabo pamenshi, abeminine nababekata namolu yabalele pamenshi..bonse bakashana",nalimo changalo cabofyebeka ico balecita lintu bapwisha ukupituluka mumasambililo yakowa,"limbi kuti caba ifyofine kwena, nangula ifi balecita nafyo filapendwa muku cimfyana nga balecimfyana notubungwe twabana bama skulu yambi ",nalimo kwena nifyo fine mwasosa nanguline aba bana balishibisha ukowa kwine
1817,"umwana umulumendo umusungu nakwela ku cimuti icikalamba nganshi ,bushe kwena umwana wachepa fi achikwela shani ?","awe kwena naine nimpapa, pantu icimuti ici tacile moneka ica anguka ukukwela, limbi kuli abakalamba abacimu kwelekako palya ali, pantu teti akwelefye eka kwena",nanguline talemoneka nga uungakwata amaka ukuti ekatilile ku chimuti icikalamba nalimo nabamukobeka pamo,nde cetekela balamwikisha palya bamukweleke abamu kwelekepo pantu nga kokolapo kuti awa kwena,cine  ndeenekela pali abakalamba panshi yacimuti abaleangalila ifilecitika
1818,namayo umusungu naikala pachipuna cakutushishapo  Icaba mushila umwaba ifimuti ifikalamba nganshi,ku kulyo kwakwa namayo uyu kulemoneka shitata na namayo abasungu nabo nabeminina balelolesha fimo kuntanshi yabo,pantu ekele uyu namayo nakwata lamya iyo abikileko utwa mumatwi nalimo alekutika ku nyimbo nelyo ilyanshi fye limbi,panuma yafimuti ifili panuma yakwa namayo uwikele kulemoneka ifimbayambaya kumbali yamusebo, cacine kulemoneka ifimbayambaya elyo panshi apa ekele pali amaluba yamututula ayalepona ukufuma kufimuti
1819,shitata umusungu nalela umwana uo apele akakwangasha akakwata amalangi yapusana pusana,"Ku kulyo kwakwe shitata kuli namayo uufwele ilaya ilya makumbi makumbi, elo alemoneka kuli efyo asekelele namayo wine",shitata wine alelolesha kunuma nalimo kuli fimo ifyo alelashanya nabali kunuma  yakwe,"apa bekalile balemoneka nalimo elo bafumine mukulya fimo, elo shitata uyu alemoneka nalimo alenwa ubwalwa ukulingana ne botolo ilimu paleme",cine mwasosanalimo alelomba ukuti bengamupela umwangashi  naumbi pantu ibotolo lili pe tebulo tamuli umwangashi 
1820,icimbayambaya umuli abantu nalimo batatu abasungu cili mupepi ne mpaanga nachisenda ifyakulya fya ifi fitekwa kabili shitata alebika ifyakulya mulya shilila,"Ku kuso kwa cimbayambaya kulemoneka impanga ishafula nganshi, elo kuli amakumbi uku kuncende babelele, akasuba takalemoneka",nalimo ni nshita yamaisa imfula ili mukuloka  cine mwasosa impanga shingi sana kabili shileisa ku chimbayambaya nalimo shalishiba ukuti cileta ifya kulya ,"elo pancende babelele pakalamba nganshi, mukulolekesha uyu uulelengela kuntanshi ya cimbayambaya alemoneka nalimo mwana umulumendo uufwele ilaya ilya kashika, mwamonapo shani?",ca cine kwena mwana umunono uulelolela ukuti bawishi bapwisha ifyo balecita nelaya  lyakwe lintu lya kashika
1821,ibumba lya basungu apali abalumendo nabakalamba nabemina  ninshi abalumendo batatu nabapeta amalaya yabo baasha amafumo yabo pambilibili,"abalumendo bali cine abafwele ama kaputula ayalecila mumakufi ubutali...elo futi abengi pe bumba ili beminine ku kulyo kwa cishimbi icili mupepi nabena, umulumendo umofye ewiminine ku kuso kwacishimbi cine",pa balumendo abafwele amakaputula yalefika mumakufi babili bafwele amalaya ya makumbi makumbi elyo umbi ilyabuta no wakulekelesha afwele ilya katapa ,kunuma ya uyu umulumendo uufwele ilaya lya makumbi makumbi kuli namayo uufwele itoloshi lya buta nasekelela palya alelolesha umulumendo uufwele ilya katapa katapa ,Cacine nalimo ifi abalumendo bapetele amalaya balefyala ukusekeshako bantu abalebamona kabili apa bonse beminine palemoneka nipalya  basha fye ukuti pakulaimina imyotoka nangula nipanshila yachikulwa icikalamba
1822,shitata umusungu alebansa amenshi makasa ukubomfya icisolobelo cilemoneka nga paanga pakuti apange  fimo ninshi nafwala ica mpepo icafita ,ici icisolobelo alebomfya shitata ni cilya batemenako ifimuti ico babikamo amafuta...elo kumbali yakwe ku kuso kuli ico ba bashile kale ica menshi makasa,cacine kwena elyo kunuma yakwe kuli ibumba lya bantu abaletamba ifyo alebansa ukufuma ku menshi makasa ,"cine uku babelele nikuncende kulya bacimfyana ukubasa amenshi makasa, uwabashilila bwino ewaku senda icikombe",cine mwasosa nalimo emulandu wine  uyu shitata  abikileko amano sana  kufyo alecita
1823,shitata umusungu aleenda mumusebo  mupepi ne cimuti Icikalamba ,uyu shitata alemoneka mutali elo futi naimya nakacola akafita kukuboko kwakwe ukwa ku kulyo palya aleenda,Mupepi ne cimuti kuli icikulwa ico mumawido napa mwishi babikamo utushimbi ,shitata uyu alemoneka uwakalipa pamenso nalimo pali efyo afulilwe nangula ali muma tontonkanyo ayalemu fulwisha,naine ni mbona kwena alifye uwabombomana 
1824,bana mayo batatu abasungu bali mwituuka Lilya bawamishamo imishishi sha banakashi,"na mayo umo napombanya imishishi sha uyu umbi uule moneka umukashana, alemoneka nalimo kuli efyo alefwaya ukubika mu mishishi",mumuputule bali balipeta ne langi lya kashika elyo balibika napa kukobeka ifya mpepo nangula amataulo yaku bomfya lintu balesamba banamayo mu mutwe kabili uyu balepomba fimo mu mushishi nabamufwika akakuchingila ifya kufwala fyakwe  ,"namayo uwaci kulile uuli kunuma ya uyu uule wamya imishishi sha uyu wikele alemoneka uwa mwentula, nalimo natemwa fintu balemu wamya, bushe kuti aba nyina wa uyu balewamya imishishi aini?",cine kuti aba umufyashi wa uyu balewamya umushishi 
1825,abasungu babili umwaume no mwanakashi bali pali bakabalwe elyo balebomba inchito ya kusopa umutende ,"aba babili balemoneka niba kasopa wa mutende baku calo ici bekalila, bushe teku mangalande uku babelele?",Cacine nikumangalande bali elyo nabafwala notwapa mulu utwa katapa katapa kabili kulemoneka kuli abantu  nefi mbayambaya kunuma yabo ,kunuma yabo kuli icikulwa icikalamba saana ico abantu bapalamineko abali kunuma yaba kapokola babili aba,cine mwasosa utwapa mulu bafwele tulafwa abantu  babomba nabo nakula aba fimbaya mbaya ukubamona nga bali pali bakabalwe mu nshita ya bushiku nangula uko bali  takuli ulubuto pantu twena tulabengeshima
1826,abakashana babili abasungu umo alebeya umunankwe umushishi,"uule beya umunankwe nafwala ilaya ilya buta kumulu netoloshi ilya fitulukila, uo balebeya nabamufwika icisalu apakuponena imishishi isho balebeya ica kashika",Ico bamufimbile cisalu cakashika  mupepi napo bali pali itebulo apali ifyalekanalekana ifyakubomfya mu mushishi,"umu bale beyela imishishi temwituka lyaku beyela imishishi, namumoneka nimu ng'anda bali, nde enekela aba babili abakashana ninkashi nangula fibusa",cine mwasosa te mwituuka lya kubeyela umushishi pantu tamuli ifilola filya fiba mulya babeyela umushishi elyo  nafipuna nama tebilo te filya fisangwa mwi tuuka lya kubeyela umushishi
1827,shitata uwaku fyalo fyaba sungu nafwala ifyakucinga pa menso lintu alebomba umulimo wa kufuula ifyela,"shitata uyu alemoneka ale ocelela utushimbi, nafwala nakasote kalya bafwala abashilika aba kuba sungu",Fintu aicingilile filelanga ukuti kale atapa ukubomba uyu mulimo nanguline ekelefye panshi,"cine shitata kale aamba umulimo uyu, eico tafwalile nefyaku cingilila amaboko kubusanso palya ale ocelelela ifishimbi..elo njipusheko, apa ekele alebombela te pakati ya bulalo ubunono?",Kwena palemoneka nipa musebo cine kuti paba nipa bulalo eashile kukuwamya ubulalo bwine pantu kubulalo balabikapo utushimbi pa kuti bukose 
1828,shitata uwaku fyalo fya kapinda ka ku kulyo ali kumbali ya bemba ninshi aletuuta amasaka ayalemoneka nayafina ,"cine amasaka aya aletunta shitata yalemoneka ayafina elo futi ayakalamba nganshi, elo kuli shitata naumbi uufwele ilaya lya fita uuli akatalamukila na shitata uyu uule tunta amasaka ",Cilemoneka ifyo baletuta fifumine mu bwato ubulu ku numa yakwa shitata uuletuta,"cacine, limbi makwebo yantu acila abula pakamana ukufuma kuncende yacibela pakutila ese shitisha kuntu aabukila uku",cacine kwena ndeenekela ku ng'anda nikwishilwa lya bemba nangula kwishilya ekusangwa amakwebo yantu abomba nayo
1829,abalumendo babili abasungu nabekala mu chibansa baleshimika fimo,"ukulingana nefyo bafwele kumitwe ifimpompo, aba babili balemoneka bafumine muku cofa ama cinga yabo", cacine nalimo baletusha lintu tabalatwalilia no mu mulimo wabo,"pantu bekele pantu payemba elo futi apabusaka, cine eco basalile ukuya tusishapo palya baleshimika",cine balishiba ukusala apa kutushisha apasuma ukwabula nefya kubapufyana 
1830,bashitata babili ba mwenye bali mumuputule waku pekanishishamo ifyakulya ,umo pali bena uutafwele ilaya kumulu alepala ama sabi ayakashika,elyo mumuputule bali muli ifipe na fimbi ifya kubomfya mukwipika,"nomba uyu kwena uushifwele ilaya, taletoba amafunde ayamucalo aya kuma kubabombela muncende shaku pekanishamo ifyakulya?",cine aletoba aya mafunde nalimo umuputule baleipikilamo tewa makwebo bali ku ng'anda yabo 
1831,umulumendo umusungu nafwala insapato shakwata mawilo elyo aleenda pa musebo ninshi tafwele ne laya lya kumuulu,bushe nipamusebo apa ali nangula nikulya bangalila nga naukwata insapato isha kwata amawilo munshi? kabili kuli nabeminine mumbali abantu abale tamba ifyo ale angala nensapato shamawilo uyu umulumendo,cacine kulemoneka nipa mumusebo ali pantu kuli abantu abaleendauka nabakwata ne fyola mu numa ,"elo kumbali yamusebo kuli mulya babika amenshi nga balefwaya ukowa insanfi abasungu umu tamuli amenshi, emo ale angalila umulumendo uyu",elyo namona kwena elyo ena nafwala amalagasi yakuichingila kuka kasuba tafwele ne laya lyaku mulu
1832,shitata umusungu naimina pa ntashi ya cimuti ca kusefeshako umwaka ninshi naikata ibotolo lya mwangashi mu minwe,"elo shitata uyu nafwala ilaya ilya fita kumulu netoloshi lya kashika kunshi, alemoneka nasekelelako panono palya eminine",cacine alemoneka uwa sekelelo panono nalimo kuli ifimusakamike nangula nankwe efyo aba fye ,"nomba muncende abelele tamule moneka abantu, cili nalimo balimofye babili na uulemu kopa akakope shitata uyu",nalimo bachili balelola abantu bambi ukwisa kuli uku kusefya
1833,shitata umusungu alekukulusha ifipe fya buta pa ngolafwana mu musebo uukalamba ,"ifi ifipe atuntile filemoneka nalimo fipampa ifikalamba saana, ku kuso kwakwa shitata uyu kuli uuli pali mpumpumpu alelola kumokwine nokulolele shitata",cacine muli ba mpumpumpu mu  musebo uyu  elyo kasuba nako nakabala ,"oo elo namwenekesha, shitata uyu uusendele ifipe fyakwe nao alemoneka nalimo afibikile pali mpumpumpu wakwe, mwamonapo shani?",iyo  mukwai mpumpumpu tekuti asende ifipe fyafula ifi pantu nafichinga ukwakweshela 
1834,imbwa shibili iya fita neya kashikila nashikala panse munshita yabushiku shilecena ,iyi imbwa iyakashikila ilemoneka nalimo naisuma iya fita kwitobo palya shilecena,cacine kwena fintu ilemoneka nalimo nayikalipwa sana  ,"elo iyafita intu bafwika akamushipi kumukoshi akalangilila ukuti imbwa yaba nabene ku fyalo fyaba sungu, iya kashikila yena taikwete akamushipi kumukoshi",nalimo iyakashika naiya mulubansa mwikala iyi iyi iayafita emulandu wine shilechenena nangula ukulwa pantu iya fita ili ku ncende uko taifwile ukusangwa 
1835,bashitata babili umusungu no wa fita baleteya ubwamangalo bwakwingisha utumipila pe tebulo lilwete utulindi mutanda,"ututumipila twaba muma langi aya pusana pusana, elo batwingisha ukubomfya akamupila akabuta eko basonkola nakamuti kumuntu uuleteya eko ba bashilila bwino",Eee kabili pantu bateyela nipachibansa cabaswa bwino icalinga icilemoneka nge tebulo,ili itebulo ilyo baleteyelapo lintu lya anshikwa nensalu iya makumbi makumbi,cine elyo umusungu ena nafwala ilaya lyakatapa katapa ne toloshi lyabuta elyo umufishi ena afwele ilaya lilemoneka ilya fita
1836,bashitata babili nabekalika umwana pa muulu wachimbaya mbaya cama makumbi makumbi,"bonse balemoneka bakufyalo fyakapinda ka ku kulyo, elo ku kuso kumbali kwaci mbayambaya kuli namayo uufwele ilaya ilya buta kumulu",nalimo enina wa uyu mwana elyo umo pali bashitata ewishi wa mwana uyu kabili shitata uufwele ilaya li kwete ilangi lya katapa katapa ne lya fita  alepeepa fwaka ,"umu babelele nimu kalale nenshita yabushiku, ifikulwa filemonekafye ifya bengeshima nama laiti ayo basishe, kulemoneka nifimbayambaya ifya pusana pusana ifilepita mumusebo ",Cacine elyo balifye mu mbali yamusebo elyo apo bali palamoneka apakashikila 
1837,shitata umusungu naiminina pa ntanshi ya fisolobelo fyafwako ukulama imwendele ya fimbayambaya  pamusebo,"shitata uyu alemoneka uwainako nafwala nefyafita ukwambila kukasote nokufika kunsapato shakwe, ninshi nakasuba nakatula noku tula",Cacine kwena nalimo alefwaya ukuciluka umusebo pantu eminine ngo uletotokanya pa kuciluka umusebo,cine alelolela ifisolobelo ficinje fimulange ilaiti ilya katapa katapa ilyala mulanga ukuti kuti atoloka umusebo,cine pantu eminine alifye eka abantu bambi tabalemoneka 
1838,abasungu babili umwaume no mwanakashi nabekala ku mbali ya bemba ,"bushe temumana uyu bekeleko kumbali? bonse nabafwala ifyafita kumulu, elo balemoneka nalimo kuli ifikalamba balelanshanya ukulingana nemikalile yabo", cine nalimo bali mucitemwiko apa bali beka kuli iyi ncende balelashanaya ifya kumutima ,elo kuncende babelele uku akasuba kalemoneka nalimo elo kali mukuwa,cine mwasosa nanguline balemoneka tabalesakana ifyo akasuba kali mu kuwa 
1839,umwana umusungu alepepeka ifyoni fya buta ninshi nasenda ne chipe cakutampwilako amaloba na fintu fimbi ,"uyu umulumendo alemoneka tacilile imyaka shitatu, elo afwele ilaya lya makumbi makumbi na kaputula iya buta kunshi",kabili kuntu alepepekela ifi ifyuni kuli umuchanga elyo ne fimuti fili apatali nga filya ,"uku ali umwana nakupala kumbali yali bemba ukulingana nomu canga uuliko pamo nefyoni ifi fibili efyo alepepeka umwana uyu, pantu nafyo fisangwa ku menshi ilingi",cine mwasosa nalimo ali nabafyashi abalemukopa 
1840,bashitata abakufyalo fyaku kulyo baleteya ubwangalo bwa chase ,"kuli nabaice abalumendo babili abaleba tamba palya baleteya ubwangalo ubu, elo bonse babili bashitata abaleteya bafwele amatoloshi ayafita nangula umo pali bena tafwele ilaya kumulu ninshi umunankwe afwele ilya makumbi makumbi",kabili kunuma yabo kuli na kalemoneka nge linga ako bapangila ububomfya amatete ,bashitata aba babili nabapeta namolu yabo palya baleteya ubu ubwangalo balemoneka naba bikishako namano palya baleteya,Eee namona nalimo emusango abantu ba kuli calo bekala ilyo baleteya ici cangalo
1841,namutekenya wa pali mpumpumpu aleesha mpumpumpu mumatipa elyo Amatipa yene nayema kukusalanganinna ponse pantu ali,"umu umo alepita mwalenga ukuti atanuke pali mpumpumpu wakwe, umubili wakwe uliko pamulu wa mpumpumpu elo iminwe shakwe eshishelefye nashikatilila icaku konesha mpumpumpu ",awe kwena alishiba ukwesha mpumpumpu wakwe kabili nafwala ifya kuicingilila pa kuti ecenwa sana nga aliponene ,nde enekela kuli ebo alecimfyana nabo mu mangalo ayaku butusha ba mpumpumpu,cacine ukulingana nefyo afwele fileshinikisha ico cishinka 
1842,Ibumba lya basungu nabeminina Panuma yachisebele nalimo kuli ubwangalo bulechitika ubo baletamba nangula kuli bakemba ba nyimbo ,cine kulemoneka nalimo balelolela ba kemba ebo baishibisha ukwisa kuncende uku babelele nokwisa lisha ifilimba pamo nokwimba,Umwaume no Mwanakashi abapalamishe balemoneka beshile pamo kuli ici ciila ukulingana nefyo balelashanya,"pantanshi ya aba babili ku kulyo kuli shitata uufwele ilaya ilya katapa katapa netoloshi ilya buta, nafwala nama galashi ayaku cingilila amenso yakwe kubukali bwakasuba",cine elyo kuli nabambi abashike fimo pa fyani pantu bachikala elyo bambi bacili nabekala
1843,abakashana bacaice babili bali pali bemba umukalamba elyo umo naingila mu menshi yalemufika mu musana,umukalamba afwele ifya kowelamo ifya katapa katapa nelyo ena umwaice afwele ifya makumbi makumbi,Cacine elyo kuntu bemba alepwila kulemoneka impili ishi kalamba nganshi,"cine impili ishi shikalamba, elo shilemoneka nashikwata amenshi makasa pamulu, ilya abasungu beta ukuti snow",namona elyo kuntu bali ebantu fye balemonekako 
1844,abasungu babili umwaume no mwanakashi abalemoneka abaupana nabeminina ku mbali ya bemba balewamya fimo ifili.mu minwe yabo,kwena uku babelele tekukamana? elo cilemoneka nalimo uyu shitata alelanga umukashi wakwe ifyaku bomfya kalya balobelako isabi abasungu nga tabale bomfya isumbu,Cine mwasosa shitata nalimo alesambilisha namayo ifya kubofya aka kantu kabili nabafwala no tusote  namayo aka makumbi makumbi elyo shitata aka butilila ,namayo nafwala ilaya ilya buta elo shitata ena afwele ilya fitulukila,kabili ku tanshi yabo kuli amayanda bapangila ne mbao mu mbali yamumana 
1845,umusungu umo na bakufyalo fya kukulyo babili nabamwetula palya beminine ,"balemoneka kuli efyo balesefya umu muncende babelele, aba babili abaku fyalo fyaku kapinda ka ku kulyo bali nensansa saana",shitata nafwala icakucinga kumutwe elyo banamayo umo nakwata umushishi wabuta elyo umbi isha fita ,"umusungu ena talemoneka uwansansa, bushe nipamulandu wakunaka nangula kuli ifyo ale tontonkanya?",kwena nankwe namwetula ifyalinga lelo tamwetwile sana nga aba bambi babili
1846,namayo umo ali no mwana wakwe mu musebo ninshi nakotama ukuti emye umwana wakwe,"uyu namayo untu wafita inkanda pamo no mwana wakwe, elo akatalamukila kuntanshi yabo kuli bashitata nabo bacifita abasano nabeminina pantanshi yacikulwa cimocine",cine elyo icikulwa bemininepo cintu bapangila nama tafwali yakoca,"elo namayo uyuwine afwele icafita icampempo pamo netoloshi ilya fita, insapato shena shintu sha kashika...elo ukulingana nefyo bafwele bonse abantu kuncende uku ninshita yampepo",cine nimushita ya kasuba lelo takulemoneka akasuba  elyo kunuma yabo kuli ilinga ilyo bapangila notu shimbi elyo bapishako amawaya kabili lwa mupepi neli linga kuli icipe icakashika  
1847,imbwa yakashikila ilepepeka imbushi my fyani ifya linga,"uku kuncende kulemoneka nikulya bateka ifinama ifyapala imbushi, ing'ombe, impanga nefyapalako..abene balisunga nembwa iyakubafwako uku tungulula ifitekwa fintu bakwata",Cine kulemoneka nge farmu ilikalamba kabili kunuma ya ifi ifinama kuli ne linga lya tushimbi ilye langi lya kashika ,kuncende uku kulemoneka ifitekwa bakwata ifilya ifyani filalya bwino pantu ifyani filiko filemoneka ifya funda bwino nangula tafyalepa saana,cine iyi imbwa ilemoneka nga ilya iyi shupa ifitekwa fimbi nangula efyo yatemwa ukwangala 
1848,ulupwa lumo ulwa basungu bali panse baleocha fimo ukulemoneka ni kulya baya mukutuushisha,"cine mwasosa, umu emulya baya abasungu mumpanga mukutuusisha, elo futi palya babelele baleoca ifyapala inama nangula inkoko",kabili nabakwata ne fipuna apa kwikala cila umo umo ne fya mpepo fyalinga ,elo bali cisano aba abali mulupwa ulwile muku tandalila impanga iyi,cine kutu bali kuli ifimuti ifikalamba elyo ku ntashi yabo kulimoneka kuli ulupwa palya apalemoneka icakuicingilila ica makumbi makumbi 
1849,ibumba lya bantu bafita umufulile abacaice baleenda mu musebo wamukalale,"apa balepita palemoneka nalimo nipa maliketi, kuli nomukashana ku kulyo uuleshitisha ifilemoneka nalimo fyakulya ",Cine kwena elyo kuli ne fikulwa ifyo bakuula na malata elyo fimbi namatafwali fili mupepi ne ntambo sha malaiti,uku ku ncende kulemoneka nikulya uko abantu abengi balaculako nobwikashi bwabo ,Cine mwasosa kulemoneka nge calo ukwafula abapina  
1850,shitata umusungu ali paka kwendelapo aka mawilo mu musebo lelo alemoneka ali mukupona ,"iyoo kwena, ni ulya uwaishibisha ifyakwangasha akakwendelapo akalipulanga akama wilo munshi, elyo futi alishiba noku pilibula umubili pakutila enga tinya abantu nalimo alepona nelyo tapone",cine mwasosa kabili ku numa yakwe kuli fikulwa fyaba mumalinga elyo mupepi namalinga kuli ne fimuti ne fyani ifyo basakamana  bwino  ,shitata uyu nafwala ilaya necimpompo ifya buta na kaputula iyafitulukila pamo nefya kucingilila iminwe kubusanso ifya fita,Cacine mwasosa uyu shitata alishiba ukwendela pali aka akape kakwe nalimo ni kale ataapa
1851,umulumendo umusungu alepanga ifipe fye bumba mwi tuuka lyakwe,uyu alemoneka ni kabumba uulebombela pakubumba ifipe fimo ukubomfya iminwe shakwe na ibumba ilyabomba,kwena pakati ke buumba lileshunguluka pali akasolobelo kamo akashunguka pa kuti ifyo alebuumba fingafuma ifyabulungana ,"alemoneka uwaishiba bwino ukubumba shitata wine uyu, kale atampa umulimo uyu aini?",Cine ni kale atapa emulandu wine alebikilako  amano kufyo alecita 
1852,shitata umusungu aletema imbao Shakupangilako ing'anda yapa nshita fye  iyinono,"mumitemene yafimuti ifi, bushe uyu shitata tale temafye inkuni isha koca atiini?",kwena akuti caba nge fyo fine pantu imbao shilemoneka ishipi ishalinga ukubomba ku kuni,"kwena ninkuni shakoca ishi, isho alabomfya ukwipikila nokontela nga bwaila apa pancende abelele nakayanda kakwe akapa nshita iyinono",aka kene akayanda kakwe kakwete ilangi lya buta konse fye elyo ne fimuti kuntu babikile intenti kabili pali ne fyani pantu bakemike elyo kuli natumbi utumayanda twapa kanshita fye akanono ku ntanshi
1853,imbwa yafita ilebutuka mu menshi ninshi naitulumuna na menso,Imbwa iyi ilemoneka nalimo kuli efyo ya dabwa nangula efyo yatulumuka ukumona mu menshi ayo ilebutukilamo,cine nalimo baleipepeka ku ciswango ca mumenshi ,"kwena kuti caba ifyofine, nde cetekela ili mukufumamo nombaline mumenshi umu ilebutukila",cine mwasosa ndeenekela yalikwanisha ukufumamo mu menshi
1854,abalumendo abasungu baleowa mu menshi ninshi baleangasha no mupila mu minwe ,uyu uuli pantanshi yabo uulemoneka umukashana nao cili kwati aleangala nabo apa bale angasha umupila wabo uwa mutuntula,kabili bonse nabafwala ifyakucinga umushishi elyo  nabafwala notwa kucingilila amatwi ku menshi,"uyu eco namwena ukuti mukashana pantu nafwala icaku mufimba icifuba ica makumbi makumbi, nelyo aba babili abalumendo bafwele ifya kunshi, kumulu balifye ukwabula icakowelamo icili conse",namona baleipakisha akashinta kasuma aba bantu
1855,abalumendo abasungu  balebutuka ifyakucifyana ,ulu ulubilo balebutuka ulwaku cimfyana lwaku butuka pancende iyalepa nganshi,cine elyo bonse nabakwata utupepala pa malaya yabo apali inambala yakubeshibilapo,kumbali yamusebo bale butukilamo kuli cinkupiti wabantu uwishile mukuba tamba palya bale butuka,namona kwena elyo bonse bafwele utuputula pa kuti bengalabutuka bwino 
1856,shitata umusungu nafwala imbeketi ku mutwe wakwe lelo umwana umukashana untu ali nakwe alemoneka napapa pafyo bawishi bafwele,"cine umwana napapa bawishi ifintu bacitile, elo apa bali pali amalembo eyo balembele panshi aya buta, makumbi makumbi pamo naya kashikila",kabili ku numa yakwa shitata kuli icipuna cama makumbi makumbi apali namabotolo ya mwangashi ,kumbali yamwana kuli cilya bocelapo inama abasungu ica fita,kabili pali ne cipuna icabuta  nafimbi ifipe ifilemoneka fya mumuputule bepikilamo ifyakulya 
1857,umwana umukashana uwaku fyalo fyakukulyo aleangala ubwangalo bwa kutoloka intambo ,"ali nensansa apa aleteya inkwampa mucungulo uyu umwana umukashana, elo intambo balebomfya intu ya mutuntula",apa aletoloka no mushishi wakwe ulifye mumwela pantu taukakwilwe pamo,akatalamukila napo aleagalila umukashana kuli abaice batatu abeminine kucikulwa ico balenga ukubuta kumulu elo na makumbi makumbi munshi,namona elyo kuli naumbi umwaice uulelola ku fimuti nalimo eko aleya mukwangalila
1858,ibumba lyaba kateya  babwangalo uo bateyela kutushimbi bali muchibansa balecifyana,nabafula abantu abakele mumbali ya cibansa ca bwangalo ubu ubo bashelela panshi pa menshi makasa apatelela nganshi  pakuteya,papela yachibansa umo baleteya kuli ilinga lya waya kukuchingilila abaletamba kuba leteya pantu mwalibako no lukakala  lintu baleposa  nangula lintu bauma akasolobelo babomfya ,"ubu bwangalo bwali ibelako pantu eko boma notwakuteyelako bekete bakateya takaba nga umupila, kena kantu ka papatala akafita, kamoneka nalimo filya linga moneka iwilo lyacimbayambaya nga mwalilalika pambali yaliko",cacine elyo ifyo bafwele fintu fyafina ifya kubacingilila nga bapona elyo nabafwala nefya kucingilila ku mutwe umuli no tushimbi 
1859,umwana umulumendo uwa ku fyalo fyakukulyo nafwala ilaya lyakashika elyo itoloshi lyamakumbi makumbi ,"alemoneka ale angala noku butuka palubansa, kunuma yakwe kulemoneka nalimo kuli impanga",cacine ilyo aleangala ninshita ya kasuba ,natumbila nelaya lyakwe mwitoloshi lyakwe apa alebutuka umulumendo uyu,awe kwena aleipakisha mufyo alechita 
1860,shitata imo ifi aleenda  eka ku ncende ukuli impili sana kabili ali ne chola cafita munuma,uyu shitata alemoneka ni ulya uwatemwa ifyaku kweleka impili palya alefwaya ukupisha inshita,Namona kwena elyo nafwala neca mpepo cakashika nakasote ka katapa katapa,"impili uku alepitila shaba kuncende kulya ukwakaba sana, kwena uku ali niku ciswebêbe",cine mwasosa ukukaba kwena kwalikaba nomba te  muchiswebebe pantu muli ifimuti ifilemoneka bwino
1861,umulumendo umusungu nafwala ifyakufwala ifikalamba kabili ali naka kwendelapo kwakwe akamawilo ninshi alelanguluka nga kuti atendeka ukukesha ukulingana na fintu eminine ,"kwena ifi afwele fikalamba nganshi, nga cililaya icabuta ici afwele kumulu, cilefika namumakufi yakwe",pantu eminine pali utushimbi utulemoneka nge linga ilipi elyo nefimuti ifikalamba kunuma yakwe,"nafwala nakasote akafita eko apilibwile, icaku ntanshi caka sote kene acibikile kunuma elyo ica kunuma cili kuntanshi",kabili apo eminine palemoneka apasasuka nalimo epo atendekela ukwendela elyo akukulukila kuntu alefwaya ukuya 
1862,umwana umusungu naikala pa chipushi icikalamba elyo nanyata na pali cimbi ,elo kunuma yaka kashana akamwana aka kuli namaluba aya kashika elo futi nayambi aya kashikila,kabili pantu ali pali nafimbi ifipushi ifya katapa katapa,elo umwana uyu kuli efyo aloleshe pantanshi ku kuso kwakwe ifilengele asekelele,kabili nafwala ilaya lyabuta ne toloshi lya makumbi makumbi 
1863,umulumendo wa fita ali muchibansa alebelesha ukuteya umupila pa kutila engaba kanye kanye muli ici cangalo ,"cine alemoneka nalimo alefwaisha ukuba Kanye Kanye wamupila, nafwala ilaya na kaputula ifya makumbi makumbi nensokoshi isha kashika",umupila wakwe we lyangi lya mututula  elyo kunuma yakwe kuli icikulwa ciba mu ncende  yachibansa umo bakateya wa mupila bachinjisha ifwakufwala ,nde cetekela akaba umukali kukuteya umupila nga atwalilila ukubombesha mumusango uyu ,Cacine kwena alemoneka nabikako amano kufyo alecita 
1864,abana abakashana babili abafita baleangalila pali bemba ninshi pali namabimbi ayaleima,"umo afwele icabuta elyo umbi afwele ica kashika, bonse babili abakashana balifye aba sekelela",kabili balikwata no mushishi uutali elyo tabaletina no kuba pali bemba apali amabimbi ,"nde enekela tema bimbi yalya ayalesesha amenshi filya, limbi mwelafye uukalambako panono, eico babalekelele nokwangalila pamenshi abafyashi babo abakashana aba",kwena kuti caba ngefyo fine nalimo tamwaba ne fiswango ifinga bansansa 
1865,bashitata babili abasungu bali pa musebo balebebeta ifilindi bapisha panshi ya musebo umuba intambo sha malaiti nangula ifintu fimbi fye,"kumbali yaci mbayambaya cabo icikalamba ica buta, kuli icimbayambaya icinonopo icafita icilepita ",elyo imyotoka shilepita tashifulile nalimo umusebo tauli bwino,"elo uku ukulefumina icimbayambaya cilebapita kumbali kuli abalekula icikulwa icikalamba nganshi, ico babikilemo ifyela palya balekula",Eee namona kunuma yabo kuli icimbaya mbaya ca kashika icilolele kuntu bafumine elyo kuli na fimbi ifimbayambaya ifileisa kuntu baloseshe 
1866,abasungu babili baleshana mufya kucifyana ni shi nabekatililana ,"uku kuncende babelele kulemoneka nalimo kuli ukusefya pantu kuli abantu abengiko, limbi kuti caba ati kuli efyo bale ibukisha ifyacitike akale, pancende apapene ",cine mwasosa aba bantu iyi mishanine ilemoneka yaliseka ku ncende bekalila ,kuncende babelele naba panga nakayanda aka kashika insalu akapa nshita iyinono,kabili kuli nabambi abaleshana mu musango baleshaninamo cilemoneka balisendako inshita ukuti baleshana mumusango umo winepali ubu bushiku
1867, bashitata bashimakwebo batatu aba ku fyalo fyakukulyo bali mwi bumba lya bantu abengi ni shi nabasenda amatuuka yabo ayakwesha baleshitisha ifisabo fyauma,"aya amakwebo yabo yalemoneka nayafina, elo futi nakasuba nakatula umu balepita",cine mwasosa pantu baleeshesha pa ngolofwana iyi kalamba  kabili muli cikupiti wa bantu,pakati yamakwebo yabo nababikapo akakupiminako ukufina kwamakwebo palya baleshitisha abantu,cine elyo abantu bali mwi bumba abengi nabafwala utusote  utwa buta utwa kashika elyo naka mututula
1868,shitata umusungu naikala mu mbali yamusebo alelisha ifilimba ninshi nafisa pa menso neca kufwala  cabuta  ,bushe cinshi afishile pa menso yakwe? elo namumona tulya abikile kutukondo konse kubili kumolu?,"nalimo talefwaya abantu bamwishibe, elyo  tulya tuli ku molu nato aletulishisha ku molu ku ku panga iciunda cisuma ","oo namona kwena, cine mukali saana kukulisha ifilimba fyakwe ifi..kumaboko alelisha banco naku masaka nateyanyako ufyakulisha nafimbi", kunuma yakwe kuli ifyo babika ifye bumba na chain  ifyakulesha abantu ukwendela mumusebo mupita ifimbaya mbaya  
1869,umwana umulumendo umusungu aleangasha amaloba mulubansa,"alemoneka nabikako saana amano kwiloba elyo aleitulula mukakopo aleangasha, ico alebomfya ukwitulula iloba ca mutuntula",elyo ninshita yakasuba iyi aleangala kabili ku numa yakwe kuli ifyani,"cine ninshita yakasuba iyi ale angala umwana uyu, nomba ena alemoneka ali mucintelelwe",Eee cacine kabili nafwala ne laya lya makumbi makumbi elyo alemoneka kuli fimo ifyo aleilandisha mu kwangala kwakwe
1870,shitata umusungu nafwala ifyakufwala fyabana mayo ninshi naikala na mumusebo umuli abantu abengi,bushe teka cinga aka ekelepo shitata? elo futi alemoneka ni ulya uuya mukusekesha utubana nga bamwita kulya basefya imyaka ,cacine mwasosa ifi afyele fyakusekesha abantu ku fiila nga fintu musosele,kunuma kuli namayo umusungu uule enda nafwala nelaya lya  butilila kumulu ninshi napaapa necola icafita,kabili ena uyu shitata naikala pa cipuna ca kashika nakwata naka chola ka kashika pa molu yakwe 
1871,Ulupwa lwa basungu bali panse inshita ya bushiku baleota umulilo wa kuni ,"mulupwa ulu balemoneka balimofye abasano, mupepi nomukashana panshi pafyani pali necisaniko ico basishe",Kunuma yabo nakufita nganshi iyo balimo mutanda kuli uyu uleemonekakofye amalu apa pantashi ,"oo cine balimo mutanda, elo kwena nakufita, elo futi umulilo uyu bashingulwike untu uukalipe",Nalimo bali mu mpanga kukwangala pamo ngo lupwa
1872,Bashitata babili no mukashana abasungu bali kucikulwa bateyelamo icangalo ca kulasa pa kati ka chibulungwa  ,shitata umutali pali bonse abali umu nafwala icampepo ica kashika kumulu pamo nakasote aka cingilila kumpepo nako aka kashika,"kabili chilemoneka ebalimofye beka mu chikulwa nalimo ebali uku baleteyela ici cangalo  elyo kuntu bashitilishe ici balelasapo ku ilangi lya kashika, ilya ifita elyo nelya katapa katapa","cine balimo fye beka, elo futi uku kuncende babelele ninshita yabushiku ukulingana nefyo kufitile",cacine kwena cilya balelasapo chena cintu cafita cipalile no lutanda 
1873,Umwana umusungu aleangala mucibansa ca kuteyelamo umupila ninshi nafwala ilaya lya kashika ne toloshi lya fita ,uyu umwana umulumendo alepilibuka ninshi nabika amaboko panshi namolu yakwe ninshi yabelele mumulu,nalimo aleesha ukupilibuka ilya beta ati back summer  kabili mucibansa mwine ifyani fili ifyasakamamwa bwino ,"cine alelwisha ukupilibuka iyo ine beta back summer abaice, nomba talaishiba ukupilibuka ukwabula ukubomfya iminwe yakwe",namona kwena pantu aleibikilishako nganshi elyo mucibansa mwine tamuli bantu cilemoneka balimofye nabalemukopa
1874,Ibumba lya balumendo balebutuka mu kucifyana elyo bonse bafwele utuputula kunshi ,"ulu ulubilo balebutuka nokucimfyana ni lulya ulwaku butuka incende iyalepa, balemoneka nabendako intamfu ishingi",kabili mu mbali yamusebo balebutukila namwisula abantu abaleba tamba no kubalumbilisha ,"cine bali nabale bale balumba abengi, futi umusebo uyu balebomfya nabawisala ku fimbayambaya ukupitamo pakuti babutukilemo bwino aba abale cimfyana",Cine elyo palya apafulile abalelumbilisha pali icimuti icikalamba nganshi ici pusene nefimuti fimbi ifili kuli iyi ncende 
1875,Bakemba wa nyimbo apali bashitata nabanamayo baleimba pa ntashi ya bantu ,bashitata bonse babili balelisha ama banco ninshi banamayo bonse babili bena nabeminina baleimbila pamo,Eee namona elyo bonse fye  nabafwala ama laya yafita nama toloshi ya makumbi makumbi,"shitata umo afwele akasote akabuta elo umbi afwele akasote akafita palya balelisha ifilimba, Banamayo bena tabafwele utusote",Ilaiti lilifye pantu bakemba beminine uku kumbi konsefye nakufita 
1876,Imbwa iyikwete ilangi lya fita notwa buta ilebutuka ,ilemoneka nalimo pali ifyo ilepepeka palubansa akasuba,kwena tapalemoneka nga palubansa kulemoneka ili mumpanga umwaba ifyani ifipi,"cine mwasosa, kwena uku nikumpanga ukwaba ifyani ifipi uko ilebutukila atemwa uko ilepepekela fintu imwene",cacine kwena pantu naibutukisha nganshi 
1877,Umusungu uwa chikalamba naikala eka mupepi no mwishi  nalimo kuli ifyo alelanguluka. bushe mwaume nangula mwanakashi?,"uyu muntu mwaume kwena, ni shitata, nici afwele umukanjo uutali ukulingana nefyo bafwala bashitata kuncende ekalila shitata uyu wine ",Namona kwena ku numa kuntu ekalile kulemoneka ukwafita  elyo naikata na kukanwa nafwala nama galasi,"cine alemoneka fintu alelanguluka fikalamba saana, pantu alemoneka uwasakamana nganshi",ku mutwe wakwe kuli nakasote ka makumbi makumbi nalimo ni shimapepo
1878,Abasungu umwume no mwanakashi baleseka ninshi nabeminina pa ntashi ye tuuka,"iyoo kwena, bonse babili banakashi abasungu aba, nicifye uyu uuli ku kulyo uufwele icampepo ica fitulukila netoloshi ilya fita akwete imishishi ishipi, eico amonekele nalimo mwaume",Cine mwasosa kwena nabekatilila nefikopo fya mutuntula mu minwe yabo  ifikwete notwa kunwinako utwa buta ,uyu umukashana uubelele ku kuso afwele icampepo ica fita netoloshi ilya makumbi makumbi,elyo uyu ku kuso afwele ica mpepo cakatapa katapa ne toloshi lya fita elyo pacikulwa pantu bemininine pali amalembo yafita alo balembele pa mutuntula
1879,Bashitata ba kufyalo fya kukulyo baleteya icangalo cimo ninshi uyu ufwele akasote alelelemba amatoni balepanga ,"uku kuncende babelele kulemoneka nalimo eko babombela, pantu kunuma yakwa shitata uyu uupetele amaboko kuli icisolobelo cimo",Cine nalimo bali pakutusha elyo baeba ukuti bangaleko kukupisha inshita ,"kuti caba ngefyo fine, elo shitata uyu uwiminine alemoneka nasekelela saana apo ale lembaula amatoni yene",elyo bonse fye abali apa balemoneka nabasendwa nefyo balecita 
1880,Abasungu apalemoneka banamayo batatu na shitata umo bali mu mpanga ninshi banamayo babili nabekala pa mabwe ,"shitata napaapa icola ca katapa katapa umupitileko ilangi ilya fita, elo nafwala nakasote aka makumbi makumbi ",kabili nabana mayo bene nabafwala ifisote fya buta kukubacingilila kuka suba pantu nakabala kwena ,"bushe abasungu aba batatu, bele mukucitenshi mumpanga umu umulemoneka umwaisula nefinga leta ubusanso pamyeo shabo?",Aba abantu balemoneka belefye mukutandalila impanga kukulesha icitendwe nangula balyumfwa ukuti iyi mpanga yalikwata ifilengwa nalesa ifyo bengatemwa ukumona 
1881,Utubwa tusano itwabuta tutu tulelila pamo ne konko,"tutatu tulemoneka natwingisha imitwe mu mbeketi iyabuta iyi tuponeshe, kuntanshi yatuko kuli na kaluku luku uule tamba fintu tulelya utu utubwa twamasako aya fufuma ",Kabili kuli ne nkonko ishili shine ishiminine ku numa ya tumbwa  shena nashiminina pa mbao ,"katwishi nga fyakulya nshi twingala fwaya mumbeketi mulya, pantu inkoko shilya ifya pusanako ku mbwa",nalimo kufwaya fye ukusangwa pamo pantu tulemoneka tuchili utunono utu tubwa 
1882,Abacaice bane abasungu apali abalumendo babili na bakashana babili balebelesha ukwangala kwa kulwa ninshi nabafwala ne mingila ya buta mucikulwa babeleseshamo,bonse abaice aba bali nemishipi isha mutuntula ishilanga epo bafika namasambililo aya mangalo ayakulwa aya balesambilila,Kumbali kwa chibansa balebeleseshamo kuli na bambi abaice abafwele ifya kufwala fimo fine na bena abaletambata ifyo abanabo balesambilila,"elo pali aba abaice, umulumendo aleposa ikofi kumu kashana uuiteyenye ukuseshapo ukuboko kwa mulumendo nga ikofi lyamu palama",pantu balebelesesha pali kapeti ya makumbi makumbi elyo ne ya kashika 
1883,Ibumba lya basungu bambi nabekala mu mbali yamusebo elyo bambi baleenda mumusebo,"icikulwa ici bekelepo pantanshi abantu, bushe te cilya beta ati otela? cilya abantu balipilila ukutushisha mu miputule nga bali palwendo elo tabakwete ukwaku sendama",Cacine kwena bekele pa fipuna fyapa ng'anda ya beni  balelya ne fya kulya elyo uyu umulumendo ufwele ilaya lya buta alelanda pali lamya,elo abekele bali mupepi necibumba ica katapa katapa ico balengapo utulemoneka nalimo fisabo ifya mutuntula,Namayo umukalamba  uuli pakati kabaleenda ena naposa amano kuli balya bekele 
1884,Umukashana Umusungu aleenda mumusebo eka ninshi  naimya nechola ca kashika ,"apa alepita pantanshi nipetuka ilya isalwa akale, balicingilila nama galashi yetuka nefipepala",apa aleendela alifye eka mumusebo nafwala ne laya lya fita elyo kunshi nako afwele icafitulukila ne sokoshi shafita,alemoneka nalimo kuli ifyo abikileko amano ifili pantanshi yakwe kuntu alolele ,cacine kwena pantu alekumpauka nganshi 
1885,Ubwato umuli abantu nalimo batatu lili pali bemba mukalamba ,uku kuntu babelele nakabala akasuba nelyo balepita mu bwato bwabo,Ubwato bwine nabukwata ica kucinga umwela wapa pali bemba,cilya ecikola umwela pakutila ubwato bwinga bomfya umwela wine ukwendela pali bemba,Oo namona kwena cilabomba incito iyi kakala nganshi 
1886,Ibumba lya basungu bali mumuputule imo ifi ninshi balenwa umwangashi no kupeepa ba fwaka ,"namayo uupalamine shitata uulelanda uufwele ifya makumbi makumbi, namwentula noku shibata nalimo alekapa ",elyo kuli shitata uufwele ilaya lya fita naiminina ukulolesha ku kulyo nalimo kuli ifyo aleenekela ukupokelela nomba nafikokola,uyu shitata uufwele ilaya lya makumbi makumbi naikata fwaka eyo alepeepa iili mukupwa ,cacine uyu umuputule nabausangula icikulwa ca bwalwa 
1887,Abasungu babili abalemoneka niba wishi no mwana bali kululamba lya bemba ninshi naba bika umwana munuma ,"umwana afwele ica mpepo ica kashika, bawishi bena bafwele ica fita, elo kuntanshi yabo kuli akale kunkulukila mu menshi aka kashika aka pala imbale",Cine aka kantu cilemoneka umwana uuli munuma ewa chikaposa elyo kuntashi pali bemba palemoneka no bulalo ubukalamba ,"cine ubulalo bwena bulya bukalamba nganshi, elo ukulingana nefyo bafwele ba wishi nomwana ku ncende uku babelele kuntu kwa talala",Ee nico nimupepi na menshi nanguline akasuba nakatula 
1888,Akamana kalipita pakati ya mpanga umwaba ifimuti ifishikwete amabula,"inshita iyi amabula yonse yaliponena panshi, namuyamona ka? elo mumpanga umu utumuti tonse tulemoneka tuntu twaonda",Eee namona nalimo ninshita ilya ifimuti filukusha amabula. nangula  emusango wafimuti fyaba muli iyi mpanga ,"fyonse ifimuti ifya mumpanga efyo filemoneka ukuba kwena, ilingi nga mwamona ifi ninshi inshiku sha mpepo shapalamina",Eee nimwe  mwasosa nalimo cili mweshi wa kasaka tobo ilyo ifimuti filukusha amabula 
1889,Shitata umusungu aali pali bemba nakakwendelepo kakwe akapala ubwato ninshi kuli amabimbi,shitata afwele fyonse ifyafita ifyakwangalilapo pa menshi,"elyo akakwendelapo kakwe nakakwata insalu ya malangi  ya makumbi makumbi, umutuntula elyo ne lya kashikila",akantu kakwe aleendelapo naka kwata akasalu kalya babika kuma bwato yamo nga balefwaya kakole umwela elo kalenge umwela usunke ubwato nangula aka akwendelapo umulumendo,namona kwena elyo pantanshi yakwe pali akasalu kalemoneka akakwete amalangi ayengi nalimo nako kali ku bwato 
1890,imbwa naiminina apalemoneka epo ikala ninshi kunuma yaiko kuli ichimbayambaya ca katapa katapa,"apa palu bansa ibelele palemoneka fye ifiko pantu pali ifisoso, ifipe fimo fimo elo futi pali namatipa, cili nalimo tapakokwele epo yacilokela imfula",Nalimo elyo bakukilepo pantu palemoneka ifisonso fya makuule ukulangilila ukuti elyo bapwile ukukuula iyi ng'anda ,"nomba nangula kukuka kwena, kuti balaba ukwingisha icimbusu icili panse icamun'ganda ica buta atiini?",Cilemoneka tabalapwishishisha bwino bwino ubukuule bwabo bwine
1891,Ibumba lya bantu abasungu  baleenda mumusebo pantanshi ya ili bumba pali abashilika ,"abantu mwibumba ili balemoneka nalimo kuli ifyo baleilishanya ukulingana nemikalile yakucalo cabo, eico baleba shindikila kuba shilika pakutila bailishanye mumutende",cacine aba bashilika babeleleko ukuti mumiilishaninshe babo tamufunine ulukakala nagula ififulunganya ,"elo abashilika bali kuntanshi pamo nakunumba ye bumba ili, kuli necimbaya mbaya caba shilika icili kunuma ya bonse aba",Eee namona kwena lelo kuli banamayo panuma ya uyu shitata ufwele icampepo ca fita abekatilile insalu apalembelwe nefya kashika 
1892,Umusungu umulumendo aleenda ukubomfya utusolobelo twakwendelako mu ncende umulokele imfula ya menshi makasa,"kumulu afwele icampepo ica makumbi makumbi netoloshi lya buta, aleshelemukila pakashimbi kamo uku bomfya aka aleendelapo. namumona ukuti kena aka takakwete ama wilo munshi?",Cine takakwete amawilo nalimo aka eko bapangalila ukushelelesha ku ncende ukulokele imfula ya menshi makasa ,"elo umulumendo uyu aleshelela munshita yabushiku, ninshi namalaiti babika mumusebo nayasanika",Eee emulandu wine abelele eka kuli ici cifulo
1893,Namayo umusungu naikala mucipuna ninshi naikata icitabo ico ashitilishe pa cifuba cakwe  ,"elo namayo uyu mumi monekele yakwe aposele amano muku tamba ifile tambika pacitunshi tunshi, nafwala ilaya netoloshi ifya buta",Umo ali cilemoneka nimu ng'anda yakwe  kabili ku numa yakwe kuli icitushi tushi na cimbi nalimo tachibomba ,"elo kunuma yakwe kuli bashitata babili, umo naiminina ku kuso uulemonekako uwacilumendo, elo umbi naikala pacipuna ku kulyo..uuli ku kulyo nabamu cinga umutwe kucitunshi tunshi cine icilemoneka nalimo taci bomba",namona kwena fintu namayo alemoneka pa menso ifyo aletamba nafimufika pa mutima 
1894,Banamayo  batatu abasungu  nabekala mwikalasi lya kusambilila ukupikula ,banamayo aba balemoneka abacikulile bonse abali muncende iyi basambilila ukupikwilamo,Namona kwena bakalamba aya amasambililo nalimo yakubafwilishako ukusambilila inshila sha kuleseshamo icitendwe ,"cacine ico mwasosa, bale bafunda umwaku pwisisha icitendwe nga nabekala beka mung'anda",Uyu namayo ufwele ilaya lya fita ena aleesha no kubelesha nangula ukupanga fimo kufyo alesambilila
1895,Umukashana Umusungu naikala pa ntashi yachitushi tushi cakwe mumuputule wakwe ninshi alemwetula ,alemoneka kuli ifyo aletamba paka tunshi tunshi kakwe akaku lela pamolu aka,Elyo ekele pa busanshi  bwakwe ninshi nafwala ica mpepo ca kashikila ,elo futi alemoneka aletuusha apa aletamba ifili pakatunshi tunshi kakwe mumuputule wakwe,cina mwasosa elyo mumuputule wakwe muli ifyo beminike ku tanshi kulya nabafipomba muli plastic ngefi
1896,Shitata umusungu aleshana necilubi icapala na mayo pakati ka musebo,"kumbali yakwe umu mukalale ali abantu abengi balemutamba, nateya nakasote akafita panshi eko abantu benga poselamo kalusangu nga batemwa ifyo aleshana",Cine elyo kuli namayo umo uulekopa ifyo aleeshana nashitata uwimike ifyo asendele pa kuti atambe bwino ifyo shitata aleshana ne cilubi  ,"cili nalimo bali babili banamayo abalemu kopa shitata uyu, umo uufukeme ku kuso elo naumbi uwiminine ku kulyo",Icilubi aleshana naco nacifwika ilaya lya kashika elyo neca mpepo cafita 
1897,Umulumendo umusungu alekwela icibumba ne ncinga yakwe ninshi nafwala necha kucinga ku mutwe ,"ici bumba cintu alekwelekako incinga yakwe cintu balengaulako nama langi aya pusana pusana ayengi , Nomba akwanishe shani ukukweleka incinga kucibumba umulumendo uyu?",Kwena cilemoneka untu wabelesha ukwangala muli uyu musango pantu abalumendo baba nefyakucita cita ,"awe kwena muntu washupa uyu, pantu cintu cakupapusha umuntu uku kwanisha ukukweleka incinga kucibumba",cine kwena abalumendo baba ne ncito elyo muntu ali kunuma kulemoneka ne linga lya tushimbi
1898,Imbwa shibili isha buta shilebutuka mufyani mupepi no musebo ,"imo pali shibili imbwa ishi intu yakwata amasako aya fufuma, einonopo napainankwe",cine tashili shamusango umo wine iyo lelo shilemoneka shangalila pamo,"nde cetekela shikala pang'anda imoine kabili shakwata abene bamobene, eico shintu shilemoneka isha belela ukwangalila pamo",Namona kwena mufyani muntu shilebutukila muli nopu maluba twa buta
1899,abasungu abaume apali no mwaice bali pa cakwangalilapo icishingulusha pantu cakwata umusebo wacibulungwa ,nicilya icakwata umo cipita umwapala inyanji eyo bapanga ukupitila mumulu elo futi yabafye iyashinguluka noku pombana inshila cipitamo,Namona kwena ici cintu cikwete ilangi lya mutuntula elyo abakelemo nabachingilila no tushimbi tutu bekete filya imishipi sha mucimbaya mbaya shicingilila,"nabekatilila notushimbi utu utuleba cingilila kukupona, pantu icimbayambaya ici cintu cipilibuka mumisango shonse palya cileenda paka nyanji kaciko akapita mumwela",cacine balemoneka baleipakisha ifyo ici cimbayambaya cilebatwalaika
1900,Umusungu umulumendo aleenda pa ntambo iyo bapisha pa kati ka mpili ninshi nakakwa ne ntambo imbi mumusana wakwe iya kumucingilila nga ali ponene,nafwala ilaya lya makumbi makumbi kumulu nakaputula iya fita kunshi palya alelwisha ukwenda pantambo ukufuma pamulu yalupili lumo nokufika pamulu yalupili lumbi,Intambo ine yintu aleendapo yintu yabuta elyo nafwala nefya kucingilila iminwe ifya fita pantu aleenda patali nganshi ,"cine apa aleenda patali nganshi, pantu ifimuti ifili pamulu yalupili alelolako fileingilako namu makumbi panono",awe kwena umulumendo uyu takwata mwenso pantu fintu aleenda pa ntambo nateka no mutima 
1901,"umulumendo umusungu kateya wamupila napanta umupila namaka yakwe yonse, acita nokwimya ulukungu ululi panshi ya fyani fyacibansa","kunuma yakwe apataliko panono kuli naumbi uuteyela pamo na uyu umulumendo, nao afwele fimofine ifyaku teyelamo umupila, ica katapa katapa kumulu, nakaputula pamo nensokoshi ifya fita",Cine cilemoneka nalimo uko bafwile ukwingisha utukato pa kuti bapange amatoni niuku balepatila umupila ,bushe aba tabale iteyelafye beka pakutila beshibishe imiteyele yamupila? pantu takule moneka nabambi mucibansa,nanguline baleiteyela fya kulaba ukwingisha utukato nge nshila yakusambilimo ukwingisha utukato
1902,icilubi icamukashana umusungu ico babashile kwi ilibwe Ilya buta nacikata kumutwe,"kwena uwaci bashile muntu uwakokolamo mukubasa ifilubi, pantu uyu umukashana abashile alemoneka filyafine umukashana umusungu amoneka",elyo kunuma kwa ici cilubi kuli nacimbi cilubi icilemoneka nge caume ,"cine kuli nacimbi icilubi ico ba basa bwino ngeci icili pantanshi, bushe finshi babomfya pakubasa amabwe mufilubi ifi?",kwena balabofya iloba lye buumba ilyo bapisha mumulilo pakuti nangula ifula yalishile tafisungwilike elyo limo balabomfya amaloba yakukulila aya cement pa kuti fingakosa
1903,abaice babili umulumendo nomu kashana abasungu bale angalalila mupepi necibumba icilemoneka nalimo pacifuma ukulokela imfula,"kuli na shitata uuletamba ifyo baleangala, elo apo banyantile palemoneka amenshi ayekalile ponse panuma kwaku loka kwamfula", kwena imfula icili ileloka pantu amenshi yachili yaleituluka ufuma pa mutenge nayabomfya ne cibumba cibacingilile ku mfula    ,"oo? ine mbwene ukuti taikokwele epo ilekele imfula iyi eico amenshi yalikunkulikila ku cibumba, kanshi icili ileloka?",ee icili ileloka kabili naikula nganshi iyi mfula kulemoneka naicilikila abantu abengi ne milimo yabo
1904,"umukashana umusungu nasunsumana kumbali yakwa shitata nao umusungu uwikele pakapuna akafita, umukashana alemoneka nalimo alelomba ulusa kuli shitata uyu uwikele","cine kuti caba nga ifyofine, limbi umukashana mwana we skulu ilya masambililo aya kubu kalamba, elo shitata uyu alemoneka nalimo nikafundisha uku kuncende, munshi yakapuna kakwe pali icakukopelako utukope",Cacine kwena elyo muntu bali muli utupuna twafita  elyo umukashana nafwala ilaya lya makumbi makumbi napatapata wakatapa katapa,"shitata ena afwele ilaya nensapato ifya fita netoloshi ilya makumbi makumbi, elo umukashana bakobeka akacola akafita kukubeya kwakwe ukwaku kuso",Mukumoneka kwakwe shitata nabikako amano kufyo namayo alemweba 
1905,abana abalumendo ba mwenye bale angala ubwangalo ubwa kuma akamupila akanono nembao yakubashilila iyatelela bwino kumbali yali bemba,"kunuma yabo kuli shitata mwenye uulemwentula palya alepita nokuba tamba, elo futi akatalamukila napo babelele kuli ubulalo ubukalamba saana","Cacine kwena, pantu bali pali umuchanga kabili pali ne finsoso ifyo baposaikafye",bushe cinshi cilya beminike kunuma yamulumendo uuleiteyanya ukuma akamupila eko balamu posela?,kwenacilemonena mabwe yantu babikile pa mabwe  yanakwe  elyo umulumendo uleiteyanya ukuma akamupila nafwala na kasote kabuta 
1906,imbwa iyafita amasako iyikwete nakamushipi mumukoshi aka kashika akalangilila ukuti yalikwata abene ilebutuka mufyani ifitali,"nayasama nolulimi luli panse yakanwa ku kuso kwaiko palya ilebutuka, bushe ilebutuka fye nangula kuli ifyo ilepepeka?",kwena ilebutuka kwati kuli ifyo ilepepeka mu panga ili,"cine kuti caba ifyofine, limbi abene baiko nabo tabali apatali nayo imbwa iyi, limbi nabo balekonkamo",Eee nalimo kuli uko baleya pamo na bene elyo yena naitangilako
1907,bashitata abasungu batatu bali pali ba kabalwe batatu baleshimika ilyashi palya baleenda ukulemoneka nalimo nikumpanga,bashitata babili uuli ku kuso na pakati balemoneka balesekelela ifyo alelanda shitata uuli ku kulyo,nabafwala no tusote kabili babili pali aba nabafwala amalaya ya katapa katapa elyo umo pabafwele amalaya ya katapa katapa ilaya lwakwe nalisuka pantashi kukulanga ulufumo  ,"imifwalile yabo ilelanga ukuti kuncende babelele kuntu kwakaba, elo shitata uuli kukuso kuli insalu emishe iya buuta, bushe yanshi insalu ilya emishe shitata uyu?",kwena tensalu iyi ali nayo  lisaka emishe ilya buta umo alongele fimo elyo nafikulika kuli kabalwe
1908,"abasungu basano, abalumendo bane nomukashana nabekala panshi kumbali yacikulwa ninshi nabashintilila kucibumba balemoneka nalimo baletuusha","cine balemoneka nalimo bacila bomba nomba banaka nakasuba kabala, apa baikalako ati batusheko nokulyako utwakulya tumo tumo",kabili bonse nabafwala amatoloshi ya makumbi makumbi  elyo kucibumba bashitilishe kuli ilangi lya mututula ,"umukashana ewikele pakati yabalumendo aba ali nabo, elo cili nalimo bale bombela pacikulwa icili kunuma yabo ico bashintilileko, pantu mupepi nomukashana kuli ama sando yabili, futi kukulyo kuli icola icilemoneka cikwete ifingi ifisolobelo",cacine kwena cilemoneka ubukuule encito aba bantu babomba pantu nabashingulukwa nefibombelo fyalekana lekana 
1909,"abasungu bali mucikulwa nabakumana balelanshanya ifilekuma incito yabo, nabakwata namapepala petebulo","namayo uyu uufwele ica kashika alemoneka nalimo entungulushi pancende apa bakumanine, elo alemoneka kuli efyo ale balondolwela",Cine mwasosa elyo abantu alelondolwela naba bikako amano ukuti bomfwikishe ifyo alelanda ,"elo umu bakumanine, cili nalimo kuli ifyo balingile ukubika bwino pancende apa babombela, pakutila benga bomba bwino kuntanshi",cine nalimo kuli ifyo tabalebomba bwino ifyo abakalamba ba ncito balefwaya ukuti babombe bwino 
1910,shitata na namayo abatemwana nabeminina mucintelelwe pantanshi yacikulwa balelanshanya ninshi nabekatana namaboko,"elo ifiibi fyacikulwa ifi fyapangwa nama galashi ayalelanga efyo balemoneka palya beminine, ama galashi yalelanga nomuntu uwiminine pantanshi yabo",Namona kwenaelyo bonse bafwele amatoloshi ya makumbi makumbi nabakwata ne fyola shitata nafwala nelaya lyabuta umuli na katapa katapa,"cine elyo kabili nabafwala namagalasi yakucingilila amenso pantu akasuba nakabala nganshi, namayo ena nafwala nelaya lya kashika ",ukulingana nefyo icilola cilelanga kuli ici mbaya mbaya ca buta icilepita mu musebo
1911,"abalumendo babili abasungu bali mucikulwa umo balelisha ifilimba, uuli ku kuso aleimba elo uuli ku kulyo alelisha ifilimba fimbi","umu muncende babelele mulemoneka nalimo niyalya amayanda bemiika pakashita akanono ukulingana necibumba efyo cilemoneka ica nsalu, mwamonapo shani?",Ee cine icibumba cilemoneka ica nsalu elyo kabili uyu uususumene alemoneka alewamya ifilimba babomfya ,pakati ya balumendo aba pali icishimbi icitali icisunga insalu yacikulwa mumulu pakutila ingaba nalimo mutenge,Ee cacine nalimo kuli uko bele kukwimbila ukushaba amayanda ya beni 
1912,abasungu babili shitata na namayo nabeminina panse yacikulwa icilemoneka ukuti emo babombela,"uku kuncende babelele kulemoneka ukwakaba ukulingana nefyo bafwele bonse babili, bakaputula abalepela mumakufi. bushe finshi ekete uyu shitata?",cilemoneka cakubomfya mumisambilishe iyo bapekenya ukukwata ,"oo cine kwena kuti caba ifyofine, cimo akobeke mucisalu cilya emishe cilemoneka nalimo mucila wakwa kolwe uwakupanga uwabula amasako",namona kwena kabili ifyo balelashanya filemoneka nafikuuma cintu shitata ekete muminwe yakwe 
1913,shitata na namayo abakalamba baleenda pakati yafikulwa ifitali nganshi,"elo ifi ifikulwa filemoneka kale bakulile, apo baleendela konse balibika umusebo naba konkili, takulemonekapo iloba nangula ifiko ifili fyonse",Cacine kulemoneka ukwabusaka nganshi ifisoso fyonse nabafibika mu ng'ungulu ya plastic nangula mu fibokoshi fili mu mbali yamusebo,"elo shitata na namayo uyu balemoneka nalimo elo beleko akakubalilapo kuncende iyi balepitamo, namayo kuli nefyo ale langilila shitata ifili ku kulyo kwabo",nalimo namayo ena alishibako kuli iyi ncende emulandu alelangila shitata 
1914,"bashitata babili abasungu bali mumuputule uwakwipikilamo umo aleoca inkoko ishingi, elo umbi naiminina aletamba","nde enekela uyu uwiminine nao aleafwako umunankwe ukwipika, bonse babili nabafwala ifyakufwala ifyabuta ifyaku bombelamo ",muntu bali umwakwipikila namwisula icushi cifumine ku koca inama uyu wiminine akatalamukila nafwala na galasi ,elo umu muncende baleipikila namulanga ukuti ili ituuka bashitishishamo ifyakulya likalamba,cine kumwenefye na ku bwingi bwa nkoko baleoca
1915,abaume abengi ba namutekenya balecimfyana mubwangalo ubwaku butausha utumbayambaya utunono,"imibili shabo shilifye panse mutu mbayambaya utubale ensha, eico bafwalile ifyakuicingilila kubusanso nga bati bapone ",cacine kwena elyo ifyo bafwele ifyakucinga ku mutwe fintu fyabuta kabili tabalemoneka napa menso ,utu utumbayambaya bale cimfyanishapo tuntu utubutuka saana nangula tulemoneka utwacepa ,cine tulabutuka sana pantu twaliba sana mupepi no mushili 
1916,shitata umusungu ali kumbali yamusebo umulepita ifimbayambaya ninshi naimya incinga acila cofa palya imfula ileloka,"nafwala icimpompo ica fita, ica mpepo ica kashika netoloshi ilya fitulukila, nomba, bushe cinsi emishe incinga yakwe shitata uyu nelyo kuti aicofa?",nalimo incinga naikwata ubwafya  emulandu aimishe nangula alefwaya alange ukuti nakwe alikwata amaka,"kuti caba ati incinga ili nobwafya kwena, pantu bushe kuti bakumona uwamaka abantu nga nincinga wimishefye? elo futi kuti caba ati aletina ukutelela noku ponena pamusebo apale pita ifimbayambaya palya alecofa mumfula",kwena fintu mwasosa mukulekelesha kuti caba ngefyo fine pantu imfula elyo yafuma mukuloka kwena 
1917,"shitata uwafita inkanda ali netuuka lyakwe elyo engasesha ukulikonse engafwaya ukutantikila, ali kumbali yamusebo aleshitisha ifyakulya","alemoneka uwasekelela apo ali shitata, mukakopo kama galashi akali petuka lyakwe muli indalama, nakapalamina ukwisula",cine kwena alemoneka uwa sekelela elyo ituka lyakwe line pa muulu pali ifibokoshi elyo monse umuli amagalasi alibikamo ifipepala kukucingilila ukuti ifili mu kati  ukuti filamoneka ,"alemoneka nakokola mumakwebo yakwe uyu shitata, pantu netuuka lyakwe ili lilemoneka nakokolako ukubomba nalyo",cine kwena elyo pe tuuka line balilembaulapo amashiwi yalekana lekana 
1918,ibumba lyabantu lili mumusebo mukalale kubasungu ninshi umulu ulemoneka uwamfula,pebumba ili kuli shitata uwikete insalu iyipalile yaku calo cakwe iya mutuntula iyili kukashimbi,elyo banamayo babili abafwele amalaya yabuta ne fyafita kunshi balemoneka kuli ifyo balelolesha muulu ,"abantu bafulile mumusebo wa ku kuso, uwa ku kulyo mulifye shitata umo uuli mufyakufwala ifyafita uwiminine akatalamukila na shitata uyu uwikete insalu ya mutuntula, bushe cinshi bafulile ku kuso abantu?",nalimo ku kuso eko basuminsha ukuti abantu baleendela elyo ku kulyo kwa fimbaya mbaya
1919,namayo umusungu umukalamba namaliketi namwentula palya alebula umusalu nokulonga mukacola,"cilemoneka nalimo ebo alelongela nabashita uwingi umusalu, kuti caba ati nabashita nayambi amakwebo aleshitisha namayo uyu",Cacine mwasosa elyo pa musalu umo umo uo aleshitisha pali no mutengo elyo ena namayo nafwala icampepo ca katapa katapa,"kunuma yakwe akatalamukila napo aleshitisisha kuli icimbayambaya ica katapa katapa naco, bushe naciminina nangula cilepita?",Kwena cilemoneka naciminina elyo ciminine mupepi na mushi yacimuti
1920,abasungu shitata na namayo abatemwikwa nabekala pamupando uwamu kalale uo bapangila abantu ukwikalapo noku tuusha uwe langi lya buta,"shitata nabika fwaka kukanwa iyo tala asha, elo nangula kulemoneka nalimo akasuba nakabala uku bali, nakutalala pantu bonse nabalepita kunuma ya aba abatemwikwa babili nabafwala ifyampepo",kabili pantu bekalile kunuma yabo kulepita ifimbayambaya fya buta nefya fita ,"namayo nakaka icitambala ica katapa katapa kumutwe, nafwala netoloshi ilya makumbi makumbi",pantu pabelele icipuna bekelepo pali ifyani fyasakamanwa bwino nganshi
1921,imbwa ishingi nabashikakilila kucaku shelemukila pamenshi makasa pakutila shilecidonsa ninshi nakwelapo umuntu uulefwaya ukwenda mumpili umu bali ,umu mumpili babelele mulemoneka umwa fimuti saana kabili umwa talala,kabili ishi imbwa nashikulikwa ku ntambo ya makumbi makumbi neya kashika ,"elo intambo ishi bashipanga isha papatala pakutila shila cena imbwa nga shiledonsa icaku shelemukilapo, kabili intambo shine shintu shakosa",uku kwine bali kuli ne fimuti fimo amabula yafiko nayafimbwa na menshi makasa 
1922,"akabungwe kabasungu abali cine konse konse nabeminina balelolesha kuntanshi yabo mukalale, umo pali bena nakwata nencinga",aka akabungwe kabantu kalemoneka kali pamo nebumba ili ilelolela fimo panse yacikulwa cimo munshita yakasuba,cacine pali ili bumba pali namayo umo elyo fintu balemoneka nalimo beni muli uyu musumba ,"cine balemoneka beni apa pancende babelele, cili nalimo beshile mukutamba ifintu fimo uku kuntu bali",cine mwasosa elyo nanamayo bali nakwe nakwata ne chola ca katapa katapa 
1923,umukashana umusungu ali mumuputule naikala panshi ale esha ukufwala insapato iifika mumakufi ubutali,"Ku kuso kwakwe uyu umukashana uule lwisha ukufwala ulusapato, kuli naumbi umukashana umusungu uwikele pacipuna uusekele fimo",cacine balemoneka ni pali bumunyina elyo uyu uwikele panshi afumine kukushita ishi nsapato alelingamo,"cine mwasosa, uyu aleeshamo insapato ashitile ukumona ifyo shilemu linga, elo futi mumuputule babelele mulemoneka umwafiitako panono",nalimo ico umukashana ali nakwe alemusekela nico insapato ashitile naicepa pantu ifi ekele panshi cilemoneka alepatikisha ukuti engengila muli iyi nsapato
1924,shitata umusungu ali mucikulwa cakulisishamo ifilimba nokukwimba alelisha banco ninshi pantanshi pakwe pali icisolobelo cilya icikusha ukumfwika kwe shiwi nga umuntu alelanda nangula ukwimba ,"shitata uyu aba nemyemfu ishitali, nafwala nelaya ilya kashika pamo netoloshi ilyafita",Kulemoneka aleimba fye eka pantu takuli muntu ali nankwe pa ntashi ye bumba ,"cine uyu alelishafye banco nokwimba eka, inyimbo yakwe limbi tailefwaika ifilimba nafimbi, kuti akwanisha ukwimba nokulisha filya fine ali eka",cine mwasosa nalimo nakwe alitemwafye ukuti aleimba eka
1925,abakashana babili abasungu nabeminina pantanshi yacibumba balelolesha akakope kali  pakatunshi tunshi kabo ,"icibumba ici bemininepo cilemoneka ca cela elo cintu balenga ilangi lya makumbi makumbi, nomba pacibumba pene pali namalembo bashilaulapo aya buuta",kwena icikope baleloshapo nachibasekesha nganshi pantu balemwetula elyo bonse nabakwata ifyola fya fita  elyo uufwele ilaya lyaa buta nakwata nama galasi yafita  mu mutwe,"bonse babili bafwele utumalaya twabakashana utwipi kunshi, uuli ku kulyo afwele aka buuta elo umunankwe afwele aka makumbi makumbi, kumulu kwena uuli ku kulyo afwele aka kashika ninshi uuli ku kuso afwele aka buuta",Cine balemoneka fibusa sana aba bakashana 
1926,Abasungu babili umwaume no mwanakashi abaupana bali mwishitima ninshi shitata aleshipula ,bushe lishitima ili? ilemoneka ni saca ilya iikalamba...elo kunuma yabaupana aba kuli shitata uufwele ama galashi uushipwile nankwe ,kwena lishitima ili pantu  nimwishitima umuba utushimbi twakwikatililako,"oo namona kwena, notupuna twine tulelanga ukuti lishitima ili, nomba bushe mwalishiba ukuti ba saca bambi abakalamba nabo balakwata utushimbi mukati kubasungu?",iyo mukwai shaishiba nalimo kuti yaba ni saca nga fintu musosele
1927,bashitata abasungu abali cine konse konse balebebeta imilimo yabombelwe pa cikulwa cili pa ntanshi ,"umu munshi babelele mulemoneka nalimo ni munshi yabulalo ubukalamba saana, mulemonapo shani?",cacine nalimo balebebeta ubulalo bwine elyo bonse nabafwala utwapa muulu utwa kashikila ,"nga uyu shitata uuli ku kulyo uutafwele akakashikila uuli mwitoloshi ilya makumbi makumbi, uwimininefye aletamba abanankwe, ena tabomba nabo?",kulemoneka kulifye fimbi ifyo alebomba lwa mupepi pantu taposeleko na mano kufyo balecita
1928,namayo umo nakwela pa ncinga nafwala ifya kashika ,uyu muntu ali mumwela apa atolweshe incinga yakwe pamulundu elo aleikila panshi,Eee namona kwena elyo kuntu aleya kwaliba ifimuti ne mpili no musebo we loba lyakashika,"cacine mwasosa, uku kuncende kulemoneka nalimo nikulya ukwaba pakati ya mpili",ifi aletoloka nachiwama pantu nafwala ifya kucinga ku muutwe kabili alemoneka napapa naka chola munuma 
1929,bana mayo ba cikalamba abali bane elyo nashitata umo nabeminina pa ntanshi ya tuuka lishitisha ifyakulya pa mbali ya musebo ,"uuli pakati kuli eko emishe eko alelolekesha, bushe ninshi iyi alelokesha namayo uyu?",kwena filemoneka fyakulya ifyo ili tuuka lileshitisha ifyo babikile ukuti abalefwaya ukushita bengofwilako nga nafiwama ,"oo cine kwena efyo cili nifyofine, nomba namayo uyu alefilolekesha nalimo tacetekele abafipekenye", nalimo umuku wakubalilapo kuli uyu namayo ukushita ifyakulya fyamu musebo emulandu wine alefibebetela muli uyu musango
1930,abanakashi batatu abasungu  nabekala pa chipuna mu mbali ya chibumba ca muntutula ,"pamulu yamitwe shabo pali ishina ilyamucisungu ililembekwe ne langi lyafita pacibumba, 'Jane' eshina ilili pacibumba",elyo bonse bafwele amatoloshi ya makumbi makumbi nabakwata ne fyola ifyapusana pusana amalangi ,"umu bekele mulemoneka nimulya bakwelela amashitima munshi yamuma kalale yaku basungu..elyo futi akapuna bekelepo kanono, nakalenga ukuti batitikane palya bekele",cine naine nimbona kwena cilemoneka balishibana pakuti basumine ukwikala ifi balemoneka fibusa 
1931,Namayo umo naininina ku mbali ya bemba ninshi akasuba kali mukuwa ,naimya namaboko yakwe nalimo aleshana nangula ukutukusha umubili uku ali kumbali yali bemba,Cacine alemoneka aleipakisha ukuwa kwakasuba ninshi umo ali kumbali ya bemba ,"akatalamukila napo eminine namayo uyu ku kuso kuli ubwato pali bemba, elyo futi kuntanshi apatali kulemoneka impili",cine  ni ncende iyi suma nganshi iyawama ukumona lilya akasuba kalewa
1932,Umwaume no mwanakashi abasungu nabeminina balemona ifikope bacilakopa pa chakukopelako chabo,"bonse babili nabafwala ifyafita ifyakufwala, elo uku kuncende bali kulemoneka nalimo nikulya bakuulila pakati ya mpanga",ee balemoneka baciya mukukwata akanshita ka suma ku mpanga yacingililwa nalimo bali  mucitemwiko,"kwena kuti caba ngefyo fine mwasosa, apa beminine balekweleka apo bakula, elyo konse kulemonekafye ukwa katapa katapa, takulemonekapo ifyani nangula amabula ayafimuti aya uma",cine ni ncende basakamana bwino  sana nalimo kuli nolupiya bachilipila pa kuti bengaipakisha ukuba kuli ici cifulo
1933,Namayo uwa mushiku wacikulile nalala panshi pantu ashikefye icibokoshi  mumbali yachibumba ,bushe nipamanda apa asendamine panshi namayo uyu nangula ni palya bapepela abantu?,palemoneka nipalya bapepela pantu  pamuulu pali akalubi ka lengwa ako bamo babomfya mumipepele yabo,"cine namayo uyu alemoneka ali mumafya ayamu pakese ububi saana, pakutila ese anshika noku sendama apa bapepela",cacine nalimo eshile kukusendama apa pa kuti engalapepa ubushiku nakasuba amafya akwete yakalamba nganshi 
1934,imbwa shine ishile ne langi lya buta mwapita no twa fita elyo ne sha kashikila shileangala ubwangalo bwa cimfyana ulubilo,"nabashifwika notwaku fwala utwakwata impendwa ishapusana pusana, shilebutukila mucibansa umwafula iloba",kabili nabashisala no tunwa pa kuti takuli ifya kupufyana lilya shilebutuka ,elo shonse bashi fwikile utwabuta utwaku shisala utunwa palya shilebutuka,kwena shalisambilishiwa bwino ukuti shinga sendamo ulubali muli uku kucifyana pantu nashibutukisha nganshi
1935,umwana umulumendo umusungu alelolekesha fimo ifili mu minwe yakwe .bushe finshi akwete ifyo alebebeta?,"ici cintu cilemoneka nalimo cipapa cacisabo eco ekete muminwe umulumendo uyu, lelo nshishibe bwino nga eco ",kwena kuti caba elyo umulumendo wine nafwala ilaya lya  makumbi makumbi,"nomba icintu ekete alecilolesha nalimo tacimonapo, alemoneka nalimo napapa saana apa alecilolesha",cine mwasosa pantu napamenso alemoneka uwa papushiwa pafyo alemona elyo ku numa yakwe kuli filemoneka ifya katapa katapa nalimo ni mpanga nangu amaluba 
1936,Umulumendo umo ali muulu panuma yakutoloka ukubomfya akakushelemukilako mu menshi makasa ,"nafwala icampepo ica kashika netoloshi ilya mutuntula, elo palya atolweke patali kwena",cacine nalimo aletoloka ukufuma pa muulu walumpili elyo nafwala neca kucingilila umutwe ,"nifyofine mwasosa, palya atolweke nipamulu walupili, nalo ulupili ulukalamba saana",elyo alemoneka untu waishibisha ifyo alecita pantu tamuli no mwenso iyo
1937,iminwe sha bakashana babili umo alewamya umunankwe amaala ya ku minwe ,"bonse babili bakashana aba basungu ukulingana nemimonekele yaminwe shabo, nabanshika nensalu iya kashikila epo balei wamisha amaala",cacine kwena pe tebulo lya buta pantu bali pali negalasi lya mwangashi ,bushe umu balemu wamya amaala temwi tuuka lilya ba wamishamo amaala yakuminwe naku makasa?,cilemoneka emo mwine  pantu icifulo nacipekanishiwa bwino nganshi
1938,Umusungu umulumendo nakotamina mu chishiba ca menshi ico bapanga pa ntashi ya chikulwa ,"alemoneka nalimo ni shitata uyu kwena, akasuba nakabala uku abelele eico afwalile akasote kumutwe",cacine alemoneka kulyo ifyo alewamya kuca mpepo cakwe ukubomfya amenshi yene aya,"mwasosa, uyu kuli icintu icaci lamfya icampepo cakwe, eico eshile pamenshi apa pakuti aciwamye",Ee cine mwasosa nafwala ne toloshi lya makumbi makumbi kuntashi yakwe kulemoneka amaluba yantu basakamana bwino
1939,namayo umusungu aleenda mumusebo ukulola ku cibumbwa ca muntu uwaikatilila incinga  ica golide ,"umu namayo abelele nimu kalale, alelolesha ku kulyo kwakwe, cili nalimo kuli efyo akumbwa mwituuka limo",namona kwena elyo kunuma yakwe kuli fikulwa ifitali nganshi ,"elo namayo uyu alemoneka nalimo mulendo waku ncende uku aleendela, nalimo eshile muku tandalila iyi ncende",nalimo kuti caba ngefyo fine mwasosa pantu alelolesha lolesha ifili mu musebo
1940,Namayo umo naba shitata babili nabeminina pa ntanshi ye tebulo ilikwete amalaiti ayengi ,"shitata naikata ipepala ilikwata amalyashi yape sonde yaku calo ico babamo, bushe nimu cikulwa nshi ici balimo?",cilemoneka bali mucikulwa bebukishisha  abatemwikwa babo abafwile pali ubu bushiku emulandu bakwatile amalaiti ayengi ,"oo namona kwena, kucibumba kuntu balembaula amashiwi yamu citundu, pamo neshina lya muntu uwayasosele",cacine elyo ninshi uyu muntu alifwa kanshi balemwibukisha ninshi namashiwi asosele yali pa ntashi yabo
1941,Nabwinga umusungu naikala pa chipelwa ninshi shibwinga naiminina ku numa yakwe balekopwa icikope  ,kumbali kuli nomulumendo umukwabo uuletamba fintu balekopwa ba nabwinga na ba shibwinga,kuntu balekopelwa nikulya abaice bangalila pantu kuli no mwaice ku numa yabo,"bashitata abalebakopa nabafwala icampepo ica fita, elo bakwete ifyaku kopelako fibili, cimo ico balebomfya elyo cimbi nabaci kobeka kukubeya kwaku kulyo kwabo",kwena cilemoneka cilya bakobeke chola umwikala ica kukopelako kabili apa pene balekopelwa napacingililwa ne linga lya mbao elyo nelya tushimbi
1942,imbwa nailala pa kapeti ninshi na pushi nalala lwa mupepi nakwe ,"kwena imbwa iyi na pushi uyu balomfwana, balecita nokui lambalila mupepi",cine balemoneka fibusa nganshi ,"nde enekela pushi nembwa iyi fyakulilafye pamo, ecingalenga ukuti fileumfwana mumusango uyu",cine nalimo abene nabo balibombesha ukuti ifi fitekwa fileumfwana 
1943,Umwana umulumendo umusungu naikala pa chipelwa alepeluka,"uyu umwana alemoneka teti acile imyaka shibili nangula shitatu, alifye uwasekelela palya alepeluka pacimpelwa",natemwa nganshi elyo nafwala ilaya lya katapa katapa elyo nakaputula iya makumbi makumbi,elo pacibansa apa alepelukila pantu apa fula umucanga uwapala ulya uusangwa kumbali yali bemba,nalimo ici cipelwa cabela mupepi na bemba  nangula ing'anda yabo yaba mupepi na bemba 
1944,Abasungu babili umwaume no mwanakanshi baleenda mu musebo muli umuchanga uwingi nganshi ,ukubalepitila bushe teuku kwalokele infula ya menshi makasa ilya beta ukuti snow? pantu balemoneka nabafwala ifya mpepo..elo pantu baleenda pantu pabuuta,iyo mukwai te menshi aya muchanga uyu pantu nga menshi makasa mumusebo uuli kunuma yabo ngakulemoneka ifya buta ,"oo cine mwasosa, elo tonse utumuti kuncende babelele tulemoneka utwabula amabula",namona kwena nalimo kwalibako nga kuciswebebe pantu kuelemoneka ukwauma sana 
1945,Umwana umukashana umusungu alenwa  amakabe ukubomfya akakunwinako ka fita akali mu cikopo bashitishilamo  amakabe ,"uyu umwana nafwala ilaya ilya mutuntula, nomba cinshi akakile inkanshi palya alenwa, ninshi tafiweme ifintu alenwa?",Nalimo tafitemenwe fintu alenwa nalimo tamuli isukale emulandu wine alemonekela fi pa menso ,nakaka naka tambala aka maluba maluba kumutwe umukashana uyu,kabili kunuma yakwe kuli filemoneka nge imbao umuli ne fyabuta 
1946,Ibumba lyaba shimakwebo bafita baleshitisha no kushita isabi  ilingi ,"umu muncende balelongolwela amasabi, muli nefimbayambaya fibili, cilemoneka nalimo emo balelongolola isabi",cine icimbaya mbaya cimbi nacileta isabi elyo cimbi cishile kukusenda isabi baletele,"oo cine nimwe mwasosa, elo kwena pakuloba isabi ilyafula ngefi babomfeshe amasumbu ayakalamba nganshi",elyo bonse bashitata abalebombela kukulonga no kwikisha isabi line nabafwala amajombo ku molu 
1947,Namayo umo uuli pa ntashi ye bumba lya bantu alelemba fimo. bushe finshi alelemba? ,"uyu namayo abombela mwi tuuka umo ba shitisha ifyakulya nefyakunwa, eico akwatile apakulemba pakutila talabile ifintu balefwaya abaleshita ",oo namona alelemba ifyo abeshile kukushita balemweba ukuti efyo balefwala baba pekanishishe ,"nafwala ilaya ilya buuta netoloshi lya fita, elo umushipi akakile naupala inkanda yakwe mumi monekele..nicifye wena umushipi wafiitako panono",kulemoneka ici cifulo calishibikwa sana pantu napafula abantu abeshile ku kulya 
1948,Umwana umulumendo umusungu aleshelemuka pa chishelemuko cabuta ,"nabamu fwika icampepo ica kashika netoloshi ilya buuta, alesekelela noku sekelela palya ali muku shekelemuka",cine natemwa nganshi ifi aleshelemuka kabili kunuma yakwe kuli ilinga lya mbao ,kunuma yakwe ku kulyo kuli ifishimbi ifyafita fibili ifilemoneka nalimo nifilya ifiba kumbali ya cimpelwa,Eee ifi fishimbi efikatilile ichishelemuko
1949,Ibumba lyaba sungu baletamba umwaume umo alelisha ifilimba ,bushe finshi afwele kumenso uyu umwaume uulelisha ifilimba panse nenshita ya bushiku iyi?,kulemoneka afwele ifilebengeshima ne cisote ca fita,"filemoneka nalimo tuma laiti utulemu sanika mu menso, bushe tatulemu tobola? pali efyo alemona palya eminine mwati?",kwena ifi mwalanda fya cine alemoneka talemona bwino ukulingana nefyo abikile umutwe 
1950,Ibumba lya basungu abengi apali na baice  bali ku lumpili baleangala  ,"uku kumpili kulemoneka niku ciswebebe, takuli icani nangula ifimuti ifinono",cacine mwasosa ulu lumpili luli ku ciswebebe elyo nalukwata no mwaingila umo bantu baleingila no kwikala ,elyo uku kuntu bali kulemoneka nakutalala panshita iyi baliko pantu abengi nabafwala ifyampepo,cine nanguline kuli akasuba kabili amaloba yaliko yalemoneka ayakashika 