IMAGE #,SPEAKER 1,SPEAKER 2,SPEAKER 1,SPEAKER 2,SPEAKER 1
2201,Umulumendo umo uwa nkanda iya buuta ali mu cikulwa umuli ifyakufomfya ukulisha inyimbo,Nomba uyu uleimba ale kwanisha shani ukwimba elo noku lisha banjo pamukumo?,Ka banjo ekale afwa uku wamisha aka aka lwimbo eko aleimba elo kabili umunakwe nao ale konkamo ne ngoma. , Nomba uyu alelisha ingoma ena icho ashi fwalile ishati ngomunankwe ni cishi?,"Afwile pa mulandu wakulisha sana, naumfwa uku kaba olo limbi kale bacamba ukulisha"
2202,Imbwa iya fita nabaikakila pan'ganda apali no tufyani utwa katapa-katapa,bushe baikakile mu cungulo nelyo mu kasuba? kabili kuli cinshi?,"Mu kasuba, cilemoneka kwati iyi imbwa yalikalipa nganshi","Fishinka, Ilemoneka fye ati yali kalipisha iyi imbwa. Nomba finshi filya isumine mukanwa kaiko?","Ci palile kwati kamupila ba ciiposela, emulandu itolweke na filya"
2203,Bana mayo babili abasungu baleenda mu ka shila  kabili baleensha na bana babo mu twakubikamo abana utwa ku sunka,Kabili ku ncende baleyeseshamo abana kuli icimuti ica yemba icileponya amabula ya muntuntula,Umo na mayo afwele ifyakufwala ifya kashika kabili na pulemu ale ensha naikwatamo ifyakashika kabili umbi nao ale ensha pulemi ya fiita,Mukulundapofye ku ncende bali kuli ne fimuti ne ifyani fyakatapa katapa ifilemoneka ubusaka,Aba bana mayo cipalile kwati balishibana sana kabili beshile kuli iyi incende iya talalila muku lalikisha utunya twabo
2204,Umukashana uwa mishishi ishitali isha kashika naiminina mwi loba elyo naikatilila na kabalwe,Umukashana uyu afwele ifyakubombelamo ifya makumbi-makumbi cilemoneka kwati abomba umulimo wakucema kabalwe,Uyu kabalwe nabamukobeka nokumufwika ifintu ifingi,Uku ku ncende kuli ne cipampa ico balembelepo amalembo ya buuta,Cilemoneka kwati uku ku ncende eko basungila bakabalwe ebo abantu bengaya kwelapo
2205,Abantu bali ku ncende iya ku kalale iilemoneka  ne fikulwa ifya yemba ifingi ifyakucitilamo amakwebo yalekanalekana,"Abantu babili baleenda muma colido ya fikulwa, umo umulumendo afwele ifyakufwala fya fitilila kabili nasenda no tu cola twa pulasitiki ku minwe",Umulumendo umbi ule-endela kunuma ya uyu afwele akasote ne cakufwala ca kashikilila,"Kabili uwaume umbi naikala mupepi ne cikulwa, epo ekele pali itebulo apali ka mashini na kompyuta ne cipampa apali amalembo ayengi",Cilemoneka kwati uyu kalume alebombela apa no kucita ubukwebo bwa kubomfya ama kompyuta
2206,Ibumba lya bantu aba nkanda iyabuta bali mu cikulwa emo bashitisha ifyakunwa,Bonse abantu abali muli ici icikulwa bantu ba nkanda iya buuta kabili bonse nabeminina akatalamukila no kushunguluka icikulwa conse,Uwaume umo naikata kapu umuli ifyakunwa kabili eminine mupepi no kuloleshenya no mukashana uukwete imishishi isha buuta ,Cilemoneka kwati aba babili bakashi na balume kabili balelanshanyapo fimo ificindeme,Aba abantu abali mu cikulwa balemoneka kwati bafumine mukubomba  kabili beshile mukushita ifya kunwa  panshita yakutusha
2207,Umulumendo umo uwa nkanda iyabuta ali mumpanga pa njinga yakwe,Bushe uyu umulumendo alecita finshi umu mu mpanga ali?,Uyu umulumendo alecofa injinga yakwe ubwiminine,Kabili  uyu umulumendo nakwata ifidindo ifya fita kumaboko yakwe na mu mpanga ali muli ifintu ifyakatapa-katapa ifingi nganshi,Cilemoneka kwati pali uko alebutukila pantu nabutusha sana injinga yakwe
2208,Umukashana  umo uwa nkanda iyabuta ali mwi sitolo lya ku kalale,Uyu wine umukashana finshi akonkele ukucita mwi sitolo?,Uyu umukashana akonkele ukushita ifintu ifyapusana-pusana efyo alefwaya ukubomfya,kabili isitolo alimo muli ifintu ifingi ifyalekana lekana ifyo batantike mutuputulwa utwingi,Uyu umukashana naiminina pali basiketi asendele umuli ifintu ifyapusana-pusana
2209,Ba nasi bali mu cacipatala umo balesamfya umwana umunono nganshi uwa nkanda iya buuta,Uyu umwana balemusafisha mwi beseni ilya mitoimitoi kabili alemoneka kwati alelila umusowa pakumu samfya,Mu muputule balemusanfisha mulemoneka ubusanshi epo bapetele ama langeti,kabili aba ba nasi bafwele icakufufwalya ica makumbimakumbi kabili nabafwala nefyakuminwe fya buta pa kusamfya umwana uyu umunono,Cipalile kwati uyu umwana elo acifyalwa  eco alemonekela umunono sana no kulila sana pa kusamba
2210,Uwacaice umo umulumendo uwa nkanda iya buuta ali ku ncende ukuli akamfukwe-mfukwe ka menshi,nakabili ku ncende ali kuli icikulwa ica buta icapangwa ne tenti kabili no lunkoto ne fimuti ifingi ifyakatapa-katapa,elo futi mwi tenti muli abantu abengi abamishinku ishalekana lekana abeshile mukwangala,Abacaice bafwelefye utuputula lintu balesamba mukamfuko-mfuko ka menshi ayali kuli iyi ncende ,Uku ku ncende kulemoneka ukuyemba kabili kwakulesheshamo icitendwe uko abafyashi baletele abana babo 
2211,Ibumba lya bantu aba nkanda iya buuta bali ku ncende iya panse kumbali ya kamana  ku ncende ukuli imicanga panshi ishingi,Pali aba abantu pali abanakashi na baume kabili bambi pali aba nabafwala ama gogo pa menso,Elyo kabili abaume bamo na bafwala ama shati  bambi tabafwele amashati bafwele fye imputula,Pa ntashi ye bumba  lya bantu pali aba abalumendo batatu abaleangala ifisela kabili babili pali aba tabafwele ama shati,Kabili kunuma ya aba abalumendo nakwiminina abantu abaletamba abalumendo kabili pali aba abantu abeminine pali umwaume uwikete umupila ku minwe elo kabili kunuma ya bantu kuli akamana 
2212,Ibumba lya bantu  abaume aba nkanda ya buuta bali pa mutenge wa cikuluwa uwa mitoi,Aba abaume nabafwala ifyakufwala ifya kubombelamo  kabili bamo pali aba nabafwala ne fimpopo ku mitwe,Elyo kabili bambi  abaume nabeminina pali uyu umutenge  elyo bambi nabasunsumana,Kunuma ya mutenge bakwelelepo kuli ifimuti ifingi ifikulu ifishakwata sana ama buula,Cipalile kwati aba abaume bakonkele ukubombako imilimo pa mutenge apa nakalimo ni ncito ya kulungisha amalaiti
2213,Ibumba ilya balumendo abengi aba nkanda iya buuta bali ku ncende ya panse iya cintubwingi ,Kabili aba abalumendo tabafwele ama shati kabili nabemya ama boko mu muulu  kabili nabaipenta ku menso,Elyo kabili kunshi na bafwala insalu  umwaba utubokoshi utwa fita no twabuuta isho baipombele kabili nashikwata imishipi isha kashika,Aba abalumendo na beminina ukushunguluka akashimbi akakwete umulilo bushe kanshi finshi balecita?,Cilemoneka kwati kuli ukusefya kabili baleimba inyimbo no kushana elyo cilemoneka kuli icintu bwingi ica bantu abaletamba ifyo balecita
2214,Umwaume  umo uwa nkanda iya  buuta naiminina panse ya cikulwa ico bashitishamo inama sha kulya,Uyu umwaume akwete imishishi isha fita kabili nafwala ikoti ili tali ilya buuta  elyo ne toloshi ilya fita mukati,"Elyo kabili uyu umwaume naiminina mu pepi ne tebulo ilinono apali inama, bushe ninshi alecita apa? ",Cilemoneka kwati naikata ici maamba ku minwe nakalimo aleputaula inama ishili pe tebulo,Kabili cipalile  kwati ku ncende ali kuli ifikulwa ifingi ifyo bashitishamo inama cilemoneka ni ku ncende ya makwebo
2215,Umwanakashi umo uwa nkanda iya buuta  ali mu ncende ya mangalo,Kabili uyu umwanakashi nafwala icakufwala ica fita elyo ne nsapato isha buuta,Elyo kabili insapato afwele nashi kwata ama wilo panshi kabili ukulu kumo kuli panshi elo kumbi nakwimya mu muulu ,Kabili naimya  amaboko yakwe mu muulu  elo nayesula nganshi kabili naisula kukanwa,Cipalile kwati uyu umwanakashi ale cita amangalo aya kushana mu ncende ya kwata panshi apatelela 
2216,Abanakashi abali bane aba nkanda ya buuta  bali mu cifulo ca kuteyelamo amangalo ku ncende ya cintubwingi,Aba abanakashi nabafwala utuputula utwa fita ne fyakufwala fya ku muulu ifya makumbi-makumbi elyo ne nsokoshi isha buuta ne nsapato isha buuta,Babili pali aba abanakashi bakwete imishishi ishitali isha buuta elyo bambi babili bakwete  imishishi ishitali isha fita,Aba abanakashi na ba censa nganshi  kabili bonse nabalosha imitwe kumo ekuti ku kulyo kwabo ,Cilemoneka kwati aba abanakashi baleshana kabili  ni ba kalapashi mu kulumba amangalo  ilyo amangalo tayalatendeka
2217,Umulumendo wacaice umo uwa nkanda iya buuta  nalala panshi apali amenshi ,Uyu umulumendo nafwala imputula iya makumbi-makumbi  kabili tafwele ishati,Elyo kabili tafwele insapato ku makasa kabili  akwete imishishi ishipi ku mutwe isha buuta, Kabili ilyo alele panshi nalosha icinso panshi  kabili nakweleka ukulu kwakwe kumo pamulu wa kulu kunankwe,Cilemonenka uyu umulumendo aleumfwa bwino ukulala panshi apa pantu umulandu wa menshi yalipo palemoneka kwati cilolani icilelanga umubili wakwe onse
2218,Abaume bamo aba mubili uukulu aba nkanda iya fita  nabeminina ku ncende ukuli ba konkili abengi,Aba abaume nabafwala itoloshi ilya fitilila ne shati ilya butilila kabili nabafwala ne njato ku makasa ,Elyo kabili nabekata itumbo  ilya katapa-katapa ku minwe kabili nabalosha umutwe ukulefumina itumbo,Bushe aba abaume ninshi balecita uku ku ncende ukushili abantu beka?,Cilemoneka kwati baletapilisha ulubansa lwa ku cifulo uku nakalimo ni ku ncende yabo 
2219,Umulumendo wacaice umo uwa nkanda iya buuta ali mu menshi ku kamana pa nshita ya cungulo,Uyu umulumendo nakwata imishishi isha fitilila kabili  naisula ku kanwa,Elyo tafwele  ishati kabili cilemoneka ale angala na menshi  elo ale yaposa mu muulu ,Elyo kabili  ku mbali ya kamana kuli impili shingi ne mpanga iikulu,Cilemoneka kwati uyu umulumendo wacaice natemwa nganshi ukuba mu menshi
2220,Imbwa imo  iilemoneka iya kalipa ilebutuka mu mpanga,Iyi imbwa ilemoneka ukufitilila no ku buutilila kabili naisula ku kanwa,Kabili  naitoloka umupili wa fimuti ifya temwa ifikele panshi pa fyani ifya katapa-katapa  ,Ku ncende ukuli imbwa iyi kuli ifimuti ifingi ifishakwata amabula,Cilemoneka kwati iyi imbwa pali ifyo ilepepeka
2221,Ibumba lya bantu bali ku ncende ukulemoneka ukuyemba ukuli ifimuti fya katapa-katapa ,Umulumendo no umukashana abale-enda no kwikatana pamaboko balemoneka kwati baleishishanya,Kabili kumbali yabo kuli umukashana ule-endela kunuma uufwele akaputula ka fita,Kabili pa numa yabo pali umulumendo ufwele ishati lya katapa-katapa na itoloshi lya makumbi-makumbi kabili nasenda naka cola,Uku ku ncende aba abantu bali kulemoneka kwati ni ncende ya kupwishishamo icitendwe
2222,Umulumendo umo naiminina ku ncende ukuli akamana akakalamba,Kabili uku ku ncende kuli ne ifimuti ,uyu umulumendo afwele ifyakufwala ifya fita,Uyu umulumendo alemoneka uwa lubana no wasakamikwa nganshi,Emulandu wine elile ku ncende uku eka muku tontokanyapo pamafya alepitamo
2223,Abaume abali  cinelubali bali ku ncende ukuli menshi-makasa iyingi,Aba abaume nabakwela pa mitanto ishili pakati ya menshi-makasa,Cilemoneka kwati aba bantu balebomba umulimo wakufumyapo menshi-makasa pa mitanto,"Ee, Emulandu wine bafwalile ifyakuikafya ifyakashikilila bonse pakuti beumfwa sana impepo",Cipalile kwati uku ku ncende menshi-makasa ilapona sana ica kuti  na ku fimuti konse ilesangwa
2224,Umukashana umo uwa nkanda iya buuta naiminina mupepi na pa kwipikila mukichini ya nga'nda,Kichini ikwete icibumba ca buuta kabili muli na citofu iya buta,Uyu umukashana namwentula kabili afwele itoloshi ilya fitilila,"Kabili naikata ifuso lyakuwamishako, cilemoneka kwati alefwaya ukwamba ukuwamya citofu",Cilemoneka kwati uyu umukashana wabusaka kabili alewamya inga'nda yakwe
2225,Abacaice abengi abasungu nabakolongana ku ncende kumo,Aba caice abengi abanakashi abali kuli iyi ncende bakwete imishishi isha buta,Kabili abengi nabafwala utusote twakupikula utukwete amasengo,Kuli iyi ncende kuli nabakalamba abalemoneka kwati eba fyashi ba aba abacaice,Cilemoneka kwati uku ni ku ncende ya kwangalilamo abana emulandu wine abafyashi baletele abana uku
2226,Umulumendo uwa nkanda iya buta alekwela mu cilindi ca konkili ,Uyu umulumendo afwele kaputula ya fitilila ne shati lya buuta,Uyu umulumendo alebomfya utumawaya utuli muci lindi nokutwikata paku kwela konkili ,Kabili eko ali kulemoneka icishingwa ca ukuboko ukwikete kamela yakukopelako,Cilemoneka kwati uyu umulumendo ele kuncende iyi mukuisekesha lintu umubiye alemukopa ne ca ku kopelako
2227,Umukashana umo umusungu alecofa injinga yakwe mu musebo wa mukalale,Umukashana uyu afwele itoloshi lya makumbi-makumbi nafwala nama gilashi yapamenso aya fita,"Eko ali, kuli umusebo naumbi uwa putulwa ne ca konkili ba bumbilila, kabili uyu umusebo uli ne fimbaya-mbaya fya yemba ifile-enda",Kabili ku mbali ya misebo kuli ifikulwa ifingi ifya yemba kabili ifikamba,Uyu umukashani uli pa injinga alemoneka kwati abomfya injinga yakwe pakuya eko alefwaya ukuya
2228,Abacaice aba nkanda iyabuta bali panse yacikulwa ce sukulu basambililapo,Abacaice bambi nabeminina ku kulalya kabili bambi nabekela pa mitanto epo balelila ifyakulwa no kunwa ,Aba abacaice bonse nabakwata umwakubika ifyakunwa kabili bonse bafwele ifyapalana,Apali abacaice pali no mukalamba umwanakashi ulemoneka kwati ni kafundisha wa baice aba,Cipalile kwati iyi nshita ni nshita yakutushishapo ya aba bakasukulu abaice emulandu babelele panse
2229,Umukashana wa nkanda iya buta no mulumendo wa nkanda iya fita baleenda mu musebo,Aba bali bafwele ifyakufwala ifilemoneka kwati fyaku teyalomo amangalo ya umupila,Mu musebo bale-endelamo muli imyotoka ishingi  ishi tashile-enda,"Aka aka umupila kekete umulumendo wafita, kalemoneka kwati kakuteyelamo umupila wakwingisha muli bashiketi","Ee, so cilepilibula ukuti aba abantu nibakateya ba mupila bwa bashiketi kabili balelola mukuteya ubu ubwangalo"
2230,Umwaume na mwanakashi bale-enda bwikatene ku ncende ukuli ama sitolo,"Bonse babili bafwele ama koti,  umukashana afwele ikoti lya buuta umwaume ilya fiita","Kabili bonse babili nabafwala ama gogo yapamenso, kabili umukashana nafwala nama jombo ku makasa",mwi sitolo limo mulemoneka kwati bacitilamo ubukwebo bwa kushitishamo insapato ,"Umwanakashi nasenda akacola, cilemoneka kwati aba bantu balyupana kabili bale-enda icipale lintu baleshita ifintu"
2231,Umwaume umo uwa nkanda iya buuta  ali ku ncende ya panse ukulemoneka  impili ishikulu nga nshi,Uyu umwaume nafwala ishati ilya kashika umwapita utu milaini utunono utwa buuta,Kabili nafwala ama gogo aya fita pa menso elyo nafwala icimpompo ca makumbi makumbi apali amalembo ku mutwe,"Elyo kabili uyu umwaume nakwata umwemfu  kabili nancensa icakuti, bushe ninshi alecita ku ncende uku?",Cipalile kwati uyu umwaume akonkele ukuteya amangalo ya ku kwela impili kwati ni sho ishili kunuma yakwe
2232,Abanakashi babilli  aba nkanda ya buuta bali mukati ya cikulwa ca kushitisishamo,Umo pali aba aba abanakashi mukoloci elyo nafwala ne cisote ku mutwe kabili nakwata imishishi isha buuta,Elyo kabili uyu umwanakashi umukoloci  naiminina kumbali ya kaunta nakontamika umutwe alependa indalama kabili cilemoneka kwati pali ifyo aleshita  ,Elyo umwanakashi umbi naiminina ku numa ya kaunta kabili cilemoneka ukuti uyu umwanakashi e upoka indalama isho abantu baleta pa kushita ifintu muli ici icikulwa ,Umu mu cikulwa muli ifipe ifingi ifya kushitisha kabili kumbali ya kwiminine aba abanakashi kuli shelufu umuli ama botolo ya bwalwa ayengi aya kushitisha
2233,Abantu babili umwaume no mwanakashi bali mukati ya cikulwa icilemoneka kwati ni ngánda,Umwaume  nafwala ishati ilya buuta kabili naikala pa mupando ,Elyo umwanakashi nafwala ilaya ilya nsalu ya kwata ifidindo kabili naiminina pa ntanshi ya mwaume,Bonse babili bali mu pepi ne nsolokoto iikulu kabili umwanakashi naikata icisoselo ca fita ku minwe kabili pali ifyo alelanda,Elyo kabili panse ya nsolokoto palemoneka abantu abekele panse abaume kabili ku numa kulemoneka amayanda na yambi 
2234,Ibumba  lya bantu abaume na banakashi aba mushobo umo  nabeminina pamo mu cipi-cipi ku ncende ya panse pa nshita ya cungulo,Kunuma yabo kuli abanakashi batatu aba nkanda iya buuta ,Pali ili ibumba lya bantu beminine pali abantu abakete katundu ya fyola mu minwe ,Kunuma ya ncende bali kuli ifikulwa umwakile amalaiti  elyo ne fimuti,Cilemoneka ili ibumba lya bantu beminine balekopwa icikope kabili bonse naba censa
2235,Abana abanono batatu aba nkanda ya buuta  nabekala pa cipuna pa ncende ya panse ukuli ulunkoto panshi ulwa katapa-katapa,Umo umwana  umwanakashi  kabili akwete imishishi isha buuta elyo babili  baume  ,Umo umwana umwaume nakwata imishishi isha fita kabili  ekele ku numa ya mwana umwaume uukwete imishishi isha buuta,Kabili uyu umwana umwaume wikele kunuma nabika iminwe shakwe ku matwi ya munankwe uuwikele pa ntashi yakwe,Cilemoneka uku ku ncende bali aba abana kuli abana na bambi elyo na bafyashi babo kabili bakonkele kwangala no kupwisha icitendwe
2236,Umwaume umo uwa nkanda iya buuta naiminina panse mu lubansa lwa  ngánda,Uyu umwaume nafwala itoloshi ilya makumbi-makumbi elyo ne shati ilya katapa-katapa,Kabili uyu umwaume eminine mu pepi ne mbaula iitali iya fita apali ifyakulya pa muulu,Bushe ninshi alecita uyu umwaume ku mbaula?,Uyu umwaume cilemoneka ukuti aleoca ifyakulya ifili pa mbaula kabili alesansapo no tuntu utwakulenga ifyakulya ukuwama sana
2237,Umwaume umo uwa nkanda iya fita  naikala pa mu pando  mu citesheni  umuli icikope icikulu ica mwaume uushifwele ishati,Uyu umwaume  nafwala itoloshi  ilya fitilila illya pa cipale elyo ne shati ilya pa cipale  ilya kashikilila, Kabili nafwala na tai iya mu mukoshi  iya mitoi elyo nafwala ne nsapato isha pa cipale isha kashikilila,Elyo kabili nafwala inkoloko ku kukuboko uko ekete foni lyena kukuboko kumbi naikata fwaka,Cilemoneka uyu umwaume alelolela icimbayambaya  ica  kunyinamo apa pa citesheni ali
2238,Umwaume umo uwa nkanda iya fita  naikala pa mu pando pa ncende ya panse,Uyu umwaume nafwala itoloshi ilya makumbi-makumbi elyo ne shati ilya katapa-katapa,Bushe finshi ifyo alecita uyu umwaume apa panse?,Uyu umwaume  alelisha banjo ekete ku kuboko kumo elyo kumbi kukuboko nakwata akantu alebomfya  ukulisha iyi banjo ,Elyo kunuma ya  pantu ekele kuli amaluba ayengi aya katapa-katapa
2239,Umulumendo uwacaice uwa nkanda iya buuta naiminina mu pepi ne ciibi mu  kati ya  ngánda  umuli icibumba ica makumbi-makumbi,Umulumendo uyu nafwala kaputula iya butulukila elyo ne shati ilya makumbi-makumbi kabili naikata ibuuku ku munwe,Elyo uyu  umulumendo nabutuluka ngashi pa mubili ponse  na ku menso konse elyo na panshi pene  napabutuluka,Cilemoneka kwati paciba ifintu ifya buuta ifya  buunga ifyo acila yangasha mu ngánda,Kabili  cipalile kwati uyu umulumendo wacaice kwena ni cintomfwa kabili alitemwisha ukwangala
2240,Ibumba lya bantu abengi  abapusana pusana abaume na banakashi  bali mu kati ka cikulwa ,Pali  ili ibumba palemoneka pali abantu babili abale enda pa ntashi abacindama ngashi,Elyo aba abantu babili abacindama pali ico balensuka panshi icabulungana icikulu ngashi, Kabili ku ntanshi ye bumba lile enda nakwiminina abaume aba kwete  ifya ku kopelako abelekopa ifilecitika, Cilemoneka ukuti ici cintu ica bulungana calicindama ngashi kabili balecitwala ku cifulo cifwile ukuba
2241,Ibumba lya bantu aba mishobo ishapusana nabamemina ku ncende ukuli utu muti twa katapa-katapa  ,Bushe ili ibumba lya bantu balecita finshi uku bali?,Cilemoneka kwati nabalongana mukulashanyapo imilandu shimo,Nakabili pali ili ibumba pali abantu abafishi na basungu kabili pali abamishinku ishinono ne shingi,nakabushe uwacaice umo uwafita uufwele ishati lya mutuntula alemoneka uwabuseko ukusangwa kuli ici icifulo
2242,Umukashana umo uwa nkanda iyabuuta ali mu mpanga umuli  utumuti twamaluba utwa katapa-katapa,Nakabili uyu umukashana afwele icisote  ne shati lya fita kabili nafumbatila ne cisalu ku mwine lintu asusumene,Uyu umukashana namwentula kabili naikata ne ca kukopelako  ifikope kuminwe,Kabili nalosha kamela yinyu ekete ku maluba yakwete ifitwala,Cilelangilila ukuti uyu umukashana nasangamo sana ubuseko mu fimuti fya maluba ifyo alekopa 
2243,Abantu abasungu bali mu cikulwa umo bapanga ifyakunwa ifyakushitisha,Muli ici icikulwa muli itebulo ilikalamba apali ama kapu yama gilashi ,Abanakashi bamo abafwele icafita abapanga ifi ifyakunwa baleitulula ifyakunwa muma  kapu,Kunuma yabo kuli abaume na banakashi abacikoloci abeminine abalelolela ifyakunwa ifyakashika fintu baleitulula,Cilemoneka kwati aba panga ifi ifyakunwa balafipanga bwino emulandu wine abantu abalimo balemoneka abansansa
2244,Umwaume umusungu umukalamba umo naiminina mu cibansa na bacaice mutanda,Bushe finshi uyu umulumendo na bacaice balecita mu cibansa ica fyani fyakatapa-katapa?,Aba abantu bonse nabekata imfuti ishitali kuminwe yabo,Cilemoneka kwati uyu umukalamba alesambilisha abacaice ifyaku shuta ukubomfya imfuti,Ni fyo fine kabili kunuma ya cibansa kulemoneka ifikulwa ifitali ifyayemba
2245,Umwaume wacikulile umo nakontama lintu alefwika umwana umwanakashi wakwe insapato uwikele pa cipuna,Pa cipuna napekala abacaice nabambi abafwele utwa kusambilamo,Uwacaice umo umwaume uwiminine mupepi nepo balefwikila umwanakashi alefula akaputula kakwe,"Abacaice bonse bafwele utwakusambilamo, cilemoneka kwati kuli icishiba ca menshi mupepi emo bacilaubilamo",Emulandu wine uyu umufyashi umwaume alefwikila umwana wakwe uufumine mukoba mu menshi
2246,Ibumba lya bantu bale-enda mumusebo ya kukalale lintu imfula ileloka,kabili bonse naba fimbana imyamfulu sha fitilila ku mitwe yabo,Mu musebo muli ne fikope pamulu ifyo balembapo ifishibilo fyapamusebo,Mu colido muli icikulwa umulemoneka kwati bashitishamo ifyakufwala kabili kulemoneka injinga yafita ,"Cipalile kwati uku ku ncende imfula nailoka iyingi nganshi , abantu abashikwele imyamfuli beminine mu mbali  yacikulwa"
2247,Umulumendo umo umusungu ale-enda cinshishi mu cibansa ca kuteyelamo umupila,Uyu umulumendo afwele ifyakashika kabili alemoneka kwati afumine mukuteya ubwangalo bwa mupila,kabili nafula ulusapato lwakwe lumo no nokulusenda ku kuboko,Kumbali ya cibansa kuli ifimbaya-mbaya ifi shile-enda ifingi,Cilemoneka kwati uyu kateya wamupila ali paba lushile ubwangalo bacilateya emulandu alemonekala ifi
2248,Abalumendo abasungu babili nabekala mu kati ya nga'nda,Umu mu nganda muli amaketani yakashika ne fyabekabeka ifingi ifyobakobekenye,Kabili abalumendo aba bekele pa mipanda iyanaka lintu baletamba icitunshi-tunshi,Kabili pa tebulo bekele pali ifyakulya ifyalowa ifyo balelya ifingi ifyapusana-pusana,Cilemoneka kwati abantu aba pali ifyo balesefya  kabili mu nganda muli ifyobakobeke ifingi ifyakuwamya
2249,Ibumba lya bantu nabeminina ku cifulo baleteyela ubwangalo bwa ku cena,Abaume babili abacikulile ebaleteya ubu ubwangalo ukubomfya ifyanso,Umo pali aba abaume afwele ifyakufwala  ifyakashikilila elo umbi afwele ifya kashika ne fya makumbi-makumbi,Kuntu baleteyela nakwiminina umwaume umo uufwele ifyakulwa fyapalana nabaleteya ulemoneka kwati euletungilila ubu ubwangalo,Kabili kuli abantu abengi abeminine abaletamba no kulumba ubu ubwangalo
2250,Imbwa imo naingila muli bemba wa menshi,Finshi fintu imbwa iyi imbwa ilecitamo mu menshi?,Iyi imbwa ilemoneka kwati yalishiba ukuuba mu menshi kabili ilesamba ukubomfya iminwe ,Iyi imbwa intu yakashikilila pa mona na pamenso kabuli kumubili yintu yafitilila,Cilemoneka kwati naisangamo sana ubuseko mu kwangalila mu menshi
2251,Ibumba lya bantu abengi ngashi  nabakolongana pamo ku ncende ya panse iili pa kati ya fikulwa ifingi ifitali ukuli ne fimuti,Pali aba abantu pali  abakulu abaume na banakashi elyo na baice,Bamo mwi bumba nabafwala ifyakufwala  ifya yaka ifya palana,Elyo kabili abantu abengi mwi bumba nabekata utuntu utwa buuta apali ifishilwa ifya kashika,Cilemoneka aba abantu abakolongene pamo pali ifyo beshile mu kumfwa ifya mu calo cabo ifyacindama
2252,Ibumba lya bantu abapusana pusana  abaume na banakashi bali ku ncende ya panse iya cintubwingi,Uku ku ncende bali kulemoneka kuli ifikulwa ifinono ifya makwebo elyo ne fimuti  ifya katapa-katapa,Pali aba abantu pali umwame no mwanakashi aba nkanda iya buuta  abakumbatene,Elyo bambi bale enda  kabili bambi  nabapapa ifyola munuma ,Cilemoneka kwati kuli iyi ncende  kulapita sana  abantu 
2253,Umukashana umo uwa nkanda iya buuta  ne mishishi ishingi ku mutwe isha buuta aleenda mu kashila ku ncende ye bala ukuli ifyani ifingi  ,Uyu umukashana nafwala itoloshi ilya fita elyo ne cakufwala ica ku muulu ica katapa-katapa,Kabili nafwala insapato isha buuta elyo naikata akantu aka buuta mu minwe ,Bushe finshi alecita na ka kantu kuminwe ilyo aleenda uku ku ncende?,Cilemoneka kwati aka akantu kali mu minwe nakabika ku kanwa nakalimo alelisha akalwimbo ukubomfya aka kantu
2254,Umwaume umo uwa nkanda iya buuta naikala eka ku ncende ya panse pa nshita ya cungulo ,Uyu umwaume nakwata imishishi isha fita elo ali no mwemfu kucilefulefu kabili nafwala ishati ilya kashikilila  ,Elyo kabili nafwala amagogo ya menso kabili na shinta mu nshiku no kuboko kumo,Epo ekele pali itebulo lya ma sefa apali imbale elyo na kapu umuli ifyakunwa,Kunuma yakwe kuli ka fensi akanono ukuli amalaiti ayakile kabili kunuma ya ka fensi kuli ifimuti
2255,Abaume bamo aba koloci aba nkanda iya buuta ne mishishi isha buuta baletoloka umusebo uukulu ,Aba aba koloci nabafwala itoloshi ilya makumbi-makumbi ne shati ilya buuta na ka pa muulu aka katapa-katapa,Kabili nabakobeka ku ntanshi icola ica fita elyo nabekata ne ca kukopelako mu minwe ica fita,Ku lubali lumbi ulwa musebo kulepita motoka iikulu iya katapa-katapa kabili pa ntashi yaiko palemoneka umokola mfula,Kabili ku mbali ya musebo kuli ifikulwa ne fimuti ifikulu kabili kuntashi ya musebo kule moneka ibumba lya bantu aba leenda 
2256,Umwaume umo nakwela pamuntanto pa muulu panse ya cikulwa ku cibumba ,Uyu umwaume nafwala itoloshi ilya makumbi-makumbi ilya butuluka  elyo ne shati ilya buuta na kasote ku mutwe,Elyo kabili uyu umwaume nakontamina ku cibumba ya cikulwa kabili mu pepi nepo eminine pali imbeketi iya butilila,Bushe finshi ifyo uyu umwaume alecita apa epo akwelele?,Cilemoneka kwati uyu umwaume ale bomba umulimo wa kupwisisha ukupanga ici icikulwa ici tali
2257,Abantu abaume balii ku ncende ya apanse  ku cifulo ukuli amenshi,Umwaume umo uwa nkanda iya buuta uufwele ifya fita ale enda kabili nakwata icola ica kashika ku minwe,Elyo umwaume umbi uulemoneka kwati ni ka pokola  uufwele ifya fitilila naiminina kabili naikata foni ku kutwi ,Mu pepi na peminine kapokola pali itenti ilikulu  ilili kwati ka yanda kabili kulemoneka kwati kuli umuntu uuleingila mukati lye tenti,Elyo kabili kunuma nakwiminina umwaume uwa nkanda iya fita uwikete ifintu ifya buuta ku minwe kabili kunuma yakwe kuli icimuti
2258,Ibumba lya bantu aba lekana lekana bali ku ncende ya panse mu cibansa,Aba abantu naba kanika mu tu mabumba utunono kabili bali na bakabalwe mu cibansa,Umukushana umo uwacaice uufwele itoloshi ilya makumbi-makumbi ne nsapato isha buuta  nakwela pali kabalwe uwa buuta,Elyo kuli na umbi umuntu uukwelele pali kabalwe pa bumba limbi elyo bambi pe bumba limbi nabemina fye na kabalwe mupepi,Kumbali ya cibansa kuli imisebo umulepita imyotoka elyo ne fikulwa ne fimuti
2259,Abantu abali bane bali mukati ka cikulwa nabeminina pe nsolokoto iikulu apalemoneka incende ya panse apali ifimuti na maluba ayasuma sana,Cilemoneka aba abantu lupwa lumo kabili pali ba wishi elyo na bana batatu,Babili abana banakashi elyo umo mwaume  kabili naikatilila ukulu kwakwe kumo na maboko,Elyo umwana umwanakashi umo uucepeshe naikata foni ku minwe alekopa ifyo baletamba panse ya nsolokonto,Kabili ba wishi na bekata ku minwe ifintu  ifilemoneka kwati fyakufwala ifya bana ifya mpempo
2260,Umwaume umo uwa nkanda iya buuta naikata injinga ku minwe aleenda mu ncende ya kukalale,Uyu umwaume nafwala itoloshi ilya fita ne shati ilya milaini ilya katapa-katapa elyo ne cisote ku mutwe,Kabili ku mbali yakwe alelolesha ici doli icikulu ico ba panga kwati muntu umwaume uulekanyapo fimo ica fwala ifya fita,Elyo kabili kumbali yakwe kumbi kuli umusebo uukulu umulepita imyotoka na bantu,Uku ku ncende ya kalale kuli ifikulwa ifingi ngashi kabili cilemoneka kwati ifingi pali ifi fikulwa fya makwebo
2261,Umulumendo umo uwa nkanda iya fita nakontama ilyo alepita pa ciibi ca cikulwa,Finshi fintu uyu umulumendo alecitamo mu li ici icikulwa?,Naikata ibuuku kabili aleikata utufyani utuli panse ya ciibi ca cikulwa,Fintu nshi aleshitisha kabili fintu nshi fimbi ifi muli ili isitolo?,Ici icikulwa cilemoneka ca kushitishamo ifya kufwala mumukoshi ne  fyakupikula kabili muli na mabuuku 
2262,Abanakashi aba cikulile aba sungu nabekala mu cikulwa cabwalwa,Aba abanakashi nabafwala amagogo pa menso na kamukame ka kashikilila,Pa tebulo bekele pali ama  kapu umuli umwangashi no mwakubika umucele,Aba abanakashi nabafwala kamela yafita iyakukobeka mumukoshi,Kabili balekopa ama kapu ya mwangashi balenwa
2263,Abantu babili abaina bali ku ncende ya panse ukuli imyotoka ishishile-enda ishingi,Mupepi nepo bali pali bashiketi yakwesha uyakubikamo ifintu ,"Aba abantu bonse babili basungu, abaume nabapilibukila kunuma kabili nabasenda nakabotolo kuminwe",Cilemoneka kwati aba bantu bafumine kumushitapo fimo muma sitolo ayali epo bali kabili baleya mukukwela motoka yabo pe myotoka patantamike,Ici cilelangilila ukuti incende balipo ni ncende apaba amasitolo ayengi ayaku shitishamo ifintu ifyaleka-lekana
2264,Ibumba lya bantu bali ku cifulo ukuli ifikulwa ifingi ifyabumbwa bwino,Ifi ifikulwa filemoneka kwati fikulwa fyakucitilamo amakwebo ifya kukalale,Abanakashi bamo abakoloci nabatwika umuseke uukulu pa mutwe ,Kabili balelanshana no mukashana uwimine mupepi nabo ulemoneka kwati alefwaya ukushita efyo baleshitisha efyo batwikile pa mutwe,Nakabili kuli na bantu nabambi babili mwi bumba abalemoneka kwati nabo balefwaya ukushita fintu banakulu baleshitisha
2265,Ibumba lya bantu bali ku cifulo cakukwelelapo ama shitima ayakalamba,Finshi fintu abantu aba bakonkeleko uku ku ncende yakukwelela amashitima?,Umwanakashi  umo uwankanda iya buta afwele icisote cakupikula ne campepo,cilemoneka kwati uku ni kuncende yatalala kabili kuli nomulumendo uwimine uwikete kamela alekopelako iyikalamba,Cilemoneka kwati abantu bonse abali kuli iyi ncende nabakwata ulwendo lwa kubomfya ishitima
2266,Umwanakashi uwa nkanda iya buuta naiminina mupepi ne shitesheni lya myotoka,Uyu umwanakashi eminine  pa cikulwa icikuli icayemba epo balembele ifilembo,kabili aletininka foni yakwe kabili nabika notwa mumatwi utwa kumfwilako inyimbo pa foni,Kabili afwele ifyakufwala ifyafuma kumubili kabili nakobeka no tufyolo ku maboko,Cilemoneka kwati ali no lwendo emulandu eminine  mupepi napali shitesheni 
2267,Ibumba lya bantu bali ku cintu bwingi mu musebo wa ku kalale,Umukashana umo ale-enda kabili afwele ifyakufwala ifyafiita na senda nakacola ka buuta,Uku ku kalale kulemoneka ukwabusaka kabili kulemoneka ifikulwa ifyayemba ifingi,Umulumendo no mukashana  mwi bumba nabeminina mu cipicipi kabili bonse nabapapa utufyola utunono ku numa,Umukashana pali ico alesontelela umulumendo ico amwene mu cintubwingi
2268,Umulumendo umo umusungu nasenda ulukasu pakubeya kwakwe kumo mwi bala,Mwibala ali muli iloba ilyafita kabili muli ne fyani ne fimuti ifingi nganshi,Uyu umulumendo tafwele  ishati afwelefye imputula iyabuuta,Cilemoneka kwati afumine mukubomba mwi bala,Kabili alemoneka kwati nanaka kabili aleya mukutusha ku ngánda
2269,Umwanakashi no mwaume balebutuka mu musebo ninshi imfula ileloka,Umwanakashi wa nkanda iyafiita kabili umwaume wa nkanda iya buuta,Nakabili umwanakashi afwele ifya fiita elo umwaume afwele ishati lya fiita ne capamulu ica makumbi-makumbi,"Pafyo bafwele pali epo  balembele ama nambala yakonkana efyo bakambatike kuma shati, cilelo ukuti aba babili bateya ubwangalo bwakubutuka",Kunuma yabo kuli abantu bambi abale-enda abafimbene imyamfuli
2270,Abantu aba mishobo isha pusana-pusana bali mu cikulwa umuli itebulo ne fipuna,Pali aba bantu pali banamayo bane abalelolesha umwaume uwacaice uwikele pa cipuna,babili bana mayo abasungu nabafishi nabashintilisha pe tebulo ,Umulumendo umusungu umo nakwata ifisoselo nama kamela ayantotele uyu umulumendo waice,Cipalile kwati pali imilandu shimo isho baleipusha uwacaice kabili balemukopa nokumukopa lintu ale-asuka
2271,Ibumba lya bantu bali ku ncende ya panse ku cintubwingi nabeminina balelolesha ku cisebele ku ntanshi  ukuli abantu abaleimba ,Apa pa cisebele pali abantu abalelisha ifilimba elyo pantashi pali umwaume uufwele itoloshi ilya makumbi-makumbi ne shati ilya kashika uukwete icisoselo ,Kabili pakati ya cisebele ne bumba ilya bantu abaletamba na peminina abaume babili abafwele ifya fiita abalekopa abantu mwi bumba,Elyo kabili ku mbali ya cisebele ku ntanshi nakwiminina abaume babili abalemoneka ni ebaleangilila  ici icifulo ne filecitika,Kabili abantu bali mwi bumba balemoneka  kwati nabatemwa sana ukumfwa inyimbo kabili bambi baletota ne minwe
2272,Umwaume no mwanakashi  aba nkanda iya buuta  nabeminina  ku cibansa ,Umwanakashi nafwala itoloshi ilya makumbi-makumbi  na ka shati aka buuta elyo nakwata ne cola  ico akobeke ku kuboko,Elyo kabili umwaume nafwala itoloshi ilya fita elyo ne shati ilya milaini ,Kabili umwanakashi  naikata ici pepala icikulu muminwe ico alelangisha umwaume icilemoneka kwati ci sontelelo ,Cilemoneka uyu umwaume no mwanakashi balemona incende iili ku cifulo uku nakalimo balefwaya ukupangapo ifikulwa
2273,Umulumendo uwa caice umo uwa nkanda iya buuta aleangala mu cibansa icikulu ,Uyu umulumendo wacaice nafwala ifyakufwala ifya butilila kabili alemoneka ukubutuluka,Kabili pa ntanshi yakwe pali aka bale eko aciposa ako alebutukila ukuya ka tola,Mu cibansa umu muli  ulunkoto ulwa katapa-katapa kabili muli ne fimuti ifikulu,Elyo kabili kunuma ya fimuti kuli umusebo umulepita motoka iya fita
2274,Abaume bamo aba koloci aba nkanda iya buuta  bali mu kati ya cikulwa,kabili mukati ya cikulwa ici mulemoneka umwabuta pantu ifimumba fyonse no mutenge fyali buuta,Elyo kabili aba abaume abakoloci nabafwala ishati ilya makumbi-makumbi lyena nababika nafimo mwi tumba lye shati,Kabili nabashintila amaboko pa kashimbi aka fita elyo nabakontamika umutwe  panshi kwati pali ifyo bale lengela panse,Cilemoneka kwati aba abakoloci bali pa cifulo ca ncito kabili balemona imilimo ga ileenda bwino
2275,Abaume babili aba nkanda iya buuta abafwele ama shati aya fita bali mu kati ya cikulwa,Umu mu cikulwa melemoneka kwati ni mucikulwa ca kubeyeseshamo imishishi,Kabili umo pa baume aba naikala pa cipuna elyo na censa kabili nakwata ama sikiyo aya fita ku matwi,Elyo umbi umwaume naiminina ku mbali ya mwaume uwikele alemubeya imishishi  na mashini iya kubeyelako imishishi,Cilemoneka uyu umwaume uulebeya imishishi alitemwa incito yakwe kabili alabomba bwino emulandu wine uyu uo balebeya acensele
2276,Abantu abaume na banakashi aba nkanda iya abuuta bali mu ngánda,Umwame  naikalala panshi no mwanakashi  baletamba icitunshi-tunshi icili pe tebulo,Kumbali ya po bekele kulemoneka kuli abantu nabambi abekele panshi ,Lyena kuli abantu abeminine akatalamukila ku cifulo ukulemoneka kwati ni ku kichini elyo umo uufwele ifya fita naikata kapu ku minwe,Cilemoneka aba bantu balasefyapo fimo emulandu wine kuli no mwangashi
2277,Umwaume umo uwa nkanda iya fita aletoloka umusebo uukulu mu kalale,Uyu umwaume nafwala ifyakufwala ifya fita kabili nakobeka ne cola ku kuboko,Elyo pa musebo uyu pali ifishilwa ifikulu ifya mutuntula ,Elyo kabili ku lubali lumo ulwa musebo kulepita imyotoka  ishingi ishitanteme,Kabili ku lubali lumbi ulwa  musebo kuli ifikulwa elyo na bantu abaleenda
2278,Abantu bane aba nkanda iya buuta aba mushobo umo nabeminina ku ncende ukuli akamana,Pali aba abantu pali umwaume umo fye uufwele imputula iya fita ne shati ilya  buuta ne nsapato isha fita kabili nakwata imishishi isha fita,Elyo bambi batatu banakashi  kabili bonse nabakwata imishishi ishingi isha fita ku mutwe kabili nabakobeka ifyola ku maboko,Cilemoneka aba abantu  bali mu cukulwa ica pa muulu panse kabili nabalosha ku lubali ukuli akamana baletamba amenshi,Elyo kabili batatu nabashintilila iminwe pa kashimbi  akapitile ku mbali  lyena umo naiminina pa numa yabo
2279,Umwaume no mwanakashi aba nkanda iya buuta  bali pa ma jinga mu musebo ukulemoneka ifikulwa ku mbali no muntu umo uuleenda,Umwanakashi naiminina ku mbali ya musebo pa njinga kabili nabika ukulu kumo panshi elyo kabili nafwala akaputula aka buuta  ne cakufwala ca mukati ku muulu,Kabili pa cifuba pa mwanakashi uyu pali icipampa apali ifilembo fya nambala ifya kashika,Elyo umwaume alecofa injinga yakwe mukati ka musebo kabili nafwala kaputula iya buuta  na kasote ku mutwe aka buuta elyo tafwele ishati,Cilemoneka aba abantu babili bale cita amangalo ya kucimfyanya aya ku cofa injinga 
2280,Umwana umwaume umunono umo uwa nkanda iya buuta aleangala panse ,Uyu umwana nakontama kabili naikata motoka ya kwangasha iya mutuntula  ,Kabili nafwala ifyakufwala ifya makumbi-makumbi ne nsapato isha kashika elyo nafwala ne cimpompo ku mutwe ica makumbi-makumbi,Kabili ku ncende eminine kuli na maluba aya katapa-katapa  kabili mupepi ne po eminine pali itenti ilya mitoi,cilemoneka kwati uyu umwana alitemwa ukwangala panse na motoka yakwe emulandu acensele
2281,Umulumendo umo nabamukakila kuntambo iili mu pepi ne ntambo sha malaiti,Nomba bushe kwena uyu umulumendo tapye kuli inshi tambo?,Kwena cilemoneka kwati  nafwala ifya kumu cingilila ku busanso bwingesa,alemoneka kwati nakwele mukubombela pa intambo sha malaiti ishonaike,kabili kunuma yakwe kuli icikulwa ca makumbi-makumbi icikalamba
2282,Umwaume umo umusungu naikala pa cikocikala icikakilwe ku ngo'mbe,Ingómbe iyi iyintu ya buuta kabili nabaisomeka utumasengo utwikete amalangi ayengi,Pacikocikala pekele umulumendo pali ifyola fya simenti  fisano, Chilemoneka kwati uyu muntu alebombela ukwa kukulila ifikulwa,Kabili alebomfya ingo'mbe pakwenda no kusenda ifilefwaika ku bukule
2283,Abacaice abanakashi  nabekala pa mupando wa mu motoka,"kabili aba abacaice bali impendwa bane, batatu basungu kabili umo ulemonekapo umwaice pali bonse mufishi",Epo bekele pali ilangenti lyafina kabili uyu umwaice sana nabika amolu yakwe pa mubiye lintu bonse balelolesha mwi  buuku,Cilelola mukuti aba abacaice balebelenga ibuku limo lintu bakupukwile,kabili panshi muli motoka bali pali akacola ne fibokoshi fiswike
2284,Abantu batatu nabeminina pa cisebele mu cikulwa umuli amalaiti yakashika,Cilemoneka kwati icikulwa ici ca fyakulya no mwangashi,Babili pali aba batatu abeminnie pa cisebele nabekata banjo iyo balelisha,Nakabili umo uwiminine pakati naikata no kubika icisosela pa kanwa lintu aleimba ulwimbo,"Abantu babili abelemoneka kwati balitemwana nabakumbatana, icilelangilila ukuti balelumfwa bwino ulwimbo ulo baleimba "
2285,Ibumba lya bantu ikana nabakolongana ku cifulo kuntu baletamba abateya ubwangalo bwa ku sikida,Umulumendo umo natoleka mu mulu uufwele icaku mucingililako ku mutwe na pa makufi,Cilemonaka kwati uyu umulumendo alefwaya ukuponena mu cishiba umushili amenshi,Kabili kuli umulumendo ufwele ishati lyafita pa ntashi yakwe ulemutungulula,Cipalile kwati uyu umulumendo alikalipa mu bwangalo bwa kusikida kabili bakateya bambi abanakwe nabekala bale mutamba
2286,Umulumendo umusungu ali mu cibansa ca musebo lintu aleteya ubwangalo bwakucofa injinga ,"Iyi icinjinga kwena ilemoneka iyapusanako, ikwete amawilo yatatu kabili pakati ye wilo ili epali icakwesheshako",Uyu umulumendo alemoneka ukupetama sana cili kwati alilemana,Kabili nafwala icintu ku mutwe nama gogo pa menso ayakumucingilila kabili kunuma yakwe kuli umwaume uletungilila ubu ubwangalo,Kabili kumbali yakwe nakwiminina abantu abengi abaletamba ubu ubwangalo
2287,Ku ncende imo kuli abantu abafwele ifyakile abalemoneka kwati babomba umulimo wa kushimya umulilo uukalamba,Bushe nipa nshita ya kasuba nelyo ubushiku?,Kwena nakufita kanshi kuti caba ni panshita ya bushiku,Kabili kuli myotoka sisanike amalaiti ishile-enda pa musebo,Cilemoneka kwati pali ukwakile umulilo uukulu uko aba bantu baleya mukushimya
2288,Uwacaice umwaume umusungu naiminina mu cibansa umuli utufyani twa katapa-katapa,Uyu uwacaice afwele itoloshi ne shati lya makumbi-makumbi ne sokoshi shabuuta,Kabili nalolesha ku muulu  elyo naikata nakantu aka makumbi-makumbi eko aleyangasha,Cilemoneka kwati uyu uwacaice naumfwa bwino ukwangala nakantu ekete kabili aleputa umwela mumuli,Kumbali yakwe kuli ulubao ulwimbi elyo pamuli wauko pali utufyani utwatalunkana 
2289,Abaume abasungu abacikulile nabanina pama honda yabo mu musebo,Bushe fintu finshi aba abaume balecita nangula ekobaleya?,Cilemoneka kwati aba abaume babomba ku ncito kumo ,"Emulandu wine bafwalile ifyapalana, ama unifomu ya fita ne nsapato sha fiita",Mu musebo bali muli nabantu bambi abale-enda pamakasa kabili kumbali ya musebo kulemoneka icikulwa icikulu
2290,Abantu abasungu nabeminina ku ncende ukuli imicanga sha fiita panshi,Uwacaice umwaume umo nafukama kwikufi limo pamicanga,Cilemoneka kwati pali ifyo alufishe panshi efyo alefwaya,Kumbali yakwe nakwimina abakashana babili umo afwele siketi ya buuta ne shati lya makumbi-makumbi,"Kabili umbi afwele itoloshi na kashati kakashikilila, cilemoneka kwati pali ifyo batantamine uku kuntu"
2291,Ibumba lya bantu aba pusana pusana bali mu kati ya cikulwa icikulu ica makwebo,Mu muulu wa cikulwa ici muli ifilembo ku cibumba elyo kabili mu mutenge muli ama pulanga aya kwete amalaiti aya kile,Elyo kabili ku mapalanga kwine ku muulu  kuli  utufyola utwa buuta  utwakusendelemo ifintu ifyashitwa mu ckukulwa uto bakobeka  ,Kabili muli ici icikulwa ica kushitisishamo muli ifintu ifingi ifyakushitisha kabili muli ne nama na masabi,Cilemoneka kwati abantu balaya sana mu kushita muli ici icikulwa nakalimo bali cipako ku mitengo
2292,Umwana umunono umwaume umo uwa nkanda iya buuta  aleangala mu ngánda panshi pali kapeti iya butilila,Uyu umwana nafwala ishati ilya milaini elyo ne mputula ilya maitoi kabili elemoneka no mubili uwalelema bwino,Kabili uyu umwana nalala panshi ye tebulo ilya mitoi kabili naimya ukulu kumo no kukubika pe kufi ya kubiye,Bushe uyu umwana alecita inshi kanshi umu engile munshi ye tebulo?,Cilemoneka uyu umwana kwena aleangala fye kabili cipalile kwati alitemwa sana ukalaangala mu ngánda
2293,Umwanakashi umo uwa nkanda iya buuta  naikala pa mu pando ku ncende ya panse mupepi ne cikulwa,Uyu umwanakashi nafwala ifyakufwala ifingi ifya  balakata  kabili nafwala ne citambala  ica kashika ku mutwe,Kabili uyu umwanakashi nakwata ici maamba icikulu kabili mu kuboko kumbi naikata akantu akalemoneka kwati kamuti aka tali,Cilemoneka kwati ale songola aka akamuti ukubomfya ici maamba pakuti apangemo  fimo mu kamuti,Kabili ku cibumba ya cikulwa cili ku numa yakwe  kulemoneka ifyakufwala ifyo bakobeke elyo kulepita na bantu
2294,Ibumba lya bantu abengi abalekana-lekena nabeminina  ku cifulo icilemoneka kwati ni ku citesheni,Uku ku citesheni kuli motoka imo iikulu  iya kashika elyo futi iya buuta iyiminine ku ntashi lye bumba lya bantu,Kabili abantu aba abeminine nabatantama mu milainini ishingi  kabili bamo  mwi bumba nababiika abana babo pa mabeya,Elyo kabili kuli abaume bakapokola babili aba fwele ifya fita  abalelolekesha pali ili ibumba lya bantu,Cilemoneka abantu bonse balefwaya ukukwela muli motoka  lelo nabafulisha pantu motoka ilifye imo nakalimo emulandu kubelele ba kapokola pakuti kwiba icimfulunganya
2295,Umulumendo umo uwa kashika  nakwela pa njinga  ku ncende ya panse ,Uyu umulumendo nafwala ifyakufwala ifya fita ne nsapato isha buutilila,Elyo kabili injinga akwelelepo nayima mu muulu  kabili itaila lya ku ntashi nalipilibuka kabili ekete fye ica kwenseshako no kuboko kumo,Kabili umulumendo uyu alemoneka kwati natiina ukuba mu muulu ne njinga pantu naisula  nakukanwa,Elyo kabili panshi pa musebo pali ifilembo ifingi elyo kunuma yakwe kulemoneka icifulo ica mangalo ne mpanga umuli ifimuti ifingi
2296,Abaume bamo abakote aba nkanda iya  fita  nabeminina mu cibansa kabili kunuma yabo kuli ifimuti ifya nkonde elyo ne fimuti fimbi,Aba abaume abakote  tabafwele ishati lelo nabaikobeka utuntu pa mubili wabo elyo na kuminwe kulemoneka nabafwalako ifintu ifya masako ifya kashika,Utu utuntu baikobeke pa mubili tuntu utwa buuta utulemoneka kwati twapangwa no bulungu kabili natu pita mumukoshi  elo na pa cifuba,Elyo kabili nabafwala icisote ica kupanga ici kwete utuntu utwa sompa elyo na masako,Cilemoneka kwati ifi fyakufwala ifya kufwala pa kusefya ifya mitundu nakalimo aba abakote balesefyapo fimo
2297,Ibumba lya bantu nabeminina kumbali yamusebo ku ncende ya mpanga kabili kuli ne myotoka ishiminine mu musebo kumbali,Bamo pali aba abantu baume elyo bambi banakashi kabili bamo ba nkanda iya buuta elyo bambi ba nkanda iya  fita,Kabili bamo beminine mupepi no musebo  lelo bambi nabengila na mu mpanga ,Iyi impanga naikwata ifimuti ifikulu kaili ifingi ifya katapa-katapa,Cilemoneka kuli ifyo aba abantu baletamba pantu bamo nabekata na ma foni mu minwe balekopa nakalimo baletamba inama sha mu mpanga
2298,Umwaume umo uwa nkanda iya buuta naikala pa mu pando mukati ka cikulwa,Uyu umwaume nafwala ishati ilya buuta na ka pa muulu aka fita elyo ne toloshi ilya butilila kabili nafwala na kantu pekufi aka fitilila,Kabili nafwala amagogo mu mutwe elyo nakobeka aka cola akanono ba cifuba kabili nashintililisha ukuboko kumo pe tebulo ilikulu apali insalu iya kashika,pe tebulo pali ici pepala ici kulu apali ifikope fya bantu elyo ne fipepala fibili fya buuta ifili  panshi yakuboko kwakwe ne fya kulembelako,Kuntashi ya po ekele kulemoneka umwaume no mwanakashi abeminine cilimoneka kwati balepoka ifipepala
2299,Umwanakashi umo uwa nkanda iya buuta alemoneka kwati naikala kabili ali ku cifulo ca mangalo,Uyu umwanakashi nafwala icimpompo ica kashika ne ntambo isha fita ku mutwe,Elyo kabili nakwata imishishi isha kashika,Elyo na kabili nakwata icidindo pa kuboko ica cikope ca muntu umwanakashi uwakulenga,Uyu umwanakashi alemoneka kwati pali ifyo aposeleko sana amano ukutamba ku cifulo kuntu ali elyo nakalimo aleteyako nakwe amangalo
2300,Abantu batatu umwaume umo na banakashi babili nabekala pa tupuna panse ya cikulwa mu kalale,Bushe nikuncende inshi uyu umwaume balemubeyela umushishi?,Mu kati yacikulwa mulemoneka kwati balapangamo no kushitishamo ifya kulya elyo ne fya kunwa,Cilemoneka kwati apa panse ya cikulwa bekele balelya ifyakulya ifyacifuma mu cikulwa,Kabili pantashi ya ciibi ca cikulwa pali iluba ilisuma ilya kashikilila elyo ne lya  katapa-katapa
2301,Umwaume wacikulile naikala pa cipuna lintu umulumendo alemubeya imishishi mu mutwe,Bushe nikwisa uyu mwaume bale mubeyela umushishi wakwe?,Iyi ncende ilemoneka kwati ni palubansa lwa nga'nda kabili kunuma yabo kuli cibumba ca malata,Kabili panshi pali konkili palemoneka imishishi ishingi ishileponenapo ilyo balebeya mu mutwe,Cilemoneka kwati uyu umulumendo mwana wa abaume alebeya kabili balebeyelana pa nganda
2302,Uwacaice umwaume uwa nkanda iyabuuta aleteya ubwangalo mu cibansa,Uyu uwacaice nafwala ica kumucingililako ku mutwe nga apona ica fita ne shati lya makumbi-makumbi ,Kabili afwele ne itoloshi lyabutilila nama taki ku molu,Ubwangalo buntu aleteya bwabimbwamo ukupanta ka mupila akanono ukubomfya akamuti,kumbali ya cibansa cintu alimo nakwikala abantu abaletamba uyu uwacaice
2303,Umukashana umusungu ale-enda eka mu musebo,Uyu umukashana afwele ideleshi lya butilila,Ku mbali ya musebo ku ncende ale-endela kuli  ifimuti ifingi ifikwete amabula yakashika na yakatapa,Kabili uyu umukashana alemoneka kwati akashishi kamusumine bwibele emulandu wine alefweneshe mu mabele,Kabili uku ku ncende ale-endela kulemoneka ukwa busaka nganshi
2304,Umulumendo wa nkanda iyabuta naikala muli motoka yakwe mu mpanga,Bushe uyu umulumendo alecita finshi na tilakita yakwe mu mpanga?,Cilemoneka kwati aleibomfya ukusendelamo fintu alebombelapo,Kabili iyi tilakita akwelelemo yintu yakashika kabili umwine afwele ci ovelo ca mitomito,Cilemoneka kwati icinto yakwe ya kwensha motoka kuli abantu bambi abalebomba imilimo bakonkele mu mpanga
2305,Umulumendo uwa nkanda iya buuta alekwela ulupili,Kabili nabamukakila ne ntambo iyakosa iya makumbi-makumbi iyaku mwabako ukukwela ,Uyu umulumendo afwele ishati ilya buutilila ne itoloshi ilya fitilila,Cilemoneka kwati pali efyo alefwaya ifili pa mulu wa mpili,nangula limbi alekwelafye impili mukuisekesha
2306,Umwaume umo uwa nkanda iyabuuta aletoloka panse ya nganda,Kabili nakwata na kapu kuminwe umuli ifyakunwa fyatikama kabili nafitikila pe shati yakwe lintu atolokwe,Kabili uyu umwaume alemoneka uwacikulile elo nafwala akasote ka fita nama gogo,"Afwele ne itoloshi ne shati lyafitilila, Cilemoneka kwati nakwatamo sana ubuseko mufyo acitile",Kumbali yako ali kulemoneka inganda no lupao lwa matafwali
2307,Umwaume umukoloci umusungu naikala ku ncende ya cintu bwingi ,Bushe finshi uyu umukolochi alecita ku cintubwingi?,Uyu umukoloci nabika ifyakulya pakanwa ifyo alelya,Kabili nakwata imyefu inshingi ku cilefulefu cakwe na imishishi sha buta tutu ,Kabili alemoneka kwati aciba sana ne sala ngawamulolesha ifyo alelya
2308,Ibumba lya bantu nabekala mu cikulwa umushili amalaiti,Bushe finshi aba bantu balecitamo umu bekele umwa fiita?,Cilemoneka kwati aba bantu bacikwata akabungwe kakulanshanyapo fimo ificindeme,Emulandu wine bonse abekele patupuna bakwatile utupepela utulembwelepo fintu balelanshana,Cilemoneka kwati uku nkuntu amalaiti yaciputukafye ukwabula ukwenekela kabili abaletungilila uku ukolongana nabeminina balefwaya ukucitapo fimo
2309,Umulumendo wacaice uwa nkanda iyabuta nadagasanila ku fikopa,Bushe mulandu inshi uyu umwaice ambanunukile? alemoneka ni citomfwa,Cilemoneka fye kwati ale-angalafye pa fikopa fibili,Uyu uwacaice akwete umushishi wa fiita kabili afwele ishati lyama batani ne itoloshi lyabutilila,Cipalile kwati uyu uwacaice ale-angalila pa lubansa lwa pa nganda apali ne fimuti ifyakatapa-katapa
2310,Abacaice babili umulumendo no mukashana balekwela ico babumbilila na konkili,Uku ku ncende bali kulemoneka ukwa yemba kwati nikukalale kabili kuli nefikulwa fimbi ifitali,Aba abacaice bali na bawishibo abalebamona no kuba tangata,Cilemoneka kwati aba abacaice balencimfyana ukumona uwalafikapo bwangu pa mulu,Kabili umulumendo alemoneka kwati ewala wina no kufika bwangu pantu euliko apatali
2311,Umwaume umo uwa nkanda iya buuta ali mukati ya motoka iya mutuntula,Uyu umwaume na kwata ipala pakati ya mutwe kabili nafwala ishati ilya nsalu umwaba utubokoshi  ilya pusana ama kala,Elyo kabili uyu umwaume nafwala icimpompo icikulu ica kucingilila pa menso,Bushe mulandu nshi afwalile ici icimpompo caifi?,Mulandu wakuti alecingilila amenso ku mulilo ulefuma kuli ka mashini akwete aka  akakocelela kabili cilemoneka alebombela pali iyi motoka
2312,Umwaume umo uwa nkanda iya buuta naiminina panse mupepi mu pepi ne cibumba ica fita ,Uyu umwaume nafwala imputula iya mitoi elyo ne shati ilya fita kabili nafwala akasote ku mutwe aka makumbi-makumbi,Kabili epo eminine pali ifyani na maluba aya katapa-katapa kabili naikata icipepala ica buuta ku mumwe umo,"Elyo kabili ku numa yakwe kuli akantu aka mawilo apali ifibokoshi  kabili nakobekako ne cakufwala cakwe, bushe kwena finshi alecita uku kucibumba aloseshe?",Kwena cipalile kwati uyu umwaume naikata penti iya kusansa ku munwe umbi kabili aleibomfya ukupenta ku cibumba  icilengwa ica mutuntula
2313,Abantu abaume abali bane bali mukati ya cikulwa panse,Ici icikulwa nacikwata impongolo iikulu iya fitilila elyo ne fimbumba  fye linga ifitali ifya buuta,Abaume batatu baleenda mu lubansa elyo babili nabeminina  mupepi ne cibumba kumbali umuli akalibala ka tumuti utunono utwa katapa-katapa,Umwaume umo pali aba babili abali ku kalibala alemoneka kwati alebomba mwi bala  elyo umbi naiminina alemona ifyo alebomba,Uku ku ncende kulemoneka ifikulwa na fimbi ifipaleme ifikulu ifya buuta  elyo ku numa ya mpongolo ya cikulwa kulemoneka ifimuti
2314,Umwaume umo uwa nkanda iya buuta nakwela pa kakushelelapo aka ma wilo kabili natoloka nako mu muulu,Kabili uyu umwaume nafwala itoloshi ilya butilila elyo ne nsapato isha fitilila elyo tafwele ishati  kabili naimya na maboko mu muulu ilyo atolweke  ,Elyo kabili uyu umwaume ali mu musebo ku ncende ya panse ukuli ulupango  lwa  nsengu isha fitilila,Kunuma ya fensi kuli ifimuti ifingi  ifya katapa-katapa elyo kulemoneka ne fikulwa ifitali,Cilemoneka umulandu atolokele acilafwaya ukukana punka mu kashimbi  kali pa musebo ilyo acila shelela pa musebo
2315,Abaume babili aba nkanda iya buuta  na beminina pa lupili ku ncende ya ku mpanga,Umo umwaume nafwala icakufwala ku muulu ica fita  na kasote aka katapa-katapa kabili nakwata icintu muminwe ica kumwenako ifintu apatali ici abikili pa menso aleloleshamo,Elyo umbi naiminina mupepi nakwe kabili nao nafwala ica ku fwala  ica fita elyo na kasote ku mutwe  elyo  naikata ku munwe kapu iisunga ifya kunwa ifya kaba,"Ku ncende bali kulemoneka ifimenwa ifingi ellyo ne fimuti ifingi ifya katapa-katapa, bushe aba abaume balecita inshi uku ku lupili bali?",Cilemoneka kwati aba abaume pali ifyo balefwaisha ukumona ifili apatali nakalimo ifyo fine ifintu naficindama sana 
2316,Abanakashi batatu aba nkanda iya buuta nabekala panshi mukati ka cikulwa,Babili pali aba abanakashi bakwata imishishi isha fita kabili umo naikata icisabo ku munwe ici alelisha umunankwe,Elyo umbi umwanakashi nakwata imishishi isha fita kabili naikata ibotolo ilya bwalwa ku munwe,Mu pepi ne po bekele pali ama mashini aya buuta  kabili pa muulu ya yako pali ifinti ifingi ifyapusana pusana ifili nsale-nsale,Cilemoneka ukuti aba abanakashi bali ku cifulo ca ncito kabili bacikwata pate emulandu wine kubelele no bwalwa
2317,Ibumba ilya bantu abaume na banakashi aba mishobo isha pusana pusana bali mu kati ya cikulwa,Aba abantu nabafwala ifyakufwala fya ba soja ifya palana kabili balemoneka kwati baleenda,Pali umwaume umo uufwele akasote uuli ku mbali uulemoneka kwati emukulu wa ncito  wabo,Kabili balemoneka kwati baleimba ulwimbo lwa calo cabo ilyo baleya baleenda pantu bonse nabesula ku tunwa,Cilemoneka kwati aba soja bali pa kuya mukomba umulimo wabo uwa calo nelyo elo babwelele ku milimo
2318,Ibumba lya bantu abaume na banakashi nabeminina mu kati ya cikulwa,Ku ncende bali kuli ama tebulo apali ifya kulya ifingi ifyaipikwa ifyalekana-lekena elyo ne fya kunwa elyo ne mbale,Abantu balebula ifyakulya balefwaya ukulya no kubika pa mbale,Kabili aba abantu bonse abali umu mu cikulwa balemoneka  bafwele ifyakufwala ifya busaka ifya pacipale,Kanshi kwena cipalile kwati uku ku cifulo ni ku ncito mu ncende iyo bapekanisisha ababomfi ifyakulya
2319,Abantu abengi abapusana pusana bali mu cibansa  umo bapangile utu yanda twa makwebo,Muli utu utu mayanda muli ifyakushitisha ifyo batantike ifya pusana-pusana,Kabili kuli umwaume umo uwa nkanda iya fita uufwele itoloshi  ne shati ilya kashika uwimine mupepi na pali akayanda ka makwebo,Muli aka akayanda muli imisalu isha katapa-katapa  isha kushitisha  cilemoneka uyu umwaume alefwaya ukushita umusalu,Ku  ncende uku kuli ifimuti ifingi ngashi ifya katapa-katapa ne fyani panshi
2320,Abantu abaume bali mu cibansa umuli amaloba ayengi panshi,Aba abaume nabakwela pali bakabalwe kabili bakabalwe aba  balebutukisha sana ,kumbali ya cibansa kuli ulupango kabili kunuma ya lupango kuli abantu abengi abaletamba ifilecitika mu cibansa,Cilemoneka ni nshita ya cungulo bushiku emulandu wine amaliti mu muulu yakile pakuti abantu balemona,Kabili cilemoneka ukuti aba abaume bali pali ba kabalwe baleteya amangalo ya kwikata bakabalwe bambi abalebutuka  mu cibansa 
2321,Umwaume no umwanakashi na basendama panshi mu pepi no kuli akamana kumbali  ,Aba abantu babili epo basendeme simba iyilemoneka bwino iya katapa-katapa ,"Umukashana nashintilila umutwe wakwe palufumo lwa mwaume, cili kwati balume na bakashi","Kabili epo basendeme pali ama botolo umutafili ifili fyonse, cilemoneka kwati mwaciba umwangashi untu ubakolele aba abalele",Cipalile kwati beshile uku ku ncende mu kusefya no kusekesha umupashi wabo
2322,Ku ncende ukuli akamana kulepita indeke pa muulu ya menshi,Bushe iyi indeke ilepita pa menshi likwete amalinga yamusango inshi?,Iyi indeke yintu yakashika ne filembo ifyapitamo ifya buuta,"Mukati yandeke mulemoneka nkesha wa indeke uwikele kutanshi, icilelangilila ukutila pali eko balelola ukutali",Kabili apapelele akamana palemoneka ifikulwa ne myotoka ishishile-enda
2323,Ibumba lya bantu bali ku ncende ukuli bemba wa menshi umuli amabwato,"Babili, uwaume uwacikulile no umukashana nabeka pa tupuna utuli mupepi na kamana",Umo umulumendo nashintilisha ku lupao lwacingilila bemba wa menshi,Kabili kuli no mulumendo ulemoneka umutali nganshi ufwele itoloshi lyafita kabili namfumbatila icisolobelo ca kubilishishamo imbila,Kabili kunuma yakwe kuli icibumbili ico balembapo banamayo na bashitata abaleitomona imilomo
2324,Abalumendo babili bali mu bwato muli bemba wa menshi,bushe finshi aba abalumendo babili balecitamo mu bwato?,Cilemoneka kwati pali uko balelola ku ncende imbi ukwakutoloka bemba wa menshi,Kabili muli bemba wa menshi uyu mulemoneka icushi icilefuka kumbali ya kamana,Kabili kulemoneka ne fimuti ifingi ifikalamba ifya katapa-katapa
2325,Umukashana umo naba mukakila intambo kabili alimulwelele,Bushe uyu umukashana kwena tapone no kuicena umu mulwelele ali?,Cilemoneka kwati naba mukakila intambo ne fintu ifya kumwafwako ngashingwana nobusanso,Kabili uyu umukashana aleikatana pa pamutenge wa cikulwa icikalamba,Cilemoneka kwati pali ifyo alefwaya ukumonapo pa pamutenge ifishili bwino
2326,Abalumendo babili no mukashana umo baleensha ijinga mukukonkana mu musebo,Kabili pa musebo palemoneka apabombelele kwati imfulo elyo yacifuma mukuloka,Nakabili pa musebo pali ne myotoka shibili ishile-enda,"Imo ileendela panuma ya bantu baleensha icinga, imbi ileendela ku tanshi yabo",Cipalile kwati aba abantu batatu balecimfyanya ukwensha ijinga
2327,Abaume batatu bali mu cisebele umwakuteyela ubwangalo bwa kulwa,Umo bali aba euletungila ubu ubwangalo kabili babili balecimfyana mukulwa,Umbi pabalelwa afwelefye akaputala kamukati kabili umubiye nafwala itoloshi ne shati,Cilemoneka kwati uyu uwimishe umubiye pa musana ewala wina ubu ubwangalo bwakulwa,Kabili kuli ibumba lyabantu abengi abekele mu cintibwingi abaletamba ubu ubwangalo
2328,Abantu batatu bali mucibansa umo baleteyela ubwangalo bumo ,Bushe ubwangalo inshi aba bantu balemoneka baleteya?.,Cilemoneka kwati bwa ngalo bwakupika umupila ukubomfya akamuti kabaswa bwino,Abalumendo bonse batatu baleteya bafwele ifyakufwala ifya buta tutu kabili babili nabafwala utusote utwa makumbi-makumbi ,Kabili iyi ncende baleteyelamo ubwangalo naikwata ibala ililemoneka iya yemba ne fimuti ifyakatapa-katapa 
2329,Umulumendo umo naiminina ku ncende ukulemoneka bemba wa menshi na menshi-makasa,Kabili uku ku ncende kulemoneka ne mpili ishilemoneka ukufitilila,Bushe finshi uyu umulumendo akonkele kuli iyi incende iyatalala nganshi?,Cilemoneka kwati acilaenda muli makasa-menshi pantu namulembekwa amakasa yakwe,Kabili cilemoneka kwati ele mukupwisha icitendwe no kutontokanyapo pa bumi bwakwe
2330,Umulumendo wacaice uwa nkanda iyabuta naikala mukati ka nganda,Bushe finshi aka akamwana akanono kalecita?,Nakekata supuni kuminwe cilemoneka kwati kalelya ifyakulya,Kabili naka mwentula no kwisala ilinso limo,Cilelangilila ukuti ifyakulya alelya fintu fyawama nganshi 
2331,Umulumendo umo uwa nkanda iyabuuta naiminina pali Honda yakwe mu musebo kabili kunumayakwe kulemoneka kulepita imyotoka,Kabili nafwala icintu ku mutwe icakumucingilila na ma gogo ya pamenso,Cilemoneka kwati aleteya ubwangalo bwa kwensha ama honda,Kabili afwele ifyakufwala ifyafiita umwapita ifyabuta,Kabili Cilemoneka kwati pali ico alesontelela umuntu aleteya nankwe ico amwene
2332,Ibumba lya bantu abengi  abaume na banakashi aba pusana-pusana  bale enda pamo ku ncende ya panse ukuli ifikulwa ifikulu sana,Bamo abantu baleenda fye na makasa elyo bambi nabekata injinga ku minwe,Elyo bambi mwi bumba nabekata ama foni yabo ku minwe  elyo bambi balelisha iminsoli,kabili ku ntashi lye bumba ku mbali nakwiminina umwanakashi umo uufwele icisote ku mutwe elyo na papa ne cola munuma uulekopa ifilecitika pa foni yakwe,Elyo kabili abantu abengi mwi bumba nabemya ku minwe imendela isha kashika elo pamo pa mendela pali ifilembo cilemoneka kuli ifyo balefwaya ubuteko bumfwe
2333,Umwanakashi umo uwa nkanda iya buuta ali ku ncende ya panse kabili kunuma yakwe kuli utumuti ne cibumba ica kashika,Uyu umwanakshi nasunsumana kunuma ya cintu  ica buutilila icilemoneka kwati cisoselo ca kupanga icikulu,kabili uyu umwanakashi nacensa elyo nafwala amagogo ya pa menso,Elyo kabili nakwata imishishi isha fita kabili nakumbata ici icisoselo ne minwe kabili nafwala ica ku fwala ca mpepo ica buutilila ku muulu,Cilemoneka kwati uyu umwanakashi nafisama nakalimo kuli abo talefwaya bamumone 
2334,Umwaume umo uwa kashika  uulemoneka kwati mu busu naikala panshi panse ya cikulwa ,Uyu umwaume nafwala ifyakufwala ifingi kabili nafwala insapato isha pusana ku makasa,Elyo kabili nabika iminwe shakwe pamo pa menso cilemoneka kwati naumfwa impepo sana,Bushe uyu umwaume nishi ekalile panse apa pa mpepo?,Cilemoneka mulandu wakuti takwete ukwakuya nakalimo takwata in'ganda  kabili alala musembo mu mbali ya fikulwa emulandu wine afwalile ifyakufwala ifingi pantu panse palatalala
2335,Imbwa imo iya buuta  nailala panshi pa lunkoto ulwa katapa-katapa,Iyi imbwa  naimya umutwe mu muulu  kabili naisula akanwa,Kabili naisuma mu kanwa icintu ica fita icapikulwa kwati ni ntambo ici tali naci ifimbako na ku lubali lwa pa menso,Cilemoneka iyi imbwa ileumfwa bwino ukwangala ne ci icintambo mu kanwa,Elyo kabili naifwala kola ya mu mukoshi ilya fita
2336,Ibumba lya bantu bali ku ncende ya panse ku cifulo ukuli ifimuti ifingi  ifya katapa-katapa,Abantu bamo nabeminina mu musebo mupepi ne cikulwa cilemoneka kwati pali ifyo balelanshanya,Elyo bambi nabekala pa tupuna mupepi na ka ntemba umo baleshitisha ifya kulya baleipika elyo ne fyakunwa ifya kaba,Elyo kabili abanakashi bamo aba cikulile baleenda mumusebo ukuya ku ka ntemba kabili naba kumbata umwana umunono,Elyo bambi abengi abantu baleenda mumusebo uuli mu kati ka fimuti ifingi
2337,Abaume abali bane bali  mu kati ka cikulwa  ku ntanshi ya cisebele,Umu mu cikulwa namufita kabili muli utuma laiti utwa kile mu muulu,Kabili aba abaume bali  pa cisebele nabakwata ama banjo ayo balelisha ku minwe kabili kuntashi yabo kuli ifisoselo,Aba abaume balelisha ama bajo elo baleimba ne  nyimbo ku kanwa mu fisoselo ,Cilemoneka aba abaume beminine ku cisebele bali  kuntanshi ye bumba abaletamba  no kulumba kabili cilemoneka ukuti  aba abaleimba balitemwa ifyo bacita
2338,Abanakashi babili aba nkanda iya buuta baleenda mu musebo  ku ncende ukwaba ifimuti ifingi  ifya katapa-katapa ku mbali,Umo umwanakashi pali aba nafwala itoloshi ilya  fita ne cakufwala ca ku muulu ica kashika kabili nasonta amaboko yakwe yonse yabili kuntashi ,Elyo kabili nafwala icakuipomba mu mukoshi ica mitoi ica kucingilila impepo kabili  nakobeka ica kukopelako mu mukoshi  elyo nasenda  icola ica fita ku kuboko,Cilemoneka uyu umwanakshi pali ifyo aleshimikila umwanakashi ale endela pamo nakwe ,Elyo ku lubali lumbi ulwa musebo kuli abantu na bambi aba leenda
2339,Ibumba lya bantu abali mutanda  abaume na banakashi nabekala pa cipuna cimo icitali ku ncende ya panse  mupepi ne cikulwa icikulu ica maliilo  ,Abaume babili abekele ku mpela ya cipuna balelandishanya kabili bambi bamo nabakwata katundu panshi,Cilemoneka abantu aba abekele pali ico balelolela nelyo limbi baletuusha fye,Panse ya cikulwa ca maliilo  napekala abantu abengi abekele pa tupuna apali ama tebulo,Cilemoneka abantu balitemwa ukwisa mu kulya muli ici icikulwa  nakalimo limbi balapekanya ifya kulya ifisuma
2340,Umwanakashi umo uwa kashika uufwele ifya ku fwala ifya buuta nalala panshi mu cibansa munshi ya mwamfuli,Kabili ku numa ya kwe kuli abaume babili umo uwa nkanda iya fita umukulu elyo umbi uwa nkanda iya buuta uwacaiceko,Aba abaume babili balebutuka kabili cilemoneka kwati umwaume uwa caiceko alepepeka umwaume umbi uwa nkanda iya fita,"Kumbali ya ci bansa ku numa kuli icikulwa icikulu ica butilila, nomba bushe umwanakashi uyu cinshi alalile mu cibansa? ",Cilemoneka kwati uyu umwanakashi taleumfwa bwino sana nakalimo acumfwa  amaka ukupwa emulandu alalile panshi
2341,Abakashana bacaice abasungu bale-angalila mu mfula kabili nababomba,Umukashana umutalipo umo alemoneka alikwatapo umushinku ukulilelepo pa mubiye,Cilemoneka kwati aba abakashana babili bana bankashi kabili bonse babili baletolekela mu menshi yamfula pamusebo bali,Umukalamba afwele akaputula ka makumbi-makumbi akepi ne shati kabili umunono nao afwele akaputula ne shati,Balemoneka abasansa nganshi ukwangalilila mu mfula ku ncende ukulemoneka ifimuti nama bula ayaponene panshi
2342,Umwana umwaume umunono naiminina ku ncende ukuli ifikopa ,Kabili emo ali muli umwakupita umo bapanga na mapulanga,Iyi ncende ilemoneka kwati ni ncende yakwangalilamo abana banono,Cilemoneka kwati uyu umwana ali abafyashi bakwe abamuletela mukwangala kabili alemoneka kwati elyo alesambilila ukwenda,Kunuma yapo eminine kuli ulupao ulo bakula na konkili
2343,Abacaice abasungu batatu bale-angalila muli menshi-makasa ,Kabili bonse batatu nabakwata ifyakupashilako ulupili lwa menshi-makasa ,Bonse batatu nabafwala ifyakufwala ifya fiita ifyakaba pantu kwalitalala uku bali,Kabili ku numa yalupili lwa menshi-makasa kuli motoka ilemoneka kwati eyo abafyashi ba aba abana babaletelemo,Uku ku ncende kulemoneka ukwatalala nganshi pantu kulaloka menshi-makasa 
2344,Ibumba lya bantu bali mu cikulwa ca bwalwa pa nshita ya bushiku,Umulumendo umo ufwele ishati lya fiita  naikata kapu umuli ubwalwa alenwa,Kabili uyu umulumendo alemoneka kwati naposa amano mukutamba icitushi-tushi icili mu cikulwa,Kabili umulumendo umbi uwiminine  no kulolesha mu mulu balemukopa kumbiye na kamela ya pa phone ,Abantu bonse balemoneka ukuipakisha sana ukuba muli ici icikulwa
2345,Umulumendo umo umusungu aleenda mu mbali ya fikulwa ne mbwa ishingi,Inshi imbwa shintu shamalinga ayapusana ne mibele iyapusana,Kabili shonse nashikakila ku ntambo ekete ku makobo yonse yabili ilyo aleenda,Cilemoneka kwati uyu umulumendo acita ubukwebo bwa kukusha imbwa noku shishitisha,Mu mbali ya fikulwa  aleendela muli abantu bambi abengi  abalepitamo
2346,Umulumendo wacaice umo uwa nkanda iya buuta naikala mu cikulwa ca kulilamo,Bushe finshi alecitamo umu muchikulwa camalila?,Alelya ifyakulya ifilemoneka kwati mukate uo babikamo inama ishakwipika,"Uyu uwacaice nasasamuka nganshi pakulya ifi ifyakulya,  cipalile kwati nafiwama sana",Kabili mu cikulwa umu ali muli abantu bambi abapusana-pusana abekelemo
2347,Abantu nabekela mu cikulwa ca maliila umuli ifipuna nama tebulo aya talunkana,Umukashana umo ekele eka pa tembulo epo aletinika kompyuta yakwe,Uyu umukashana alemoneka kwati ni kasukulu kabili pali ifyamasambililo alemona pa kompyuta uku ninshi aletusha no kunwapo fimo,Kabili umu mu cikulwa muli na baume bacikulile na banakashi abekele mupepi na petebulo lyabo pali ifyakulya fintu baleipakisha ,Umu mu cikulwa ca maliila muli umwa busaka kabili muli amalaiti ayengi ayakile
2348,Abantu nabeminina panse yacikulwa ca masambililo yapamulu eco beta ati yuniveziti,Abalumendo batatu nabemina mu pepi napa cibi ca univesiti abalemoneka kwati epo basambilila ,Cipalile kwati aba nibakasukulu kabili balemoneka kwati balelanshanya pafyo bafumine mukusambililapo,Ku ntashi yabo kuli umukashana aletinika foni yakwe ulemoneka kwati ni kafundisha wapa yunivesiti,Ku kuso ya cikulwa ici  kuli ifikulwa fimbi ifya mukalale
2349,Uwacaice umukashana uwa nkanda iya buuta naikala pali cikabalwe ca kupanga,Cilemoneka kwati aleshunguluka pali cikabalwe cakupanga,Alemoneka kwati ali ku ncende ukuli ifyakwangalilapo ifya bana,Uyu uwacaice alemoneka uwa sekelela sana paku shunguluka pali uyu kabalwe wa kupanga,Uyu kabalwe wa kupanga ekelepo nakwata amalinga ayengi ayapusana 
2350,Umulumendo wa nkanda iya buuta naimina mu muputule umwa kusambila,Bushe uyu umulumendo alecita inshi umu mumuputule?,Cilemoneka kwati alebeya imyemfu shakwe ukubomfya akaku beyelako,Kabili uyu umulumendo nalolesha mu cilola icikulu eco bapopa ku cibumba pakubeya imyefu shakwe,Nakabili cilemoneka kwati afumine mukusamba pantu tafwele ishati kabili nakaka itawulo kumutwe
2351,Abanakashi batatu aba nkanda iya buuta nabeminina  mu musebo panse ,Umo umwanakashi apali aba uufwele itoloshi ne shati ilya fita naiminina mupepi  no umwana umunono umwanakashi uwa nkanda ilya buuta,Uyu umwana umunono naikatilila  icifimbo ica kashika pa menso kabili umwanakashi uwiminine mupepi yakwe alemwafwako ukukaka ici icifimbo ,Kabili umwanakashi uwiminine kunuma ya mwanakshi uulekaka icifimbo ca mwana umunono naibika umunwe wakwe pa numa yakwe,Cilemoneka aba abantu balea ngala mu musebo umu kabili uko bali kulemoneka ifinshingwa fya bantu banbi icilelangilila ukuti kuli abantu na bambi
2352,Abantu batatu aba nkanda iya  buuta  nabeminina  mu cibansa,pali aba abantu pali abanakashi abakulu bamo elyo bambi babili bana abanono cilemoneka bana ba ba banakashi  aba abakulu,Elyo kabili mu cibansa namulala ici lubi icikulu ica pala inkumba  ico bacingilila no lupango ulwipi ulwa mapulanga,Bonse batatu baletamba ici icilubi icikulu  kabili abanakashi abakulu nabekata ica kukopelako ku minwe ico balebomfya ukukopa ici icilubi ,Panshi epo beminine pali ifyani ifya katapa-katapa kabili pali ne cola ica fita 
2353,Ibumba lya bantu aba nkanda iya buuta bali mu lubansa panse ya ngánda,Aba abantu nabeminina mu tu mabumba utunono kabili bonse balebombela pamo ukuwamya ulubansa ,Bamo balepyanga ama buula ayapona panshi ukufuma ku fimuti elyo bambi balekusa aya amabula  no kuyalonga mu fyola fyakukushilamo ifisoso ifya fita,Kabili pa mutenge wa ngánda yabo napo pali amabula ayengi ngashi,Cilemoneka kwati ni mu nshita ya mwaka iya myenshi umwaba icimwela icikulu emulandu wine amabuula yalelukutila umusango uyu ku fimuti 
2354,Abantu abengi abapusana pusana abaume na banakashi  baleenda mu musebo mu kalale,Ku ncende bali kuli ifikulwa ifingi kabili ifitali nganshi kabili mu mbali yafikulwa muli ifimuti ifya katapa-katapa,Abantu bamo abaleenda nabakwata ifyola ku minwe na makatundu,Elyo bambi nabeminina mu mbali kwati pali ifyo balelolela,Cilemoneka kwati uku ku ncende ya kalale kwalifula sana abantu maka maka mu nshita ya cungulo abengi balapitako sana
2355,Abanakashi  aba nkanda iya buuta abali bane nabakolongana pa ncende imo mu mbali yamusebo mu kalale,Umo umwanakashi   nakwela pali Honda  kabili nafwala itoloshi ilya makumbi -makumbi  elyo nakwata imishishi isha fita  ishitali,Elyo abanakashi bambi nabeminina mupepi na Honda  kabili cilemoneka baleshimika  ilyashi,Kunuma ya Honda kulepita  umwanakashi uufwele icifimbo ku mutwe uwikete  umunwe pa mona pa menso,Kabili ku lubali lumbi ulwa musebo kuli ifikulwa ifya kushitishamo ifya tantama
2356,Imbwa imo ileangala mu cibansa ica kwata ulunkoto panshi ulwa katapa-katapa,Iyi imbwa yalibuuta elyo mu ncende mumo yalifitilila kabili naisula ku kanwa,Kabili naitoloka ukupita mu kantu aka bulungana aka kashika akali pa pumulu pa kati ka tushimbi utwa buuta,Ku cibansa uku kuli utuntu utwa kwangalilapo utwakashika utulemoneka ku mbali,Elyo kabili kunuma ya cibansa  kuli ulupango ulwa pikulwa na waya kabili kunuma ya lupango kuli ifimuti ifingi ifya katapa-katapa
2357,Abantu babili aba nkanda iya buuta umwaume no mwanakashi nabekala pa cimuti ica pona panshi  mu mpanga ,Bonse babili umwaume no mwanakashi nabafwala ifyakufwala ifya fita  kabili umwanakashi nakobeka aka cola akanono aka katapa-katapa ,Kabili kumbali ya kwikele umwanakashi kuli icola icikulu ica makumbi-makumbi icikele  panshi,Cilemoneka kwati umwaume aleshimikila umwanakashi ilyashi elyo umwanakashi nao aleumfwa,Uku ku ncende bali kwaliyemba nganshi kabili panshi pali na maluba ayayemba  elyo kwaliba nefimuti ifingi ifya katapa-katapa
2358,Umwanakashi umo uwa nkanda iya buuta  ali mu cibansa ca mangalo aleteya ubwangalo bwa mupila,Uyu umwanakashi nafwala insapato isha buuta isha kuteyelamo amangalo elyo ne mputula iinono iya  iya fita  na kashati  aka  buuta,Elyo kabili nafwala akasote aka buuta ku mutwe kabili  naikata ku minwe  ici pamba ca ku minako umupila uunono,Kabili uyu umwanakashi alebutukisha ukukonkelela aka mupila aleteya aka katapa-katapa,Kunuma yakwe kuli insalu iya katapa -katapa apali ici pampa ica filembo fya mangalo
2359,Umwaume umo uwa nkanda iya buuta alecofa injinga mu musebo uukwete amenshi panshi kabili muli ne myotoka ishingi ishilepita,Uyu umwaume nafwala itoloshi ilya fitilila elyo ne shati ilya makumbi -makumbi ne cimpompo ku mutwe ica makumbi-makumbi,Kabili alebomfya ukuboko kumo ukwensha injinga pantu ku kuboko kumbi  naikata ifintu ifilemoneka kwati fyakulya,Kabili injinga yakwe naikwata aka museke kuntashi uwakusendela ifintu kabili nabikamo icakufwala,Cilemoneka kwati uyu umwaume alefuma mu kubomba imilimo iyakosa elyo nanaka apa aleya ku ngánda
2360,Abalumendo batatu aba nkanda ya buuta nabekala pa cipuna mu ngánda kabili pantanshi yabo pali itebulo apali imbale sha fyakulya na ma botolo ya  fyakunwa,Umo pali aba abalumendo nafwala ishati ilya fita na ma gogo ya meso kabili naikata icakulya ku munwe, Elyo umbi  nao nafwala ifyakufwala ifya fita ne shati ilya buuta mukati kabili nao naikata icakulya ku munwe kabili na mwentula,Elyo umbi umulumendo uwikele pakati nafwala ifya kufwala ifya mitoi kabili ali ne fya kulya mu kanwa,Cilemoneka abalumendo balelya no kunwa mu ngánda yabo kabili cilemoneka ifyakulya balelya nafiwama
2361,Ibumba lya bantu abacaice nabakolongana ku ncende kumo,Uwacaice umo alekwela pa caputwamo umwela ice linga lya kashika-kashika ,"Kabili abanakwe balemulumba, cilemoneka kwati ico aleninapo cakutolokelapo abaice","Abacaice bonse kuli iyi cende nabafwala ifyampepo ne fisote ifyapangwa ne salu iyakaba, cilelangilila ukuti uku ku ncende kwali talala",Kabili abacaice bonse mwi bumba ukubikilako no ulekwele pa cintu bali abasekelela nganshi
2362,Abacaice abalumendo babili bale-angalila pa cakutolokelapo ica baice ica fiita,Uwacaice umo napeta molu no kwikala lintu cilemutolosha,Kabili umbi nao naiminina no kudangasana pa kutoloka,Uyu Uwimine aletolokela pa mutwe ya umubiye kabili bonse babili bali ne nsansa,Kunuma yabo kuli ulupao lwa buuta ukuli ifimuti ifyauma ifingi
2363,Umukashana uwa nkanda iya fiita ali mu cikulwa umukwete panshi apabekelela,Bushe finshi uyu umukashana alecitamo mu cikulwa eka?,Uyu umukashana alemoneka kwati aleshana kabili nabika  ukuboko kumo panshi na molu mu mulu,Cilemoneka kwati aleteya ubwangalo bwakushina mu musango uyu,Emulandu wine abelele mucikulwa ici pakuti apekanye libela ifyakushana mu bwangalo bwa kutanshi
2364,Abantu abamibele iya pusana bali mu musebo ku ncende yaku kalale,Kabili uku ku ncende kuli imyotoka ishile-enda pa musebo uli pakati kafikulwa,Kabili kuli ne shishile-enda ishili panse ya fikulwa ifili ku kulyo,Kunuma ya myotoka ishitashile-enda nakwiminina na mayo na shitata abalelanshanyapo fimo,Ku kuso ya musebo kulemoneka abantu abekele panse yacikulwa ca maliila aba lelya ifyakulya 
2365,Icibumbwa icipalile umuntu umwaume nacikata ku kashimbi akatali ku mutenge,Elyo kabili akashimbi ciketeko  kafumine  ku mutenge uwakashika kabili  icikulwa cintu bapeta ne linga lyamuntutula,Cilemoneka kwati abene bacikulwa eba pangilepo ici icibumbwa,Kabili cilemoneka kwati cishibilo ca ubukwebo bacita mu cikulwa elyo cilapilibulapo fimo,Pamo ngo kuba uwashipa nokwiminina ndi muli fyonse umuntu alecita mu bumi emulandu bacikatishe pa mulu ku kashimbi
2366,Umwaume wacikulile uwa nkanda iya buuta naiminina panshi apali ifikopa  ifyo alebombelapo,Bushe ni cinto inshi uyu uwacikulile alebomba?,Alebomba incinto yakuputula ifikopa elo no ku filundanya ,"Kabili pe tebulo epo abikile ifikopa fyakuputula, Cili kwati alempanga ulupao lwa fikopa kunuma ya nganda yakwe umwakwikala",Uyu uwacikulile afwele itoloshi lya makumbi-makumbi na kasote kumutwe
2367,Umulumendo uwa nkanda iya buuta alebomba umulimo wakutoba icibumba ca nganda,Uyu umulumendo nakwela pakamutanto lintu alebomba umulimo,Cilemoneka kwati amapange yakwe kutoba icibumba no kucipenta bwino bwino,Kabili ifisolobelo alebomfya nafikakila akatambo akalefuma ku cibi ca nganda alebombelapo,Uyu umulumendo afwele ifyakufwala ifilemoneka ukulambilila pa mulandu ne ncito alebomba
2368,Ibumba lya bantu bali mukati ya cikulwa ca kabungwe kabombela na ma kompyuta,Umu mu cikulwa muli aba bomfi abengi cila umo umo mu ncende yakwe ali na kopyuta yakile,"Bonse ababomfi bafwele ifyakufwala fya palana, ama shati ya buta nama toloshi ya fiita",pe desiki lya mu bomfi umo na umo pali abantu abengi abele mukupokela ubwamfwilisho ukulingina no bwafya bashingwene nabo,Mu cikulwa balimo mulemoneka umwa busaka kabili namukwata na malaiti  ayengi ayakile mu mutenge
2369,Uwacaice umwanakashi umusungu nakwela pali basiketi yakushitilamo mwi sitolo,Bushe finshi uyu uwa caice alecita muli basiketi ya mwi sitolo?,Cilemoneka kwati ali na bafyashi bakwe abeshile mu kushita ifintu ifyalekana lekana,Kabili isitolo balimo lilemoneka ilikalamba nganshi umo bashitisha ifintu ifyapusana pusana,Uyu uwacaice alemoneka naumfwa bwino sana ukuba muli ici icikulwa mu kushita kabili naikata ne fintu ku minwe
2370,Ibumba lya bantu abamishobo ne mishinku ishapusana bali mu cibansa ,Ici icibansa balimo cilemoneka kwati cibansa cakuteyalamo ubwangalo bwakubutuka,Abantu abalebutuka nabafwala ifyakufwala fya kubutukilamo  pamo ngo tuputula twa fiita,Kabili mu cibansa muli abantu abashilebutuka abaletungilila ubwangalo bwa kubutuka,Bambi mwi bumba baletamba no kulumba abale butuka
2371,Abantu abengi abaume bali mu cibansa icikwete ulunkoto panshi ulwa katapa -katapa apali ifishilwa ifya buuta elyo ne fya kashika,Kabili aba abantu nabafwala ifyakufwala ifya palana ekuti ama toloshi  aya fita elyo na ma shati aya buuta  kabili nabakobekapo utuntu utwa kashika,Bamo pali aba abantu nabakwata ifyakulisishako ifiyunda fya nyimbo elyo bambi nabakwata  ifisoselo ifikulu ifya golide kabili bambi  baleshana mu cumfwano,Cilemoneka kwati aba abantu bonse baba ku kabungwe kamo kabili pali ifyo balesefya mu cibansa umu bali,Kunse ya cibansa kulemoneka ifikulwa ifya pala ama yanda elyo  ne mpili ishingi ukuli ifimuti ifingi ne mpanga
2372,Umwaume umo uwa nkanda iya buuta naikala ku ncende ya panse mupepi no mwana umunono mwaume uwa nkanda iya  buuta,Uyu umwaume nafwala ishati ilya buuta umwapita imilaini ishi kulu  isha makumbi-makumbi,Kabili nakwata imishishi isha fitilila  kabili na mwentula pa menso  elyo  nashinta munshiku no kuboko kumo,Pa ntanshi yabo pali itebulo ilikulu apali ifyakulya ifingi elyo ne mbale ishabuuta,Kunuma yabo kulemoneka ifimuti ifingi ifya katapa-katapa
2373,Abaume batatu aba nkanda iya buuta nabekala mu kati ka cikulwa,Aba abaume nabekela pa fipuna  pe tebulo limo kabili nabafwala ifya kufwala ifya palana,Umwaume umo uwikele ku mpela naikata kapu kuminwe alenwa fimo  elyo bambi babili  nabafwala ama gogo pa menso,Pe tebulo pali  ama kompyuta elo na foni ne ntambo ishingi kabili pali na kapu,Cilemoneka aba abaume balebomba kabili umu mu cikulwa bali  emo babombela
2374,Abana abanono babili aba nkanda iya buuta nabalala panshi pa fyakufimbana ifyo banshinke panshi ifya katapa-katapa,Cilemoneka ukuti aba abana babili bana ba nkashi kabili bonse babili nabakwata imishishi isha fita kabili umu bali ni mu ngánda,Umo pali aba abana mukuluko elyo umbi alemoneka kwati kanya akanono,Aka akanya  nakafwala ifya buuta  kabili epo kabikile umutwe pali akasalu aka buuta  elyo nakesala amenso kabili nakapunda umusowa kalelila  ,Elyo uyu umbi umwana naikata akantu mu mumwe umo elyo  umbi umunwe nabika ku menso ya kanya cilemoneka acikoma akanya e mulandu kalelilila
2375,Abantu abengi nganshi abapusana pusana abaume na banakashi  bali mu musebo mu kalale,Bamo abantu baleeenda  mu mbali shonse kabili bamo nabasenda ifyola,Umusebo bale endamo waba pakati ka fikulwa  ifingi kabili ifitali  ifya kwata ifilembo, Mu muulu ya fikulwa balikobekamo  ifi pampa  apaba ifikope fya bantu elyo ne fikope fya fintu fimbi  ,Cilemoneka uyu umusumba walikwata sana abantu abengi 
2376,Umwaume umo uwa kashika naiminina ku ncende ya panse munshi ya cintelelwe ice tenti ilya buuta  ,Kabili nafwala ifyakufwala ifingi ifya ma linga aya pusana pusana, Elyo kabili nafwala icisote ku mutwe icikulu icikwetemo no tuntu utwapala amasako  utwingi,Elyo pa ntashi yakwe pali icisoselo icitali ica fita kabili cilemoneka uyu umwaume aleimba inyimbo mu cisoselo,Kabili ku mbali yakwe kulemoneka umuntu uulelisha ingoma elyo mu kati lye tenti muli ifilimba ne  fikope
2377,Umwaume umo uwa nkanda iya buuta natoloka mu muulu ku ncende ya panse,Uyu umwaume nafwala itoloshi ilya makumbi-makumbi ne shati ilya buuta umuli utuntu utwa kashika ne nsapato ku makasa isha fita,Uyu umwaume napanduka ilyo emine mu muulu kabili naikata  ku makasa ne minwe elo na censa,Cilemoneka uyu umwaume aleangala elyo kwena takwata umwenso uwa kutoloka mu muulu,kunuma yakwe kuli icikulwa icikulu ukuli ne fimuti panse  elyo kuli na bantu abaleenda
2378,Imbwa imo iya fita ili mu menshi ayengi nakalimo ni mu kamana,Iyi imbwa  yalikwata ama fufu ayengi aya tikama,Elyo kabili ilesamba umu mu menshi namaka,kabili naisula ku kanwa  kabili cilemoneka pali akantu isumine  pa kati ya meno,Nakalimo aka kene akantu eka cilenga imbwa ingile mu menshi eko yacilafwayamo
2379,Imbwa imo ilebutuka mu fyani  umuli amabwe panshi aya buuta ku ncende ya panse,Iyi imbwa yali fitilila kabili mu ncende mumbi yali buuta,Kabili iyi imbwa yalikwata ama fufu ayengi aya tikama,Elyo kabili naisula ku kanwa ilyo ilebutuka,Cilemoneka kwati iyi imbwa kale yambile ukubutuka kabili nainaka
2380,Umwaume umo uwa nkanda iya buuta naiminina mukati ya cikulwa,Uyu umwaume nafwala ifyakufwala ifya fita kabili  nakwata imishishi ishitali isha buuta,Kabili  nashibata elyo alelisha ici solobelo ica kulisishako ifiyunda fya nyimbo ku kanwa,Kumbali yakwe kuli abantu na bambi abalelisha inyimbo pa cisebele,Cilemoneka kwati ku cifulo bali kuli ibumba lya bantu abalekutika ku nyimbo balelisha kabili ici icifulo nacifita lelo kuli ilaiti limo ilyakile
2381,Ku ncende imo pa nshita ya bushiku kuli motoka ishile-enda iili mupepi ne cilubi iciminine,Ici icilubi nacipala umuntu umwanakashi uwa  buta inkanda kabili cifwelefye siketi ya buta kunshi,"Kabili tacifwele nangu cimo kumulu, na cikwata na mabele yantuntu elo nacikata mumusana",Cilemoneka kwati epo ciminine ni pe sitolo umo bashitisha ifyakufwala fya banakashi,Kabili kuntanshi yaciko kulemoneka motoka iya makumbi-makumbi 
2382,Umulumendo wa nkanda iya fiita naiminina mupepi ne cikulwa,Ici icikulwa cilemoneka icabanswa bwino ukubomfya amatafwali ya kashika,Uyu umulumendo afwele icampepo ica fiita kabili nabika amaboko mumatumba ya ciko,Cilemoneka kwati abomba mu cikulwa ca makwebo icili mupepi  nepo eminine,Ici icikulwa nacikwata insolokoto umulemoneka ifintu ifyalekana-lekana ifyakushitisha
2383,Umulumendo umo uwa nkanda iyabuta naikala mu cikulwa umuli ifisolobelo fya malaiti,Bushe finshi fintu uyu umulumendo alecita mu cikulwa cintu alimo?,Cipalile kwati alelungisha ka mashini ka kashika aka malaiti,Pe tebulo ali pali ifyaso ifingi ifyo bakulike ku ntambo sha malaiti,Uyu umwaume afwele icakufwala ica fiita kabili alelolekesha pali ka mashini ka malaiti akonaike
2384,Abantu bane bali mu kicini umuli ifyakulwa pa mbale ifya pusana-pusana ifingi,Umo pali aba abantu bane abeminine mu cikini mwaume umukoloci ufwele ishati lyama batani ili tali amaboko,"Abashala batatu bakashana, umukashana wiminine pakati akwete umushishi wakashika",Bonse nabakwata utubale balebikilapo ifyakulya ifyapusana pusana,Cilemoneka kwati aba abantu baleipakisha ukulya ifi ifya kulya kabili cilemoneka kwati nafiwama sana
2385,Umukashana uwa nkanda iya buuta nakwela pali kabalwe  uule-enda mu musebo,Uyu kabalwe akwelelepo untu wa kashikilila kabili nabamukobeka amasengebele ya muntuntula ,Umukashana afwele akasote ka fiita ku mutwe ne fyakufwala ifya fiita ne fya kashika,Kumbali ya musebo ali kuli ibumba lya bantu abanono na bakalamba abaletemba uyu umukashana mu kupapa,"Cili kwati tabamonapo ifya musango uyu kabili eko ibumba lili kuli imyotoka, amayanda ne fimuti"
2386,Umulumendo umo ali mu cikulwa caku tukushishamo umubili,Muli ici icikulwa muli ifya kutulukishapo umubili ifingi ifyo batantamike,Umulumendo uyu afwele itoloshi lya fiita ne shati lya fiita,Kabili uyu umulumendo aletoloka pacintu na molu ayapetama,Cilemoneka kwati  umulumendo  alishiba bwino ukucita ifyo alecita kabili filamumfwisha bwino
2387,Abantu abasungu bali ku ncende ya kukalale ukuli ifikulwa ne myotoka pa musebo,"Umwaume wacikolochi ufwele kaputula ya fiita ne shati lya buuta naimina aka talamukilapo kabili alelanshanya no lupwa lwakwe, umukashi no mwana",Kabili mupepifye no musebo pali umwanakashi uukwete ifidindo ifikulu ku maboko yakwe uulekunkulusha ijinga yakwe,Mumi bafwilile ne mimonekele uyu umukashana alemoneka kwati abomba mu cikulwa ca bwalwa kabili cipalile kwati alelola ku ncito,"Uyu umwanakashi napapa icola umuli banjo munuma yakwe, Cilelangilila ukuti alemba no kulisha banjo mu cikulwa ca bwalwa abomba"
2388,Abalumendo babili abasungu bali ku ncende ukuli utupuna twafikopa ne cikulwa icikalamba,Kabili uku ku ncende kuli imyotoka ishitashile-enda ne fimuti fya katapa-katapa,"Umulumendo umo naiminina pa caku sikitilapo ica kwata amawilo, cilengilila ukuti acilasikida",Uyu umulumendo afwele icisote capakuka ne shati elyo apetele amaboko kabili napapa naka chola akanono kunuma yakwe,Kabili ali nomunakwe uwikele pa cipuna uo alelolela ukupwisha ukulanda pa foni 
2389,Umulumendo umo naiminina panshi apali amatafwali yakashika-kashika kabili naikata itumbo lya menshi,Bushe finshi uyu umwaume alecita?,"Cilemoneka kwati amatafwali  yalipya no mulilo kabili yalipanga ifyafiita, uyu umwaume alefiwamya",Kabili alebomfya itumbo lya menshi ekete ukutapilipo no kuwamya ifiko,Uyu umulumendo afwele ishati ne toloshi lya buuta tutu
2390,Imbwa imo iya buuta no ku fiita ili mu cibansa ukuli ulunkonto lwa katapa-katapa ,Bushe iyi imbwa iyasame nakukanwa ilecita finshi ku cibansa?,Iletoloka utushimbi bakuula mu cibansa utwa makumbi-makumbi no twa buuta,Cilemoneka kwati iyi imbwa abene bali ilenga yaishiba ukutoloka apatali,Nakabili ku ncende ili kulemoneka ukwabusaka kuli ne fimuti fya katapa-katapa ifingi
2391,Abana abanono babili umwaume no mwanakashi  aba nkanda  iya buuta  nabekala mu ngánda ,Aba abana bekele pa muulu wa cibumbili icitali ica makumbi-makumbi ica kwatamo no tupunda utuno tunono utwa madeco,Umwana umwanakashi  nakwata imishishi isha fita elyo umwaume akwete imishishi isha buuta,Umwaume na peta amolu ilyo ekele elyo umwanakashi ena natambulula amolu kabili nafwala insapato isha mutuntula,Aba abana bonse babili nabakwata ama buuku mu minwe ayeswike kabili bonse babili  nabakontaminapo balebenga nelyo baletambamo ifikope
2392,Abantu abafwele ifya makumbi-makumbi ifya palana bali mukati ya cikulwa mu mu putule,Aba abantu nabafwala ifyakuifimba pa kanwa na pa mona na ma gogo ya pa menso elyo ne fi fimbo ku mitwe,Pa muulu yabo pali icintu ica buuta icilemoneka nacikwata amalaiti ayakile elyo ku cibumba ica butilila kuli ulubali lumo ulu kwete amalembo,"Kabili ku cibumba kwine kuli icitunshitunshi  apalemoneka umunofu wa cintu nelyo umuntu uukwete umulopa, bushe finshi filecitika umu mu muputule?",Cilemoneka kwati aba abantu bali mu muputule ni ba shingánga abalepula kabili umu bali ni mucipatala kabili nabakwata umuntu uo balebombelapo
2393,Umwaume no mwanakashi aba kashika bali mu kati ya cikulwa mu ncende iikulu iikwete icibumba ica buuta  elyo na panshi apa fita,Umwanakashi nafwala ifya kufwala ifya fita  kabili ali na makasa elyo naiminina mupepi  ne cibumba kunuma ya kashimbi aka fita kabili naimya ukulu kumo no kukubika pe kufi lya kubiye, Elyo umwaume  nafwala ifyakufwala ifya katapa-katapa kabili napanduka amolu panshi kabili naikata  panshi na maboko yonse yabili,Bushe finshi ifyo uyu umwanakashi no mwaume balecita uku ku ncende?,Kwena cilemoneka kwati balepekanya amangalo aya ku shana nelyo ayakolola umubili
2394,Abana abanono babili aba nkanda iya buuta abanakashi bali mu kati ya cikulwa,Aba abana nakwata imishishi isha butilila kabili nabafwala ifya ku fwala ifya ma linga aya pusana-pusana,Kabili nabekata utwa kwangasha ku minwe utwa ma linga aya pusana-pusana,"Kabili icibumba cili ku ntashi yabo cali kashikilila kabili pali ne cikope ca kulenga ica buutilila, bushe kwena balecita inshi aba abana?",Cipalile kwati aba bana bali ku cifulo ca kwangalilako  kabili beminine mupepi ne tebulo apali utuntu utwakwangasha utwingi kanshi aba abana bale angala
2395,Umuntu umo uulemoneka kwati mwanakashi ali panse pakati yafikulwa ifingi mu nshita ya bushiku,uyu umuntu nafwala itoloshi elyo ne cakufwala ca ku muulu ica buuta ica kwata icikupiko ca ku mutwe kabili naingisha iminwe mu matumba,Kabili naiminina pa mutanto wa molu yabili uuli mu pepi ne cikulwa,Bushe ninshi alecita uku ku ncende ukwa fita eka ubushiku?,Cilemoneka kwati nakalimo pali fye ebo alelolela nelyo limbi takwata ukwakuya eekala mu musebo sha mu kalale
2396,Umwaume umo uwa kashika ale enda panse mu kalale mu kasuba,Kabili ku mbali yakwe kuli ifibumba fya kashilila ifitali  kumo kulubali kuli na malembo ayalembwapo,Uyu umwaume nafwala ishati ilya fita apali icilengwa  ca mutuntula  pantanshi elyo nafwala ne cisote ica fita ku mutwe,Kabili nafwala ama sikiyo aya fita ku matwi elyo kabili na mwentula kabili nalolesha ku mbali nakalimo pali ifyo amwene ifi mu mfwishe  bwino,kabali amaboko yakwe yalemoneka kwati  pali ifyo asendele ku minwe nelyo nakwela pa kantu ka mawilo aka kushelela nako
2397,Umwana umo  umunono umulumendo uwa  nkanda iya buuta  ali mu ngánda,uyu umwana alikwata imishishi isha fita elyo na fwala ishati ilya buuta ne mputula iya makumbi-makumbi,Elyo kabili nafukama panshi nabika na maboko yonse yabili panshi  mu pepi no mwinshi wa panse ,Panse palemoneka utu fimuti utwa katapa-katapa elyo mu pepi na pa mwinshi wa ngánda pali akanama akanono akakwete umucila uutali aka fitilila, Cilemoneka uyu umwana umunono aletamba aka akanama akali panse emulandu ekalile mu pepi na pa mwinshi 
2398,Abanakashi babili aba nkanda iya buuta  nabeminina ku kati ya cikulwa mu muputule uukwete icibumba ica buuta,Umo umwanakashi nafwala ishati ilya kashika kabili nakwata imishishi isha buuta elyo umbi nafwala ishati ilya fita kabili nakwata imishishi isha fitilila,Umwanakashi uufwele ishati ilya kashika namwentula elyo uufwele ishati ilya fita alemoneka kwati pali ifyo alelanda  kabili nakumbata uyu umwanakashi umbi,Kumbali ya aba abanakashi kulemoneka kwati nakwiminina umwaume uufwele ishati ilya makumbi-makumbi,Cipalile kwati uku bali ni ku cifulo ca ncito kabili bonse abanakashi no mwaume babomba bonse kabili bacikumana umu mu muputule na bambi aba bomfi mukulanshanyapo fimo
2399,Umwaume umo uwa nkanda iya fita  naiminina mu kati ya cikulwa pa cisebele,Uyu umwaume nafwala itoloshi ilya fita  elyo nakwata imishishi ishingi ku mutwe,Kabili naikata icisoselo mu munwe ku kuboko kumo ico abikile pa kanwa elyo ukuboko kumbi naingisha mwi tumba lye toloshi,Uyu umwaume cipalile kwati aleimba ulwimbo mu cisoselo abikile ku kakanwa kabili cilemoneka kwati muli  ibumba lya bantu abaletamba muli uyu umuputule,Elyo kabili cilemoneka kwati kuli ukucimfyanya ukwimba kabili umuntu walaimba bwino sana pa banankwe ewala wina
2400,Umwanakashi umo uwa nkanda iya buuta ali mu kati ya cikulwa mu ncende ya mangalo,Uyu umwanakashi nafwala itoloshi ilya fita ne nsapato  isha fita  ne cakufwala ca ku muulu icakwata ama linga aya pusana-pusana,Kabili uyu umwanakashi nakontama elyo naimya ukulu kumo panono  ilyo aleposa umupila,Aleteya  ubwangalo bwa ku posa umupila ku tuntu utwapala kwati tu mabotolo  elyo twapona panshi umupila nga watukumyamo na maka,Cilemoneka kwati uyu umwanakashi eshilefye eka mukuteya ubu ubwangalo
2401,Nina no mwana umunono bali mu cibansa umuli ulunkoto lwa katapa-katapa,Kabili eko babelele kuli mupepi ne mpanga umuli ifimuti ifya katapa-katapa ifingi ,Uko bali kuli icintu cakuputa icikwete amenshi icaku sambilamo umwana kabili palemoneka na ka njinga akanono, Cilemoneka kwati umwana ewacilasamba mu menshi kabili apa alebutuka lintu banina balemusasa amenshi,Cipalile kwati nina aletele umwana uku ku ncende na motoka mu ukweba ati bakwata inshita yawamisha nganshi pamo ngo lupwa
2402,Abalumendo bane aba nkanda iya buuta baleteya ubwangalo bwakubutuka mu cibansa,babili abalumendo bafwele ifya kashikilila elyo bambi babili bafwele ifya katapa-katapa,Kabili bonse bane nabafwala ifimpompo ku mitwe ifibafimbile na pamenso ifyakuba cingilila,bonse bane balebutukila mu cipicipi kabili nabakwata  ifisobelo ifitali mu minwe,apapelele icibansa pali ulupao lwa fensi ukulemoneka impanga ikwete ifimuti
2403,Ibumba lya bantu abamishinku isha pusana nabekala cipi cipi mu cikulwa icikulu,Bushe finshi abantu abengi beshile mu kucita mu cikulwa ici?,Cilemoneka kwati aba abalongene muli ici kulwa bafumine ku kabungwe kamo kene,Kabili abengi pa tebulo bekele pali ifyakulya fintu baleipakisha no kulalya,Cilemoneka kwati balongene mu cikulwa ici mukusefya ubuyantashi bwa kabungwe kabo
2404,Umulumendo umo naikala eka ku ncende imo panse panshita ya bushiku,Bushe uyu umulumendo alecita ifintu nshi panse eka pa nshita yabushiku?,Uyu umulumendo napukula ibuuku ilikulu lintu aloleshepo no kulibelenga,kabili ili ibuku umulumendo uyu alebelenga lilemoneka kwati cipingo kabili naposako sana amano kufyo alebelenga,Cipalile kwati alepita mu mafya ayengi mubumi bwakwe kabili alebomfya icipingo ukwetetula pafinga mwafwa
2405,Umulumendo wa nkanda iyabuta uwacaice aleteya ubwangalo mu cikulwa icili na menshi-makasa ,"Uyu umulumendo nafwala ku mutwe icisote cakumucingilila kabili  ne cakumufimba pa menso, ifyakufwala afwele fintu fyafuba kumubili ifyakaba nganshi","Ee, afwele ifyakaba nganshi pantu emo ali muntu mwatalala kabili nafwala ku nsapato utwaku mwensha muli menshi-makasa ",Uyu umulumendo wacaice naikata ku minwe icintu icitali eco alebomfya ukupantilako aka mupila aleteya,Icikulwa alimo cabumbwa na matafwali ayabuuta kabili tacikwete umutenge nangu umo
2406,Umukoloci umwaume uwa nkanda iya buuta naikala mukati ya cintu abombelamo icakwata ama wilo ku ncende yakukalale,pa ntashi yakwe pali umwaume uwa nkanda iyafita ukontemo no kulabulapo fimo ifili kuci kotikala,Uyu umwaume alemoneka kwati mubomfi wa mwaume umukoloci uwikele mu cikocikala alebelenga ne pepala,Ubukwebo bwabo bwakubika inki na tona yamu mashini yaku plintilako ifintu,"ku ncende bali kuli ifikulwa ifingi, imyotoka na bantu abale-enda mu musebo "
2407,Abalumendo babili bali mu cikulwa umuli amalaiti yakashika pa nshita ya bushiku ,Fintu inshi aba abalumendo babili balecitamo mu cikulwa?,Umulumendo umo uufwele ifya buuta naiminina kabili alelisha banjo ekete kuminwe,Nakabili umulumendo umbi uwufwele ishati lya buuta ilitali amaboko naikala pakapuna no kulaimba ulwimbo,Cilemoneka kwati kuli abantu abali mucikulwa abalebatamba aba abalumendo lintu baleimba inyimbo no kulisha banjo
2408,Abana abacaice baleyangalila mu musebo umuli utupunda tulefumya amenshi,Uwacaice umwaume umo aletoloka ninshi umu umulefuma amenshi yalesasa ninshi alifye namakasa,Kabili uyu umwaice afwele akasote ku mutwe na dangali iya fiita,Uwacaice umbi naimina mu musebo no kutamba uyu umunakwe aletoloka,Kumbali ya musebo kuli ulupao lwa konkili ukulemoneka ifimuti ifya katapa-katapa ifingi
2409,Umwana umunono umwaume uwa nkanda yabuuta nakwela pacakwangalilapo ica makumbi-makumbi ku ncende ukuli ifikopa panshi,"Kabili uku kuncende kulemoneka ukwa lekeleshiwa, kuli amabula ayengi ayauma ayaponena panshi",Kabili uku ku ncende kuli impanga umuli ifimuti fya munshipendwa,"Cipalile kwati uyu uwacaice enshile na bafyashi bakwe aba muletele uku ku ncende mu kwangala, kabili beshile na motoka iya makumbi-makumbi ",Kabili pa fikopa apali umwana umunono pali no tupuna utulelangilila ukuti abafyashi bamwana epo baleikala
2410,Umukashana no mulumendo nabeminina ku ncende yapanse baleimba  inyimbo ,Kabili bonse babili nabeketa ifisoselo ifilelenga amashiwi yabo ukumfwikisha pakwimba,Umukashana afwele ishati lya buuta ne toloshi lyafita kaili naikata ukuboko kumo mu musana wakwe elyo baleloleshana no mulumendo pa kwimba,Eko bali kulemoneka ifimuti ifya katapa-katapa ifyayemba kabili mupepi nepo beminine pali itebulo apali icilimba ,Cilemoneka kwati nakwikala ibumba lya bantu kutanshi yabo abaletamba no kumfwa inyimbo baleimba
2411,Abaume babili aba nkanda iya buuta bale enda ku ncende ya mpanga mu mbali ya musebo,Aba abaume nabafwala ifya kufwala ifya palana ifya kubombelamo ifya makumbi -makumbi elyo bonse babili bakwata imishishi isha fita,Kabili ifi ifya kufwala nafilamba icilelangilila ukuti aba abume babili balefuma ku ncito,Umwaume umo nalolesha panshi ilyo ale enda  kabili naingisha ama boko yakwe mu matumba yacakufwala afwele,Elyo umbi nabika  icintu icilemoneka kwati ci muti nakalimo cisolobelo ca ku bombelako pa kubeya kabili naikatako no kuboko kumo 
2412,Imbwa imo iikulu ilebutuka ku ncende  ukuli impanga,Iyi imbwa yali fita elyo mu ncende shimo ishinono yalibuuta,Ku ncende ili kuli ulunkoto panshi ulwa katapa-katapa elyo ifimuti ifingi ifya katapa-katapa,Kabili iyi imbwa nayisula  ku kanwa ilyo illebutuka pa lunkoto,Kabili imbwa ilemoneka iya lamba pa mubili nakuba limbi yacilaangilila mu matipa
2413,Abana abanono babili aba nkanda iya buuta bali ku ncende ya panse ukuli menshi-makasa,Aba abana nabafwala ifyakufwala ifi fimbile umubili onse ifya makumbi-makumbi,Elyo kabili aba abana nabekala pa tuntu utwaba kwati ni mbale iya selebana kabili baleshelela muli menshi-makasa,Aba abana balemoneka balitemwa sana ukwangalila  kuli iyi incende nangu cakutila kwali talala sana,Cilemoneka emulandu bafwalile ifyaku fwala fya kaba ifya kufimba umubili pakutila beingililwa ne mpepo ilyo baleangala
2414,Umwaume umo uwa nkanda iya buuta  ali pa njinga  mu kashila mu mpanga ukuli akamana kunuma elyo ne fimuti ,Kabili nafwala imputula iya fita ne shati ilya fita umwapita utwa buuta ne nsapato isha fita,Kabili nafwala icimpompo ku mutwe ica ma linga aya pusana-pusana na ma gogo ya pa menso,Cilemoneka kwati uyu umulumendo nabikamo amaka paku cofa injinga yakwe pantu umulundu ulemoneka uutali eko ali,Kabili cilemoneka kwati aleteya amangalo ya kucimfyanya ukwensha injinga mu mpanga
2415,Umwaume no mwanakashi  aba nkanda iya buuta bali  mukati ya cikulwa,Umwanakashi nakwata imishishi ishitali isha fita kabili naikala pa mupando elyo napeta iminwe pa ntanshi elyo pa molu pali icola ,Elyo umwaume  nafwala ishati ilya fita  nakasote ku mutwe aka fita kabili naiminina mu pepi no mwanakashi elyo nashintila kwi  tebulo,Ili itebulo likulu kabili pa muulu pali  ama buuku ayengi aya pusana-pusana ayo batantamika yambi yekele pa muulu wayanakwe,Cilemoneka  umwanakashi no mwaume  balelanshanya kabili umu mu cikulwa bali bashitishamo ama buuku
2416,Abantu aba nkanda iya buuta abali bane nabeminina panse ya cikulwa,Pali aba bantu pali umwanakashi umo elyo abashala baume elyo kabili bonse naba mwentula,Bamo nabekata utukopo utwa penti mu minwe elyo tumbi utukopo twa penti tuli panshi utwingi,Kunuma yabo kuli icibumba ica kupanga ica buuta  ukuli ifilengwa ifyo bacilapenta na ma penti bakwete,Elyo kunuma ya ncende beminine kulemoneka ifikulwa ifikulu 
2417,Abanakashi abacikulile  baleenda mu musebo elyo balesunka akajinga akanono apali umwana umunono kabili pali naumbi umwana  mwanakashi  uulenda na bo,Aba abanakashi nabafwala ishati ilya katapa-katapa  elyo umwana umunono uulenda nafwala ishati ilya kashika kabili nakwata imishishi sha fita ,Elyo umwana umunono uwikele pa njinga nafwala ifya  kufwala ifya buuta,Kabili ku lubali lumbi ulwa  musebo bale endamo kuli umwana umbi umwaume umunono uuleenda,Mu mbali ya musebo umu muli ifimuti ifikulu ifya katapa-katapa elyo kunuma kulemoneka motoka iilenda mu musebo elyo ne fikulwa
2418,Abaume  abali bane nabakwela pa muulu ku cibumba ca cikulwa ici cili cilepangwa  ico bafimba ku muulu ne nsalu iya katapa-katapa,Kuntanshi ya cibumba nakwimina ci motoka icikalamba icikwete ica kwimishako ifintu ifya fina,Abaume bonse nabafwala amatoloshi  na ma shati elyo pa muulu ya ma shati nabafwala utwakufwala pa kubomba utwa palana utwa kashika ne milaini sha mutuntula,Abaume bamo nabakwela pa tushimbi utule panga icibumba ca cikulwa ico balebombelapo elyo umo ali mukati ya ci motoka kabili cilemoneka alebula ifya kubombelako elyo umbi naikala pa muulu ya motoka alekontolola ici leimya ifya ku bomfya pa ku kuula  icikulwa ifya fina,Kwena cilemoneka fye ukuti aba abaume ni ba kalapashi mu ku panga ifikulwa ifitali nganshi nakalimo limbi eba pangile ne fikulwa ifitali ifilemoneka mupepi
2419,Abaume babili abafwele ama shati aya buuta nabekala pa tupuna mu kati ya cikulwa mupepi na ku mwinshi uwa panse,Elyo kabili mu pepi na pekele aba abaume na peminina imbwa iya buuta iikwete kola iya mumukoshi iya fita iyo bakakileko intambo iikakilwe ku ciibi ica buuta icisukile panse,Kabili iyi imbwa naipilibula umutwe ukulolesha kunuma cilemoneka naikalipa sana pa ku ikakila,Nomba bushe finshi balecita aba abaume babili abekele mukati ya cikulwa umu?,Kwena mu kati ya cikulwa mulemoneka umwa fitilila  ku ntanshi lelo namwaka amalaiti elyo  cilemoneka ukuti aba abaume balelya no kunwa  kabili cipalile kwati muli abantu nabambi mu kati 
2420,Umwanakashi umo uwa nkanda iya buuta naikala mu kati ya cikulwa kabili alemoneka ali nkumba bulili,Uyu umwanakashi nafwala  icakufwala ca ku muulu ica nsalu ya kupikula ica fita kabili nakwata imishishi ku mutwe isha kashika,Kabili ku mutwe nabikako icisote ica katapa-katapa elyo nafwala ama gogo ya pa menso kabili nabika umunwe pa kanwa,Umu mu cikulwa ali mulemoneka ama mashini aya kuwashishako ayengi aya tanteme ku mbali ya cibumba nakalimo umu ni mu cikulwa umo bashitisha,Kabili nakalimo umulandu uyu umwanakashi ekalile nkumba bulili mulandu wakuti ubukwebo nabushupa nakalimo abantu tabaleisa mukushita
2421,Abaume abacikulile nabeminina mukati yacikulwa umo bekete aka bala kakusendelapo ama nyuzipepa,Cilemoneka kwati aba bashikulu bantu bacita ubukwebo bwaku shitisha ama nyuzipepala ,"Kabili nabemina pa ncende bacitila ubu ubukwebo, kunuma yabo kuli ci bodi apo baembele amalembo",Uyu shikulu  bantu afwele ishati lya muntuntula ne toloshi lya buuta naka apuloni aka fita,Kabili uyu shikulu bantu alemoneka uwa nsansa nganshi pakucita ubu ubukwebo
2422,Abakashana babili abasungu bali mu cisebele umo balelwila kalati ,Pa cisebele bali panshi balyashikapo itenti lya muntuntula ne lya kashika ilikwete ifilembo fya buuta,Umukashana umo natambalala panshi kabili umubiye namwikalalila ku mutwe yakwe no kumufininka pa musana,Umukashana atambalele afwele ifyakufwala fya makumbi-makumbi no wikalile umubiye afwele ifyakufwala fya buuta,Kabili kulemoneka nabaume abekele pa cipuna pa cisebele abaletungilila ubu ubulwi
2423,Abanakashi babili abasungu bale-enda mu korido ya cikulwa icikalamba,Umwanakashi utangile alemoneka uwacikulile mu mishinku no ushalile alemoneka umukashana uwacepako umushinku,Umwanakashi wacikulile uu tangile afwele akashati mukati aka makumbi-makumbi ne jaketi Ilya golide kabili nasenda ne buuku kuminwe, Umukashana ashalile afwele itoloshi lya makumbi-makumbi kabili nakaka na sweta mu musana wakwe ,"Ku Cibumba ca cikulwa balepitamo nabakambatikako ifikope, pamo pali umwaume no mwanakashi"
2424,Abaume bacikulile aba nkanda iyabuta na bekala mwi ofisi yabo,Finshi aba abaume balecita mwi ofisi lyabo?,Balelolesha pali kompyuto wabo kabili nabafumbatika iminwe shabo pa menso,Cipalile kwati pali ifyo balemona pali kopyuta ifibapesheshe amano no kuba sakamika,Icibumba ce ofisi  ca muntuntula kabili cilemoneka ica busaka
2425,Abalumendo babili bale-ensha ama honda yabo ku lupili,Kabili ku ncende kuntu bali kulemoneka ifimuti ifingi ifyakatapa-katapa ,Kabili bonse babili abalumendo nabatolasha ama Honda yantu banininepo mu muulu ,Cipalile kwati aba babili balikalipa sana mukwesha ama Honda emulandu baleyesesha pa lupili kabili nabakwata ubuseko,Abalumendo babili bonse nabafwala ifyakufwala ifyapalana ne fisote ku mutwe ifyakubacingilila ngabaliponene
2426,Abalumendo bakateya ba mupila bali mu cibansa cakuteyelamo umupila,"Cila umo umo nakwata umupila alepata, ibumba lya baleteya bamo bafwele utuputula ca buuta ne fyakumulu ifya kashika",Elyo bambi bafwele amatoloshi ya fiita ne fya ku muulu ifyakashika,Eko baleteyela kuli ibumba lya bantu abekele mu cintibwingi abaletamba abaleteya ubwangalo bwa mupila,Apapelele icibansa pali ulupao ulufimbilwe ne tenti apalembelwe amalembo
2427,Abalumendo batatu abasungu baleteya umupila mu cibansa ca katapa-katapa ,Abalumendo babili bafwele utuputula na mashati aya buta umwapita ifyakashika,Umulumendo umo afwele akaputula ne shati umuli makumbi-makumbi umwapita no twakashika,Kateya wa mupila umo nafumbatila umupila kabili umubiye namwikata mwi tanta lintu balepikana,Eko baleteyela kuli ibumba lya bantu abengi abaletamba ubu ubwangalo
2428,Umuntu umo naiminina muli ci mashini icile-enda mu lwelele,Uyu umulumendo nafwala ifyakufwala fyafima nefya kuifimba pa menso,Ci mashini akwelelemo cili pa fishimbi ifilekuminkana ne cintu icili pa mulu,Cipalile kwati ubufwayo bwakwe bwakulungisha iconaike pa mulu,Kabili mulwelele uyu umuntu ali mulemoneka amakumbi mu cipi-cipi
2429,Abantu  aba mishobo isha pusana-pusana bali mu cikulwa umo balelishisha ifisolobelo ifya nyimbo ku minwe ,Cipalile kwati ici icikulwa caku sambililishamo abantu abafwaya ukwishiba ukulisha banjo bwino bwino,Bonse abantu nabekala kabili nabakwata utusolobelo balebomfya ukulisha ishi inyimbo,Ku ntanshi yabo kulemoneka kuli abalebatungulula no kubasambilisha ifya kulisha bwino,Mu cikulwa bali muli icibumbwa ica pentwa amalinga ya buuta na yakashikilila
2430,Abakashana bacaice batatu aba mushobo umo bale-angalila mu cibansa,Icibansa balebutukilamo cikwete utufyani utwa katapa-katapa no toni utwa fiita,Uwacaice umo afwele itoloshi na bashala babili bafwele utuputula twa makumbi-makumbi ,Kumbali ya cibansa kuli ulupao mulemoneka  icikulwa ca buuta no kukashika mushi,Kabili kulemoneka ne cimuti ica katapa-katapa icileponya amabula panshi
2431,Abantu abengi bali ku ncende ya cintubwingi ku ncende iilemoneka kwati ni ku maliketi nelyo mu misebo sha mu kalale,Abantu bamo nabekala pamo mu tuma bumba utunono elyo bambi bale enda  mu musebo,Elyo kabili umwaume  umo uwa nkanda iya buuta nalala pe tebulo ilya pangwa na mapulanga yaku popa kabili cilemoneka kwati  naikata  fimo ku minwe,Kabili mu pepi no yu umwaume uulele  napeminina umwame naumbi uwa nkanda iya buuta  uupapile icola mu numa  kabili naikata ifyakulya ku minwe ifyo alelya,Cilemoneka uku ku ncende kulafula abantu sana maka maka mu nshita ya kasuba nakalimo  balepikako ifyakulya ifyo abantu bakonka
2432,Abakashana babili aba nkanda iya buuta  bali mu cibansa  icikulu icikwete ulunkoto ulwa katapa-katapa ne fimuti ifingi mu mbali,Umwanakashi umo nafwala itoloshi ilya makumbi-makumbi  na ka shati aka fitilila  kabili nakwata imishishi isha fitilila  kabili nafwala na ma gogo ya pa menso,Elyo umbi nafwala imputula iipi iya makumbi-makumbi elyo na kashati aka buuta  kabili nafwala insapato isha  buuta ,Aba abanakashi nabakontama kabili pakati yabo pali aka nama ka mpanga  aka fitilila  akapala kalulu umukulu kabili abanakashi babili nabakakumya ne minwe,Umo pali aba abanakashi na mwentula icilelangilila ukuti na batemwa sana uku mona aka akanama mu cibansa
2433,Umwaume umo uwa nkanda iya buuta naiminina  ku ncende ya panse apalemoneka kwati ni mu cintelelwe caku lolelamo imyotoka,Uyu umwaume nafwala ama gogo ya pa menso kabili napapa icola mu numa ica makumbi-makumbi kabili naikata ipepala lya malyashi muminwe ilyo alebelengamo, Pa ntashi ya uyu umwaume pali umwanakashi uwikete icola ku minwe kabili cilemoneka kwati ale enda ukuya kuli motoka iikulu iya cintubwingi iilepita mu pepi ne po ali,Cilemoneka umwaume no mwanakashi baleya mu ku kwela motoka iyi nga  yaiminina,Kabili cipalile kwati aba abantu bafuma ku ma cito elyo baleya ku mayanda pa nshita ya cungulo
2434,Abanakashi bamo abakote  aba nkanda iya buuta  nabekala mu kati ya cikulwa  ,Aba abanakashi nabafwala ica mpepo ica buuta  elyo na mu mukoshi nabaipomba insalu iya kwafwako impepo ukukana ingila mu mubili, Elyo kabili nabafwala ama gogo ya pa menso kabili nabafwala icisote ica buuta  icikwetemo utuntu utwa ma linga yambi kabili nacikwata intambo  ishaku kaka ,"Cilemoneka aba abanakashi abakote baleumfwa impepo emulandu wine bafwalile ifya ku fwala ifyakaba ifingi, nakalimo baleumfwa ukulwala",Elyo kwena uku ku cifulo bali kulemoneka kwati ni ku cipatala kabili aba abanakashi balelolela ukumonana na ba shingánga
2435,Umwaume umo ali mu menshi ku kamana  pa nshita ya cungulo  ,Uyu umwaume nafwala akasote ku mutwe kabili naikata isumbu ilikulu mu minwe,Kabili mu pepi ne po eminine mu menshi pali katundu ya fintu ifyakakwa,"Cilemoneka uyu umwaume  alefwaya ukuteya isumbu mu menshi pakuti ekate isabi, cilemoneka kwati emulimo abomba uwa kuloba  isabi",kabili ku mbali ya mumana kuli impanga umuli ifimuti ifingi ifya katapa-katapa
2436,Abana abanono babili umwaume no mwanakashi aba nkanda iya buuta bali mu ngánda,Umwanakashi nakwata imishishi isha buuta kabili namwentula kabili naisala amenso elyo naikata icola cakwe ku minwe," Elyo umwaume nao nakwata imishishi isha buuta  kabili naikata pa menso no munwe umo , cilemoneka kwati pali ifyo tatemenwe",Umwanakashi  mukuluko panono pa mwaume kabili nakumbata umwaume,Cilemoneka kwati aba abana bafyalwa bonse kabili bekala mu ngánda iyi nabafyashi babo
2437,Umwana umunono umwaume  uwa nkanda iya buuta naikala mu ngánda kabili kunuma yakwe kuli shelufu umuli ama buuku,Uyu umwana nakwata imishishi isha buuta kabili nafwala ishati ilya buuta apali ifilembo  elyo nafwala ama gogo ayakulu pa menso,kabili naikala pa cipuna ica fitilila  pa ntashi ye tebulo iya kashika  apali ifintu,"Kabili naikata kapu ku minwe iyo alei tulwilamo amenshi  kabili mu pepi pali akantu umuli ifya kashika ifya menshi, uyu umwana naposako sana amano ukucita ifyo alecita",Cilemoneka  uyu umwana ale esha ukucita ifyo basambilila ku sukulu ifya sayansi kabili cilemoneka ukuti alitemwa sayansi
2438,Ibumba lya bantu abengi abapusana pusana bali ku ncende iili mupepi no mumana uukulu ,Uku ku ncende kuli  imicanga ishingi  panshi kabili pali na menshi ayanono mu michanga,Abantu bamo nabekala panshi munshi ya myamfuli  elyo bambi bale enda,Kabili kuli abana abashifwele ama shati abaleangalila mu michanga,Cilemoneka kwalikaba uku ku cifulo emulandu abantu beshiile mukwangala ku mbali yamenshi
2439,Abantu bale enda mu musebo mu nshita ya kasuba ku ncende ukuli ifikulwa ifikulu kabili ifitali sana,Mumbali ya musebo balepitamuli utuma usa utwakupanga fye utunono tunono umo baleshitisha ifintu,Elyo kuli abanakashi babili aba nkanda iya buuta abale endela pamo kabili umo alesunka ica kusendelamo umwana ica kwata amawilo,Elyo kabili kuli umwaume uwa nkanda iya buuta  uufwele ifya buuta uulelosha ifili mu tu ma usa twa makwebo,Kabili ku ntashi yakwe nakwimina umwaume no mwanakashi abalemoneka kwati balelanshanya ama kwebo kabili ku numa kuli umwaume uwimine mwi usa aletantika ifintu fya kushitisha
2440,Umwaume no mwanakashi aba nkanda iya buuta nabekatana iminwe bale enda mukati yacikulwa umuli abantu abengi,Umwanakashi nafwala ifyakufwala ifisuma ifya kashika kabili nakontamina panshi elyo na mwentula ica kuti,Elyo umwaume nakwata imishishi isha fita  elyo nafwala suti iya fita kabili nao namwentula,Kuli umwanakashi uwikele mwi bumba uufwele ishati ilya makumbi-makumbi uubaposele ama buula ye luba lya kashika pamenso,Cilemoneka kwati uyu umwaume no mwanakashi ni bana bwinga na bashi bwinga kabili elyo bopene kabili uku ku cikulwa bali kwakusefesha ubwinga bwabo
2441,Ku ncende kumo mu musebo mulepita motoka beta ati ambyulansi isanike amalaiti,Iyi ambulansi ikwete amalinga iya buuta ne yakashika apali nefilembo,Kulemoneka ninshita ya bushiku kabili kuli namotoka naimbi iyikonkele panuma,Cipalile kwati muli muntu uwu lwalishe mu ambulansi untu balebutusha ku cipatala ukwendeleleko,Kabili kumbali ya musebo mulepita imyotoka  kulemoneka icibansa ca katapa-katapa 
2442,Abalumendo bacaice bali mu cibansa ca maloba yakashika umo bale teyela umupila,"Abacaice aba bafwele ifyakufwala ifilemoneka ukulambilila, cipalile kwati bale-angalila muma loba",Ku cibansa bali kulemoneka kuli inganda pantu kulemoneka intambo bakanikepo ifyakufwala fyakuwasha,Kabili umwaume umukalamba umo naikata banjo kuminwe intu alelishisha abacaice kabili aba  abaice baleshana no kusekelela,Iyi ncende baliko ilemoneka ya ku mushi pantu pa cibansa ya nganda balipo tapali ulupao ululi lonse kabili kunuma kulemoneka ne fimuti  fya mu mpanga
2443,Abacaice babili abasungu bali ku cakutolokelamo abaice mu cibansa,Uwacaice umo mwaume kabili afwele ishati lya makumbi-makumbi umupitile utwa muntuntula ne toloshi lya fiita,Umbi mwanakashi kabili afwele ishati lya butilila ne toloshi lya makumbi-makumbi ,Icakutolokelamo balimo nacikwata utumuti kabili na cifimbwa na pulashitiki yafita,Aba abacaice balemoneka abasekelela sana no kumfwa bwino ukula-angalilila muli ici icakutolokelamo 
2444,Umwana umunono umwanakashi ali mu kati ya museke wakupikula,Basiketi emininemo naikwata intambo isho bakakile ku cimuti icilelenga ilepeluka,Uyu umwana afwele icapempo ica kashikilila ica kwata icisote afwele ku mutwe,"Kabili umwana uyu nafumya amaboko yakwe kunse, cilemoneka kwati pali ico alelolesha icili panshi",Cipalile kwati uyu umwana eshile na banina ku ncende uku ukulemoneka kwati ni kumushi mukutandala
2445,Abaume bacikulile nabekala ku ncende ukulemoneka bemba wa menshi,Ku ncende bali kuli amabwato ayakalamba ayali muli bemba wa menshi na yatayali muli bemba,Epo bashikulu bantu bekele pali kotoni iya kupikwilako iikalamba nganshi iya kashika,"Aba abaume nabekala pama pulanga kabili balefubulula kotoni, cilemoneka kwati pali ifyo balepanga ukubomfya kotoni","Kabili mupepi nepo balebombela palemoneka utuntu twabulungana utwa muntuntula utwingi, cilemoneka kwati twakushitisha"
2446,Ibumba lya abantu abapusana pusana bali mu kati ya cikulwa,Umu mu cikulwa muli utupuna kabili bamo abantu nabekala elyo bambi nabeminina,Kuli abaume babili abeminine pamo aba nkanda iya buuta abaloleshenye kabili balelanshanya elyo umo pali bene namwentula,Kabili pali umwaume umo uwikele eka pakapuna aletininka kompyuta yakwe,"Elyo kabili pali umwaume umo uwimine eka  kabili napapa icola munuma  cilemoneka kwati alelolela fimo, nakalimo umu  mu cikulwa mwakulembesesha ifintu"
2447,Umwana umo umunono uwa nkanda iya buuta naiminina mu  mpanga umuli ifimuti ifya katapa-katapa,Uyu umwana nakwata imishishi isha fita kabili nafwala ishati ilyakashikilila,Elyo naikata ifya kufwala ku makasa ku munwe umo elo naikata pa mutwe no munwe umbi,Ishati afwele nalilamba elyo na ku minwe  na ku maboko kulemoneka ukwa lamba,Cilemoneka uyu  umwana acilabutuka mwi  bala elyo apona panshi emulandu alambile elyo limbi aciponena ku mutwe limbi nao ulekalipa efyo ekatileko
2448,Umwaume  umo  uwa nkanda iya buuta naiminina  mu ngánda mu pepi  no mwanakashi uwa nkanda iya buuta  kabili bonse nabalolesha umukashana wacaice uwiminine pa ntanshi  yabo,Uyu umwaume nafwala ishati lya kashikilila kabili naikata  kapu  iye tambula kuminwe umulemoneka kwati muli umwangashi kabili nafwala ama gogo ya pa menso,Elyo umwanakashi uwiminine mupepi nankwe nafwala icakufwala ica fitilila kabili nao naikata kapu ye tambula umuli umwangashi ,Kabili umukashana wacaice na fwala ishati ilya fita kabili ali ne mishishi ishitali isha fita  elyo cilemoneka pali ifyo ale beba abaume na banakashi aloleshe,Cilemoneka uyu umukashana wacaice mwana wabo bonse kabili ifyo alelanda filebomfwisha bwino emulandu bonse babili ba censele ilyo balekutika ku fyo alesosa
2449,Umwanakashi umo uwa nkanda iya  buuta naiminina no mwana umwanakashi umunono mu kati  ya cikulwa,Umwanakashi nafwala itoloshi ilya fita na ka shati ka mitoi  kabili nakaka ica  icakufwala mu musana kabili nafwala insapato ishitali isha fita,Elyo umwana umunono nafwala ifya kufwala ifya kashikilila kabili nafwala akasote ku mutwe,Bushe ninshi uyu umwanakashi no mwana umunono  beminiine apa kabili finshi balecita? ,Kwena cilemoneka ukuti muci kulwa umu kuti mwaba ni mu sukulu pantu muli ama tebulo ne fya kwikalapo kanshi nakalimo uyu umwanakashi ni kafundisha elyo umwana umunono mwana we sukulu 
2450,Umwaume  uwa nkanda iya buuta naikala mu musebo wa mu kalale kabili naikata banjo ku minwe,Uyu umwaume nafwala ifya kufwala ifya fita ne cisote kumutwe ica fita,Elyo kabili ku ntashi yakwe mu musebo kuli ibumba lya bantu abakolongene pamo bale mutamba,Uyu umwaume alelisha banjo yakwe kabili cilemoneka ukuti alitemwa ukulisha  pantu nashibatilila no kushibatilila ilyo alelisha ,Nakalimo abantu baletamba ifyo alelisha bala mu poselapo indalama panshi 