IMAGE #,SPEAKER 1,SPEAKER 2,SPEAKER 1,SPEAKER 2,SPEAKER 1
3701,Imbwa iya busako ubwingi iletoloka.,Bushe finshi imbwa ile toloka?,Iletoloka akamu paipi baibikile ukuti itoloke,Pakuti ile toloka ifwile yaba nimbwa eyo bafunda tali?,Ehe! She ifwile yali fundwa pantu nga taya fundwa teti ikwanishe uku toloka filya iyo
3702,Abantu bale butuka ulubilo lwaku chimfyanya,"Ehe! abasungu beka beka, elo umo euli kuntanshi",umbi nashalila sana kunuma nanaka efyo alemoneka,"uyu ufwele ica buta kumolu eushalile sana,alemoneka kwati amaka nayamupwila ayaku konkanyapo",ufwele akabuta kumula na kaputula iyafita takwanishe uku pwisha ulu ulubilo pantu nashalila sana teti akwanishe ukusanga abanankwe
3703,Kabalwe alefwaya ukuponya umuntu ukwelele pamulu wakwe uku mwensha,Umuntu wine uli pamulu ale esha ukwikatisha pantu nakwata umwenso wakupona,"Kabalwe naimya amolu yakuntanshi, eicho umuntu wine uuli pamulu ngali ponene kuti amunyantapo","Abantu abasungu baletamba, chipalile kwati aya amangalo baliyatemwa sana pantu bengi abale tamba",Icibansa nacisula kubantu abale temba ubu ubwangalu ubwaku kwela pamulu wakwa kabalwe
3704,"Abasungu babili nabeminina, nabekatana namaboko-/","Umwanakashi nafwala nelaya lyakwa nabwinga, naimya neluba muminwe","Mulume nomukashi pa bwinga, elo bafuma mukupana aba bantu, ubu bushiku bwa bwinga bwabo",bali aba nsansa pamenso yabo pantu ubu bushiku ubwa nsansa mumyeo shabo nendupwa shabo,Elo akaliluba akali pe jaketi lyakwa shibwinga nakapala iluba likete nabwinga ukutila bamoneke uku cindama
3705,Ibumba lya bantu abengi sana lile bombela capamo ukucingilisha iloba*::,uku cingilisha iloba Ku nshi?,Bale bombela paku cingilisha apa kwangalila Ku mfula iile loka pantu iloba kuti lya bomba,"Bali aba ikatana mumibombele yabo pantu bale bomba busaka busaka, nokupwa kupwa bwangu","Imfula nayamba kale uku tona, abeshile muku tamba naba fwala ifyaku bacingilisha uku bomba ne mfula"
3706,Icikope ica kambatikwa pa cibi pali abanakashi abasungu babili,Bushe mune cikope ca nshi?,Cipalile kwati cikope ca filimu umo muli abanakashi babili abasungu pantu ebali pa cikope,"Elo uku kukuso kuli umwaume ule enda, nafwala ne champepo, nakasote kampepo kumutwe","Ena tali pa cikope, ale pita fye nafwala nsnsapato isha buta"
3707,Bashikulu nabekala nabapisha namaboko muma tumba ya cakufwala ca mpepo bafwele,"Naba fwala nakasote bashikulu, bekele pa nsolokoto yacikulwa, cilepala kuli eo bale lolela","Icikulwa cine cili ica pentwa katapa katapa, umutuntula na makumbi makumbi",Elo kunshi apekele ba shikulu pa pentwa iya kashika elo kwaisaba ne ntolokoso pamulu sana,Elo kaili ici cine icikulwa cile moneka kwati bakulile namalata elo muku lekelesha caisa pentwa pakutila cimoneke ubusaka sana
3708,"Umulumendo uwa nkanda iya buta ale angala ubwangalo bwapa njinga, abanankwe nabekala","Elo ubu bwine ubwangalo kuti waicena icipesha amano, eico umulumendo wine afwalile icisote icaku icingilisha kuku ceneka kumutwe",ndemo umo umulumendo ale lolela umunankwe apwishe epo ale angalila icakuti nankwe ayepo pantu ale moneka uwaipekanya,Elo ici ickulwa emo baleangalila amangalo yapa nchinga balicipanga bwino sana abene,"Ehe! fili fibili ifya kwangalilapo bapanga, lelo bale bomfyafye cimo, eico umbi afwile alolela umunankwe afumapo elo nankwe ayapo"
3709,Umwana umwaume naikala alelisha piyano,Elo pamulu pali ifya lembwa ukukonka nefyo afwile alisha piyano wine,"pambali pali na pensulo, ndesubila pensulo ine yaku bomfya ukulemba ifyamilisishe","Elo mwaice sana uyu wine ulelisha, nga kula ififine akaba uwa endelela mukulisha piyano","Kwena ekwamba bwino ukukwine, ukucila aisa sambilila ukulisha lilya akula nomutwe watampa ukukosa"
3710,"Umwana umulumendo nalala pacipuna, abika nomutwe pamolu ya bakalamba","Kuti baba banyina nangula ba wishi ebo asailepo, bafwele icabuta kumulu","nailinganya noku ilinganya uyu Umwana, nampo nga finshi ale lolesha munshi ye tebulo",Fifwile nafimusenda amano efyo ale tamba munshi ye tebulo elo nafiwama pantu ale moneka uwa umfwa bwino pamenso,"Cine cine, na bika nokuboko kwisaya elo asaila pa kulu kwa bakalamba bantu ali nabo"
3711,Umwana ale angala pa cimpelwa eka,Lelo ngali ponene kuti aicena ububi sana kaili takuli uwaku mwikata,Icimpelwa cine cili mumulu elo tekele bwino pantu icinso cilolele pnashi,"Umwana ngale angala mulya bangalila abana, umukulu afwile aba mupepi ukumu mona","Cacine, pantu nga pali umukalimba kuti alemu lesha ukwangalila munshila iyinga lenga aicena"
3712,"Abana batatu umo mulumendo, babili banakashi, bale ngala mufyani ifisha lepa ",Umulumendo euli kuntanshi nacilika utukashana utushalile kunuma Ku lubilo, Iyi incende baliko abana ile moneka bwino sana pantu ifyani kumo nefimuti fyonse file moneka katapa katapa sana,"Ehe mwandi, ifwile imfula ila loka bwino sana elo nomushili ufwile walikwata ubunonshi uku bali","Cishinka, pantu ukwabula ifyo incensde iyi teti imoneke bwino ngefi ile moneka"
3713,Yangu icibwa icibwa ici ubusuma eeh,Ala cile moneka bwino ifimasako ukucila ilya ili kunuma,kaili futi noku tinya cile tinya pantu cikulu elo icafita nefimeno file moneka ifya twa sana,Nomba imbwa ishi shile moneka kwati tashikwete abene ifi shile pitana,"Ehe kuti caba ifyofine, limbi shali luba nangu shibutwike fye panganda kuti shileya shangaleko kunse"
3714,Amaluba yale moneka bwino ifi baya bika aya pusana pusana mu fipoto,"Ehe sana, nakabwa kene kale moneka bwino, bushe nikalya aka munganda?","Emukwai eko, kali aka busaka bafwile bala kasamfya bwino pantu amasako yali aya busaka",Na palubansa pene pale moneka ubusaka sana ifi babikapo utuma tafwali bwino bwino,Sana! Elo tuli tubili aii? kamo naka tangila naka koneka kale kashalile fye amasako ya kumucila
3715,Umwaume nakwela pa mutanto alepalika umutenge wa fyani,Elo mumi monekele alemoneka alishiba sana uku palika umutenge wa fyani,Ehe! Umutenge wafyani ufwaika umuntu uwaishiba bwino sana uku palika pantu kuti ileloka muma insa,Nomulilo kuti waikata nga tamu palike bwino  munganda mubomfya kendulo nangu koloboi,"Sana fye kaili uku palika babomfya ifyani ifya uma nga ififine ale bomfya uyu umwaume, elo filekata bwangu sana umulilo"
3716,Abantu bale temba eko ingombe ile fulumuna umuntu uikwelele pamulu,"Ubu ubwangalo bwaku kwela pa ngombe elo ukui tolausha bwali shupa, abengi bala pona",Cine cine! Ilafulwa ingombe elo nga tauli uwashuka kuti ya kunyantaula lilya wapona panshi,Ufwile naukwata amaka ayakwikatisha lilya uli pamulu pantu ingombe babomfya shali kwata amaka sana,"Ngefi ulya shikulu bantu ufwele kaputula ale butikila ukya afwaya ulya uponene, elyo uyu umbi mwi toloshi aletina ukupalamina sana pantu kuti yamulasa ne nsengo"
3717,Shitata na namayo bafwele ifya kashika na beminina bale lanshayanya,"Elo kaili bonse naba papa utufyola, shitata aka nsalu elo namayo kale moneka  kwati ca kupikula na isaka",Kuti caba limbi umo pali aba babili na luba alefwaya uku mulangilila eko aleya nangu balishibana nakale ,"Ifi namayo ale sonta, kuti caba limbi ale langilila shitata efyo afwile ukwenda pakuti afike kuntu alefwaya ukuya","Nefi ekete kumutwe shitata afwile eu lubile pantu nemiminine ine eminine kwati niulya umuntu usakamene, na luba, nangu nalufya icintu"
3718,"Abantu bale pita mufintolo, ifili kukulyo nafisalwa, ifili kukuso fincili ifya isuka",Elo nabwili pantu lubuto lwa malaiti ulule sanika pakuti abantu balemona bwino bwino,"Elo futi balya abeshila muku shita bale pitila kukuso ngefi shikulu bantu ali, elyo balya abale pitafye bale pitila ulwa kukulyo ukwisalike ifintolo","Ehe! Umu mwine umwaku pita bali bika utuntu utwaku moneshamo bwino mumulu utwa kashika, tule moneka bwino","Sana fye, elo twingi ponse pafintolo epo tuli ukutampila kulya ukwa kwingilila mpaka ukwaku fumina konse bali bika busaka busaka"
3719,"Shikulu bantu, namayo pamo no mukashana nabekala bale onta umulilo",Elo nawakisha umulilo wine bale onta pantu ule sanika sana mumfifi ya bushiku ,Ifimiti filya ifile moneka kulya lubali cipalile kwati ni kumpanga bali nangula ku lukolo lwa nganda bekalile,Kuti caba ni ifyo fine pantu kuli na koloboi uwakile kumpela wa kukuso,Ehe ni pa nganda iya bela kumbali nempanga nomba bafumine fye kuti ba pupweko akamwela ka bushiku no mulilo ukonta elo noku cingilisha ifinama fya mumpanga
3720,"Abantu babili nabekala mumenshi, elo abana babili na beminina, umo umwanakashi umo mwaume",Uyu umbi umwana umulumendo na toloka pali cilya batolokapo aba cita amangalo ya kowa,Elo pa kutoloka palya ufwile walishiba sana ukowa no kutoloka te kutoloka ici toloke toloke pantu kuti wafika ububi pa menshi fyakalipa,"Sana sana ngawa fishapo ulufumo cila kalipa sana, ukumfwa kwati ulufumo na lulepuka","Aka akaice kafwile bali kafunda sana umwa kutolokela, nomwenso walipwa pakuti kakwate amano aya kutoloka apa lepa filya ukwabula umwenso"
3721,Umwana umwanakashi ali naba wishi bale mubika pa cishelemuko,"Kali ne nsansa aka kene aka mwana, Ku mona fye efyo kale sekelela lilya ba wishi bale kabika pa cishelemuko","Kaili eh mangalo abana batemwa aya ifi, eico kale moneka kale umfwa bwino no kusekelela","Ehe! Elo ifi baka fwikile na magalashi, kufwile kuli akasuba sana kuntu babelele.","Ehe pantu naba wishi nabo naba fwala, ukutila bacingilisha amenso yabo na umwana kukasuba "
3722,Namayo ale fwika bwino umuntu insapato sha kwangalila muli fi sno,Te ubu ubwangalo bwakuya mule shela shela ne fisapato fine ifi? ,Ehe ni ububwine. mu cisungu babwita ati 'Ice Skirting' elo nga tawaishiba ifya kushelela bwino bwino kulaba uku pona cine cine,"Ooo namona! umuntu nga ine teti eme fye ati kandeya muku shelelapo naine, mfwile ninkwatako uwaku nsambilisha te.","Ehe! Ngefi limbi uyu namayo alishiba sana, elo ale fwaya uku fundako uyu wine uwo ale fwika bwino insapato shaku shelelamo"
3723,Umulumendo ale lemba pantu balembela nga bale sambilila,"Elo umu te mukalashi muntu bali iyo, nimulya umo bacitila ifya kweshe esha esha",Ehe! pantu nga wamona umu bali muli ne fibombelo ba bomfya pa mulimo wa kwesha esha,Elo kaili filya ale lemba palya fifwile na fikuma Ku mulimo wa kwesha untu bale bombelapo na umunankwe,"Cacine, umu ta bengilamo icingile ingile, mwaliba na mafunde ya kukonka pantu ifibamo nga taufisendele bwino kuti wa kwata ishamo fyatobeka nangu kuti fya kwipaya"
3724,Umwana ale kwela aka bumbwa eko bangila abana ukuti bale angalilapo,Lelo pafwile pali abakulu mupepi pantu ngali ponene kuti chaba cheshamo,"Ehe bafwile epobali, na uku cenjela ali cenjela fye uyu mwana","Ehe, balomfwa bwino abana uku batwala ukwa kwangalila elo mwa baleka bale angala abene","Sana, Lelo mwe bakulu mufwile muli mupepi mule lolekesha efyo bale angala pantu kuti aicena, mwalishiba fye abana fintu baba."
3725,Ba namayo na beminina mwi tuka bale lolekesha ifipe ifi tantikwe mwituka mwine,"Uyu umbi namayo uuli ku mbali eka nakwata impiya ku minwe, limbi ale mona nga nashikwana uku shita fintu ale fwaya","Elo na balemba noku ukuti ufwile walipila elo taula longa fintu uleshita, umu tamwaba kusenda pa nkongole iyo",Ehe! Ulwa nkongole lwali shupa elo futi nga wamona balemba mu cisungu elo baisa lemba na mu cicainisi,"Eku konkomesha uko kwine, pantu cile pilibula ukuti abantu abayamo mwi tuka ili ba lishiba uku belenga icisungu nangu icicainisi"
3726,"Umwana umwanakashi ali mwi tuka lya fyakulya, cile moneka natangila asha abakalamba ali nabo kunuma pantu alishibamo mwi tuka ili",Ehe! Abakulu abafwele na kasote aka kashika bale loleshafye baleti nga umwana uyu afuma kwi,Afwile alesamo sana nabafyashi bakwe mwi tuka ili elo alitemwa ifyakulya fisangwamo,"Ehe, file moneka bwino sana ngawa lolesha pa fikope elo kumonafye nabantu fintu bafulile umumwine ",Awe file moneka bwino elo fiauma nga walya pantu abantu teti ba tantame umusango uyu ukulolela uku shita ifyakula ifi shumfwika bwino nga walya
3727,"Umwaume naiminina mumenshi, nafwala nifilya bafwala abangala mumenshi","Icimana cine cikulu, elo cile moneka bwino sana kumo na icilibwe cine ekete uyu umwaume",Kwena nga twa lolesha pa filembelwe panuma ya uyu umwaume kuti watila ati nibalya batumina nga kwacitika icintu pamenshi,"Ehe, ifya pala umuntu uku nwina, nangu umuntu amenshi yamusenda aii?","Ehe, kaili ku mimana kulaba balya abalolekeshapo ukutila fyonse fili fye bwino pantu fingi ficitika pa menshi elo nakuli balya bangalila kumbila ya mumana"
3728,"Umwaume na umwanakashi nabeminina, umwanakashi afwele ifyakufwala fya ku teyelamo umupila",Cipalile kuli ubwangalo bale angala aba babili mweh,Ehe kuti caba ni ifyo fine pantu na pancende bali ifyani filipo file moneka fya kuteyelapo ubwangalo bwa mupila,Ehe balifi putula bwino elo bali bika na pakwikala abale tamba na abale lumba ,"Ehe, elo ku mpela kulya nimpanga iya tikama pantu ifimuti fili ifya kumbinkana sana "
3729,Abantu bale enda bale lolesha ukuli amato ,"Elo yengi amabwato aya, ndesubila palya yali epo baya bika nga tabale yabomfya nangu nga bafuma pa mumana",Bali pangako bwino uku kuntu na ifikulwa kumbali ya mumana,kuli na umwa kupita abantu mulya mwine mu mbali ya mumana,"Elo kaili na ifikulwa nafyo eko fili, ndesubila te mayanda iyo yafwile ma ofeshi"
3730,Umwanakashi ali ku ncende iisuma iya maluba maluba aya putulwa busaka busaka, elo kabili yalemoneka aya katapa katapa,Nafyo ifi kulwa bakula file moneka bwino pantu fyaba pakati ka maluba na ifimuti,Ali uwa nsansa umwanakashi uyu pa kuba ku ncende iyisuma nga iyi,Ehe umuntu onse kuti aumfwa bwino ukuya kuli iyi incende pantu yali pangwa bwino elo kaili bala isunga na ubusaka sana
3731,Umwaume ali mu ncito ya kuteya ubwangalo beta ukutila kiliketi,Ee ubu ba posela ka bola elo wakoma na cilya ici nkonto ekete te?,"Emukwai ni ubu bwine ubwangalo, bwalishikwa sana lelo banono abaishiba amafunde yabamo mubwangalo ubu",Na pa citunshitunshi bala tambisha uku ubwangalo lelo nsha posako amano ku mafunde yabamo,"Ehe bwangalo ubukalamba, ifyalo fila cilikana muku teya ubu bwine ubwangalo, kumwena fye na ku bwingi bwa bantu abale tamba"
3732,Abantu aba panga imisebo na bakwela pali tarakita iyo babomfya muku bika ama nenekela pa musebo,Uku panga umusebo te ncito iya anguka pantu fingi fifwaika pa kupanga umusebo,"Cishinka, elo uku bale pangila nincende ya fimiti, eico kuposako sana amano paku pima umwa kupita umusebo",Aba abantu abale panga bantu ba sambilila muli uyu mulimo,"Ehe, elo kaili uyu mulimo mulimo wa kubombela pamo, umo teti akwanishe, bafwile bale pandana amano pakuti ulondoloke umulimo"
3733,"umwana Umulumendo uufwele icampepo icakashika alelosha icidoli,iciminine Ceka.","Cipalile kwati bali mwi tunka iyo bashitishamo ifilubi ifya pusana pusana, lelo atemenwepofye cimo ici iciminine ceka icabuta",ici cine icilubi cipalile kwati nicilya icibomfya amalaiti nangula amabwe pakutila cibombe lelo kuli neci cimbi iciminine kwati nifilya ifiminina imbwa.,"cipalile kwati abeminine kumpela abafwela icampepo icakashika ni banyina ba mwana umulumendo,elo bamusalile icilubi icimine ngembwa,lelo umwine umwana atemenwe icilubi ngomuntu","Bakashitisha bale londdolwela banina ba mwana umwakubomfesha ifilubi ifi,pantu ngatabeshibe umwakufibomfesha kuti baonaula ,eico cikankala ukwishiba imibomfeshe yafilubi "
3734,"Abantu babili, umwaume na umwanakashi nabekala mu cikulwa ico bashitishamo ifyakulya na ifya kunwa. ",Cile moneka kwati bale lolela baba pekanisishe ifyakulya pantu umu bali kulaba mwa landa efyo mule fwaya elo nomba ba tampa uku mipikila,"Kuti chaba ni ifyo fine, nangu kuti baba naba pwisha kale ukulya nomba nabekala bale isha na uku bikapo utwa kunwa pamulu","Elo ifi mule moneka umusuma nga nshi, te mwa kuya iciyeyeye, pantu mulaba aka mutengo aka kosako, ufwila nau kwatishako ulupiya",Kaili futi abengi abesa umu nga maume na umwanakashi balaba abantu abali pamo nangula abale monana pantu bala fwaya uku langisha icitemwiko ku bena myabo
3735,Umukashana naikala ale angasha akabwa aka nono kalya aka mu nganda aka buta amasako,Nde mona ale kanwisha amenshi pantu ale itila amenshi pa kuboko kwakwe ukuli ku kanwa kwa kabwa kene,"Ehe, efyo cifwaikwa uku sunga icitekwa icili conse, cifwile uku cisakamana nga ififine umukashana ale sakamana pa kabwa kakwe","Cishinka mwa landa, umu kashana na posako amano ku kabwa kakwe, eico bonse fwe ba kwata ifitekwa tufwile twa fiposako amano","Nga mwa lolesha bwino takalipo ne ndoti akabwa aka, amasko yakwe aya buta yale moneka ubusaka sana, umukashana afwile ala kasambika bwino akabwa kakwe"
3736,"Abantu bale cimfyanya uku butuka ulubilo, umo ali kuntanshi sana nasha abanankwe abanankwe kunuma sana","Elo mukashana wine uyu, lelo umubili wakwe efyo ule moneka ule moneka kale ayamba uku butuka ifya ku cimfyanya elo ala ipekanya bwino",Eh ulu ulubilo lwa kubutuka intamfu ishitali sana ica kweba ati nga tawai pekanya bwino kuti wa pelela pakati wafilwa uku pwisha pantu nau naka,"Ala bengi ebo ashile kunuma uyu umukashana, bambi baume elo tulanda ati abaume eba kwatishapo amaka ya lubilo ukucila abanakshi","Epo umwanakashi ale shila abaume ku lubilo mumusango uyu, afwile alaisunga bwino elo na uku pekanya ala ipekanya bwino sana pantu te cintu ca anguka we mwanakashi uku sha abaume nga ifi"
3737,Namayo na ikata icilola elo umwana ale iloleshamo uku mona efyo ba mulengele ku menso na bantu bale tamba,"Ifi abantu bafulile uku ku ncende cipalila kwati kuli ubwangalo ubuliko, pantu teti fye umuntu alenge umwana filya apashili cimo","Ehe.. Elo ulya mayo ufwele ica fita ale lolekesha ne nsansa pa mwana uyu ba lengele ku menso, cile moneka nankwe na umfwa bwino pali ifi","Uyu namayo uwikete icilolwa kuti aba ni nyina wa mwana uyu, uku mona fye efyo ale mulolekesha umwana wine uyu","Ehe, cila wama sana nga umu fyashi ale kwati inshita ya kuya na bana bakwe ku ncende isha pusana pusana ukuli amangalo, abana bala temwa elo bala umfwa bwino sano"
3738,"Shitata na Namayo baleteya ubwangalo uku balenwako ifyakunwa,namayo mukabotolo ,lelo shitatata abikile muli kapu ","Kuli noyu umbi shitata uwikelefye eka pacipuna kunuma yakwa namayo,cile moneka kwati kuli efyo aletamba nangula kuli abo alelanda nabo .","Iyi ine inganda balimo naikwata icipunda cacushi lelo tababikilemo umulilo,cipalile kwati nakukaba pantu ilingi babikamo umulilo nganaku talala.","Cilemoneka kwati nabakwata amangalo ayapusana pusana,yambi bayabikile mu citundu,yambi petubulo apaliko nakalubi kakoni elo yambi pantu bekele panshi, ","Elo kabili umu mwine munganda bali mulemoneka umwabusaka nganshi ,napanshi pali apabeka mukupyangisha ,eco namayo na shitata bakwanishe ukwikalapo"
3739,"Umwana umulumendo na ikala na namayo, ale myanga menshi makasa uwa lowa uwo babikako ifya pusana pusana pakuti alowe bwino","Namayo ale moneka kwati ni nyina wa mwana wine uyu kufyo ale lolesha, ale moneka uwa temwa uku mona umwana wakwe efyo alelya ","Elo kaili menshi makasa uwa lowa wine alaba uwa talala nga nshi, ndesubila umwana eco abifishe kumenso pantu insekete na shitalala","Elo noku pwisha na pwisha ukulya, eh tuntu batemwa abana uku bashitila utu pantu twalilowa","Cipalile aci bacusha ba nyina kuti ba mushitile menshi makasa uwa lowa, elo nomba ba mupela ukutila aipeshe umwine ukulya"
3740,"Ituka lya kubeyelamo noku lukilamo imishishi, ibelele kumpela ya kukuso lili ily aisalikwa, lelo icikope cili pamulu ye tuka cili ica pusanako ku fikope ifi sangwa muma tuka yaku beyelamo noku luka imishishi","Pakati pali ituka bashitishamo ifya kulya ne ifintu fyakubomfya panganda, lelo pa mwinshi ye tuka napeminina namayo,cile moneka kwati alelanda naba bomba mwituka line ili ",Kumpela yaku kulyo kuli icikulwa icilemoneka kwati cikulwa cabwalwa naco cile moneka kwati cintu caisalwa pali iyi inshita ,Elo ifikulwa fine ife fya kulilwa mupepi na umusebo apa bela amalaiti ya pa musebo aya langa ba namuteknya nga kuti motoka yende nangu iminine ,Aya amalaiti ya pamusebo yala afwilishako uku cingilisha ubusanso bwa pamusebo elo kaili uku lenga ba namutekenya bale pelako inshila ku bantu kuti baculuke umusebo
3741,"Shitata ufwele ica mpepo ica katapa katapa na kasote aka katapa katapa na iminina pa bulalo,  na maboko napisha muma tumba ya campepo cintu afwele","Cile moneka pali efyo ale tamba palya eminine, elo na fimusenda sana amano.","Kunuma yakwe kuli impanga iya tikama nga nshi, elo umushili wine ufwile wali kwata umufundo sana pantu amaluba ya fimuti yali aya katapa katapa sana",wasosa ,Ehe! Elo kaili kuti caba limbi shitata uyu kuli abo ale lolela nangula eshile fye muku tandala.
3742,Umwana umulumendo ufwele ica makumbi makumbi kumulu ale angalila pa menshi ayo babika ukuti ya moneshako bwino akalale,Na umfwa bwino sana uyu mwana ukwangalila pa menshi aya ifi yale fuma elo yale musansa lintu ale butuka,"Kwena aba bombele paku panga ici bali bomba sana, umu ni mukalale elo amenshi yale fuma panshi ya konkili ukula sansa mumusango uyu","Elo yaliko bwino amenshi aya, pantu umwana teti anwine, lelo muku butuka ngefi ale butuka uyu mwana kuti apona aifyutula ","Nefi nipa konkili, kuti aicena sana ngali ponene, lelo ale umfwa bwino ukwingala elo kulemoneka kwati na kukaba pantu teti ba muleke ale angalila pa menshi nga na kutalala"
3743,"Umukashana ufwele ifya fita konse na ikala pa cipuna, cile moneka umu ekele nimulya bekala nga kuli efyo ule lolela","Ehe, elo nga na lolesha bengi bekele, kuti caba ni mulya balolela uku kwela ishitima, saca, nangu indeke pantu abantu na bakwata ifyola apo bekalile","Kuti caba ifyo fine, elo bale shitishamo notwakulya ngwama lolesha kulya ku mpela, kuli utwa kushitisha utwa pusana pusana.","Ehe kaili limo kulaba saca, ishitima nangu indeke ya celwa ukufika kuti washitamo tumo tumo utwa kulya lilya ule lolela pantu insala limo ila suma sana","Elo umukashana uyu cile moneka kwati tali eka, uku apilibukile cipalile kuli ebo ale soshanya nabena abekele mupepi nankwe, kuti baba bali pamo nangu bakumanina fye umu mwine mu ncende."
3744,"Shikulu bantu ufwele ifya buta na ikala pa mbali ya cilubi icikulu ica bumbwa ukufuma panshi, ali nembwa yakwe  iilele pa lunkoto","Kwena ici lubi ici cena bali bumba, elo cikulu sana, bali bumbapo namayo usaile shitata ninshi na bekala, elo kaili pali futi nomutwe wakwa shitata pamulu","Ehe, bali bumbilapo na pushi ninshi ale enda, elo mumbali ya mutwe wakwa shitata bali bumbilamo utumaluba utwa ikatana","Ndemona pamulu pali ifya lembwapo lelo nshile fimona bwino, cile moneka kwati ici icilubi paliba efyo bebukishapo ba kamfulumende na abantu ba mucalo ici","Ni ifyo fine, elo kuti twalanda ati eco ekalile mupepi naco uyu shitata, afwile eco eshile muku tamba, nomba nanaka epakwikala ukutila atusheko noku pupwako umwela "
3745,"Abantu babili na bekala, naba kosha na umulilo pantu na kutala ukumwena fye kuli snow iyi ili panshi efyo ifulile","Nefyo bafwele file langa ati naku talala kuntu bali , nabaicingilisha na kumutwe notu sote utu cingilisha impepo elyo naku maboko kwine naba fwala","Uyu umuntu uli kukuso ngamwa mona efyo afwele kumolu, nifilya bafwala balya bangala amangalo yaku shelela mu snow iili panshi","Ehe, eco afililwe noku fukama ifi ifi fukeme umunankwe, teti akwanishe pa mulando wafyo afwele kumolu, afwile alishiba uku shelela mu menshi makasa","Ndesubila uyu mulilo bapangile wa konta fye uku cingilisha ukwingililwa nempepo, nomba nabakwata aka kwipikilapo eko uyu ufwele ifya fita ale bomfya."
3746,Umwana umukashana ufwele ica kashika kunso elo ica buta mukati ale putula ifyapala impilipili,"Nampo finshi ale fwaya ukwesha ukwipika, afwile alakopa kuli banyina nga bale ipika, eico nawo alefwaya esheko nga kuti akwanisha","Abana ni ififine, lelo umwana tafwile ukula palama kumwele, ifi ale putula nomwele kuti apushila aiceka akakondo ka kuminwe","Nga twa lolesha pafyo mule moneka umu, mule moneka kwati ni mu nganda ya kwipikilamo elo aba kalamba tabeshibe fintu ale cita","Ehe ni munganda ya kwipikilamo, elo nokwiminina ale moneka kuli epo eminine ifya pala pa kapuna pakuti akwanishe uku fika apo ale putwila fintu ale putula"
3747,"Namayo nashitata nabeminina panse pali snow ukwatalala icakweba ati nabafwala ne fyampepo,namayo abawela aifimba napa menso mukutina impepo",icilengele ukweba ati beminine mumpepo bale belenga ifi lembelelwe  paci pampa icili pacimuti,"caliba icalinga ukufwala icampepo icakaba bwino bwino ,lilya kwatalala pantu ngayakwingilila impepo ilaleta ubulwele bwatu laso","ifi balemoneka beka panse cipalile  abantu nabaikomena mumayanda mukutina impepo . ameshi makasa yalemoneka ayengi sana ,nayafimba umushili elo kabili nefimuti","lelo nagula nakutalala sana akasuba nakatulako ,icakweba ati shitata alefumya necushi mukanwa elo namayo abikile amaboko yakwe mumatumba"
3748,"Namayo ale teya ubwangalo bwa Javeling, kumbali nakwikala ba shitata abalelemba noku mona efyo ale posa umufwi was Javeling","Ale moneka wa maka uyu namayo, noku posa kwine afwile naposa ica kweba ati umufwi wafika apatali sana ","Ehe! Ubwangalo ubu bufwaika naukwata sana amaka ya kuposa umufwi mumaboko, elo nako ku molu kufwika kwaba amaka ayakuti wipona ngawasukusa umufwi.","Nali mona ilingi ku mangalo yama Olympics ubwangalo ubu bula bako, na baume nabo bala cimfyanya mu bwangalo bwine ubu","Ehe abaume nabo bala cimfyanya beka beka, na banamayo beka beka bala cimfyanya. Ucimfya abanankwe ni ulya uposa umufwi uku tali sana uku cila abanankwe"
3749,Ubwaume ufwele ica fita kumulu naikatilila intambo ishile mutawala mumulu,Bushe shile fuma kwisa intambo shine ishi?,"Katwishi, kuti limbi naba kakila ku ndeke nangu fimbi fye, lelo takwata umwenso uyu mwaume pantu ngali lekeleko ku ntambo kuti aicena icine cine",Ine teti njeshe nokwikatako ku ntambo ishi pantu eingaba emfwa yandi ku mwenso fye ,"Cimo cine na ine, umwenso nakwata teti njangaleko amangalo aya ifi ukula konena intambo kuti naifuna ububi sana"
3750,"ibumba ly bantu bali kumo, ukulemoneka necimana apali bambi nabekala elo bambi nabeminina elo babili balemoneka ngabalengala ubwangalo",bushe ubu ubwangalo ubuleteya abakashana babili kuti bwaba bwangalo nshi? balemoneka kwati baleshana pamopene kwati balecimfyanya,nencende baliko ilemoneka kwati nafifula ifya kucitika pantu nimbona cipalile onse alifye nefyakwe ,"walungika bambi baloseshe uku bambi nabo baloleshe kumbi, umbi nao aloleshe aba abakashana baleshana",uku kuntu kufwile nakuwama saana abantu balemonekafye abasansamuka. awe cine limo ukwangala kulomfwika bwino
3751,"Abantu,bashitata nabanamayo balebutuka ulubilo lwakucimfyanya,mumbali muli nabantu abaletamba.",cilemoneka aba bantu baletamba abanabo balebutuka nabasansamuka saana.,"ee boi aya mamgalo yalasekesha abantu,ndemona ecintu cimo pa fingi icilenga baleyabikako.","nomba ululwine lubilo talukemoneka ulwamulinganya,kuti babika shani abakashana nabalumendo  mulubilo lumolwine.","awe kwena cishinka boi,pantu cilemoneka kwati abalumendo ebali nakuntanshi abakashana nabashalila,icilelanga ukuti taluli ulwamulinganya ulubilo ulu"
3752,"Abalumemdo batatu bali capamo baleengala,umo pali aba batatu alekopa na ifikope.",uyu mulumendo ali kukuso cipalile kwati pali ifyo alecita apa panshi akontamine.,ee boi ndemona ififine alecita uyu mulumendo efintu umulumendo ali kukulyo alekopa.,"ee  efyo cilemoneka,elo umulumendo uyu pakati ena aletambakofye nasuma na ululimi lwakwe.","cilemoneka kwati uyu mulumendo teshibepo nangu cimo pafilecitika,aletina ati ngaliketeko kuti afilufyanya."
3753,bashitata babili nabeminina pacani na imbwa shabo cilamuntu ishabuuta.,imbwa shine ishi nashipalana shilemoneka kwati shafumine kuli nyina umo.,"ee efyo shilemoneka boi,elyo imo naitombekela namumulu kwati pali ico ilekobelela.","elyo kunuma ya aba bantu kuli imyotoka ishafita ishiminine,kuti caba ati abantu bali kuli ii ncende bengifye?",ee walungika boi ndemona abantu bambi abali kuli ii ncende eyaba shikulu bantu ali kukulyo alelolesha.
3754,bakateya wamupila bali mucibansa na bantu abengi nabekala mufipuna baletamba uko aba bantu baleangala,aba bakateya wamupila balemoneka balongenefye pamo ninshi epali umupila? ,"ee efyocilemoneka boi,pantu ubu bwangalo bwaba bwakuteya umupila eico abantu basangwa apali umupila. ","elyo abantu abeshile mukutamba nabafulisha,emukuti abantu balitemwa saana ubu bwangalo?","ee boi walungika,ubu bwangalo bulaleta abantu abengi saana pamukumo,bwaliba ubwaibelako pamangalo yonse."
3755,"shitata umo ali pakati napanta namumenshi ayakosa,elyo abantu abengi nabekala mumbali baletamba.",cilemoneka uyu shitata niumo pali balya abantu abasambilila ifyakulwa ulubuli.,"ee cishinka ico boi,ifyakufwala afwele efilelondolola fyonse,elo alemoneka alikosa saana shikulu bantu uyu.",ukukosa kwena alikosa mune pantu amenshi yakosa yalakalipa saana umuntu ukupantamo.,"aba bantu tebakulwa nabena kanshi pantu kuti uleuma ena taleumfwamo nangu cimo,lelo iwe ngakuma kuti wapunda nganshi."
3756,Abana besukulu bali kucibansa nabakafundisha babo balebutuka.,cilemoneka kwati ulu lubilo balebutuka aba bana besukulu lwakucimfyanya.,ee boi elo lulemoneka kwati nilulya ulwakupeleshanya utumuti.,"ee mune,namonafye akalumendo kalepoka akamuti ukufuma kumukashana.",elo akakene kalumendo kalemoneka kwati kalatonkola saana pantu nakambilako limo takalaikata nabwino akamuti.
3757,"bashitata babili nabanyina pamulu wama horse ayali mwicinka,pantanshi yabo pali na ing'ombe.",iyi ing'ombe pantanshi ilemoneka kwati ilebutuka ama horse yali naba bantu.,"ee boi efyo cilepala,nomba inama shine ishi fwebantu tukwelapo kwati katwishi,shena tashumfwa ukunaka?","ndemona shilomfwa ukunaka munina,nomba cimoneka kwati encito shakwata iine nashena.","walungika boi,pantu kuti wapishamo ifintu fimbi ifyo ama horse yengacita ngakwali ukuyalekafye yaleendela,pantu abantu tabalya nakulya."
3758,umulumendo umo ali kucimuti nashangila alesaila imisambo.,"uyu mulumendo alemoneka kwati alyenda saana mumpanga,pantu nashangila ubusaka saana.",ee boi pantu incito yakusaila tayaba iyanguka ngefyo imoneka.,"cishinka ico boi,maka maka icimuti akweleleko cilemoneka kwati tacikwete apakwiminina bwino bwino.","ee boi cishinka ico,nomba alemoneka lilamba saana afwile alasanga inshila yakwimininamo paka akwanishe."
3759,namayo umo uuli nikafundisha ali na utwana utwampendwa tuleyangala.,"utu tukashana tuli kwati tulepanga ifintu ifyapusana pusana,elo muncende tuli mulemoneka ifyakwangasha ifingi saana.","ee boi cipalile kwati ii ncende lisukulu lyatwana utunono,ndemona tufwile natusansamuka nganshi.",ew boi abana balitemwa ukwangala apali abakalamba pantu balabalangisha ifyakucita ifyapusanako.,ee boi kanshi ngawalyeseshe ukuyabafumyapo palya baleyangala abana kuti mwapusana saana.
3760,"umukashana umo ali munshila aleenda naikata nakakopo kuminwe,kunuma yakwe kuli na ibumba lyabantu.","ii ncende ilemoneka kwati kulasangwa abantu abengi saana,kwati paliba ifintu ificitikako",imifwalile ya aba bantu ilelanga ukweba ati ii ncende intu yakaba nganshi.,ndemona ecilengele naba bantu ukuba kuncende ii limbi kuliko apa kowa.,ee boi kuti caba cishinka ico pantu nganakukaba cilomfwika bwino saana ukwikala mumenshi ayatalala.
3761,"abakashana babili balefwaya ukuculuka umusebo,mumbali yamusebo uyuwine muli na cinkupiti wabantu aleenda.",ii ncende kwamoneka abantu abengi saana ndemona kwalifula ificitikako.,ee boi kulemoneka kwati kwaliba abamatuka ayengi saana umwakushita ifintu ifyapusana pusana.,"ndemona ifyo walanda fishinka,pantu pali aba bantu baleenda mumusebo pali  abaleenda nga ulupwa","ee boi cishinka,elyo ukuya kumatuka mukushita ifintu pamo ngaulupwa kulomfwika bwino saana."
3762,"shitata umo nanamayo umo nabakumbatana,kucibumba yancende balipo kuli na icikope camulumendo umo uuloleshe mumbali.","cilemoneka shikulubantu uyu nanamayo kale bakumenepo,ecilengele ukukumbatana umusango uyu.",ee boi umuntu ngakale wamumwenepo kulaba ukumufuluka icakuti ngawamwikata kwikatilila.,"elo, batemwikwa elyo umo palyaba alifuminepo elo abwela.","ee boi kuti caba cishinka,umulumendo nankwe uuli pacikope,kwati acibamona balekumbatana elo alolesha kumbi."
3763,"akalumendo kamo kaleyangala keka nakaikantaika namatipa,kunuma yakako kuli na ifimuti.",abaice bena kuluba nefyo kaibikile ifimatipa nelyo kacibafye keka.,"abaice ukwangala kwabo teti ukwishibe,limbi palya ulemona ati ali eka ena mumutwe ninshi nakwata eo ali naena alelanda nokulanda.","elo incende kaliko ilemoneka kwati niku mpanga saana,pantu kunuma yakako kuli ifimuti ifyafunda.","ee boi,ndemona aka kalumendo nakakwata abakulu ebo kacisa nabena,pantu teti kabe keka kuncende ii."
3764,umulemendo na umukashana bali babili pancende iyafita baleitomona.,"aba bantu babili balemoneka bali mucitemwiko saana,ifyo balemoneka pamenso filelanga.","ee boi walungika,nomba balemoneka kwati bacili balwfisama tabalaupana.",ee boi pantu ngabalisokoloka kubantu teti balefisama umwafita pakuilanga icitemwiko.,"ndemona bakasokoloka ililine,pantu ifintu fyonse fyamba apanono panono ngefifine."
3765,shitata umo na namayo baleololako amolu ubushiku.,"cilemoneka kwati aba babili bakashi nabalume,lelo beshile baleshungulukako.",nomba inshita ubukulu bena basalapofye ukwenda ubushiku.,"eficitika mulusuba fingi saana,limbi bonse baciba nefyo balecita kumacito","eee boi walungika,kanshi ecilengele aba bantu ukwenda mubushiku ndemona,ndesubila balakwata insansa."
3766,"bashitata bane,namayo umo na imbwa shibili bali kuncende ukwaponena snow iingi saana nabasekelela.",cilemoneka aba bantu lupwa lumo elo baya mukutandalako kuli ii ncende.,"ee boi  walungika,elyo ukwendela pamo nga ulupwa kwaliwama saana. ","ee boi elyo aba bakalamba saana bonse,ndemona cilamuntu alikwata eko ekala,kanshi balifukukana.",ee boi ico cine icingalenga nokutila uku kutandala kwaba ukwawama nganshi.
3767,"namayo umo naikala pacipuna,kapokola nankwe naikala pacipuna alelemba namucitabo.",cilemoneka kwati uyu nakulu bantu ali na umulandu elo kapokola alemwipusha amepusho.,ee boi walungika pantu umwanakashi alemoneka wabwafya saana ukwambilafye kufyakufwala afwele.,"icaalo inonshita calilubana,kale abalesangwa saana kuncende ishi nibashitata.","ee boi nomba inonshita nibonse,kaili banamayo nabo balitampa ukukonkelesha ifyo bashitata balecitako."
3768,bakateya wamupila wakuminwe uwakupunkanana bali mucibansa nabemya na ifimpompo fyabo mumulu.,cilemoneka kwati pali uo balepela umucinshi uubelele uko  baloleshe.,"ee boi walungika,aba bantu baliba abakosa nganshi pantu balapunkana saana muli ubu bwangalo.","cishinka ico boi,kanshi ubu bwangalo bufwaika abamibili ishikulileko ishafina.",ee boi taulemonafye naba balumendo imibili shilemknekafye ishakosa elo balundapo naukufwala ifyatikama. 
3769,shikulu bantu umo naikala petebulo nakamwaice akafwele kwati cilubi baleshimika.,"cipalile kwati uyu shikulubantu nalanda ifeleumfwisha bwino saana,pantu alamwaice nakasekelela nganshi.","petebulo apa pali ifintu ifyalekana lekana ifyapala ifitabo,cipalile alekalanga ifya kubelenga."," nifyofine boi,elyo ifyonshikulu bantu acitile amaboko kwati  alekonkelesha ifyakufwala fifwele umwana wine uyu.",ee boi walungika ndemona ecilengele nokutila aka akalumendo ukuseka umusango uyu.
3770,utukashana tubili natufwala namalaya ayapalana tuleyangala.,utu tukashana tulemoneka kwati pali ifyo tuletamba uku kuntu tulelosha.,"ee ndemona nifyo walanda boi,pantu natuposeshako saana amano.","elo tulemoneka kwati utu tukashana nitumpundu,bushe kuti caba nifyo boi?","ee boi walungika ndemona eco tufwalile nefyapalana utu tukashana,tulemoneka utwa busaka saana."
3771,ibumba lyaba namayo nabashitata nalilongana nalikata na ifitabo lileimba inyimbo.,cilemoneka kwati ili ibumba lyabantu lile imba inyimbo shakwitempele.,"ee boi aba bantu balemoneka ati nibakwaya bakuchalici,elo balemoneka kwati baleimba ubusaka saana.",ee boi inyimbo shakwalesa shalinga ukwimba cilumba cilumba.,"walungika boi,euku ndemona abaleimba inyimbo ishi balemwentula pakwimba."
3772,abakashana babili bali mucibansa baleteya umupila bwakusukusa akamupila akanono.,"nomba umukashana efyo afulukwitepo mulukungu,alemoneka ubu bwangalo alibutemwa saana.",ee boi ndemona acilaesha ukwanka akamupila nomba apusa ekuponena mumucanga.,"icibansa cine icakuteelamo ubwangalo ubu cifwaika muliko utufyani,pakuti nangu wapona taulambile saana.","ee boi walungika,ndemona ukuya intashi bakapanga bwino bwino icibansa,limbi apa elo baletampa."
3773,"umulumendo umo aleenda mumbali yamusebo,kumbali yakwe kuli nama tuka ayakalamba.",uyu mulumendo alemoneka uwashishita pamenso kwati nakalimo pali icimucitikile icibi.,ndemona uyu mulumendo acumfwafye ubunangani pa ng'anda ekwima ati endeko.,"ee boi walungika,limbi uku alelola aleya mukumonako abanankwe.","nifyo boi,kaili abanensu ebaba naifwe munshita shapala ishi,pakutila mwasekako."
3774,"abalumendo babili bali mubwato nabeminina,elo kumbali yamumana uyu kuli abantu abengi namabwato yabili ayashili pamenshi.",cilemoneka aba balumendo babili balefwaya ukukwela pali aka kamulundu kali pambali ya bwato bwabo.,"ee boi efyo cilemoneka,elo uyuwine mumana incende wabelako ulemonaka kwaliba na impili.","ee boi elo pampili abantu balikulapo nama yanda,ayakalamba nganshi.","abantu balifula utwakucita,ndemona baliposelepo saana inshita pakwimba umufula wamayanda aya."
3775,"bakateya wamulila wakupunkana bali mucibansa baleteya uyu mupila,elyo mucibansa muli cinkupiti wabantu aletamba ubu bwangalo.",nomba uyu muntu ekete umunankwe kukulu ninshi alefwaya umunankwe amuoponye pakuti ebutuka?,"efyocilemoneka boi,pantu ubu bwangalo bwaba bwakupunkana saana,umunobe nga euli na umupila kwesha namaka yonse ukumupoka.",elyo abantu balitemwa ukutamba ubu bwangalo pantu abaletamba nabafulisha nganshi.,"saana boi aya mangalo yalaleta abantu abafuma ukwapusana pusana capamo,kanshi bwali wama saana."
3776,banamayo babili bali mwi tuka emo bepika ifyakulya nabasekelela.,"ili tuka lilemoneka balepikamo ifyakulya ifyawama saana,elyo namayo uyu kuntashi alemoneka eulipilisha.","ee boi walungika,ndemona uyu namayo kunuma eshilefye mukutandalilako ababene banamayo pantanshi.","elyo namayo wine uyu kunuma alemoneka uwansansa nganshi,cipalile naikuta saana ifyo acilalya.",ee kuti caba nifyo boi pantu kwena takwaba icisekesha abantu saana ukucila pakulya.
3777,ibumba lyaba kakula bamayanda lilekula icikulwa icikalamba nganshi.,"icikulwa ici cilemoneka cikapwa bwangu saana,pantu abalekula nabafula.","ee boi umucinshi wanseba kwimina pamo,imilimo ilenda bwangu saana nganamwikatana.","ici cikulwa cilemoneka kwati mukaba amatuka mukati,pantu tacilepalako mukuba ing'anda.","ee boi walungika,elyo ababene balekula balemoneka nibakalapashi muncito iyi pantu balekula ubusaka saana."
3778,"Abakashana babili abafwele ifyabuta balelwa ulubuli,mumbali muli nabekele mufipuna baletamba uko balelwa.",ndemona aba bakashana nibamo pali balya abantu abasambilila ifyakulwa indubuli.,"ee walungika boi,nomba cipalile kwati bafumine ukwapusana eli bakumana pamo ukutila bacimfyanye.","ee boi cishinka,elo umukasha alikukuso naimya icibaka icakakata nganshi napanta na umunankwe kukanwa.","awe kwena nabamunyanta,cilemoneka kwati uyu mukashana unyantile umunankwe eulewina ulu ulubuli."
3779,"shikulu bantu umo alekwela pamulu wacikulwa ukubomfya intampulo,elo panshi palemoneka apatali napeminina na icimbayambaya",elo shikulu bantu uyu alemoneka nanaka pantu epo afumine panshi palemoneka apatali nganshi.,"ee boi kuti anaka,elyo mwalunda na ubukalamba,walishibafye abakalamba tabakokola ukunaka.","cilemoneka ifyo alefwaya pamulu aleya fikankala saana,icakuti aleinasha umusango uyu.","teti twishibe limbi pali ebo aleya mukumona pamulu,limbi umo pabana bakwe epo abombela."
3780,shikulu bantu umo naiminina pambali yamusebo alelisha umutolilo.,cilemoneka incende aliko uyu shikulubantu ili iyatalala saana pantu ifyakufwala afwele fili ifyatikama nganshi.,uyu shikulu bantu alemoneka kwati nibalya abeminina mumusebo balelanga abantu amatalanta yabo.,ee boi elyo tekubalangafye amatalanta kweka lelo emo bapangila na indalama shabo aba bantu.,"elo alemoneka uwansansa pakulisha umutolilo wakwe wine uyu,ndemona alitemwa ifintu acita."
3781,abalumendo babili bali pamulu wabemba nabeminina pamabwe.,uyu bemba alemoneka umukalamba nganshi elo ali na umukuku wamaka saana.,"ee boi,nomba umulumendo ali kuntanshi alemoneka kwati alefwaya ukutombokelapo pali uyuwine bemba.","ndemona bonse babili nabekata ifyakushelelelako,cilepala kwati balatombekelapo bambe ukushelela pamenshi.","awe kwena abalumendo tabakwata umwenso,pantu uyu bemba ngawaponenamo ninshi emfwa yobe iwe."
3782,umulumendo ali pakalubao kakushelelelako kunuma yakwe kuli na icikope cakwanamayo uwaba nga inkalamo kunuma.,uyu mulumendo cipalile kwati alekwata inshita iisuma saana pantualemoneka uwansansa.,"ee boi,utu utumambao tulofwika bwino ukukunkulusha,twabipafye ngakakuponya.","nomba icikope cine ici kucibumba,kwalibapo umuntu uwaba nga inkalamo kunuma?",ndemona uwalelenga ici cikope aleelenganyafye pantu kwena teti kube icilengwa nalesa icamusango uyu.
3783,"ibumba lyabantu,abalumendo nabakashana,nalilongana pancende imo.",elo boi aba bantu bonse bali na namagalashi ayafita balelolesha kukasuba.,"cilepala pali ifilecitika kukasuba,pantu teti abantu bonse amenso yalolefye kumulu ngefi.","ndemona niilya inshita akasuba kakumana na umweshi,abantu abengi balalongana mukutamba uko ifi filecitika","awe kwena ifintu fyapanga lesa fyaliwama nganshi ukutamba,insansa shili pamenso yaaba bantu shilelondolola fyonse."
3784,"Abakashana babili balepita mumusebo balelola ukwapusana,elyo pambali yamusebo pali shikulu bantu umo na nakulu bantu balebomba.",uyu musebo muli aba bantu ulemoneka kwati mwaliba ama tuka ayengi nganshi. ,ee boi walungika ndemona shikulu bantu uyu na nakulu bantu balepekanya amakwebo yabo ayakushitisha.,elo abakashana nabo abalepita muli uyu musebo balemoneka kwati amano yalifye mukwenda.,"ee boi tabaleesha na ukuloleshako mumbali bamone iflecitika,limbi pali uko balebutukila."
3785,abalumendo batatu bali mwituka emo bashitisha ifyakulya na ifyakunwa ifyapusana pusana.,cilemona kwati aba balumendo babili abafwele ifyakashika mumusana babomba mwituka line ili.,"ee boi walungika,elo uyu shitata afwele ilaya lyabuta alemoneka kwati eshile mukushita fimo mwituka ili.",shikulu bantu wine uyu uubomba mwituka ili alemonekafye uwasekelela pakubula cintu alebula.,ee boi teti akane ukusekelela kaili ninshi amakwebo yakwe yaleenda na indalama shileingila.
3786,umukashana umo naiminina nalosha naku cibumba naikata nakasalu kuminwe.,"elyo nimbonapo na isopo pantu ali,cilemoneka kwati pali ifyo alefwaya ukwamba ukuwamya.","ee boi,umukashana alemoneka uwabusaka umwine,ndemona alefwaya nenga'anda yakwe imoneke bwino.",ee boi cilomfwika bwino ukukwata umukashana uwabusaka nganshi pantu ninshi mu ng'anda mukalamonekafye umwabusaka lyonse.,"elyo talebilima na ukucita ifintu alefwaya ukucita,alifye uwatekanya nganshi."
3787,shikulu bantu umo alekwela icikulwa icitali ukubomfya intambo.,shikulu bantu uyu alemoneka kwati nibalya abawamya ama windo mumayanda yabantu.,ee boi walungika pantu alemoneka naka beketi kunuma umuli amenshi na isopo.,"aba bantu bamoneka umwenso tabakwata pantu icikulwa ici citali saana,intambo ngayaliputwike eingaba nimfwa yabo.","aba bantu cimoneka kwati balabelela,cifwile kale batampa ukubomba incito shamusango uyu."
3788,umukashana umo ali mucibansa natomboka naikata naku kamuti alefwaya aculuke pamulu.,"uyu mukashana alemoneka alyanguka saana,pantu fintu aiposele mumulu banono bengakwanisha.",ee boi balabasambilashafye na ifyakucita ngacakweba ati ulefwaya ukutomboka saana.,umumwine mucibansa mulemoneka muli abantu abaletamba elyo nabalekopa.,ee boi abantu balomfwa bwino saana ukutamba uko abanabo baleiposa mumulu umusango uyu.
3789,"imbwa shibili,imo iyabuuta imo iyafitulikila shili pacani nashibutuka ulubilo.","boi imbwa ishi shilemoneka ishikali saana,kwati pali ico cilepepeka.",ee boi efyo cilemoneka pantu kukanwa shilemonekafye ati shilefwaya ukusuma ucintu.,"imbwa ishi shikali,ndemona icintu shilepepeka naco nacibutuka saana.","ee boi walungika pantu nanguline walikosa,ukumona imbwa shilekukonka umusango uyu ufwile wabutuka."
3790,"ibumba lyabantu lili mumusebo lileenda,elo abantu abampendwa pali ili bumba nabafwala utusote tumotwine utwabuta.","kwena uyu musebo mwalifula abantu,ndemona na icimbayambaya teti cimone napakupita.",uyu musebo ulemoneka Kwati eubomfya abantu abengi ngabainuka muma cito umwapusanapusana.,ee boi pantu ngauli nomwana kuli ii ncende ngawa mulekakofye pakuboko ninshi wamulufya.,"cine cine boi walungika,kanshi muli uyu musebo ndemonamofye abantu abali abakalamba."
3791,abalumendo nabakashana nabalongana baletota baleimba na inyimbo.,elyo pancende ine bali aba balumendo nabakashana palemoneka apamaluba saana.,"ee boi walungika,elo cilemoneka kwati aba bantu balongana kumokwine.",ee boi ndemona misepela shakucalici ishilongene ukuti shisansamukeko.,elo kukulongana kwaifi tekusansamuka fye kweka kubako lelo na ukusambilila pafintu ifyalekana lekana.
3792,"utulumendo tune tuli naifisabo ifingi mutupepala,elyo kamo nakekala kaletamba ifilecita utu tulumendo.",utu tulumendo tulemoneka kwati twafuma mukuswa yembe tulefwaya ukuya mukushitisha.,"abalumendo balyafya kuti wasanga ati twibilefye yembe ine ii,tuleya tushitishe na uko tuleya.","cacine ico boi,nomba finshi tulelolesha kunuma tulesekelela?",limbi pali abakalamba abalefwaya ukutushitapo nomba baletuzembeleka ukuti tubwesheko umutengo.
3793,akamwana akalumendo kaletapilisha amaluba pang'anda nakateka na umutima.,akalumendo aka kalemoneka kamano saana ndemona kuntashi kakaba akabusaka pang'anda. ,"ee boi,icikwanka bacimwena kumampalanya,umwaice uyu ulukula uwabusaka saana.",elo ing'anda pekala akalumendo kene aka baikulile kumpanga pantu nimbona ifimuti ifingi saana.,"ee boi walungika ndemona eco batemenwa namaluba,limbi kuti caba ati aka kalumendo kalemona ati kaleangalafye takaletapilisha."
3794,"abantu cine konse konse bali pamumana mubwato,umo pali aba bantu nafuma mubwato aletombokela mumeshi. ",uyu muntu atombweke takwata na umwenso pangu pamenshi palemkneka pali umukuku saana.,"nashuka nafwala ifyakufwala fyakusambilamo,ngatemulandu wafyakufwala kwena uyu muntu nga anwena",elo ndemona ifibusa fyakwe mubwato tafushibe na ukuti uyu muntu natomboka.,"ee boi kamofye uuli kuntashi eulemulolesha,alemoneka nacimupapusha icilecitika,nafilwa na ukulamdapo ifilifyonse."
3795,"abalumendo babili nabeminina mumbali yamusebo baleshimika,elyo kumbali kumbi ukwamusebo kuli umukashana naiminina.",aba balumendo beminine kwati babombela panchende iine pantu nabateka na imitima pakulanda.,"elo balepala kwati niba malonda abalumendo aba,ifyakufwala bafwele efilebalondolola.",elo incende baliko ilemoneka kwati nikulya batambisha ama filimu pafitunshi tunshi ifikalamba.,"ee boi elo kumbali kulemoneka kwati niku matuka,abantu abengi balipalyapene baleshita na ifuntu ifyalekana lekana."
3796,akamwana akalumendo kali mucikulwa musambilila abana besukulu nakekata na icibotolo nakasekelela.,icicine icikulwa kalimo cilemoneka calitobaika ndemona balileka ukusambililamo.,"ee boi walungika,ndemona ecilengele naka akalumendo ukuti kaleyangalilamo.","ee elyo akakene kalumendo nakamwentula nganshi,cipalile nabakeba ifisuma saana.","efyo cilepala boi pantu kwena teti usekelele apafye,ukusekelela tusekelela ngapali ico wamona nangu ico waumfwa iciweme."
3797,abantu abampendwa bali mwituka baleshita ifintu ifyapusana pusana.,"aka akamwaice pantanshi kalemoneka  kwati nakapwisha kale ukushita ifyo kacikonka,nomba kalelolela ukulipila.",ililine ituka balimo lilemoneka ilikulu saana elo mulemoneka kwati fyonse wingafwaya kufisanga.,"ee boi walungika,ama tuka ayakulu ayainonshita yalakwata fyonse ifyo abantu bakabila ukushita.","elo boi ukusenda abaice muli aya matuka ufwilefye naupekanya naku ndalama,pantu ifyakukumbwa fingi saana,walishibafye nabaice ifyo baba."
3798,imbwa iyabutulukila naipunamina kumulu naisuma nakukanwa akamupila akanono akabuta.,"nomba imbwa finshi ilecita naka kamupila mukanwa,tekuti kaipata pamukoshi?",ndemona umwine wambwa ewaceyeba ukutola aka kamupila.,"ee boi walungika ndemona ileesha ukumupela,nomba tayakwata ukwakwikatila kumbi kamofye kukanwa.",ee boi elo imbwa shainonshita ukucenjela icakweba ati shileumfwa na ifyo abantu balesheba.
3799,abalumendo babili bali pakati balelwa ulubuli elo mumbali muli abantu abaletamba uko balelwa.,aba bantu balemoneka kwati nibalya basambilila ifyakulwa ulubuli muma sukulu ayapusana pusana.,ee boi elo cilemoneka kwati bafumine kumasukulu yapusana elo baisa mukucimfyanya.,uyu mulumendo ufwele icabuta alemoneka nabateya alefwaya na ukuwa panshi.,ee boi walungika cilemoneka kwati uifwele icafita ewalawina ulubuli ulu.
3800,abakashana bane na umulumendo umo bali pamo balebomba incito.,aba bantu balemoneka kwati balepanga ifyakulya fyakushitisha.,ee boi nencende balipo palemoneka kwati bashitishapofye ubwalwa na ifyakulya.,"awe kanshi bacakolwa epakumfwa bwino,uku ulenwa ubwalwa uku ulelya.","ee boi,cilemoneka umwine wamakwebo aya alapanga indalama ishingi saana muli ififine fyakulya ashitisha."
3801,akamwana akakashana kaleangala keka mumenshi kumbali yamumana.,umumana wine uyu uukulu saana nangula aka kamwana takakwete umwenso.,kena ifyo ifyacimana ukukula takalefimona na ukufimona kena keshibefye ati kaleangala.,"abaice nabo,pantu umukuku ngawalishile kukasendela kumo elo eingaba emfwa yakako.","ndemona kafwile kali nabamo abakulu abalekamona,limbi bakebele ukulaangalilafye mumbali yamumana."
3802,shikulu bantu umo ali panse alewamya icimbayambaya cakwe ico cacifimbwa na snow.,awe ameshi makasa yacipona ayengi icakuti icimbayambaya conse cabafye snow yeka yeka.,"awe kwena,nomba icicine cimbaya nangu baciwamye calapitila kwisa,pantu ndemona imisebo nashena nashiluba.",ndemona nashena kuli ebo ubuteko bwaingisha ukuwamyamo ameshi makasa ngayapona umusango uyu.,"awe kanshi nincito iikalamba saana ukwikala kufyalo fya mpepo,mwati kuti wakumamo incito yamusango uyu."
3803,"bakateya wamupila wakupunkana  bali pakati kacibansa,elyo cinkupiti wabantu ali mumpanga aletamba uko baleteya.",aba bakateya bamupila balemoneka kwati tapalatampa ukuteya bakolongenefye pakati.,ee boi ndemona cilya umupila taulatendeka ukuteeka balebapisha mumafunde yakukonka ilyo balayamba ukuteteya.,abantu nabo abaletamba bali abengi elo nabafwala na ifyapalana bonse.,"ee boi cipalile aba bantu balitemwa saana ukutamba umupila uyu,ndemona cilamuntu afwele icakufwala cifwalako abantu alelumba."
3804,umulumendo naikata na umukashana wakwe pakuboko baleculuka umusebo. ,aba bantu babili balemoneka kwati bantu batemwana saana efyo baleloleshanya filelondolola fyonse.,"elo cilemoneka kwati aba babili elo bafuma mukupana elo baya ati bangaleko,pantu ifyakufwala bafwele fyakwa nabwinga na shibwinga.","awe kwena icitemwiko caliwama nganshi,pantu aba bantu babili balemoneka abansansa saana","awe kwena cine ico walanda,insansa bakwete aba babili shikulu saana ukulanga ifyo icitemwiko cawama."
3805,shibwinga nanabwinga nabafuma kuntanshi mucalici balelolela ipalo ukufuma kuli shimapepo.,elo balupwa nefibusa ukulundapofye nabantu bamuli ili calici nabesa mukusangwako uko aba babili baleupana.,"ndemona shibwinga na nabwinga bali na insansa saana pabushiku ubu,lelo mufwile muli nakamwenso pantu ubushiku ubu bwisafye umukumo.","ee boi ubushiku ubu bulaba ubwa nsansa saana,tekubaleupana bekafye iyo lelo nakuli balupwa.","ee boi cishinka ico walanda,kulaba insansa ishingi saana ukucilishapo abafyashi babana abaleupana."
3806,abalume nabakashi nabekala pamo baleshimika ilyashi nabasekelela.,"elyo cilepala kwati tekushimikafye kweka,Balemoneka kwati balelanshanya ifyo balashita ifyakubomfya mu ng'anda. ","ee boi walungika,ndemona ecilengele nashitata abe na icitabo na bopeni.",aba babili balemoneka balitemwana saana uwingabamonafye nangu tabeshiba kuti alanda ati balyupana.,"ee boi walungika,ababa mucitemwiko tabalubika ukwishiba,kumwenafye kufyo balesendana waishiba nokwishiba"
3807,umulumendo ali petebulu alelya icakulya napunamina namumulu.,"umwaice uyu kuti akupapusha,ifyakulya alefwaya ukubika mukanwa fyafulisha ukucila akanwa kakwe.","abaice balitemwa ukwangasha ifyakulya,limbi talye nafyonse alefwayafye ukulaangala pakulya. ","awe kwena abaice aba,alasumina ngacamupata ukuti pakulya tepakwangalala","cine cine boi,nefyakulya fine filemoneka ukuwama,nawemukulu kuti waponenamo mukwesha ukwangasha ifyakulya."
3808,"namayo umo ali nakamwana akekele panshi kaleonta umulilo,namayo uyu pali ifyo aleipika pamulilo.",chipalile kwati aba bantu balikuka mumayanda yabo panshita iinone ati bekalako panse.,"ee boi abantu balitemwa ukukwata inshita shaifi,ilingiline mulusuba.",nomba boi aba balemoneka ati nimumpepo bali pantu ifyakufwala bafwele finti fyakaba nganshi.,"ee boi nifyofine,cibafye nenshita mwalanshanya ukuya kuncende isalilwe namwebene."
3809,akamwana kali petebulo kalelya ifyakulya nakasekelela nakaikantaika nefyakulya fine ifi.,"ebwafya bwabaice balitemwa ukwangala,kena mufyakulya kalemonamo ifyakwangala nafyena.","ee boi elo nakaikasabanya,kwati kalaisambika napo,ndemona banyina balaba muncito pakukasambika.","ndemona banyina limbi balaumfwa bwino,kabili umufyashi alomfwa bwino umwana ngalekwata insansa.","ee boi walungika,nomba pakutila kapwe ukulya ifyakulya ifi pambale ninshi umubili wakako walamonekafye nga ifyakulya nawena."
3810,"abalumendo basano bali pamo baleshimika,elo umo naikala balemubeya umushishi kumanankwe.",nomba uyu wine mulumendo balebeya imishishi alelanga pamenso kwati tasekelemo pakumubeya.,elyo nao uulemubeya alemuseka nokumuseka kwati limbi alefwaya ukumukalifya.,"abalumendo tabomfwa,nganabakumafye emo bangalila palaba inseko shacipesha amano.",elo cilemoneka kwati naba beminine bablumendo balelolela ukubabeya nabena.
3811,umulumendo umo naikala alelisha ka banjo akanono alesekelela.,uyu mulumendo alemoneka kwati pali ebo alelisisha aka kantu.,ee boi cipalile kwati alelangisha abantu efyo alisha aka kantu busaka busaka.,"ee boi walungika,ndemona abantu abatemwa ifyo alelisha bafwile bamuoelako na indalama.","ee boi walungika,nangula indalama ishi teshakupatikisha  aba bantu balasekelamo mumatalanta yabo."
3812,abalumendo batatu na umukashana umo nabeminina panse nabemya naifipepa mumulu ifilelanda fimo.,cilemoneka aba bantu bali mufikansa nababengishe icito bakwata.,ee boi cilemoneka ababengishe incito balebafyenga mumicitile yafinti pantu baice. ,nomba ififine balecita teti bailetelele na incito shapwilamo?,"nangula caliba icasuminisha kubuteko ukwingila mufikansa,lelo incito yobe kuti yapwilamo pantu ninshi mwapatana nabakwingishe incito."
3813,"ibumba lyabantu nalilongana,pali ili bumba pali umulumendo uufulile na ilshati naimya na flag mumulu.",cipalile kwati aba bantu pali fimo ifilecitika ifilebasekesha.,"ee boi walungika,elo umulumendo uyu alemoneka uwasamwa pali bonse.",nomba ukusamwa uku asaminwe teti ailetelela eka bamukaka nabanankwe bashala?,"ifyo walanda eficitika boi,bakapokola teti bekate bonse iyo,besa mukisendapofye balya abacilamonekela kuntanshi. "
3814,akamwana nakekala keka pamucanga kaleangala elyo umulu uli uwabuta nganshi..,incende ine kekeleko ilemoneka kwaliba imicanga saana kwati nimuciswebebe.,"ee boi walungika,nomba ndemona icilengele icende ii ukukwata imicicanga cimana icikulu icili kunuma yakamwana aka.","ee namona boi,umumana wine uyu ukulu icakuti ngawalolesha uko wapwila ulemoneka kwati walikumana nomuulu.","ee boi walungika,elo icimwana cine ici cileumfwa bwino ukwangala mumucanga taciposeleko namano kumumana."
3815,namayo umo ali mucipatala balemupima ifyo umubili uli kuli bashi ng'anga,"namayo wine uyu ifyo aleloleshapo,alemoneka ali na umwenso wafyo ba shi ng'anga balemupima.",awe kwena kuti wakwata na umwenso ifima machine ifilepima nafifula.,"ee boi elo fili ifyakobana,fyakwishiba fye ba shi ng'anga bene ifyo fibomba.","elyo boi mucipatala mulatinyafye,tabalakundapa watampa ukumfwa ukulwala weka palobe."
3816,icimbayambaya nacilonga na ifintu pamulu ifingi nganshi cileenda pamusebo kunuma yacimbayambaya kuli na umuntu uubinine.,"kwena ici cimbambaya nacilonga ukucila mucipimo,ngacakumanya bakapokola bafwilefye bacikanya ukwenda pamusebo.",ee boi elo cilemoneka kwati amasaka basendele pamulu ifilimo fyatampa ukuponena panshi. ,"ee boi elo umusebo uyu ulemoneka ati wapitila kumpanga saana,takulemonekako na imyotoka shimbi ishilepita.","ndemona ici cimbayambaya caile mukusenda ifilimwa kumabala,nomba fyalifulisha elo akambayambaya bakwete kanono saana."
3817,"umukashana ali pacimpelwa nasekelela ngashi,kunuma yakwe kuli ibumba lyabantu ilileyangala ubwangalo ubupuseneko.",uku kuncende kulemoneka kwati cibansa icikulu umulecitikila amangalo ayapusana pusana.,"ee boi walungika,pantu kunuma kwine uku nimbonako nabalecofa amacinga",ii incende ekwakuya abali na ubu nang'ani kung'anda nangu abaletusha kuncito balefwaya ukwangalako.,"ee boi walungika,incende shapala ifi shilomfwika bwino ukuyako,maka maka pakupwa kwamulungu."
3818,akabwa akabuta kalebutuka pacani cakatapa katapa nakekata nakamuti kukanwa.,aka akabwa kalemoneka kwati umwine aciposa akamuti elo akeba ukuya tola.,"ee cishinka ico boi,elo akabwa kene aka kalemoneka akasalapukisha ndemona teti kafilwe ukutola akamuti.",imbwa shainonshita balashifunda ukumfwa ifyo abantu balesheba ukucita.,"ee boi walungika,kanshi ukuteka imbwa kwaliwama.saana,pantu aka akabwa kalemoneka akabusaka."
3819,"Akamwana akalumendo kaleyangala nakafwala namabotolo mumenso,mumatwi muli na ifyakumfwilako inyimbo.","elyo aka kamwana kalemoneka kwati kalefwaya ukwamba ukushana,cipalile ulwimbo kaleumfwa naluwama nganshi.","ee boi abaice balitemwa ukushana kunyimbo,maka maka ishilila na iciunda icikalamba.","nomba abalefwaya ukushana bene,baleshaninafye kumaboko teti besheko na ukushumba umusana.","awe boi kamwaice aka,ndemona kena ififine ninshi nakapela ukushana,amaboko ififine yalesunkana."
3820,bashitata babili baleenda uku nabafwala na imingila ishafita  ukubaleshimika na ilyashi. ,elyo kunuma yabo kuli abantu abampendwa abalecita ifintu ifyapusanapusana.,elyo aba bashitata  balemoneka kwati nibalya abaume ebekalafye beka ukwabula ukupa.,ee boi elyo incende baliko ilemoneka kwati nipanse pa calici.,"ee boi walungika ndemona eko naba bashitata balefumina,balemoneka kwati bekala kuncende ipalamine ukukwine."
3821,imbwa shitatu ishabuta na impanga imo iyafita nafiminina mulubansa.,"akabwa akali kukuso efyo kaleloleshapo impanga,cikangafye kaitombokele kaisume","ee boi,elyo apa pang'anda umwine alitemwa ukuteka ifitekwa.",ee boi pantu palemoneka kwati pali utunama utwapusana pusana pang'anda. ,"cishinka boi,fitekwa fyaliwama saana ukuteka pa nganda pantu efyo tusenda kufitekwa fingi saana."
3822,umulumendo umo naikala pamupando wacela alebelenga akatabo.,cipalile uyu mulumendo alefwayafye ukwikala eka ukwabula icongo.,"ee boi,ndemona eco alebelengela nakatabo pantu talefwaya abakumupumfyanya.","ee boi walungika,elyo ututabo tusuma saana ukubelenga pantu tulatalalikako amano.","cishinka ico boi,elyo tekutalalika amano kweka lelo tulasambililamofye na ifingi fimbi mututabo."
3823,"imbwa shibili ishabutuluka shili mumenshi shileyangala,imo imbwa ilemyanga iinankwe kukanwa.",nomba cinshi cingalenga imbwa ukulamyanga imbwa inankwe kukanwa?,limbi  imbwa iyo balemyanga kukanwa naikwata ico imbwa inankwe ilefumya.,kuti shaba ati ifishili pamumana kasabi shileakana imbwa ishi?,"kuti caba nifyo fine boi,ndemona imbwa imo naikata akasabi elo imbi ilefwaya ukusunako kukasabi kekete iinankwe"
3824,ibumba lyabakashana abali mutanda bali mumpanga baleshana.,nomba incende ubwingi ukwakushanina abakashana aba basalapofye ukuya mumpanga.,"ndemona uku kuncende kuli  ifyo balefwayako aba bakashana,ndemona balekopwa.",bushe kuti caba ati mafilimu balepanga nangula nifimbifye balecita.,"kwena filemoneka ni filimu,nomba baleesha ukushana ilyo tabalati batampe ukukopwa."
3825,umulumendo aleangasha akalubao kakushelelako nakatombosha namumulu. ,uyu mulumendo cilemoneka nikanye kanye mukupilibusha aka kantu.,"ee boi efyo alemoneka,afwile atampile kale ukwangala nakena inonshita kalibelela.","taletinako na ukuicena,pantu alemoneka kwati acifuma pamulu paka panshi natomboka nakena.","ala bwafya saana boi,abalumendo umwenso tamwaba bafwaya ukucita ifyo bambi teti bashingacita pakuti ailange."
3826,umulumendo na umukashana nabekala munsaka balenwa na ifyakunwa.,cilemoneka incende baliko bashitishamo amenshi ayakaba nafimbi ifyakunwa.,"ee boi elo bushiku ubu,ndemona beshile ati bashungulukeko mukalale.",umwine wa ii nsaka cipalile kwati alapangamo indalama ishingi saana mumakwebo yakwe.,"ee kaili incende ilemoneka kwati palapita saana abantu,elyo bengi besapo mukwisha."
3827,"bakateya bamupila wakuminwe bali mu cibansa ,elo ibumba lyabantu lili mufipuna liletamba uko aba bantu baleteya umupila.",ubu bwangalo bulaleta saana abantu mukutamba ninshi bwaliwama saana?,"ubu bwangalo busuma saana boi,elo umulumendo uwikete umupila alemoneka alefwaya ukubela umunankwe.","ew boi,nakaka pamenso mukufwayafye ati aleya ingishe bola.",ndemona bakateya ba uyu mupila balomfwa bwino saana nga baleteya nabantu ngabalebalumba.
3828,umulumendo umo nalala palubao kunuma yakwe kuli  na ifyani fyakatapa katapa.,uyu mulumendo alemoneka pali ebo acilalolela elo aponena mutulo.,"ee walungika boi,nomba ukulala kwapala ifi takufwaika saana,ngalimbi kwaisa bakabolala bakwibila.","cishinka ico boi walanda,nomba utulo nato tatwishibikwa inshita twalaisa.","ee boi walungika,kanshi calilinga ngawaumfwafye ukunaka panono waya apalinganineko ukulala."
3829,namayo umo ali mu ng'anda naikata na inkomaki muli na ubwalwa.,"uyu namayo cilemoneka kwati  aleumfwa bwino saana,pantu ubwalwa abengi bulabapela insansa.","ee boi walungika elo insansa shilelanga napamenso,ubwalwa bulemoneka bulebomba.",ee boi nangula ubwalwa bwaba ubwabipa nganshi ngawabunwa ukucila mucipimo.,"ee boi cishinka ico,kanshi ubwalwa bufwaika ukunwakofye panono nga ulesansamuka ukucila nganaufulwa."
3830,akamwaice akakashana kaleshungulusha icilitaila mumusana.,aka akamwaice kalenga nafuluka kubwaice elyo ubwangalo ubu bwaleumfwika bwino saana.,"ee boi ubu bwangalo twalebwangala saana kubwaice,ndemona ali na insansa saana.",ee boi nomba ubu bwangalo bufwaika abanaka imisana elo icitala cikokola mumusana.,ee boi walungika pantu abakosa imisana kuti banaka bwangu icingalenga icitala cila kokola mumusana.
3831,shitata umo uuli nikateya wa cricket ali pakati ka cibansa naposa nakamupila akanono ako babomfya muli ubu bwangalo.,"uyu shitata alemoneka nashangalala saana pakuposa aka kamupila,bushe kutali saana alekaposa?","ee boi,afwile aposa aka kamupila,ukukaposela pa muntu uwakwibumba limbi pakutila akoma na icimuti.","boi ubu bwangalo bwaufwika ukutinya,ngacakuti aka akamupila kaisa namaka bushetekuti kakucena?","awe boi teti kakucene,elo abantu ababa muli ubu bwangalo baleminina abatalukana,kanshi paktuti akamupila kafike epo ali ninshi amaka yapwamo."
3832,"umulumendo alekweleka ulupili ulwasonta,naikobanya naintabo shakumucingilila ngacakuti aliponene.",elyo ulupili lwine ulu alekweleka umulumendo lwaba mumbali yamumana.,"ee boi kanshi ngaliponene kuyaponenafye mumenshi,abalumendo tabakwata namwenso.",kuluba nefintu alelwisha ukusanga mukukwelekafye ulupili.,abantu inonshita boi bafwayafye ukucita icintu icishaseka pakutila ishina lyaba lilumbuke.
3833,abalumendo batatu bali mucibansa balebutuka ulubilo lwakucimfyanya.,uyu mulumendo ali pantanshi alemoneka kwati euwinine ulubilo ulu.,"ee boi walungika kumwenafye pamenso,alifye uwasekelela nganshi.",ninshi mulubilo lwine ulu abantu inonshita balasangamo indalama saana?,"ee boi,inonshita abantu balasangamo saana indalama mukubutuka,kaili nabantu batamba ubwangalo ubu balifulisha."
3834,namayo umo alelemba pacipampa icabuta nasekelela nokusekelela.,"bushe umukashana uyu finshi asekelele,pantu alemoneka naumfwa bwino saana ilyo alelemba pacipampa","ndemona ifilembeke pacipampa efilemumfwisha bwino,pantu tapali abantu ebo ali nabena abakumusekesha.","namayo wine uyu alemoneka uwatekanya,cilemoneka ifyo alelemba pacipampa fikafwa abantu abengi saana.","nifyofine walanda boi,ilingiline abantu batekanya nga ifi bacita ifintu ifileleta ubuyantanshi kubantu abengi."
3835,bashitata bane baleteya ubwangalo bwakuma akamupila akanono akabuta ukubomfya inkonto.,"ababene bantu balemonekafye abacikulile,ninshi ubu bwangalo bwabakotefye?","awe boi,ubwangalo tabwakwata imyaka,ndemona abasangwa kubwangalo ubu nibalya abakwatako indalama ishingi.","awe kanshi nifyofine,kumwenafye kutufumo ati aba bantu bandalama nganshi.","ukufumishako umulumendo ufwele kaputula nakasote kabuta,alemoneka kwati wakwafwako aba bantu baleteya ukwimya ifyola."
3836,shikulu bantu umo ali mwi ofeshi emo abombela alebelenga na icipepala ekete kuminwe.,"ili ofeshi lilemoneka ilyabusaka saana,shikulu bantu uyu alemoneka aliliposako amano saana.","ee boi kumonafye na umwine ifyo alemoneka,temuntu wakweba ati kuti aleka umo alesangwa mulemoneka umwa fiko.","elo uyu shikulu bantu alemoneka uwandalama saana,limbi na icicine cikulwa cakwe. ","ee boi walungika,uyu shikulubantu alemoneka wandalama saana,epo iofeshi lyakwe lilemoneka ubusaka ifi kuti watontokanya na ifyo inganda yakwe ingamoneka."
3837,umulumendo ali pamulu aleyangala na incinga elyo abantu nabekala mumbali balemutamba.,cilemoneka uyu muntu nikanyekanye saana mucofa incinga.,ee boi ndemona ecilengele nokutila abantu aba bamuposeko amano pantu baleumfwa bwino ifyo alepilibauka.,ndemona uyu muntu afwile alesengamo indalama panuma yakupilibauka na incinga umusango uyu.,"ee boi inonshita mucalo tamwaba ifyafye,fyonse wacita abantu bafwile bakulipililapo indalama."
3838,akamwaice akamukashana kali keka mumenshi kaleowa.,"aka kamukashana kalemoneka nika kalapashi mukowa,pantu apa kalesamba patali saana na panshi.","utwaice twainonshita twalicenjela ngashi,tucita ifintu ifyakweba ati teti wenekele na ukwenekela.","awe kwena kangumfwisha bwino akakashana ine,pantu apa kaleowa bambi abakulu kuti bafilwa.",ee boi ndemona ukowa takwaba ati uyu mukulu uyu mwaice icilenga ukwishiba ukowa busaka busaka kulaowa lyonse.
3839,"banyina nabekala nabana babo babili pacani,kamo akamwana kalelya na itaba.",nomba akakene kamwaice akalelya itaba ifyo kalemoneka pamenso kwati takalefwaya ukulya itaba.,ee boi elyo akanankwe nako kalemulolesha kwati nabakatana itaba.,ndemona limbi aka kamwana takalakula ukufikapo icakuti kuti kasheta na itaba.,"banyina bamwana bafwile balimwishiba saana ukucila ifyo twamwishiba,eico teti tulande saana pali ico boi."
3840,utubana utuli mutanda tuli mu menshi tuleyangala natusabausha namenshi.,utu utwana tulemoneka kwati tuli na insansa ishingi saana ukwangala pamenshi apa.,ee boi abana abaice balomfwa bwino saana ukwangala namenshi umupwilapo.,"tatuletinako na ukunwina pakamana,tufwile kale twatampa ukowa.","ee boi,nangu twali twakunwena akamana tulimo tekatali,ndemona kuti kwaba abakulu abakutumona ilyo tatulanwina."
3841,"banamayo bamo bali nakamwana mu ng'anda,akamwaice nakalolesha kumbi elo banamayo balekalolesha.","aka kalubao beketeko kalemoneka kwati pakulemba,bushe kuti caba ati aba banamayo nibakafundisha bamwana uyu?","ee boi kuti caba nifyo,nangula akamwana kalemoneka aka mwenso mwenso.","ee boi ndemona takalababelesha aba bakafundisha,nomba ninshi balekafundila keka aka kamwana.",ndemona abafyashi balikalipilila bakafundisha bakako keka abakukafundila pang'anda. 
3842,abalumendo abaice babili bali palubansa baleyangasha ifimbayambaya fyabo.,akalumendo kali kunuma kalemoneka kwati bacikasendako mucimotoka camunankwe nomba katombokamo.,takakwata na umwenso takeshibe  ati kuti kaicena ngacakuti takafikile bwino bwino panshi.,abaice boi nififine imyangalile ngatabakwete uwakubalolekeshapo bwino bwino.,awe kanshi abaice bafwaikafye lyonse baleyangala ninshi pali umukulu uwakubamona pantu kuti mwasangafye nabayoca.
3843,bashitata babili nabafwala na ifyabuta kwati bangeli balipamusebo nabemyanya balefolesha abantu utupepala.,aba bashitata babili balemoneka kwati pali ifyo balefwaya ukweba abantu ukupitila mutupepa twine utu balembele.,"walungika,ndemona ecilengele nokuti balecita kwati bwangalo baleengala pakuti kubantu cimoneke icawama bekana utupepala.","ee boi walungika,kumwenafye nakumukashana ulepoka akapepala ifyo alesekelela.",umuntu wimishe umunankwe naena alemoneka uwakosa saana pantu ukwimya umunobe umusango uyu tecintu cayangula nangu panono.
3844,"abantu abali basano bali mumenshi baleowa,bambi nabekata nembao shakubafwako ukowa.","cine cine abantu tabakwatila amenshi umwenso,pantu palya bali kwena nipakati akamumana.","ndemona akamwenso emokali kanono,emulandu basendele na utuma mbao twakowelako.",awe kwena pantu palya bali  ngawanwena kutincashupako ukwisa kupususha.,caliwama mufimana ifikulu umusango uyu tamusangwa insoka ishingi pantu ngabengi saana abantu shasuma.
3845,"ibumba lyabantu,abaume nabanakashana bali mumumana baleowa.","shikulubantu uyu ali panshi alikosa,naingila inshiki nalaba nako.","ee boi,balibelela ukuowa aba bantu,ndemona alakokola ukupwilila.",nomba aba bambi abacaice bena bafilwa ukushipikisha nabapwilila kale babwekela pamulu.,"ee boi abakulu bakulu,shikulu bantu abalanga abaice ukutila ili pinda telyabufi nakalya."
3846,abakashana bane na umulumendo umo bali pamulu walupili nabekala pamabwe.,apapene palupila pali na ing'anda iyo bakulapo cilemoneka palekala abantu.,"ee boi walungika,elyo abekala apapene bafwile balikosa saana,mwati kuti wakumamo ukukweleka ulupili nokutentemuka cilabushiku.", kwena  balikosa pantu ukukweleka ulupili nokutelemuka tencintu yanguka nakalya.,"elyo aba bene bantu balemoneka abasansamuka ngashi,chipalile kwati bacisa mukumona uyu wine muntu wikala muli ii ng'anda iyi. "
3847,"abalumendo babili bali mucimbayambaya,cima cheni macheni balepita muli snow.",cipalile kwati aba balumendo baleumfwa bwino saana ukwendela muli ici cimbayambaya.,"ee boi walungika,pantu ukwenda muli snow kulalenga amolu ukukata nomba bena tabakate kaili tabalenyantamo.",kuti caba ati aba bantu babili pali uko baleya nangula baleyangalafye?,kwena cilemoneka kwati pali uko baleya mwati kuti baisa kuncende yaifi mukwangalafye.
3848,"umukashana umo ali pakati nafwala na ilaya elyo kuminwe afwele ifyakulwilamo,mumbali muli nabantu abalemutamba. ",nomba ifi afwele kuminwe ifyakulwilamo ninshi alimukutampa ukulwa naumo?,"ndemona uyu mukashana pali fimbi ifyo alefwaya ukucita,pantu ifyo afwele kumubili tafilepalako mufyakulwilamo.",ee boi walungika ndemona alefwaya ukwamba ukushana pantu ilaya lilepalako ilyakushaninamo.,elyo shikulu bantu uyu ali kukulyo efyo aleloleshapo uyu mukashana cipalile kwati nasekelamo mufyo alecita.
3849,ibumba lyabakemba naliminina kuntanshi mucalici elyo abantu nabekala namu mbao.,uyu shikulu bantu mufyakufwala fyafita eulelangilila aba bakemba ifyakukonka pakwimba ulwimbo?,ee boi efyo alemoneka pantu ewiminine kuntashi yaba kemba aba alebalolesha.,"elyo ibumba lyabakemba talilatampa na ukwimba,ndemona lilelolela shikulu bantu uyuwine ukuti abepele ati imbeni.","ee boi walungika,elyo ibumba line ili muli abantu abengi saana,ndemona ngabasamuna ulwimbo lwalaba ulwawama nganshi."
3850,"akamwana nakeminina pacikulwa icishapwa,kunuma yakako kuli banyina nabekala napa mbao.","elyo kuntanshi yaba nyina kulemoneka icimbayambaya,cilemoneka tacenda na ukwenda.","ee boi ndemona ici cimbayambaya tacenda, nangu caleenda ngacalefumina kwisa pantu balicinga ulubansa lonse.","ala bwafwa,ndemona umwine waishitile aliikwatila amapange ayasuma kuntanshi.",elyo akamwana kalemoneka akashishita kumokwine nabanina tabalefwaya na ukusekako kwati tabalefwaya ukuba kuncende bali.
3851,umulumendo na umukashana bali mwituka umo bashitisha ifintu ifyalekana lekana.,cilemoneka umukashana eushitisha muli ili ituka elyo umulumendo pali ifyo alefwaya ukushita.,ililine ituka lilemoneka likulu saana  kwati ifingifye ifintu ulefwaya kuti wafisanga umumwine.,ee boi amatuka aya kulu aya eco yawaminako pantu ifintu ulefwaya fyonse walafisanga tawatampe ukuya kumbi iyo.,"umukashana wine alemoneka amano yonse yelefye pancito talepukapukako namumbali,alemoneka kwati alependa indalama."
3852,shikulu bantu umo naikala pakamupando elyo imbwa yakwe ili pamulu ilemulolesha.,nomba akabwa kene aka efyo kalemukolesha shikulu bantu kwati nakalufyanya.,ee boi kalemulolesha kwati nakalufyanya cikanga kamutombokele kumusume.,naena shikulu bantu alekalolesha limbi pali ifyo alekeba ifyo kalekutika,"icicine shikulu bantu ekelemo tacishibikwe na bwino bwino,cilemkneka kwati cimbata mbaya futi kayanda akanono."
3853,imbwa imo iyabutuluka nayasumuna kukanwa ilebutuka.,"imbwa ii iletinya efyo ilemoneka pamenso,cilemoneka pali ico ilepepeka.","ee boi walungika kwati pali ico imwene,kwena ngamutu afwilefye natampilako nalimo ulubilo.",awe kwena pantu imbwa ii ngayakwikata kukulila kumo namafupa yobe.,awe kwena pantu imbwa ii tailemoneka nga iingakulekelela ngayakupepeka kufwayafye ati paka ikwikate.
3854,"nakulu bantu umo alikucibumba nasekelela natulumuna namenso,nafwala na icisote.","imiloleseshe yakwa namayo uyu kuti yakutinya,kwati alikupingila elyo alefwaya ukucita cimo pali iwe.","ee boi,ndemona pali umuntu alelolesha uwamubala,pantu imiloleseshe ii taiibelele.",elyo pamenso alemoneka alanwa saana ubwalwa namayo wine uyu.,"ee efyo alemoneka boi,ndemona alabukusa saana nabukashana bwakwe."
3855,ibumba lyabantu abalumendo nabakashana nalilongana lilesansamuka.,"aba bantu balemoneka nabasansamuka ngashi,kuti caba ati kuli ifilecitika kuncende ii?",cilemoneka kwati aba bantu pali umuntu baletamba kuntanshi pantu bonse amenso eko yalolele.,"cishinka ico walanda boi,elyo abantu abengi uku balemoneka nabakolwa ubwalwa.",ee boi kuncende shimoneka ifi ubwalwa bwingi busangwako kaili abantu balomfwa ukusansamukako nabanabo.
3856,abalumendo babili na umukashana umo bali mumbali yamusebo baleenda.,umukashana uyu alemoneka kwati eshibene na umulumendo ali pantanshi saana.,ee boi cilemoneka kwati uuli panuma cibusa camwaume ali pantanshi alemushindikako.,nomba umukashana nankwe balemusosha abalumendo lelo amano yakwe yalifye pali lamya.,"abakashana efyo baba boi,kumona kwati taleumfwa kanshi tata aleumfwafye fyonsefye ifyo balelanda."
3857,Abalumendo basano na umukashana umo bali panss yacikulwa icikulu nabeminina.,cinecine icikulwa cilemoneka kwati calyonaika tapali nefyabamo.,"ee boi walungika,kuti waluba nefyo aba bantu balefwaya kuncende ii.","aba bantu balemoneka nibakasukulu,limbi nababatuma kuli bakafundisha babo mukufwaya fimo.","ee cishinka boi nomba ifyofine fimo efyo teti twishibe,nomba ababene bakalisukulu balemoneka balifye abamwenso beka beka."
3858,"banyina bawishi na abana babili nabeminina,abafyashi na umwana umukalambapo baloleshe kumo kwine lelo akamwaice amenso yalolele kumbi.","elyo abaloleshe kuntu akamwana akaice kalefumina,bonse nabakaka pamenso kwati katwishi ico bamona.",ee boi ndemona bamwene icintu cimo icishibasekeshe nangu panono,elo cilemoneka aba bafyashi baciya mukukonkela abana babo kusukulu.,"ee boi walungika,ndemona limbi ecilengele bakake napamenso bamwene icintu icishiweme pa sukulu apa sambilila abana babo."
3859,"shitata umo naikala pambali yacikulwa,nafimbanika na imbwa yakwe bwino bwino.","kuncende ii ilemoneka naitalala nganshi,amenshi makasa yalifye mpanga yonse. ","ee boi nakutalala nganshi,uyu shitata alikosa saana na ukwikala apa ekele mumpepo ya musango uyu.","saana boi,nomba imbwa ifyo ilelepo,naifumya na ulilimi panse kwati nakalimo naifwa.","awe boi telulimi ifumishe imbwa ii,ninama baipele eyo ilelya,cilemonekafye kwati lulimi."
3860,abakashana abaice bane nabafwala nafimofine nabeminina pamo.,aba bakashana balemoneka kwati nabakwata ifyo bali mukwamba ukucita.,"cishinka ico walanda boi,cilemoneka kwati pali nabantu abalebatamba uko bali mukwamba ukucita ifyo balecita.",elyo utubaice utu natusekelela limbi nabatweba ifisuma saana kubaletutamba.,"ee boi kuti caba cishinka ico pantu ukusekelela takuibelele,elyo kulaba ukumfwa bwino saana abalemitamba ngabalelumba."
3861,Abakashana babili nabekala mululamba lwamumana baletusha.,cilemoneka abakashana aba pali ekobafumine nomba banaka eivo baikala baletusha. ,"ee boi walungika,aba bakashana baleumfwa bwino ukutamba bemba.","incende shakumumana shaliba ishatalila ubusaka saana,ndemona ishi nchende shilofwika bwino ukutushishako","ee boi walungika,imikalile yabakashana aba eilelondolola fyonse,nabekala nabafumyako namano."
3862,"bakateya wamupila wakuminwe bali mucibansa,elyo ibumba lyabantu nalilongana lilebantamba.","uyu mulumendo afwele ifyabuta naposq umupila mumulu,cipalile kwati ali aposele pa cipanda.",ee boi walungika ndemona alefwaya engishe umupila uyu pakuti ibumba lyakww linga wina.,"uufwele ifyakashika alemoneka nabamupika,nafilwa na ukukwanisha ukufika pamupila ukuti amake.","ee boi,elyo abantu abaletamba bengi,cipalile ubu bwangalo nabuwama nganshi ukutamba."
3863,"ibumba lyabantu,abalumendo na abakashana nabakwela muchikwepe.","ici cikwepe cilemoneka cili pamulu saana,ndemona balicipanga icakosa saana.",ee boi cifwilefye calikosa pantu pakuti cishelele ukufuma pamulu palya cili cilefwaika amaka saana.,abantu bakwelele mulicicine cikwepe balesekesha elyo bambi balesekelelbambi balepunda kumwenso.,"ee boi ngacakuti emuku obe uwakubalilapo ukukwela cilatinya saana icikwepe ici,lelo kubabelela cilomfwika bwino saana."
3864,"abalumendo babili bali mubwato,umo naikala elyo umo naiminina aleoba ubwato.",nomba boi ubu bwatu buli naba balumendo tabucepele saana ubwakwenda pacimana cakula umusango uyu?,"ee kwena bulemoneka ubunono ubwato ubu,ndemona kuti bwasendwa na umukuku mgacakuti bafika nabwena pakati kacimana.",elyo aba balemendo balemoneka kwati elyo batampa ukoba ubwato bwabo pantu bacilifye mumbali.,"ee boi elyo nimbona namabwato yabili uyakulu kukulyo kwabo,ndemona yaleisa mukwiminina mumbali ya uyu mumana."
3865,"shikulu bantu na nakulu bantu bali mumusebo baleenda,nakulu bantu nalolesha namumbali.",cilemoneka aba bantu bafuma kumatuka mukushita ifintu fyakubomfya mu ng'anda. ,"ee boi walungika,cipalile aba bantu bekalilafye mupepi pantu baleendafye panono panono.","uyu wine musebo balepitamo ulemoneka walitalalila saana,kwati takwikala nabantu.","ee boi nifyofine,ndemona kwati aka kashila ekalebaponesha munshila umupita abantu abengi na ifimbayambaya. "
3866,bashitata babili na umukashana umo bali pamulu nabeminina balelanda nabantu abaletamba.,pali aba bantu baletamba pali akalumendo akaice akalelolekesha umukashana ifyo afwele.,"ee boi ndemona nafikapapusha saana,elo mwibumba line ili muli nabalekopa aba bantu uko balelanda.","aba bantu balemoneka kwati nibalya abacita magic,ukucita ifintu ifilepapusha abantu saana.","ee boi kwena imifwalile yabo ilepalako kuli ifyofine,elyo cilapala kwati balelanda napamakwebo yali mwituka ili kunuma yabo."
3867,shitata umo ali pantu ashitisha amakwebo yakwe napesa nabashitata babili na namayo umo abalemujombololako.,cilemoneka uyu muntu ifyo ashitisha pali ii ncende fyakulya  maka maka.,ee boi ndemona eco alekwatila nabakumushitapo abengi pantu ifyakulya filenda saana.,"ee boi,uyu muntu alemoneka alabombesha alifumyapo na inshoni pakucita ifimupela indalama. ",ee boi cishinka pantu abantu munkulo yesu banono saana abakwanisha ukufumyapo insoni pakufwaya indalama.
3868,Nakulu bantu umo naikala panshi nalela nakamwanana akalelila,incende nakulu uyu ekeleko nakamwana ilemoneka kwati kulapita saana abantu.,ee boi nomba cinshi akamwaice aka kalelila nakatumpika napamenso?,ndemona baciya mukutandala nabanyina kulu nomba kaumfwa insala.,"ndemona nifyo boi,elo ndemona kwati banakulu bacinaka ukwenda elyo baikala panshi ukutila batusheko,walishibafye abakote ifyo baba."
3869,"shikulu bantu umo nafwala ifyafita nasunsa nakamwana,pantanshi yakwe pali na namayo uuleenda.",cilemoneka kwati uyu shitata ali nabakashi abali pantanshi yakwe.,ee  ndemona ena acishalilako pali ifyo acilalolesha kukuso kwakwe.,akamwana nako pamulu kaleumfwafye bwino nabakasunsa.,"ee boi abana balomfwa bwino saana ukubemya,maka maka kuli bawishi kaili telingi basangwa nabena."
3870,akamwana kali nabanyina mu ng'anda nakabekata nakwilaya kaleshupa.,bushe cinshi cingalenga akamwana aka ukushupa umusango uyu?,"ndemona banyina pali ifyo bakapokele ifyo kacilayangasha,kalefwaya bakabweseshe.","ndemoba nifyo walanda boi,nakashupa nakashibata namumenso kwati kalewamya.","nakalimo ninsala ilekashupa aka kamwana,limbi kalefwaya ukulya banyina cilemoneka kwati fyakulya balekapangila."
3871,shikulu bantu umo ali mumusebo aleenda naikata namapepala kuminwe.,uyu shikulubantu alemoneka afuma mukwiminika icimbayambaya kunuma yakwe  elo aleya kuncito.,ee boi walungika pantu nimbona ali na infungulo yacimbayambaya kuminwe.,"uyu shikulu bantu alemoneka alabombesha,alemoneka pa menso kwati muntu ushiseka seka.",ee boi fishinka ifyo walanda ilingi line abashi seka seka balaposa amano kuncito yabo saana.
3872,ibumba lyatukashana na utulumendo utuli cine lubali na umukasha umo umukalamba bali mucikulwa tuletamba ifyo babumba.,iine ncende ilemoneka kwati nikulya kuntu basungila ifintu ifilondolola amalyashi yakale pacalo.,"ee boi walungika,elyo utu tubantu tulemoneka natupapa saana pafyo tumwene.","ee boi,limbi tumwene ifintu ifishabako muli ino nkulo lelo kukale eko fyali.","nomba na umukulu apapile kumo nabaice ababene,cipalile nankwe wakufyalwa munshiku shaililine."
3873,Abalumendo babili baletantala pamabwe baleabuka umumana baleya kwishilya.,"aka kamana kalemkneka takakwata amenshi ayengi,icakuti namabwe yalemoneka pamulu.","aka kamana kalemoneka kwati kamana mainsa,kakwatafye amenshi imfula ngaileloka.",elyo mumbali ya aka kamana mulemoneka mwali mena ifimuti ifyabusaka saana.,ee boi  incende ii isuma saana ndemona abalumendo nabakwata inshita yakusansamuka saana.
3874,"ibumba lyabalumendo baleensha incinga balecimfyanya,mumbali ya musebo muli nabantu abalelumba.",ababene balumendo nabatitikanisha tekuti mwapunkana na ukupunkana .,ee boi elyo ngawatampila kunuma ndemona calishupa saana ukwisa kuntanshi.,"ee boi kaili apakupita palicepesha,elo abalumendo aba balemoneka balikosa saana pantu balacofa intanfu ishitali saana.","ee boi ndemona balabelela kaili nabena emo bapangila indalama shabo,kanshi balesha namaka yonse ukuti babelela ukwensha intamfu ishitali. "
3875,"abalumendo babili bali pali honda baleensha,elyo mumbali muli abantu baletamba.","cilemoneka aba balumendo nababutusha saana honda yabo,nomba epo bekele epo nshishibe.","ndemona ii honda baliipanga iyapusanako,ukwakwikala kulemoneka kubelele kulya lubali.","abantu nabo balemoneka naba lumba saana,cipalile baleumfwa bwino ubwangalo ubu.","ee boi walungika,abantu balitemwa ukuya kuncende shaifi mukulumba amangako yalecitikako."
3876,"icimbaya mbaya icafita cilepita mumpanga m,umusebo cilepitamo ulemoneka uwamatipa nganshi.","ici cimbayambaya cilemoneka califina nganshi,pantu aya amatipa yali mumusebo uyu nganacijomba kale.","ee boi chalifina saana,ndemona eco bacibomfesha na ukuya nacena muncende shapala ishi. ","walungika,nomba pakuti cifike uko cileya ici cimbayambaya ninshi cilefye amatipa yeka yeka.","tacili namulandu boi,cikulufye wafika uko uleya,amenshi ayakusanfisha ici cimbayambaya yengi saana."
3877,imbwa shibili ishabutulukila shileyalangana panshi shileengala.,kuncende kuli imbwa ishi kulemoneka ukwa mabwe nganshi .,"ee boi elyo cilepala kwati imbwa ishi nabashikakila,ndemona baletinya ukuti shisume abantu.","ee boi walungika,pantu imbwa ishi shilemoneka ishikali saana,ukushilekelela bengi saana shingasuma.","shilecita na ukulasumana kukanwa kwati shilewamya,elyo amabwe yali kunuma yashiko tayalemoneka bwino,tekuti yashiponena."
3878,"ibumba lyababomfi lili munyanji lilebomba incito,munyanji muli na ishitima ilishileenda.", incende aba babomfi baliko ilemoneka kwati nikulya abantu bakwelela ishitima.,ee boi ndemona ishitima lilipakufika ecilengele balececeta inyanji ukumona ukuti fyonse filifye bwino.,ishitima limoneka kwati abantu bengi saana abalibomfya nangula likokosha ukufisha uko uleya.,"ee boi walungika,nomba lyaliba bwino kubengi pantu lyalicipa elyo lilapita namuncende umu ifimbayambaya tafifika. "
3879,"ibumba lyaba bomfi basano lilebomba,umulimo aba babomfi balebomba wakumendeka umusebo",aba babomfi balebomba umulumo uukankala nganshi pantu imisebo ishaimbauka shilonaula ifimbayambaya.,"ee boi walungika,kanshi ngabamendeka baleyafwa imyeo shabantu ishingi saana ishipita muli uyu musebo.",elyo aba bomfi aba balemoneka balebomba na umutekatima elyo balebombela capamo.,"ee boi,ifintu fyakubomba mulubilo tafiwama kanshi ifine balebomba nabateka imitima filifye bwino saana."
3880,umulumendo umo na umukashana balipancinga balecofa baletentemuka.,umusebo uyu balepitamo ulemoneka baupisishe paka yacuulu icikalamba saana.,"cilemoneka aba babili ninkashi na indume,bafwile bafumine pa ng'anda imo ine.","ee efyo cilemoneka,cifwile bacima bonse ukuti bololeko amolu.","ee cishinka ico boi,ukololako amolu kwaliba ukukankala pantu kulalenga unulopa uleenda bwino mumubili"
3881,umukashana umo naikala pambao elyo umulumendo nao naiminina.,incende ii baliko ilemoneka kwati nimulya abantu bakwelela ishitima.,"walungika boi,ndemona aba bantu baleya ukuntu nomba balebkmfya ishitima.",nomba kuluba ifyo tabalelandila aba bantu babili nelyo balifye babili abapalemene kuli ii ncende.,"ala bwafya boi,tebonse bayangukilwa ngefyo uletontonkanya,bambi bafwaya alifye eka naikala ififine."
3882,umulumendo umo naiminina pambali ya cibumba aletininka napali lamya uku alepepa fwaka.,uyu mulumendo cipalile kwati pali ebo alelolela nomba nabakokola ukwisa.,"ee boi walungika,ndemona ebo bene aletumina napali lamya yakwe ine ii.","nomba abalumendo balitemwisha ukufokaula bafwaka,kuluba nefyo basendamo.","ala bwafya boi teti twishibe,abene limbi balisangamo ubukumu mukufikaula icushi kwati katwishi."
3883,"shikulu bantu umo ali pancito alebomba naba machine,elyo pancende ali pali ifimbayambaya ifyapusana pusana.","uyu shitata alemoneka kwati pali ifyo alekopa,pantu cilya aloleshemo nici machine cakukopelako.","ee boi walungika,ndemona ii incito yakukopa eyo acita uyu shitata.","elyo cilemoneka kwati ni filimu balekopa,pantu uku bali nikumpanga elyo ifimbayambaya nafifulisha.","ee walungika boi pantu nimbona nabantu bambi abali mu kati,cilemoneka ebalewaminikisha ifilekopa uyu muntu."
3884,umulumendo umo ali pamulu wacikulwa alebomba incito elyo pali na uuli panshi alemutamba uko alwbomba.,"umulumendo uyu alemoneka taiposako amano,akwelele pacikulwa ici ukwabula ukuikakilako nangu kuli cimo. ","ee boi walungika pantu ifingacitika pamulu palya fingi saana,ngaliponene kuti yaba emfwa yakwe.",elo uyu mulumendo alemoneka kwati ale toba pamulu waicicine icikulwa.,"ee boi walungika,kuluba neco aletobela icicine cikulwa,ndemona tabacikulile bwino."
3885,shikulu bantu umo naikala panse pakamupando nashintilisha napancinga naponena mutulo.,cilemoneka kwati pali ebo acilalolela elo bakokola ukwisa epakuponena mutulo.,"ee boi walungika,afwile acinaka saana uwakulala panshi nga ifi.","ee boi utulo tatwakwata inshita,twena ngatwaisafye nangu walikosa shana ufwilefye wayalala.","ee boi walungika,utulo ngwatwaisa ndemona ninshi umubili naunaka ulefwaya ukuya tushako."
3886,umulumendo aleshelela pali snow nafwala na ifyakufwala fyatikama nganshi.,uyumulumendo alemoneka kwati eshile aleshelela ukufuma pamulu paka apa afikile. ,"ee boi walungika,cipalile kwati aleumfwa bwino saana mufyo alecita umwine.",nomba snow ine ii ilemoneka tayakosa saana tekuti yadilika yamwilikisha.,ukudilika kwena kuti yadilika ngakwali icintu icikalamba saana icingasunkanya umushili.
3887,umulumendo umwaice ali pacani icakatapa katapa aleyangala.,ici kekete kuminwe cilemoneka kwati ligalashi lilya ililenga ifintu ifinono ukumoneka ifikalamba.,"ee boi walungika,kena kalemona kwati cakwangasha nakasekelela nokusekelela.",ciwamefye abakalamba bakamone bwangu bwangu pantu igalashi ili lilonaula amenso.,ee walungika boi ndemona limbi pali abacikatuma ukutwala igalashi line ili.
3888,"ibumba lyabantu,bashitata nabanamayo nabalongana,abengi nabekata na ifyakukopelako.",ndemona uku kuntu pali ifilecitikako filengele aba bantu bonse ukufwaya ukufikopa.,"ee walungika boi,cipalile kwati pali abaleisa mukulanda naba bantu pafyalekana lekana.",ee boi walungika kanshi ecilengele abantu balekopa pakuti nabashisangwileko kuti bayatambako basendamo fimo.,"cacine ico walanda boi,elyo abantu bali ukukwine balemonekafye abansansa,cipalile ifilecitika uku nafiwamisha nganshi. "
3889,abalumendo babili nabafwala na ifya kowelamo bali mumumana nabekata nakucela.,cipalile kwati aba bantu bele pamumana mukuceceta na ukukaka bwino bwino icela cine ici. ,"ee boi walungika ,icicine icela cilemoneka kwati citwala amenshi kuncende iitali ukufuma kumumana.","ndemona nifyofine boi,cilemoneka balicipanga icikulunsaana elo bengi batapako amenshi.","ee boi,kanshi aba balumendo balebomba umulimo uukalamba saana mukulungisha ici icela."
3890,"bakateya wamupila wakuminwe uwakupunkanana bali mucibansa,elyo ibumba lyabantu nalilongana liletamba ubu bwangalo.","uyu mulumendo wikete umupila alemoneka natonkola saana ulubilo,elyo nabali pambali yakwe nabalumba nganshi.","awe kwena nabutuka,ndemona icilengele abutukishe nico abantu balemulumba ngemo ulandile.","nomba uyu uufwele ifyabuta ifyo alemupepekapo,kanshi nga amukumanya alemupunka bubi bubi saana.","ee boi uyu mupila efyo waba,wakupunkana,ndemona uyu mulumendo napa kubutuka naishiba ati pali abalenkonka munuma."
3891,imbwa iyafita ili palubansa naitombekela akantu eko baposele mumulu.,imbwa ii ilemoneka pali uo ileyangala naena uuiposele aka kantu iletombokela.,"ee boi walungika,elyo imbwa shilomfwa bwino saana ukwangala nabantu","saanafye boi,maka maka ukwangala ifyakucena cena shilomfwa bwino saana.","imbwa ine ii ilemoneka namaka saana,pantu naitomboka ibaka ilikalamba saana."
3892,abakashana babili bali pa mulu baleshana nabasekelela nokusekelela. ,aba bakashana babili imishanine yabo ilemoneka kwati yantambi.,"ee boi walungika,ifyakufwalafye bafwele efilelondolola fyonse,elyo baleshana abatekanya ubusaka saana.",elyo kuncende bali kulemoneka kwati kuli ukulongana kuliko elo babetile ukuti bashanepo.,"ee boi walungika,ndemona na ukushana uku abakashana baleshana kulelola kukulongana kwine uku."
3893,shitata umo ali pa ncinga yakwe elyo kunuma yakwe kuli ibumba lyabantu ililebutuka ulubilo.,aba bantu balemoneka ulubilo balebutuka telwakucimfyanya iyo.,"ee boi walungika,ndemona bacimafye abengi ukuti bololeko amolu.",uuli pa nchinga nankwe alifye na ifyakwe taposeleko namano kufyo bambi balebutuka.,"ee cilemoneka naena aleolola amolu munshila alefwaya umwine,uuli panuma yakwe efyo alemulolesha cikanga amutombokele munuma."
3894,"ibumba lyabashilika lileenda nalimya na imitolilo shakulisha,kuntanshi yabo kuli na namayo uwawile umwau.",elo abashilika tabaaseka ukusangwa sangwa mubantu ndemona palifye ifyo bakonkele.,"ee boi ndemona pali uko balelola ukulecitika fimo,nomba baleya balelisha imitolilo mumusebo.","ee boi walungika,elyo aba bashilika balalisha bwino imitolilo shabo icakuti emo balepita bonse abantu kutamba.","ee boi cishinka ico,aba bantu balacitakofye ifyapusana mufintu fyonse."
3895,ibumba lyabantu nalilongana pancende imo lilecita ifintu ifyapusana pusana na ifimbayambaya filepita mumusebo.,"kwena pa ncende ii abantu nabafulisha nganshi,cilemoneka kwati paliba isukulu lyamasambililo ayakalamba.","ee boi walungika,nomba ifyo bafumine pamo ababene bakalisukulu kwati nimpashi.","awe kwena nabafuma incende ilemonekafye iyalubana lubana,bambi balefwaya ukuculuka umusebo elyo bambi alefwaya ukukwela ifimbayambaya.",ee boi elyo kuli bambi abeminine mutubungwe baleshimika amalyashi umobeshibanyine.
3896,banakulu bantu nabeminina nabasekelela nabemya nakamwishikilu kabo.,"kuncende ine ii kulemoneka kwati nikumabala,elyo kunuma yabo kuli icipepala icikalamba.","ndemona aba bana kulu balalima saana,ici icipepala kunuma yabo chakuubamo infula ngayabasanga.",awe alemoneka alalima saana pantu nefilimwa kunuma yakwe filemonekafye ifyatanta ubusaka saana.,akamwana nakomfwa bwino nabakemya kuli banakulu ndemona ngakakula nakena kakaba akamulimi pantu mubu limi mwaliba indalama nganshi.
3897,imbwa iyabuta ili pa chani cabutuluka naitomboka naisuma naka mupila akanono kukanwa.,cilemoneka imbwa ii pali uulewyaangala nayena aisukushila aka mupila elyo natomboka ukutila ikakate,"imbwa efyo shumfwa bwino ifi,ukwangala nabantu maka maka ukwangala kwa kucena cena.","ee boi walungika kanshi ilemulimba,teti ifume pancende ali,yakulati fye uko aya nayena yakonka.","cine cine bakulakonkana,kanshi ukuteka imbwa kwaliwama saana pantu palya taukwete ifyakucita kuitafye watampa na ukuyangasha."
3898,akamukashana nakafwala namabotolo mumenso kali munganda nakasumuna nakukanwa kalelolesha uko icishishi cilekenda kuminwe. ,aka kamukashana cilemoneka kwati nacikapesha saana amano ukumona icishishi cilekenda kuminwe.,"ee boi walungika,ndemona nakafilwa na ifya kucita pantu kalepundafye takalecitamfula.",limbi nakomfwa bwino panshita imo ine kaletina ndemona takaleposela ici cishishi pantu kalefwaya ukucilolekesha,umukashana wine ifyo asamwine kukanwa tekuti nakashishi akaleyendelafye kamutombokela namu kanwa.
3899,shitata umo alefumina panse ukufuma mwituka elyo kukuso kwakwe kuli umukashana uwiminine mumbali yetuka line ili.,umukasha uyu alemoneka kwati ebo alelolela abali mwituka line ili umulefuma shitata uyu.,"ee boi walungika,nao shikulu bantu amano yakwe yonse yelefye kubo alelanda nabena pali lamya.",bushe kuti caba ati umukasha ni uyuwine shikulu bantu alelolela nagula iyo?,"kweena ndemona nio wine,limbi eo aleesha na ukutumina lamya,ndemona balamonana kaili bonse bali panse nangula amenso nayapusana ukoyalolele."
3900,umulumendo ali pamulu wacikulwa icitali alelanda na umukashana uuli panshi alepita mumusebo.,cilemoneka uyu mulumendo alimwishiba umukashana uyu eco alemuposha.,"teti twishibe boi,limbi tamwishiba eco alemupundilila pakutila eminine beshibane.","ee boi cishinka ico walanda,umukashana nankwe taifinya napunama nakumulu aleyasuka kufyo  shitata alelanda.","elyo iciyanda cine ici cilimo uyu mulumendo cikulu nganshi,ndemona bali ciputaula mutumi putule utunono tunono."
3901,umukashana umo nafwala na ifyabuta naima ibaka aleteya ubwangalo bwa tennis.,uyu mukashana alemoneka acuma akamupila namaka saana pantu ali uwashangalala nganshi.,"ee boi walungika,ndemona aliposeshako amano kumubili wakwe pakutila engalateya ubusaka ubwangalo ubu.","elyo abantu beshile mukutamba ubu bwangalo bengi saana,limbi abalemulumba balemupelako icimwela cakuteesha.","ee boi walungika,amangalo aya yalaleta abantu abapusa pusana capamo,ndemona ukumulumba nakumupela icilaka cakuteesha nga umo ulandile."
3902,"umukashana umo ali mumenshi alesamba,nafwala namabotolo ayakowelamo mumenso.",umukashana uyu uuleowa nafumya umutwe panse elyo aasamwine akanwa ukutila apemwineko.,"ee boi nifyofine,alemoneka kwati aleowa kulya ukowa ukwakucimfyanya.","ee boi efyo alemoneka,aba bantu balikosa amaboko na amolu yabo pantu balowa intamfu ishitali.",ee boi ndemona balasambila ifyakowa panshita iitali kanshi amolu nama boko yabo filabelela. 
3903,"abalumendo babili bali nama parachute,umo naikila kale alekakula elyo umo elo alefika panshi.",cilemoneka kwati aba bantu nimundeke bacitomboka elyo bafikilila kuli ii ncende.,"ee boi walungika,limbi nababatuma ukwisa mukucitako ifintu fimo ifikankala kuli iine ncende.","limbi kuti baba bashilika,pantu ebatemwafye ukuya kuncende ishapusana pusana ukwabula abantu ukwishiba.","ee boi kuti caba nifyofine pantu abashilika balifulisha ifyakucita cita,limbi ncende iliko mupepi neko balefwaya ukuya."
3904,imbwa shibili ishabutulukila shili pa cani icakatapa katapa shilelwa nashitombokela namumulu.,"imbwa ishi shilemoneka shikali nganshi,lelo efyo shilelwila efyo teti wishibe.","ee boi teti wishibe efyo imbwa shilwila,kamo ngatulaumfwa efyo shilanda kuti watila imbwa ii eyacibala iinankwe.",kuncende ine ii kulemoneka nikumpanga saana pantu kuli ifimuti ifyafunda.,"ee walungika,ndemona ishi imbwa shili na umwine webala ili,ibala line ili balibikako na ilinga. "
3905,akamwana akalumemdo nakafula na ifyakufwala fyonse kaletombokela pacimana.,aka akamwaice takomfwa elyo takakwata na umwenso pantu icimana cikulu saana epokengalayangalila.,"awe kwena cine icimana ici cikalamba ngashi,elyo cilemoneka cili na umukuku uwamaka nganshi.",eico calilinga abaice ukulabacingililako kuncende kumo ukwakuya pantu eco imfwa shapamenshi tashipwila.,"walungika boi,kena ifi tulelanda atakafishibe napo,mumano yakako mulifye ati kaleangala."
3906,shitata umo nanamayo nabeminina mumbali yamusebo balelanshanya.,cilepala kwati aba bantu babomba incito imo ine nomba balelashanya amapepala.,"ee walungika,cilemoneka kwati shitata alelomba ubwafwilisho kuli namayo,limbi mailo akalofwa kuncito.",ee walungika boi elyo incende iliko aba bantu kulemoneka utumuti utwabusaka nganshi.,ee boi elyo kulemoneka ukwatalalila nganshi kwati takupitana abantu abengi saana.
3907,shitata umo nanina pamutanto mu ng'anda pali ifyo alepopelela elyo akamwana kakwe akakashana kalemukonkelesha ukukwela epo ali.,utubana kwena tatumfwa takakweteko na umwenso wakupona palya kakwelele.,"teti kakwate umwenso boi,kaili abaice ifintu ifingi ifyo bacita bakonkeleshafye ifyo abakalamba balecita pancende bali.",elo uyu shitata pamulu wamutanto alemoneka kwati teshibe ukuti aka kamwana kaleesha ukukwela pamutanto.,"ee walungika boi,ndemona ngacakuti nakamona nga kale akaleseshe ukukwela,ciwamefye alelolekesha pakwikila pantu kuti akanyanta muku kana ishiba."
3908,"umukashana umo aleenda mumusebo aleumfwa na inyimbo,petuka lili kukulyo kwakwe pali icikope camulumendo uwikete kumutwe.",umukashana wine uyu alemoneka amano yakwe yalifye uko aleya talefwaya na ukulileshako mumbali.,"cipalile kwati pali uko alebutukila,nomba icikope cili petuka line ili cilelanga umulumendo kwati mukashana alelolesha.","ee boi walungika,ici cikope cilemoneka kwati mwana kashi uyo cilelolesha nga umo ulandile.","ndemona umukashana uyu nga alicimwene kuti atina nokutina,elyo ituka line ili lilemoneka kwati bashitishamo ifyakufwala. "
3909,shitata umo ali pamusebo alecofa incinga kukuso kwakwe kuli na icimbayambaya icilelola kuntu alelola.,"ii ncende ilemoneka kwati takwafula abantu saana,kuli ukwatalalila.","ee boi elo kulemoneka kwati kwabusaka sana,kukulyo kwakwe kuli na ifimuti ifyo babyala busaka busaka.",ifikulwa nafyo kukuso kwakwe balifikula busaka busaka elyo fikalamba nganshi.,incende ii ilemobeka kuti yaumfwika bwino nga uleendafye weka nauteka na umutima.
3910,imbwa iyafita ili mumpanga umuli ifimuti ifyatitikana naisuma naicimuti cimo kukanwa.,cilemoneka kwati imbwa ii iletwalila shikulu waiko ici icimuti cili kukanwa.,ninshi kuti caba ati imbwa ii aliifunda ilomfwa ifyo abantu balanda?,"ee boi,imbwa ngawaifundafye bwino bwino ileshiba ukumfwa ifyo abantu balelanda.",walungika kanshi ndemona umwine wambwa ii aciituma ukuleta icimuti cine ici icapala ulukuni.
3911,imbwa shibili shilepepekana shilebutukila namumumana uukalamba.,imbwa ishi tashiletinako namenshi ayalemoneka kwati yaleisa na umukuku uwamaka saana.,"imbwa umwenso tashakwata,ndemona pali ico bashiposele pamenshi ico shilebutukila mukutola.","abantu nabo balitemwa ukwangasha imbwa saana,ukwakushiposela ico cintu kwingi asalapofye pamumana.",ndemona aleesha ukushifunda ukusamba pamenshi walishiba imbwa shishiba ifintu ngawakwata umute wakushilangisha.
3912,bamayo bali na umwana wabo umukashana munganda balemwafwako ukufwala ilaya elyo bonse babili nabasekelela.,umukashana alemoneka kwati pali uko aleya ukukankala saana eico banyina nabafilwa ukumusha eka balefwaya bamone fyonse filifye bwino pamwana wabo.,"awe kwena icitemwiko cabafyashi abanakashi calikulisha ukucila mucipimo,ndemona palya bali balemwebelapo namashiwi yamapalo.","awe kwena cacine,nangula fwebana tatumfwa lesa alepala abafyashi bonse ukutila naifwe tukese basungako bwino ngefyo batusunga.","ee boi walungika,abafyashi besu balabikamo inshita iikulu saana mukutila twakula bwino paka  twaikalila."
3913,utubana tubili akalumendo naka kashana tuli pamusebo natufula na insapato tuleyangala.,"kuluba neco tufulile insapato utubana utu,elo tulemoneka kwati tulenyanta mumenshi.",ala boi abaice balitemwa ukwangala mumenshi katwishi ngacinshi cilenga ukuti batemwe amenshi umusango  uyu.,"ala bwafya teti wishibe na umwakufilondolwela,abana balishupa imyangalile yabo","elo kuli iine ncende kulemoneka ifimuti ifyafunda nganshi,aba bantu balemoneka baikalila mupepi na impanga."
3914,"umulumendo umo ali pamulu yacikulwa epo aleenda napisha namumatumba,elyo mumulu mulemoneka na kyte ilepululuka.",umulemendo alemoneka kwati ali nefyo aletontonkanya kanshi eli pamulu mukupupwako umwela.,"ee boi walungika,alemoneka kwati ifyamucaalo nafimupesha,pamulu yacikulwa epali tondolo epo engekalako.",ala ifyamucalo fyalyafya nganshi teti ukumemo ukulafikonkelela limo kufilabakofye wacitako fimbi. ,"ico walanda cishinka,ndemona efileesha nokucita umulumendo uyu,aleesha ukufilabako panono panono cilya ali eka pamulu eka."
3915,akabwa akanono akabuta kalebutuka kalefuma mucapala icipepala icabulungana.,kalemoneka kwati pali ico kamwene ico kalepepeka aka akabwa.,"ee boi pantu pamenso kalemoneka nakakalipa nganshi,ico kalepepeka cifwile nacibutuka nacena.",elyo incende iine kaliko ilemoneka iyafyani fyani na ifimuti saana.,"ee boi,elyo akabwa kene aka kalemoneka akabusaka kuti kakupela na icilaka cakufwaya ukuteka imbwa naiwe."
3916,umulemendo na umukashana nabafwala na ifyabuta bonse bali pacani paliponena namabula yauma baleshana.,"cilemoneka kwati aba bantu babili baleipekanyafye ifyakushana,pali kumo uko babetile ukuya mukushana.","ee boi walungika,elyo kuncende kwena uku baleipekanisha kulemoneka kwati nikumpanga takupitana saana abantu.","ee boi walungika,ndemona aba bantu tabalefwaya abantu abengi babamone uko baleshana,balefwaya bonse bakayebamwenafye ukokwine babetile ukuyashana.","elyo balemoneka naba bikako amano saana mukuipekanya,ndesubila icila ici cikayawama nganshi."
3917,namayo umo naiminina pacani alepenta nakucibumba uku nalolesha kumulu.,"nomba umwanakashi wine uyu,kwaliba ukupenta uko taulelolesha tekuti wasanga ati ulepenta panshi.","afwile pali ebo ali nabena abamupusawile,walishibafye abanakashi baletemwa ukukutikisha utuntu.","icicine alepenta limbi citelefye umwakubika ifitekwa,mwati ngani ng'anda kuti bamulekela ukupenta uyu mukashana.","awe nakalya teti bamulekele,alemoneka ukupusauka  saana kuti alufyanya ing'anda. "
3918,"Abalumendo abali cine lubali,umukashana umo na imbwa imo iyafita bali mumpanga baleyangala.","umu mumpanga bali mwaliponena snow iingi nganshi,kanshi kufwile nakutalala saana.","ee boi ifyakufwala bafwele filelondolola fyonse,elyo nabekata na utumuti kuminwe bonse.",ee boi cilepala kwati balebomfwa utu utumuti ukuminako akamupila.,"ee boi walungika,elyo ubwangalo baleengala bulemoneka busuma saana pantu bonse bali abasekelela nganshi."
3919,Umulumendo umo nafwala na ifyakashika na insapato shakushelelelamo aleshelela pali snow.,"elyo naikata na inkoto uyu mulumendo,ndemona shilemwafwako ukukana pona na ukuisunka.",cipalile uyu muntu aleumfwa bwino saana ifintu alecita pantu ali uwasekelela.,"ee boi walungika nasekelela uyu shitata,elyo kuncende iine kulemoneka snow yalipona saana pantu ifintu filemoneka nafibila mukati.","ee boi,ndemona ecilengele nashitata uyu ukulashelela nensapato shakwe,limbi teti akwanisha ukwendafye namakasa."
3920,abakashana batatu baleenda mumusebo nabasekelela nganshi.,aba bakashana balemoneka kwati fibusa bangalila pamo inshita yonse.,ee boi walungika kumwenafye kunsansa shili pamenso ya aba bakashana.,elyo umukasha ali pakati alemoneka kwati pali ifyo amwene pali lamya ifimusekeshe nganshi.,"ee boi walungika,elyo afwile naebako nabanankwe fintu amwene pali lamya pantu nabena balemulolesha nabasekelela."
3921,"shikulu bantu umo naiminina nasekelela nashintilisha nakukanshimbi,elyo kunuma yakwe kulishikulu bantu naumbi uuleisa.",apa pamulu eminine uyu shikulu bantu palemoneka nipanshila iyapita pamulu wamumana.,"ee boi walungika,ndemona iyi inshila yalififyako intamfu abantu baleenda akale.","ee boi walungika,icalo inonshi cikeya pantanshi emulandu ifuntu fyalyangukako ukucila ukucila ifyakale.",elyo inshila iine ilemoneka abantu abengi balaibomfya nganshi elyo ilepala kwati uko ileya kwaliba ifikulwa ifikulu saana.
3922,shikulu bantu umo ali mwituka nasekelela naikaka na insalu mumukoshi.,ili ituka lilemoneka kwati bashitishamo ifyamanama manama nefyakwipikilako.,"ee boi walungika,ndemona uyu shikulu bantu alabombesha elo alikwatilamo impiya ishingi muli aya makwebo.","ee boi walungika,amakwebo yafyakulya yaleenda saana pantu abantu balya lyonse.","cine cine ndemona ecilengele uyu shikulu bantu ukusekelela nganshi,pantu amakwebo aya yalemwafwa ukulisha ulupwa lwakwe."
3923,"nakulu bantu umo ali mumusebo aleenda,pambali yakwe pali na incinga isho beminike.",uyu nakulu bantu alemoneka kwati afuma kuncito nomba aleya ku ng'anda.,"ee boi walungika,elyo umusebo alepitamo ulemoneka kwati abantu balaubomfya saana.","ee boi walungika,ndemona uyu musebo utwala abengi kunti babombela elyo limbi waliba na bwino ukubomfya.","ee boi walungika,elyo baliusunga ubusaka saana balibyalika na ifimuti mumbali."
3924,akamwana akakashana kali pacimpelwa kalepeluka kunuma yakako kuli na ifimuti.,akamwana kalemoneka nakasansamuka saana ukupeluka pali ici icimpelwa.,"ee boi walungika,abaice balomfwa bwino saana ukupeluka,ukwesha ukumwikisha palya kuti mwapusana saana.","ee boi walungika,icicine cimpelwa cilemoneka bacishimpafye pang'anda pekala akakashana akakene.","ee boi walungika kanshi ndemona teti kalale ngatakapelwikepo,kwafwaya inshita shonse kapelukapo."
3925,imbwa shibili imo iyafita imo iyabuta shili pamusebo shilefwaya ukulwa.,imbwa ishilemoneka kwati elyo shilekumanapo nomba shilefwaya ukwishibana.,"nomba boi imbwa shilemoneka ati shilefwaya ukulwa,ninshi shilalwa pakwishibana?",ee boi imbwa efyo shaba ngelyo shamonanapo shilapala kwati shilefwaya ukulwa lelo tashilwa na ukulwa shitinyanyafye.,awe kanshi fwebashaishiba ifyo basunga imbwa teti twishibe ifyakucita ngashatapa ukuloleshanya buka bukali umisango uyu. 
3926,"Abakashana mutanda nabalongana nabekala napa cani icakatapa katapa,elyo kunuma yabo kuli umulumendo uwinine kucimuti.",aba bakashana balemoneka kwati baba pesukulu lyamasambililo yakalamba.,ee boi walungika ndemona nabakolongana ukutila balanshanyeko pafyakusukulu.,"nomba ulya mukashana afukeme pali balya bonse abakashana bekele panshi,cinshi cilengele ekafye afukame?","ndemona aba bakashana bakolongene mukupita mufyo babafunda ,ndemona uyu mukashana nacimufikila ukuti alondololeko panono pafyo aumfwile."
3927,shikulu bantu umo ali pakamupando naikala naimya amolu mumulu naikata nakumutwe.,elyo incende ii aliko shikulubantu ilemoneka kwaliba umumana.,ee boi ndemona shikulu bantu uyu tacikwata ifyakucita epakwisa mukuleshako icitendwe.,"ee boi walungika ,ndemona aliposa inshita iitalu saana ukubomba incito.","ee boi cishinka ico,elyo alemoneka uwansansa cipalile ii incende nayumfwa bwino nganshi."
3928,umukashana umo uufwele ilaya lyakashika nasansamuka nganshi elyo kumunuma yakwe kuli na ibumba lyabantu. ,abantu bali kuli iine ncende balemoneka abansansa saana cipalile ifilecitikako nafiwamisha saana.,"ee boi efyo cilemoneka,ndemona uyu mukashana pali ebo alefwaya ukuma nensalu ekete kuminwe.",awe kwena bali na insansa aba bantu cabatwala nakumana na ifisalu.,ee  boi cilemoneka kwati ebwangalo baleteya na umuntu alefwaya ukuma na icisalu cine ici.
3929,"Abalumendo babili bali mumuputule umo bepikila ifyakulya,umo aleipika umo nalolesha kumbi.",cilemoneka kwati aba bantu bafumine kuncito nomba insala yaboma balefwaya balyeko icakulya.,"ee boi walungika,ndemona  aba babili nibamunyina elyo bekalafye abaume beka beka.","ee walungika boi,ndemona balakwatako ukushupana mukwipika  pantu abalumendo ukwipika abengi babu nang'ani.","ee boi walungika,ico cabela icikankala ukukwata abakashana pa ng'anda,pantu abalumendo bwafwaya ukwipika ifilepya bwangu."
3930,imbwa imo iyabuta naitomboka ibaka ilefwaya ukuiposa pamumana.,kuluba na ico ilefwaya ukutombokela mumenshi pantu imbwa ishingi tashatemwa amenshi.,ndemona pali ico umwine wa ii imbwa aposele pamenshi elo ayeba ukuyatola.,"ee boi walungika,kaili inonshita imbwa balashifunda ukucita ifintu ifingi saana.","ee boi walungika,elyo imbwa ii ilemoneka iyabusaka saana kuti yakupela na icilaka cakuteka imbwa."
3931,ibumba lyabantu lili kuncende kulya ukwangalila abaice lileangala.,apa abantu baleyangala palemoneka kwati nipacipepala cilya baputa icakwangalilapo.,ee boi walungika pantu ndemona akalumendo kalya pamulu kalefwaya ukushelela.,nomba boi ninshi naba abakulu bonse balefwaya ukushelela pali icicine cipepala?,awe boi ndemona baletelefye abana babo kuli ii ncende mukwangala.
3932,akakashana kamo nakeminina kalelolesha kumulu kalefwaya na ikulila.,elyo kumbali yakako kuli umukashana aleisa epo kali alesekelela.,nomba akakene kakashana boi kuti fyaba nifinshi ifyo kalelilila?,akakashana kaloleshe kumulu ndemona pali ifyo kamwene ifikomfwisishe saana icikonko.,ndemona ulya umukashana aleisa kumbali nakamona uko kalefwaya ukulila limbi alakatalalikako.
3933,icimbayambaya icafita naciminina mumusebo elyo mumbali yamusebo wine uyu muli banamayo babili na umulumendo umo.,cilemoneka kwati banakulu abali na umushishi wabutuluka ebene ba cimbayambaya ici.,ee boi walungika ndemona aciminika icimbayambaya cakwe ukutila alandeko na umulumendo uyu.,cilemoneka uyu mulumemdo niumo pali balya abekala mumbali yamusebo balelomba ubwafwilisho.,"ee boi ico walanda cishinka,ndemona uyu nakulu bantu alefwaya ukwafwilisha umulumendo uyu."
3934,shitata umo naikata na banjo yakwe alelanda na abantu.,"shikulu bantu uyu cipalile alasekesha saana abantu,pamenso yakwe napapenteka nokupenteka.","ee boi efyo alemoneka,elyo cipalile kwati acilaimba inyimbo elyo aleka.","ee boi walungika, ndemona uyu mulumendo emo apangila indalama shakwe umumwine.","walungika pantu inonshita takwaba ukucita ifintu fyafye,fyonse wacita kamo pali abakulipila."
3935,namayo umo nabana bakwe babili bali pamenshi baleoba ubwato.,uyu umumana ulemoneka walokwata ifimuti ifingi saana mumbali.,"ee boi walungika,kuti waluba neco aba bantu tabakwatile umwenso, maka maka utwaice.","ee kwena boi kuti cakupapusha,elyo ukucilapo natwena tuleobako na ubwato.","utu tubana tulemoneka kwati balitukansha ukubomba imilimo ishingi saana,pantu banono abengakwanisha ukoba ubwato pamushinku uyu."
3936,shikulu bantu umo ali mwituka umo bashitisha ifyakulya aleipika. ,incende ine ii mulemoneka ifyakulya ifyapusana pusana elyo muli umwabusaka.,ee boi walungika cilemoneka balapangilamo indalama ishingi saana mufyakulya ifi bepika.,"nomba umwaume euleipika,ine nalemona ukuti ukwipika  kwabakashanafye.","awe boi inonshita icaalo calipilibuka,nganimumatuka yapala ifi abaume ebaseka na ukwipikamo."
3937,"akalumendo kamo nakeminina nakekata na inkoko,kunuma yakako kuli na bashi tata bane.",kuncende kuli aka kalumendo nabashitata kulemoneka kwati bashitishako inkoko.,"ee boi walungika,pantu kulemonekafye ukwalubana balikulako na ifitele.",akalumendo aka kalemoneka kwati bacikutumafye ukushita inkoko iine kekete kuminwe.,"ee boi walungika,kalemoneka kalicenjela pakuti kakwanishe ukushita inkoko apa kapelele."
3938,"shibwinga na nabwinga nabekala pacimuti icamena mumbali yamumana,na umulumendo naiminina naikata na icisalu.",aba abaantu babili balemoneka kwati bafumafye mukubofya nomba balekwata inshita yakukopwa ifikope.,"aba bantu babili balemoneka abansansa ngashi,cilemoneka icupo cintu icisuma saana.","teti twishibe ngacisuma nangula iyo boi,kuti twatilafye ubushiku bwakupana bulomfwisha insansa nganshi.","ee boi ndemona walungika,bulomfwisha insansa pantu bwisafye umukumo mubumi bwa muntu."
3939,abalumendo bane bali kumbali yamumana baleteya umupila wakumakasa mumicanga.,aba bangu balemoneka kwati nabakwata saana insansa mubwangalo ubu.,"ee boi efyo balemoneka,ubwangalo  bwa mupila bulomfwisha bwino saana abalumendo abengi.",elyo iciweme cakutila nangu bapibe shani aba balumendo amenshi yalifye mupepi.,ee boi walungika ndemona ecilengele nokuti aba balumendo baleteya umupila ukuti beumfwa amenshi ukutalala.
3940,"ibumba lyabaice,abalumendo nabakashana abafwele ifyakashika bali pamulu bonse nabemya namolu yakukuso.",aba baice balemoneka kwati nibalya abasambilila ifyakulwa ulubuli ngacakuti basanswa.,ee walungika boi ndemona bali kuncende ii mukalangisha abantu ubusuma bwakusambila ifyakulwa.,"cishinka ico walanda,elyo abaice aba balemoneka abashangila eko bakakulila bakulauma abanabo saana.","ukushangila kwena nabashangila,lelo ilingiline aba bantu basambilila ulubili tabatemwa na ulubuli,baliba bwino saana kubantu abengi."
3941,shitata umo ali mucimbayambaya nafumya umutwe namaboko panse naikata na ilaya ilyakashika.,"uyu mulumendo alemoneka kwati aciya mukulumba bakateya bamupila,lelo ebo acilalumba nabawina.","ee walungika boi,abantu balomfwa bwino saana amabumba yabo eyobalumba ayateya umupila ngayawina.",nomba abantu abengi balacila mucipimo mukusefya  kwabo cabatwala namubwafya.,ee boi walungika kanshi caliwama ngaulefwaya ukusansamuka wakwata na umwakupelela.
3942,umukashana umo naiminina pakati kama tebulo yabili ayabuta nalolesha napanshi.,ii incende iliko umukashana ilemoneka kwati kwalaba ifintu ifyalatampa ukucitikako.,"ee boi walungika,ndemona uyu mukashana ali pali abo bacilapekanya incende ine ii.","ee boi,ilyo imipekanishe yancende ii ilemoneka kwati ifiletampa ukucitika uku fyakusefya.",ee boi elyo cilemoneka kwati ukusefya kwine uku takulebela mukati ka cikulwa lelo kulebela panse. 
3943,"Abakashana babili na abalumendo batatu bali mucikulwa,umo shitata alelisha banjo elyo umo alelisha iseleti.",ii ncende balimo aba bantu ilemoneka kwati nimulya abantu banwena amabwalwa.,ee boi walungika ndemona abantu aba bali kuncende ii ukutila bengembilako inyimbo abalenwa ubwalwa. ,cishinka ico walishibafye ubwalwa bulomfwika bwino saana ngaulenwina umuli inyimbo ishisuma.,"walungika,ndemona aba bakemba balapanga saana indalama ubu bushiku pantu ababwalwa tabakwata ubutani."
3944,"imbwa imo iyafita ilebutuka naisuma nakamupila akanono kukanwa,elyo kuncende ii kuli nabantu abampendwa.",imbwa ii ilemoneka kwati baciiposela akamupila ukuti ileya itole nomba yakwanisha ukutola ilababwesesha.,"ee boi walungika,elyo incende ii ilemoneka nimumbali yacimana elyo kwaliba na ulupili.","ee boi elyo kulemoneka kusuma saana ukwangalako,ndemona ecilengele kusangwe na aba bantu.",imbwa ine ii ilebutukisha nailenga nabantu bali kuncende ii ukwamba ukulaitamba.
3945,"ibumba lyabantu lili mumbali yamusebo,bambi baleingila mucikulwa bambi nabemininafye.",apa pene pancende pali aba bantu palemoneka kwati pali ifintu ifilecitikapo.,ee boi cishinka ico ulelanda elyo palemoneka kwati nipanse pa calici.,ndemona mukati mucalici mwine umu muli ukusefya ukulecitikamo pantu pamwinshi nabapapanga ubusaka nganshi.,walungika boi ndemona aba bantu bali panse balelole ukuti ukusefya kwine uku kutampeko elyo bengile.
3946,"abafyashi abanakashi bali na abana babo baleenda,nabemya na utwana tubili,kamo munuma kamo muminwe.",nomba akamwana akali muminwe yaba abafyashi nakalila nakasamuna namukanwa.,"ee boi walishibafye abaice ifyo baba,ukulila ekwabo,cilemoneka kwati ulupwa uku lwaciya mukushunguluka.",ee walungika boi elyo ukufumishakofye umwana alelila abashala balemonekafye abansansa nganshi.,"walungika boi,inshita shakwenda bonse pamo nga ulupwa shilomfwika bwino saana kaili telingi shaseka ukucitika."
3947,abalumendo abali cine konse konse nabafwala na insapato ishikunkuluka bali pamusebo bonse nabakontama na ukukontama.,elyo kunuma ya ababene balumendo kuli ibumba lyabantu ileletamba ifyo balecita.,ndemona aba balumendo baleipekanya ukuya mukuteya ubwangalo bumo.,"ew bou walungika,elyo abaletamba ili bumba tebali panumafye beka lelo naba banamayo bali pantanshi.","elyo banamayo bene aba balemoneka nabapapa saana ifilecita abalumendo aba,nabaikumbata na ukuikumbata."
3948,akamwana akalumendo kali pe tebulo kalelya icakulya nakafukama na ukufukama.,elyo incende ine ii kaliko ilemoneka kwati nikumpanga saana uko yabela.,"akakene kamwana kalemoneka takalefwaya na ukulya,kaleyangashafye ifyakulya.","ee boi walishibafye abaice ifyo baba,ndemona mukwangala mulyamwine emo kalelila.","ee boi walungika,limo abaice bafwaika ukubalekafye balecita ifyo balefwaya pantu ukumufumya palya kuti alila icine cine."
3949,imbwa shibili ishabutuluka shili pa cani icakatapa katapa shilecena.,elyo imbwa ili kukuso ilemoneka kwati naisuma akakopo kamo mukanwa akapokele.,"ee walungika,kuti waluba na ifintu fine filya ifilefuma mukakopo imbwa ii isumine.",elyo imbwa ishi shilemoneka kwati shafumine kuli nyina umo elo shakulila pamo.,ee boi walungika ndemona eco shileumfwila bwino ukucena umusango uyu.
3950,"ibumba lyabantu,abalumendo nabakashana lileenda,bonse nabafwala na utwapala amatwi kumutwe.","elyo aba bantu balemoneka abasekelela nganshi,ndemona finti balecita fili ifyawama nganshi.","ili ibumba lyabantu lilemoneka kwati pali uko lileya,ndemona nimukwangala.","ee boi walungika,elyo balemoneka kwati libumba lyapasukulu nomba nababasenda ukuya kumo.","ee walungika boi,ndemona eco babelele nensansa nganshi pantu ukwenda kwakusukulu kwaliba ukwawama saana."