IMAGE #,SPEAKER 1,SPEAKER 2,SPEAKER 1,SPEAKER 2,SPEAKER 1
9701,abaume babili baleangala icangalo cimo,bushe aba baume babili baleangala cangalonshi?,aba baume babili baleteya umupila  beta ati umupila wakuminwe uwaku america,aba abaume baleangalila mumucanga uuwingi sana kabili bonse nabafwala utuputula utwafita utwipi,kuli ubu ubwangalo kuli abantu abengi abapusanapusana apali Abeminine na bekele abaletamba aba abaume abaleteya
9702,Umwaume  uufwele ishati ilya maboko iyatali ilya makumbimakumbi  nakasote kafiita naiminina,Bushe uyu umwaume eminine mu cifulo nshi?,Uyu umwaume uufwele ishati lya makumbimakumbi nakasote kafita ali mucifulo cakubombelamo,Bushe uyu umwaume uwiminine mucifulo cakubombelamo alecita finshi?,Uyu umwaume aleelanda na umuntu pali lamya yafita iyantaambo iyitali
9703,Umwana umwaice umukashana uufwele indeleshi yamalangi yamu munkola mfula naiminina.,Umwana umwaice umukashana uwankanda yabuuta no mushishi wabuutuluka elelya.,Bushe uyu mwana umwaice umukashana alelya fyakulya nshi?,Uyu mwana umwaice umukashana aleelya icakulya icalowa ico beta mucingeleshi ati sandiwichi.,"Uyu mwana umwaice umukashana  eminine eka mucende iyafiita kabili natulumuna na menso , cipalile kwati pali abo alelolesha "
9704,Abantu abapusanapusana apali abaume na banakashi  nabeminina pamusebo.,Bushe aba abantu abapusanapusana belecita finshi apo beminine?,Baletamba umwaume uulecinda amaasha pa musebo.,Bushe nifinshi umwaume uulecinda amaasha afwele?,"Uyu umwaume afwele umwingila  ne toloshi ifya makumbimakumbi no tumishilwa twa kashika  , akasote kafiita  nendyato shafiita."
9705,"Abantu abapusanapusana apali abaume na banakashi bali pancende imo. Bambi nabeminina ,bambi nabekala .",Nikuncende nshi uku abantu abalekanalekana Bali?,Aba abantu balemoneka bali kucisankano pantu bambi baleshiita elyo bambi balemoneka baleshitisha.,Namaayo uwaina naikala pacisankano munshi yakamutanda akapangwa nefimiti ifyaiminina elyo netenti lya makumbimakumbi kunuma,Namaayo uufwele shiketi yafiita ne shati lyabuuta necintenge catubokoshi twamalangi yapusanapusana aleshitisha isabi mumiseke pacisankano.
9706,Umwaume  uufwele itoloshi neshati lya makumbimakumbi naiminina eka mucibansha.,Bushe uyu umwaume uufwele icapala icola i pa makumbimakumbi no mushishi uwipi alecita finshi mucibansa,Uyu umwaume eminine patanshi yacobeta mucingeleshi ati palashuti alemoneka kwati acilabomfya ici cintu.,Bushe ici cibombelo beta ati palashuti icikwete amalangi iyakatapakatapa nayakashikila bacibomfya ukucita finshi?,Ici icibombelo balacibomfya munshila shibili. Limo cilabomba ukupupuka ukuya mumuulu elyo limo balacibomfya ukupupuka ukufuma mumuulu
9707,Abaume babili bali kuncende imo. Umbi naiminina elyo Umbi naikala.,Bushe finshi aba abaume babili abamushinku uukalamba belecita kuncende imo?,Ababaume balelashanya mumutende pantu umo palibena alemoneka uwansansa pantu alemwentula.,Umwaume uufwele akaputula kafita no tumishilwa twa buuta neshati lyabutulukila  naikala pacibumbili icakawata icakushintilishako .,Umwaume uufwele ishati lyatumishilwa twa buuta no twa makumbimakumbi no mushishi wabuuta naiminina patanshi yacibumbili
9708,Umwanakashi uwamushishi wafiita no twakashikamo ali mumuputule wakusambilamo .,Bushe uyu Umwanakashi uufwele ishati lyakashikila alecita finshi mumuputule wakusambilamo uwa mung'anda?,Uyu Umwanakashi aleesamba akanya necisambilo cakatakatapa mucibeseni cabuuta.,Akanya kalesamba mumuputule wakusambilamo uyamukati kang'anda kabili kalelila pamulandu wakukasamba kuli nyina,Nyina na kanya bali mumuputule wakusambilamo umuli amaluba no tumuti utwapusanapusana uwapentwa mwilangi lya buuta
9709,Abantu abapusanapusana apali umwaume umo nabanakshi babili bali muncende imo.,Bushe incende aba bantu balekanalekana balimo alemoneka shani mumimonekele?,Iyi incende naifiita ilemoneka kwati ubushiku nabwila lelo naibuta pantu kuli amalaiti iyapangwa nabantu.,Bushe aba bantu balekanalekana balecita finshi munshita yabushiku?,Abankashj babili nabekala pakapuna balebenga amapepala elyo umwaume kunuma yabo aleenda.
9710,Abaume basano abafwele amatoloshi lya makumbimakumbi na mashati yabutuluka  bali pacisebele  elyo umo palibena nalaala panshi.,Bushe aba abaume balemoneka balecita finshi pali ici icisebele?,Aba abaume basano balemoneka kwati balepanga ifiseela fyamumabumba ifyo abantu bapanga ifyakucimfyanya,Bushe Nifinshi fimbi ifili pacisebele apali aba abaume basano?,Pacisebele pali akapuna kamo no tumatenti twa katapakatapa tubili elyo ne mendela shibili isha malangi yatatu ne tumuti elyo necisoselo cafiita.
9711,"Umulumendo uufwele itoloshi lya fiita ne shati lyabuta ,nakasote kamacungwa elyo ne nsapato shafita ishikwetemo utwabuuta nakontama.",Bushe uyu umwaume nikwisa eko ali kabili kulemoka shani mumenso?,Uyu umwaume alemoneka kwati ali pamuulu wamabwe ayakalamba kabili incende aliko ilemoneka Ali mupepi namakumbi.,Bushe uyu umwaume elemoneka kwati alecita finshi?,Uyu umwaume alemoneka kwati alelolesha panshi pakuti amone fimo bwino bwino.
9712,Abantu abapusanapusana apali abanakashi nabaume nabekala pancende imo ine.,Bushe incende bekeleko ilemoneka shani mumimonekele?,Iyi ncende bekeleko ilemoneka iyalemba kabili iyatalaala pantu naikwata ifimuti elo kuli nakasaka kutanshi yafimiti.,Bushe nifinshi aba abantu balecita kuli iyi ncende kabili balemoneka shani?,Aba abantu baleangalila pamo kabili baleoca ne fyakulya ukubonfya umulilo no tumuti nakabili balemoneka abansansa pantu balemwentula.
9713,Abantu abengi Bali mucifulo cimo kabili baletamba abaume babili abaina kabili abatali,Bushe mulandu nshi aba abantu baletambila aba abaume babili?,Aba abantu abalekanalekana baletamba aba abaume  pantu baleteya icangalo cakutobana inkonya,Bushe aba abaume abaleteya ici icangalo bafwele finshi?,Umo Pali aba abaume afwele akaputula ne shati lya makumbi makumbi elyo umbi afwele ishati lya fita nakaputula kamakumbimakumbi
9714,Imbwa Ili kucende ukuli ifimuti elyo na maluba yamutuntula elyo ilifye yeka.,Bushe iyi ine imbwa Ili mumpaanga iyiteku ilemoneka shani?,Iyi imbwa ilemoneka iya Ina kabili ikwete ilangi ilyabutulukila elyo naikwata no mushipi my mukoshi.,Bushe iyi imbwa ilemoneka ilecita finshi muli iyi ine incende?,Iyi imbwa ilemoneka kwati ilelolesha fimo pantu naitonta amenso pamo kabili  nayatulumuka sana nganshi
9715,Abaume basano baliku ncende imo kabili balecita ifyapusanapusana panshita imo ine.,Bushe iyi incende ipalile kuncende nshi?,Iyi incende ilemoneka ngecitesheni ca mabashi pantu kuli umusebo elyo mabashi iyikulu pamo nabantu abengi.,Bushe finshi aba abaume basano abali pacitesheni balecita?,abalumendo abekatene nama shati ya makumbimakumbi baleenda no kushimika ilyashi. Shikulu bantu uuli ne caketi lya butuluka ne toloshi lya butulukila eminine ne cakukopelako. Abashala babili baleenda
9716,Abantu abapusanapusana aba mishinku iyalekalekana bali mucibansa cakuteyelamo umupila.,Bushe aba Abantu abali mucibansa balecitamo  finshi?,Abaume abali pakati kacibansa baleeteya umupila uo beta mucingeleshi ati lagibi elyo abali mumbali yacibansa bena baletamba abaleteya pakati.,Bushe abaleteya umupila wa lagibi bafweele finshi apo bali mumabumba yabili?,Ibumba limo ilya abaume lifwele amashati yabuuta ne filembo  ifya makumbimakumbi  elyo no tutoloshi twamutuntula elyo ibumba limbi bafweele amashati yamakumbimakumbi no tutoloshi twabutuluka.
9717,Umwana umulumendo uufwele ishati ne toloshi lya buuta no mushipi wamutuntula aletukusha umubili.,Bushe uyu mwana finshi alecita pakutukusha umubili wakwe?,Uyu Umwana alesambilila icangalo ico beta mucingeleshi ati kalati.Cipalile kwati pali abalemusambilisha.,Bushe uyu umwana uwacaice eminine shani ilyo alesambila no kwesha icangalo cakwe?,Umwana umulumendo naiminina ukobomfya ukulu kumo elyo kumbi akubikile mu muulu. Naposa amano kufyo alecita pantu atontele amenso pamo kabili alebomfya amaka yakwe yonse.
9718,Abana abaume babili abacaice bali mucishiba ca menshi beka munshita yakasuba.,Bushe finshi aba abana abaume babili beleciita mucishiba cameenshi?,Abana abacaice abalumendo babili  baleesamba mucishiba cameenshi munshita ya kasuba.,Finshi aba Bana bafweele pa kowa mu meenshi yamu cishiba?,Umwana umo nafwala amakalashi yakowelamo iyafiita elyo Umbi nafwala icakwafwilisha ukukana buundaice langi lya mutuntula.
9719,Umwanakashi  uwaina nembwa iikalamba  bali kuncende yakwangalilako iyo beta mucingeleshi ati paka.,Bushe finshi uyu umwanakashi nembwa yakwe balecita kuli ici cifulo?,Uyu mwanakashi   nembwa yakwe    iyafiita baleeangala ukubomfya intambo iyakosa sana iyabutuluka,Bushe uyu umwanakashi uwa mushishi uwipi uwa butuluka afwele finshi?,Uyu umwanakashi  uwa mushishi afwele itoloshi i lya makumbimakumbi ne campepo camacungwamacungwa nensapato shabutulukila.
9720,Abaume babili ababomba kufyamisebo nama motoka nabeminina pa musebo waba motoka.,Mumusebo waba motoka muli bamotoka abengi abaleeya muntunga ishapusanapusana.,Bushe aba abaume ababili ababomba kufyamisebo naba motoka bafweele finshi?,Aba abaume abeminine pa musebo bafweele amawinifomu yabakabomba bapa miseebo nefimpompo fyakucingilila kumutwe.,Aba abaume babili belemoneka kwati balececeta  motoka iyiminine. Iyi motoka iikwete utumalaiti tutatu  ilemonaka kwati nayonaikila pa musebo
9721,Umwaume uufwele  ishati ilyabuuta mukati nelya butulukila kunse ilyapitamo utumishilwa utwafiita naiminina,Bushe uyu umwaume epinine pakati yabanani mumimonekele?,Uyu umwaume alrmoneka kwati eminine pakati ka bantu babili abapusanapusana pantu palemoneka amaboko yabantu babili.,Bushe nifinshi aba abantu abashikulwike uyu umwaume balecita kabili nifinshi bakwete?,Aba abantu babili nabakwata imfuti cila muntu  kabili balesonta uyu umwaume uwa mushishi uwipi uwafiita.
9722,Abantu abapusanapusana apali abaume na banakashi na bacaice bali kuncende imo ine kabili baleenda munshita yakasuba.,Bushe iyi incende baliko ilemoneka shani mumimonekele yamu menso?,Iyi incende ilemoneka kwati ishingulwike no mumana kabili  naitalala nganshi pantu abantu abaleenda naba fwaala ifyampepo.,Bushe  umwanakashi uufwele shikafu ya kashikila ne campepo cafiita pamo na bambi abali kunuma yakwe baleenda pali cinshi?,Uyu Umwanakashi uufwele icampepo cafiita na shikafu wa kashikila uusendele ne coola cabuuta elyo nabali kunuma yakwe baleenda pabulalo
9723,Abantu batatu abapusanapusana baleendela pamo mu musebo munshita yakasuba.,Bushe aba bantu balekanalekana baleemoneka shani mumimonekele?,Abantu babili abali kutanshi abaleendela pamo balemoneka abansansa pantu baleemwentula elyi balelanda ilyashi.,Bushe aba bantu abaleenda mu musebo  umuli nama yanda mumbali bafweele finshi?,Umo pali aba abali Kuntanshi nafwala icakufwala icafiita elyo Umbi afwele umwingila uukwete ilangi lya kashiika nelya fiita
9724,"Umwana umwaume umwaice uufwele icaketi ,insapato elyo ne toloshi lya fiita naiminina mumuputule .",Bushe uyu Umwana umwaume uwacaice uukwete umushishi wabutuluka eekete finshi muminwe?,Uyu Umwana umwaume uwacaice eekete  icabupe icilemoneka icabuuta icalinga mu bukulu.,Nibanani bambi abali mu muputule umuli Uyu Umwana uwacaice?,Kunuma ya uyu Umwana kulemoneka banabwinga na bashibwinga pantu nabafwala icitebo  icabuuta elyo na suti Iyo babomfya pa bwinga.
9725,Abanakashi babili abakalamba bali mu muputule umo umuli na Bantu na Bambi.,Bushe Umwanakashi uufwele icampepo ca macungwamacungwa na shikafu wamalangi yapusana alecita finshi?,Umwanakashi uukwete  umushishi uwipi kabili umutali alelya switi iyakashika cipalile kwati nailowa sana.,Bushe Umwanakashi uufwele icampepo cafiita na kamu mukoshi aka kashikila alecita finshi mumuputule?,Uyu Umwanakashi uufwele icampepo cafiita alemoneka kwati alelya ifyakulya pantu alemoneka kwati nakwata fimo mukana
9726,Umwana umwaume uwacaice uufwele ishati ilyatumishilwa twa mutuntula no twabutulukila ali mumuputule wamu ng'anda,Bushe uyu Umwana ali nabanani multi uyu mumuputule ?,Cilemoneka kwati ali naba nyina pantu kunuma yakwe kuli umwanakashi umukulu uufwele ishati lya katapakatapa.,Bushe uyu Umwana na nyina nelecita finshi mumuputule wa kwipikilamo?,Uyu mwanakashi no mwana wakwe balemoneka kwati baleipika nelyo balepanga ifyakulya pantu balekumbawila mubale umuli fimo ifyakubomfya pakupanga ifyakulya.
9727,Umwana umulumendo naiminina kuncende imo iilemoneka iisuma nganshi mu nshita yabushiku.,Bushe nifinshi uyu mwana umulumendo afwele Ku mubili?,Uyu Umwana uwacaice uwa mushishi uwipi uwa butuluka  afwele ishati ilya makumbimakumbi  neca kashiika pakati,Bushe nifinshi uyu mwana umulumendo alecita kuli Iyi incende eminineko?,Uyu Umwana alemoneka aleeangala kuli Iyi incende pantu muminwe yakwe nakwata umupila wakuputamo no mwela  uwakashika uwa kwangasha
9728,Umwanakashi uufwele icampepo ca butuluka ali kuncende iyo abantu batushishapo.,Nifinshi uyu Umwanakashi uwa mushishi uwipi alecita kuli Iyi incende eka?,Uyu mwanakashi naikale pe tebulo ilya bulungana apali no tupuna twakwikalapo  tusano.,Bushe uyu Umwanakashi uukwete icoola cakashiika alecita finshi petubulo ?,Uyu mwanakashi alemoneka alebelenga pantu aali ne nyunshipepala pe tebulo kabili alelolekesha na pali iine inyunshipepala .
9729,Umwaume uufwele akaputula ne toloshi ifya butuluka aali kuncende imo eka mu nshita yakasuba.,Bushe iyi incende aliko ilemoneka shani mumimonekele?,Iyi incende ilemoneka iya funda kabili naikwata ifimuti ifingi na ifyani ifya katapakatapa elyo nalabili ilemoneka iya mabwe pantu kulemoneka amabwe ayengi.,Bushe nifinshi Uyu umwaume  uwankanda ya buuta alecita kuli Iyi incende eka?,Uyu umwaume alecofa incinga iyelangi ilyafiita nelya mutuntula  mukamusebo akali na mabwe ayengi kanshi.
9730,Abaume basano aba mushinku wapakati bali kuncende imo uukuli icibumba icitaali nganshi,Bushe aba abaume basano nifinshi bafweele kumubili ilyo Bali kuli iyi ncende?,Batatu pali aba baume bafweele ifyakufwala ifya kubombelamo ifyabuuta ifyapangwa na pulashitiki elyo abashala babili bena bafwelefye amatoloshi yansalu elyo nefya kumulu ifyansalu.,Bushe nifinshi aba Abaume basano balecita kuli Iyi incende iyo baliko?,Aba Abaume basano balepenta ifyakupentapenta ukubomfya amalangi ayengi nganshi  kabili balelanshanya ilyo balebomba.
9731,Umwaume uufwele icaketi lya makumbimakumbi ne shati lya makumbimakumbi no tuma ntoni ntoni twa buuta naikala kuncende imo kabili nashintilisha kucibumba.,Bushe nifinshi Uyu umwaume uwa mumushinku wapakati ekete muminwe yakwe?,Ekete icibombelo ico babomfya ilyo balelisha inyimbo ico beta mucingeleshi ati banjo.,Bushe Uyu umwaume alemoneka alecita finshi apa epo ekele?,Uyu umwaume alemoneka aleliisha inyimbo pantu muminwe yakwe naikata baanjo uwa bulauni umukulu.
9732,Abantu abapusanapusana bali kucibansa cakuteyelako amangalo mu nshita yakasuba.,Bushe ici icibansa cilemoneka shani mumimonekele?,icibansa cilemoneka icikalamba elyo na panshi pali utufyani utunono nakabili umwakuteyela ubwangalo naba shingulushako ulupango lwa makumbimakumbi.,Bushe bwangalo nshi aba Abaume abalecimfyanya baleteya muli ici icibansa?,Aba baume  baleeteya ubwangalo ubwakucimfya ukwensha bakabalwe  pantu Uyu umwaume uuli pali kabalwe wafiita alemoneka  ali nensansa pantu acimfya.
9733,Abantu basano apali umwaume umo na banakashi bane baali kuncende imo iisuma nganshi,Bushe incende baliko ilemoneka shani mumimonekele?,Iyi incende ilemoneka iisuma saana  kabili kuli nefimabwe ifikuulu elyo no mumana uunono.,Bushe nifinshi aba abantu basano balecita kuli ici cifulo munshita yakasuba?,Umwanakashi uufwele akaputula ka kashiika na kashati ka tumishilwa twabuuta no twakashiika naikala pacibumbili pamo no mwaume uufwele ishati lya tubokoshi . Aba banakashi bashaala batatu nabeminina balelanshanya
9734,Abantu abapusanapusana apali abaume na banakashi Aba mushinku balekanalekana  baali kuncende imo ukuli nefikuulwa ifitali nganshi.,Bushe aba bantu bafweele ifyakufwala fyamusango nshi uku uko baali?,Abantu bamo bafweele imingila yakashiika elyo bambi bafweele imingila yakshiika namashati yamacungwamacungwa kumfwa bambi bena bafweele imingila yakashiika ne fisote ifyakashika.,Bushe aba bantu abengi abalekanalekana balecita finshi munshita yakasuba?,Aba abantu balemoneka kwati balesefya ifyakusefya pantu kuli ukwanga. elyo bambi balelisha ne mitolilo
9735,Umwaume uufwele akaputula ne shati lya makumbimakumbi aali mucibansa cakuteyelamo amangalo.,Bushe icibansa ici  icakuteyelamo amangalo cilemoneka shani?,Ici icibansa cilemoneka icikalamba kabili icabusaka panshi balipentapo na malangi yakashikila elyo Maya mutuntula. Nakabili muli no tucani itwa katapakatapa .,Bushe Uyu umwaume umutali nifinshi alecita muli ici icibansa?,Uyu umwaume aletukusha umubili  ukubomfya utubokoshi utwapangwa ne fimuti ifyayanguka eto aletolokapo .
9736,Umwanakashi uwaina uufwele ishati lya makumbimakumbi na kakunse aka macungwamacungwa  naikala.,Bushe Uyu mwanakashi ekele kwisa munshita yakasuba?,Uyu mwanakashi ekele mwi ofeshi ilinono ilyapangwa ne fyele elyo namakalashi .,Bushe Uyu mwanakashi nifinshi alecita muli ili iofeshi ilya pa musebo?,Uyu Umwanakashi aleebomba incito yakulipilisha umusonko wapamusebo pantu natambika aka kulipililapo indalama
9737,Umwaume uufwele fye itoloshi ilya fiita ukwabula ishati naikala eka.,Bushe Uyu umwaume uwankanda iya buuta nipanshi ekele?,Uyu umwaume ekeele pafimabwe ifikuulu nganshi ifya kumumana ifipalamine ne fimaluba ifya katapakatapa,Bushe Uyu umwaume nifinshi alecita kumumana uku ekele eka?,Uyu umwaume alelolesha pafintu fimo ukubomfya icakumwenako icitali ico ekete muminwe yakwe.
9738,Abana babili abaice apali umwaume umo no mukashana  nabanina panama iyi kalamba.,Bushe aba abana ni pa nama nshi banine uku uko baali?,Abana abaice banine pa ngamila iyikulu iyabutuuluka kabili iyaina pa mubili.,Nikucifulo nshi aba abana bali kabili kulemoneka shani mumimonekele?,Aba abana bali kululamba lwamumana uukalamba nganshi na kabili Uyu umumana ulemoneka uwa makumbimakumbi.
9739,Abantu abapusanapusana  abali abaume na banakashi abamishinku iyapusanapusana nabeminina,Bushe aba bantu balekanalekana balemoneka baali kuncende nshi?,Balemoneka baali kucitesheni eko baninine indeke kabili ici icitesheni cilemoneka icikalamba.,Umwanakashi uufwele winifomu wa makumbimakumbi alemwentula kabili naikala mupepi no mwaume uufwele winifomu umo wine .,Umwanakashi no mwaume abekele patanshi kabili abafweele winifomu umo wine balemoneka kwati babomba pacitesheni ca ndeke.
9740,Umwaume uufwele ishati lya fiita ali no mwanakashi uufwele ishati lya makumbimakumbi .,Bushe Uyu mwanakashi no mwaume balecita finshi munshita yacungulo?,Uyu Umwaume uukwete fwaka  no mwanakashi uwamushishi wabutuluka balefyompana pa kanwa.,Bushe incende iyi Uyu mwanakashi no mwaume baliko cilemoneka kwati ni incende nshi?,Iyi incende baliko ukuli nabantu abalekanalekana nincende iyo bashitishamo no kunwinamo ubwalwa.
9741,Umwanakashi uwaina uufwele ishati lya butuluka nakwata no mushishi uutali ali mumuputule wakusambilamo uwa mung'anda.,Bushe Uyu mumuputule ulemoneka shani mumimonekele?,Ulemoneka uunono kabili uwabusaka  naukwata necibuumba icabuuta ne cilolani ica kuimonamo.,Bushe nifinshi Uyu mwanakashi alecita muli Uyu mumuputule wakusambilamo?,Uyu mwanakashi alewamya muli Uyu mumuputule wakusambilamo ukubomfya ameenshi ne cakukushilako icili muminwe yakwe.
9742,Namaayo uufwele umwingila wa makumbimakumbi naiminina elyo shitaata uufwele ishati lya butuluka ne toloshi lya makumbimakumbi naikala.,Bushe nifinshi Uyu shitaata uwikele pacisaka alecita?,Uyu shitaata uwikele pa cisaka aleshitisha ifilimwa ne fisabo ifyalekanalekana.,Bushe Uyu namaayo uwaina uwiminine nifinshi alecita apa pa musebo?,Uyu mwanakashi aleshiita ifisabo ifyapusanapusana ifyo shitaata aleshitisha pa musebo.
9743,Abamulupwa apali abafyashi babili na bana babili bali pamo mumuputule.,Bushe nifinshi ifyo abali muli ulu lupwa balecita munshita yakasuba?,Aba abamulupwa  balepepela pamo pantu bonse nabakontama elyo nabashiibata amenso.,Bushe nifinshi fili mumuputule elyo napetebulo?,Mumuputule muli ama buuku ayengi elyo pe tebulo apo bekele napo pali ifitabo ifilemoneka kwati bacilafibomfya mukusambilila.
9744,Umwana uwacaice umukashana uufwele akashati ka makumbimakumbi naikala.,Bushe uyu Umwana uwacaice Umwanakashi alemoneka eekele kwisa?,Uyu Umwana umwaice aali mumpaanga iisuma iikwete ne fimuti fya katapakatapa ifingi,Bushe uyu Umwana alemoneka alaciita finshi kuli Ici cifulo?,Uyu Umwana alemoneka aleyangala no bubumbo  nakabili alemoneka uwansansa nganshi.
9745,Abanakashi babili abasendele imyamfuli ya makumbimakumbi baleenda.,Bushe aba Abanakashi bafweele finshi ilyo baleenda?,Umo pali aba Abanakashi afweele shiketi wa kashikila ne shati lya fiita elyo uwabubili afwele itoloshi lya makumbimakumbi nakashati ka tumishilwa twa kashikila no twa buuta.,Bushe aba Abanakashi baleeya kwisa kabili nikwisa uko bali?,Aba Abanakashi bali mu musebo umuli imyotoka ishingi nganshi nakabili aba banakashi balemoneka kwati baleciluka umusebo wa bamotoka.
9746,Umwana umulumendo uwacaice uufwele icampepo ca kashiika ne toloshi lya tumishilwa twa katapakatapa no twabutuluka naiminina,Bushe nipesa uyu Umwana umwaume eminine nama jombo yafiita?,uyu Umwana umwaume eminine pameenshi ayo betile panshi.,Bushe uyu Umwana nifinshi ekete muminwe kabili alemoneka shani?,Uyu Umwana naikata icakupyangulako ameenshi nakabili alemoneka alalolesha umuntu umo kabili alemwentula no kumwentula
9747,Abantu babili apali Umwanakashi uwacaice no mwanakashi umukalambako bali mumpaanga.,Bushe iyi impaanga baliko aba bantu babili ilemoneka shani?,Iyi impaanga ilemoneka iikalamba kabili naikwata ne fyani ifingi  nakabili naikwata amabwe ayakulu.,Bushe aba Abanakashi babili balecita finshi kuli iyi impaanga munshita yakasuba?,umwanakashi uufwele icampepo ca mutuntula na shiketi wa kashikila alebuutauka mu mpaanga elyo uyu Umbi uusendele icipe munuma ne campepo ca malangi yabili naikala pe libwe.
9748,Imbwa shibili imo iyabuuta imbi iyamalangi yafiita naya buuta shili mumuputule.,Bushe uyu umuputule imbwa shilimo ulemoneka shani?,Uyu umuputule ulemoneka uunono kabili muli nakapeti yamalangi yapusanapusana ne tebulo ilinono,Bushe ishi imbwa shilecita finshi muli uyu umuputule uunono.,ishi imbwa shibili shilelwila icilubi cama langi ya katapakatapa naya macungwamacungwa.
9749,Umwana umwanakashi uwacaice naikala mumuputule munshita yakasuba.,Bushe nifinshi Uyu Umwana uwacaice umukashana afwele?,Uyu umwana uwacaice umukashana afweele indeleshi iyatiikama nakabekobeko mumushishi,Bushe nifinshi uyu umwana alecita muli uyu umuputule ?,Uyu umwana umukashana alewamya indyato  shakwe isha katapakata pakuti afumyeko ifiko.
9750,Abantu abengi apali abacaice naba kalamba bali kuncende imo na basenda nefyola munuma.,Bushe iyi incende ilemoneka ni ncende nshi ukulingana be filiko?,Iyi incende  ilemoneka kwati ni mpaanga umwaba ifimuti na mabwe ayengi nganshi.,Bushe ili ibumba lya Bantu  lilemoneka lishile mukucita finshi kuli iyi incende?,Ili ibumba lya Bantu aba mishinku yapusana lilemoneka lishile mukutandala kuli iyi incende elyo abalemonekapo abakulu pali ili ibumba ebaletungulula abashala
9751,Abaume bane bali mu muputule uunono uwakubombelamo.,Bushe ni finshi ifili muli uyu umuputule waku bombelamo?,Multi uyu umuputule muli icakubikamo amabuuku icamacungwamacungwa apali no tumaluba nakabili muli itebulo ilikalamba no tupuuna tusano.,Bushe aba abaume abali muli ili iofeshi lya kubombelamo baleciita finshi?,Aba abaume bane balebomba ukubomfya bakompyuta pantu bonse nabakwata ba kompyuta elyo na kabili balenwa ifyakunwa ifili petebulo
9752,Umuntu ne mbwa  ye langi lya fitulukila bali mu muputule munshita ya kasuba .,Bushe uyu umuntu alecita finshi muli uyu wine umuputule?,Uyu umuntu alelya ifyakulya ifili pakabale na kabili alemoneka kwati alebelenga pantu pacipuna ekelepo pali ibuuku na komyuta.,Bushe iyi imbwa iikwete umushipi wa mantonintoni ayabuuta naya kashiika ilecita finshi?,Iyi imbwa naishintilisha uyu  umuntu uwikele pacipuna. ibikile imutwe waiko pacisalu icafiita.
9753,Umwaume uufweele ishati ilyakashikila Ali pamusebo waba motoka uukalamba mu nshita yakasuba.,Bushe uyu umwaume nifishinshi alecita pali uyu umusebo waba motoka?,uyu mwaume aleensha  kamotoka akanono  akelangi lyakatapakatapa nelya butuluka ako beta ati tukutuku,Bushe uyu umusebo waba motoka ulemoneka shani mumimonekele.,Uyu umusebo wapiita kuncende iyakwata ifikuulwa ifiitali nganshi mumbali pamo pene ne fimuti ifitali. Na kabili muli uyu umusebo muli bamotoka na Bambi.
9754,Abantu abapusanapusana bali mu musebo uukalamba uukwete ifikulwa mumbali.,Ni finshi aba abantu abalekanalekana balecita muli uyu musebo?,Aba abantu apali abaume na banakashi abamishinku yalekanalekana baleenda muli uyu musebo.,Bushe cilemoneka kwati ninshita nshi iyu mwanakashi  uufwele icampepo cakashikila aleenda ?,Cilemoneka kwati iyi ninshita yacungulo kabili iya mfula pantu uyu mwanakashi uusendele icoola munuma nakwata imwamfuli wa kashiika
9755,Umwana umwaume uwacaice uwa mushishi uwipi aali mumpaanga eka.,Bushe iyi impaanga ilemoneka shani mumimonekele?,iyi incende ilemoneka iya fuunda nganshi pantu naikwata  icani icisuuma ica katapakatapa,Bushe uyu umwana aleciita finshi kabili alemoneka shani pamenso?,uyu umwana aleangala no bubumbo pantu ali na kashishi pa myona kabili alemoneka ali nensansa.
9756,Abaume babili abaina nabeminina pamo pene kabili nabakumbatana.,Bushe ni mwisa aba baume babili be minine kabili mulemoneka shani?,Aba abaume beminine muli cimotoka icikulu icabuuta icikwete ne filembo fya kashiika elyo kabili uyu motoka alemoneka nakwata umutanto.,Bushe aba abaume babili nifinshi bafwele kumubili ?,Aba abaume babili bafweele amashati yamalangi ayapusanapusana ne fya mumukoshi ifya kashikila ne fya katapakatapa naba shiketi bapangwa na masaka.
9757,Shikulu Bantu umukote uufweele ishati lya makumbimakumbi ne cisote cabuuta  naiminina.,Bushe nikwisa uyu shikulu bantu uuli nama kalashi yafiita eminine?,Uyu shikulu Bantu eminine mumpaanga umuli amaluba ayabalula sana kabili ayalemoneka bwino nganshi.,Bushe nifinshi uyu shikulu Bantu alaciita muli iyi incende iisuma nganshi?,Cilemoneka   kwati uyu shikulu Bantu aletamba utumaluba utwapusanapusana elyo aletwikata no kutwikata.
9758,Abana babili umwaume no mwanakash abafwele amashati yabuuta bali mu muputule umo.,Bushe umuputule balimo aba Bana ulemoneka shani?,Uyu umuputule balimo ulemoneka uwafiita cipalile kwati ni munshita yabushiku aba Bana bali muli uyu umuputule.,Bushe nifinshi aba abana balecita muli uyu umuputule muli iyi inshita?,Aba abana balemoneka  kwati baleteya ubwangalo ukubomfya aka akantu bekete muminwe.
9759,Abantu bane apali abaume batatu no mwanakashi umo bali kuncende imo,Bushe iyi incende baliko ilemoneka shani mumimonekele?,iyi incende ilemoneka ne fimuti ifingi nganshi kabili kuli nama cinga ayengi  nganshi.,Bushe ni finshi aba Abantu bane balecita kuli iyi incende?,Umwaume uuli mupepi ne fimiti aleenda aba bashala batatu nabekela balelanshanya fimo ukubomfya icitabo pantu uyu Umwaume uufweele amakalashi alemoneka kwati aleebelenga icitabo no kulondolola
9760,Abaume babili aba mushinku wa pakati nabeminina akatalamukila na motoka.,Bushe ni finshi aba abaume babili bafweele kumubili?,Umwaume uwakubalilapo afwele ofoloshi uwa mutuntula ne shati lya butuluka nefya kuminwe ifya makumbimakumbi elyo uyu umbi afwele ishati lya buuta ne campepo cakashiika.,Bushe ni finshi aba abaume babili balecita mupepi ne cibumba kumbali yamusebo?,Aba abaume baleefungulula icilemoneka nge sumbu ilitali kabili ilikulu ilya kulobelako isabi.
9761,Abantu abapusanapusana apali abacaice abengi na bakalamba bali kucifulo cimo.,Bushe ici icifulo baliko cilemoneka shani mumimonekele?,Ici icifulo baliko cilemoneka kwati cifulo uko batambila amangalo ayapusanapusana,Bushe abacaice bane abekele akatalamulakila kubakalamba  balecita finshi?,Aba abacaice abamishinku iyapusanapusana balemoneka kwati baleangalila pamo ukwabula ubwafya ubuli bonse.
9762,Umufyashi uwa nkanda yabuuta umwaume no mwana wakwe  umwaume nabeminina,Bushe uyu Umwaume uufweele ishati ne toloshi lyakashikila no umwana wakwe bemine pesa?,Uyu mwaume no mwana wakwe beminine kunuma yeshitima ilyamalangi yatatu.,Bushe incende ili ishitima liliko ilemoneka shani mumimonekele?,Iyi incende  baliko ilemoneka yalipalamina nama yanda elyo na kabili inyanji yapita mupepi nefimuti fyamalaiti.
9763,Icuni icelangi lya buuta no mulomo wasompa uwakashikila naciminina,Bushe ici icuni icisuma nganshi icamikonso ciminine kwisa ?,Ici coni ciminine mu menshi cilemoneka kwati ni mumuna uwapalamina ne fyani.,Bushe ni finshi ici coni cilecita umu mumenshi ciminine?,cilemoneka kwati ici coni cilefwaya utwakulya mu meenshi elyo kabili cilenwa na meenshi yene.
9764,Umwaume uufweele ishati lya kafiita nakaputula kafitulukila akepi akalefika mumakufi naiminina.,Bushe ni finshi uyu umwaume ali nafyo muli iyi incende?,Uyu mwaume ali ne mbwa iikwete amalangi yafiita na yakashikila iikakilwe na kumwendo wakashiika.,Bushe ni finshi Uyu mwaume balecita muli Iyi impaanga uku ninshi naiminina na pa mabwe?,Uyu mwaume alemoneka kwati alelolesha ifimuti ifili akatalamukila napo eminine.
9765,Abantu abapusanapusana  apali abacaice na bakalamba nabeminina pamo,Bushe ni pesa aba Bantu beminine?,Aba Bantu beminine panse ya motoka uwa buuta nefilembo fya makumbimakumbi.,Bushe ni finshi aba Abantu abapusanapusana balecita apa beminine panse wa motoka.,Cipalile kwati aba Bantu baleshita ifyakulya ifyo beta mucingeleshi ati iaisi kilimu
9766,Abantu abengi apali abaume na banakashi aba mishinku iyalekanaleka Bali Ku cifulo cimo munshita yabushiku.,Bushe aba abantu abapusanapusana ni kwisa baali pali iyi inshita?,Aba bantu baali Ku cikuulwa uko bakalisha Ba filimba balelisha inyimbo ukubomfya ifisolobelo fyakulishishako inyimbo.,Bushe nifinshi aba abantu baleciita kuli iyi incende mushita ya bushiku?,Aba abantu  apali abamishinku iyal ekanalekana balekutika no kutamba abalelisha ifilimba .
9767,Abacaice babili abalumendo baali mu muputule munshita yakasuba kabili nabasendama pamo.,Bushe aba abalumendo abafwele ifyakufwala ifyapusana amalangi bekele pesa?,Aba abalumendo abaali no mushishi uwipi bonse bekele pa busanshi ubwayanswa busakabusaka.,Bushe nifinshi  aba abacaice balecita muli uyu umuputule?,Aba abalumendo balemoneka kwati baletamba fimo ifibasekeshe nganshi pantu bonse baloleshe kumo elyo ninshi naba mwentula no kumwentula.
9768,Abantu abalekanalekana baali kuncende imo  iikulu nganshi kabili iisuma,Bushe iyi incense aba abantu baliko ilemoneka shani ?,Iyi incende ilemoneka iisuma nganshi kabili naikwata ne cani icakatapakatapa elyo nefimuti ifyelangi limo line ifikulu.,Bushe abantu Bali kuli iyi incende balecita finshi?,Abakashana abafwele amakalashi yafiita ayakumwenako mukasuba baleenda elyo Bambi abali kunuma yabo nabekala cinkansha Bambi bena nabo baleenda mupepi ne fimuti
9769,Imbwa iya masako ya bulauni ayengi naiminina pancende imo munshita yakasuba.,Bushe incende iiminine iyi imbwa mulemoneka shani mukumona?,iyi incende ilemoneka kwati nipanse yang'anda apo bawashisha pantu pali amafolo ya sopo ayengi saana,Bushe ni finshi iyi imbwa ileciita pali ici cifulo yeka fye?,Iyi imbwa ileyangala mumafulo ya sopo wakuwashisha  no kuyapasa ukubomfya amoolu yaiko
9770,Abanakashi basano Bambi abamushishi uwipi elyo Bambi abamushishi uutali nabemine elyo Bambi baleenda pancende imo,Bushe iyi incende baliko aba Abakashana ilemoneka shani mumenso?,Iyi  incende ilemoneka iyikalamba nganshi kabili kuli iyi incende kwaliba ifikulwa elyo no musebo Napa kwiminina bamotoka,Bushe iyi incende ipalile  ncende ukulingana nefyo Abakashana balemoneka?,iyi incende naipala kwi sukulu ilikalamba pantu Abakashana bonse balemoneka na bakwata ifyola elyo bafwele kwati bana besukulu.
9771,umwaume uufwele winifomu wa kubombelamo naiminina apali ukufuma panshi,Bushe uyu mwaume uufwele be cimpompo Ku mutwe eminine kwisa?,Uyu mwaume eminine mu cintu ico babomfya ukuilako pamuulu pancito yakupanga ifyakupangapanga ifya ceela,Bushe ni finshi uyu umwaume alecita umu mu muulu eminine?,Uyu mwaume alemoneka kwati ali pancito yakwe alebomba no kubomba  uku ninshi naposako sana amano yakwe yonse
9772,Abaume bane Bali Ku ncende imo ine  babili bafwela  utusote utwa  fiita  na mashati yakashika elyo bambi babili bafwele amashati ayabuuta,Bushe incende aba baume baliko ilemoneka shani mumimonekele?,Iyi incende  incende ilemoneka kwati ni ncende eko  bateyela ubwangalo bwakwensha bakabalwe abakalamba,Bushe ni finshi aba baume bakecuta uku. kuli ici icibansa?,Abaume batatu baleensha bakabalwe mucibansa kabili umo pali bema Ali mukupona pali kabalwe wakwe uyu umo umwaume eminine kunse ya cibansa aletamba abaleensha bakabalwe.
9773,Abaume babili  abafwele ifyampepo fyama cungwamacungwa no mwanakashi umo  uufweele icampepo cafiita nabeminina.,Bushe aba Bantu batatu in kwisa beminine munshinta ya kasuba?,Abaume babili beminine mumbali ya musebo waba motoka mupepi nama shitolo elyo umwanakashi wena eminine pepi pepi no musebo.,Bushe aba Bantu batatu ni finshi balecita pali uyu musebo?,Cipalile kwati aba Bantu  balelolela bashi  uusenda abantu mu musebo ukubatwala Ku mayanda pantu bonse beminine kwati pali ico balelolela.
9774,Abaume basano apali abakulu bane  no wacaice umo  nabeminina pamo.,Bushe nikwisa aba Abaume beminine mukumona?,Abaume babili abafwele amashati umo ilya fiita umbi ilya makumbimakumbi beminine mupepi no mumana abashala batatu beminine akatalukila.,Bushe no finshi aba Abaume baleciita kuli iyi incende pali iyi inshita?,Abaume bane balemoneka kwati beshile kuli iyi incende mukuloba isabi. Elyo uyu uwashala ena alelonda iyi incende nga malonda.
9775,Uwacaice umulumendo uufweele akashati kamakumbimakumbi na kaputula kamalangi yapusanapusana aletoloka.,Bushe uyu umwana uwacaice ni kwisa aletoloka?,Uyu umwana umwaume aletoloka pa meeenshi mu mumana uukalamba nganshi,Bushe uyu umumana ulemoneka shani mumimonekela?,uyu umumana ulemoneka uwashika  kabili ukwete ilangi ilya katapakatapa elyo na kabili ulemoneka kwati uli mupepi no muulu uwa makumbimakumbi
9776,Umwaume umo uwa mushinku  uwa pakati  naimina eka,Bushe icifulo ico umwaume emininepo cilemoneka shani.?,Ici icifulo cilemoneka kwati ka muputule akanono  akapentwa ne langi lya makumbimakumbi na kabli nakakwata napa kusamba iminwe.,Bushe uyu umwaume ulemoneka alecita finshi apa eminine?,Uyu umwaume alemoneka eminine muli aka akamuputule pakuti apepeko fwaka iyo akwete muminwe yakwe
9777,Abantu abapusanapusana  apali Abaume no mwanakashi  elyo no mwana umunono nabekela.,Bushe aba abantu abalekanalekana ni kwisa bekele?,Aba abantu bekele pe tebulo ilikalamba apakulila ifyakulya.,Bushe nifinshi aba Bantu abapusanapusana  baleciita pali ili itebulo ?,Aba abantu cipalile kwati bakumene pa ncende imo mu kulya pantu pe tebulo pali ifyakulya ifingi nganshi ifyalekanalekana
9778,Abantu abengi  nganshi apali Abaume na banakashi bali kuncende imo,Bushe aba abantu incende baliko ipalile kuncende nshi mumimonekele?,Iyi incende ipalile kuncende iyo abantu bapitamo pakuya uko balefwaya ukuya,Bushe ni finshi  aba abantu baleciita kuli iyi incende ukufulile  abantu?,Aba Bantu bonse baleenda elyo nakabili balemoneka abapamfiwa limbi ni pamulandu wa kuti  iyi ninshita yabushiku
9779,Abantu abengi abalekanalekana Bali kuncende imo munshita ya kasuba,Bushe incende aba abantu baliko ilemoneka shani mu mimonekele?,Iyi incende ilemoneka iyampili mpili na kabili naikwata ne fikulwa Ku lubali lumbi.,Bushe ni finshi aba Bantu baleciita kuli iyi incende pali iyi inshita yakasuba?,Umulumendo uuli pamuli wa lupili aleeteya ubwangalo bwa kucofa incinga elyo abashala baletamba uyu umulumendo.
9780,Umwanakashi uwamushinku wapakati  uufwele icampepo cafiita no tumishilwa twamalangi yane no mushishi uutali naikala.,Bushe ni kwi uko uyu mwanakashi ekele pali iyi inshita?,Uyu umwanakashi ekele mu muputule wa kusambililamo kusulu.,Bushe ni finshi Uyu mwanakashi alecita muli uyu umuputule ?,uyu umanakashi alelenga ifya kulengalenga cipalile kwati fyakubomfya pakufunda ukubomfya amalangi ayapusanapusana
9781,Shikulubantu umwipi uwafiita uufwele icitenge ne shati aleenda pamakasa.,Bushe ni finshi uyu shikulu  Bantu asendele mu minwe yakwe?,Uyu shikulubantu asendele icipalile kwati kasuupa ka munkoyo mu minwe,Bushe umusebo shikulu bantu alimo ilemoneka shani mu kumona?,Uyu umusebo ulemoneka uwalinga kabili mu mbali wa uko muli icikulwa ne filimwa pamo ne fimuti
9782,Akana akanono akaume akafwele itoloshi lya makumbimakumbi ne campepo ca kashika kaletoloka,Bushe uyu umwana alebomfya cinshi pakutolaula?,Uyu mwana aletolaukila pa busanshi ubo banshike ukubomfya insalu isha buuta tuutu,Bushe uyu mwana umwaume ni kwisa Ali munshita yakasuba?,Uyu mwana umwaume ali mu muputule waku sendamamo ulemoneka uwapakati mu bukulu
9783,Abakashana batatu abayemba nabeminina pa ncende imo kabili nabapalamanailyo beminine,Bushe Ku ncende uko beminine kelemoneka shani ?,Iyi incende ilemoneka kwati musebo umuli abantu abengi sana icakuti no kwenda nakwafya.,Bushe aba abakashana batatu abeminine balemoneka baleciita finshi?,Babili pali aba abakashana  baleluka icola camwine uuli pantanshi yabo  elyo uyu washala alelolesha kunuma cipalile kwati pali ifyo alefwaya ukumona
9784,Umwana uwacaice umukashana  uufwele ishati lyamutuntula na kaputula ka makumbimakumbi aleyangala,Bushe ni kwisa uko uyu umwana aleyangalila munshita yakasuba?,Uyu umwana aleyangalila mucibansa icikulu imuli nefyani ifya katapakatapa.,Bushe ni finshi uyu umwana alebomfya pakwangala.?,Uyu mwana alebomfya icipalile umupila lelo ici kwete ameenshi icelangi lyamutuntula. kabili icikulu
9785,Abacaice  batatu apali umwaume umo no twanakashi tubili tuleyangalila pamo mu nshita yakasuba,Bushe uko utu utubaice  tuleyangalila amangalo yakucinda ni kwisa?,Aba abacaice Bali kuncende uko abantu baya muku tandala ukuli nefibumba ifitali ne fimuti.,Bushe aba abacaice batatu balemoneka baali nabani kuli ici icifulo?,Aba abacaice cipalile kwati baali naba wishikulu abafwele ishati ilya buuta ne toloshi lya fiita abakele pa kapuna aka fiita
9786,Abantu abengi nganshi Bali ku ncende ilemoneka iyabuuta pamulandu wa meenshi makasa,Bushe ni finshi fimbi ifili kuli iyi incende ukucila pa bantu?,kuli iyi incende kuli icisaka icilemoneka icafyani icikulu  nganshi icakwikalamo abaleteya icangalo.,Bushe ni finshi aba abantu balecita kuli iyi incende iikalamba nganshi?,Abantu baleteya ubwangalo ubwakushelemuka pa meenshi makasa munshita yakasuba
9787,Umulumendo uufwele akaputula kafiita akalefika mumakufi naimina mu menshi ayengi.,Bushe uyu mwaume uuli mu meenshi nifinshi aali nafyo?,Uyu mwaume aali nembwa iyabuuta pa mubili  kabili iyainai ikwete na kanwa kafiita.,Bushe uyu mulumendo ne mbwa Bali mumenshi ya musango wa Shani?,Uyu muntu ne mbwa yakwe Bali mumana uushashika sana uukwete ne fyani ifipi mumbali ifya katakatapa
9788,Umwanakashi umo na baume babili Bali panse yacikulwa icikalamba kabili icabusaka,Bushe ici icikulwa aba bantu balipo cilemoneka Shani?,"Ici cikulwa  cilemoneka icikulu kabili icitali elyo nakabili capangwa nama kalashi iyakulu, cibelele na mumbali yamusebo.",Bushe ni finshi aba abantu batatu balecita panse ya ici cikulwa.,Umwanakashi uufwele ifya fiita naiminina panse ya ici cikulwa elyo umwaume uufwele icampepo cafiita ena aleenda ukulola ku mwinshi kumfwa umwaume uufwele itoloshi lya fitulukila ena naikala.
9789,umulumendo uwacaice uwa mushishi uwipi no mulumendo umukalamba bali mu muputule umo,Bushe uyu umuputule ulemoneka Shani mumimonekele?,Uyu umuputule ulemoneka unono kabili upalile kwati muputule wa mwi sukulu pantu muli amapepala ayengi,Bushe ni finshi aba balumendo babili balecita finshi muli uyu muputule?,Cipalile kwati uyu umukalamba umulumendo alebelenga lelo uyu uwacaice alemuposela ifintu pa menso eico nafimba pa cinso cakwe
9790,Umwaume uufwele ifyakufwala ifyamalangi ayengi aleenda ku mbali yamusebo.,Bushe cipalile kwati uyu umwaume nifinshi alecita mumbali yamusebo?,cipalile kwati aleshitisha ifintu ifyapusanapusana ifyo bapanga ne minwe cilemoneka kwati eupanga ifi fintu,Bushe ifyo aleshitisha filemoneka shani nelyo mlangi nshi fikwete?,"Ifyo aleshitisha fili na malangi ayapusanapusana fimbi fintu fyabuuta ,fimbi ifyakatapakatapa elyo fimbi ifyamakumbimakumbi"
9791,Abantu abalekanalekana apali abaume na banakashi Bali kucibansa uko bacitila ifyangalo.,Bushe ici icibansa cilemoneka Shani kabili bantu banga abaliko?,Ici icibansa cilemoneka icikuluko kabili umwa kucitila amangalo balipishamo akalupango na kabili kuli abantu abengi kuli ici cifulo,Bushe umwaume uuli ne cisote cafiita ne toloshi lyamakumbimakumbi alecita finshi?,Uyu mwaume aleteya icangalo cakwensha bakabalwe pantu aninine Pali kabalwe uwafitulukila umukalamba.
9792,Umwana umwaice umwanakashi uufwele ishati lya maboko ayatali Ilya fiita ne toloshi lya butuluka Ali kumpaanga,Bushe iyi impaanga umwana aliko ilemoneka Shani mumenso?,Iyi impaanga ilemoneka iyafunda ukuli ne fimuti ifitali ifyakatapakatapa.,Bushe nifinshi uyu umwana umwanakashi alecita kuli iyi incende?,Uyu mwana balemwensha Pali kabalwe uwaina kabili uukwete ilangi lyabulauni uuli muncende iyo bapishako ulupango
9793,Umwaume uwankanda iyabuuta no mushishi wafiita Ali panshi.,Bushe ni finshi uyu umwaume afwele kumubili?,Uyu umwaume afwele kaputula iwa fiita ne shati ilyabuta ilyakwata ifilembo ifyafiita elyo nakapakuboko akabutuluka,Bushe nifinshi uyu uwaume alecita apa epo Ali?,Uyu mwaume cipalile kwati aletukusha umubili wakwe apa epo ekele munshita yakasuba.
9794,Umwaume uufwele winifomu uwabutuluka nakapamulu aka katapakatapa ne cimpompo camacungwamacungwa naiminina .,Bushe uku kucifulo iyu umwaume eminineko kulemoneka Shani?,Kulemoneka kwati nimucikulwa ico bacili balekula icishapwa.,Bushe nifinshi ifyo uyu mwaume alecita kuli ici icikulwa icabula ukupwa?,Cipalile kwati uyu mwaume alebomba umulimo wakukula ici cikulwa pakuti cikapwe.
9795,Abantu abalekanalekana Bali kucifulo cimo cine kabili balecita ifintu ifyapusanapusana,Bushe ici icifulo cipalile kucifulo nshi ?,Ici icifulo niku citesheni uko baninina ama shitima pantu kulemoneka inyanji.,Bushe aba abantu abalekanalekana balemoneka balecita finshi kuli ici cifulo?,Cipalile kwati Bambi nabekala elyo Bambi nabeminina balelolela ishitima ukwisa basenda
9796,Abantu abengi nabeminina Pali cimotoka icikulu nganshi.,Bushe ici cimotoka nicimotika camusango nshi?,Ici cimotoka cipalile ico babomfya pakukula ifikulwa ifitali.,Bushe aba abantu abali Pali ici cimotoka bafwele finshi ilyo balebomba.?,Aba abantu bafwele ifyakufwala ifyapusanapusana ifya kubombelamo elyo ne fimpompo.
9797,Umwaume uufwele ishati lya maboko ayepi Ilya fiita naikala pakapuna.,Bushe  uyu umwaume ekele ku ncende nshi ?,Uyu umwaume ekele panse yang'anda cipalile kwati ni mu galadeni kunuma ya ng'anda.,Bushe uyu umwaume ufwele amakalashi iyafiita alecita finshi?,cilemoneka kwati uyu mwaume aletuusha kabili cilemoneka kwati alenwa nafimo ifili muli kapu
9798,Umwaume uufwele ishati ilyafitulukila aleenda  mu musebo.,Bushe uyu umwaume uko Ali nibani Bambi baliko kabili kulemoneka finshi filecitikako.,Uku kuncende kulemoneka abantu abalekanalekana kabili kulemoneka kwati ni kumbali yamusebo.,Bushe uyu umwaume uulemwentula alecita finshi?,Uyu umwaume  nasenda muminwe yakwe ifipalile  kwati fitabo ifyapusanapusana muminwe yakwe .
9799,Umwaume uwacikoloci naiminina mu muputule eka,Bushe uyu umuputule ulemoneka Shani mumimonekele?,Uyu umuputule ulemoneka uukalamba kabili ulemoneka kwati muntu babombela.,Bushe shikulu bantu uuli muli uyu umuputule alecitamo finshi?,Cipalile kwati uyu mwaume alelungisha icapala icilimba icibombela na malaiti
9800,Abantu abalekanalekana Bali mucibansa icamukati umo bateyala amangalo ya mukati kafikulwa.,Bushe abanakashi babili abali pakati ka cibansa ni finshi balecita?,Aba abanakashi baleteya icangalo icakulwa ulukakala,Bushe abantu abali mu cintu bwingi bena balecita finshi muli ici cikulwa?,Aba abantu baletamba aba abanakashi abaleteya icangalo icakulwa ulukakala abafwelele utuputula no tushati utunono
9801,Abantu batatu apali umwaume umo no mwanakashi umo elyo no wacaice Bali mulukungu  lwaku mashitolo.,Bushe ni finshi ifishingulwike kuli ulu ulukungu lwa mashitolo?,Lubali lumo Ulwa lukungu kuli amashitolo elyo lubali lumbi kuli imyotoka ishiminine,Bushe aba abantu batatu balecita finshi muli ulu ulukungu?,Namayo uuli umu mulukungu alebila ifisalu elyo wacaice na shitaata bena nabeminina apapusapusa
9802,Abantu abalekanalekana baletamba umwanakashi uufwele akaputula ka fiita ne shati Ilya kashika,Bushe aba abantu abaletamba uyu umwanakashi Bali kwisa?,Aba abantu Bali mu cikulwa umo bacindila amasha ayakankala nganshi,Bushe uyu umwanakashi baletamba ni finshi alecita?,uyu umwanakashi aletukusha umubili ukupitila mukushana amasha beta mucingeleshi ati balleti
9803,Abantu abengi abalekanalekana  nabekala baletamba umwanakashi uufwele akatoloshi kafiita ne shati ilya buuta.,Bushe aba abantu abaletamba uyu umwanakashi Bali kwisa?,Aba bantu bali mucikulwa umo bateyala amangalo ayalekanalekana.,Bushe bwangalo nshi uyu umwanakashi aleteya pakuti abantu balemutamba.,Uyu umwanakashi aleteya icangalo icakushelemuka no tusapato utwa mawilo ayanono yabili
9804,Shikulubantu uufwele akaputula na kashati ifikwete ilangi ilya buta nelya makumbimakumbi Ali pamusebo.,Bushe uyu umusebo uyu umwaume alimo wabela kwisa?,Cilemoneka kwati uyu umusebo wabela ukwaba umumana uunono.,Bushe nifinshi uyu umwaume alecita Pali uyu umusebo uwapiita kumumana?,Uyu umwaume alecofa incinga iya butuluka iyi kwete ne mipeto  iiyikalamba iyafiita.
9805,Umwaume uufwele ifyakufwala ifyelangi ilyabutuluka Ali mumulu,Bushe ni finshi uyu umwaume alecita ilyo emine mumulu?,uyu mwaume aleteya icangalo ico bateya ukubomfya incinga.,Bushe finshi ficitika ilyo abantu baleteya ubu ubwangalo uyu mwaume aleteya?,Umuntu ala coofa incinga no kuya mu muulu pakuteya ici icangalo uyu mwaume aleteya.
9806,Umwaume no mwanakashi aba fweele ifisuma bali ku ncende imo munshita ya cungulo kasuba.,Bushe ni finshi aba bantu babili bafwele ku mubili?,Umwaume afwele ica kumutwe elyo ne cakufimba ku cifuba elyo umwanakashi afwele icitenge na kafunga mabele aka makumbimakumbi,Bushe ni finshi uyu umwaume no mwanakashi balecita?,Cipalile kwati aba abantu babili  balecita ifisela ifyo bacita ifya kusunga intambi shakumwabo
9807,Abakoloci abali cine lubali abafwele ifisote ifyapusanapusana Bali kuncende imo,Bushe iyi incende baliko ilemoneka Shani kabili ni pesa yabela?,Iyi incende ilemoneka iyafunda kabili naikwata ifyani ifingi kabili cipalile kwati Yaba pamulu.,Bushe ni finshi aba abacikoloci balecita kuli iyi incende?,Cipalile kwati aba abacikoloci cinelubali beshile mukutandala no kwishiba impaanga.
9808,Imbwa iya masako ya fitulukila ili mu meenshi ayengi nganshi,Bushe Aya amenshi yalemoneka nga cinshi mu menso?,Aya amenshi yalemoneka kwati mumana uukulu nganshi kabili uwashika.,Bushe ni finshi imbwa ilecita mu meenshi ya musango uyu?,Iyi imbwa cipalile kwati Pali ifyo yaciya mu kusenda pantu naikwata icintu mu kanwa ka iko
9809,Abaume babili abaina Bali mu muputule  umo nshita ya cungulo kasuba.,Bushe ni finshi ifyo aba abaume babili bafwele kumubili?,Umwaume uwikele afwele itoloshi lya makumbimakumbi ne shati lyatubokoshi elyo umwaume uwiminine ena afwele icampepo icabutuluka ne cisote cafiita.,Bushe ni finshi aba abaume babili balecita muli uyu umuputule?,Cipalile kwati aba abaume balesefya uyu umwaume uwikele pacipuna icafiita.
9810,Abantu batatu abankanda iyakashila  nabekala pa muulu wafimuti.,Bushe apo aba abantu palemoneka nipali cinshi mumimonekele?,Apo aba bantu bekele palemoneka kwati ni pa muulu wa fimiti ifiletungilila ici icikulwa balimo.,Bushe nifinshi aba abantu balecita apa apo bekele nabakontama no kukontama?,Aba abantu cipalile kwati baletapa amenshi muka mumana akalepita panse yacikulwa cipalile kwati Aya amenshi eyo babomfya.
9811,Umwaume no mwanakashi abalemoneka kwati balenshanya nabeminina pa musebo.,Bushe uyu umusebo ulemoneka Shani mumimonekele?,uyu umusebo ulemoneka uukalamba Kabili uwapamfiwa nganshi .,Bushe ni finshi fimbi ifili muli uyu umusebo uukalamba?,Muli uyu umusebo muli ifikulwa ifitali nganshi kabili lubali lumo kuli nama shitolo ayengi nganshi ayakushitamo ifintu
9812,Abaume babili abafwele ifyampepo ifikulu ne fisote nabekala pamo mupepi,Bushe ni kwi aba abaume babili bekele kabili kulemoneka Shani?,Aba abaume babili bekele pa nyanji apapita ishitima kabili iyi incende bekeleko ilemoneka kwati iyi inyanji yalileka ukubomba.,Bushe ni finshi aba abaume babili abekele pa nyanji iyi balecita?,Cipalile kwati aba abaume balelanshanya uku ninshi balelolela fimo pantu uyu mwaume uuli nama jombo alemoneka alelolesha Pali fimo.
9813,Abaume batatu abafwele ifyakufwala ifyakaba nganshi kabili abali ne fisote Bali kuncende imo.,Bushe ni kuncende nshi aba abaume batatu Bali kabili ilemoneka Shani?,Aba abaume Bali ku ncende imo ukuli amenshi makasa na kabili Ii incende ilemoneka iikalamba nganshi.,Bushe ni finshi aba abaume batatu balecita kuli iyi incende?,Cipalile kwati aba abaume balelungisha mashini umo uo babomfya mu ncende umuli amenshi makasa.
9814,Umwaume uufwele icaketi Ilya butuluka ne toloshi lya fiita naikala mu muputule.,Bushe  uyu umuputule ulemoneka Shani mumimonekele?,Uyu umuputule ulemoneka ngo muputule uo balishishamo ifilimba ne nyimbo.,Bushe nifinshi uyu umwaume alecita muli uyu muputule?,Uyu mwaume aleimba ukubomfya icisoselo cafiita  kabili alelisha icilimba icibomba na malaiti.
9815,Uwacaice umwanakashi uufwele ishati ilya buuta no mushishi uutali aleepeluka.,Bushe ni kuli cinshi uyu mwana umwanakashi aleepeluka?,Uyu mwana umwanakashi aleepeluka ku cipalile kwati mutenge uwa pangilwa ne mbao.,Bushe icifulo uyu umwanakashi aliko ilemoneka Shani mumimonekele?,Icifulo cilemoneka kwati cili mupepi ne mpaanga iyikwete ifimuti ifitali kabili ifya katapakata.
9816,Umwaume uufwele itoloshi lya makumbimakumbi ne shati lya bulauni alimumulu.,Bushe ni finshi uyu umwaume aletolokela mu nshita yabushiku.?,Cipalile kwati uyu umwaume aleangala icangalo icakutoloka mumulu no kuponena pa busanshi ubwatuntikana.,Bushe abantu abeminine akatalamukila na ukuli uyu umwaume balecita finshi?,Aba abantu cipalile kwati baletamba uyu umwaume uuletoloka mumulu. munshita ya cungulo kasuba
9817,Umwaume uufwele itoloshi ne shati lya fiita kabili uwaonda naiminina.,Bushe ni kwisa uyu umwaume eminine mu nshita yakasuba?,Uyu mwaume eminine mu muputule uunono upalile kwati muntu bashikila inyimbo,Bushe ni finshi uyu umwaume alecita muli uyu umuputule?,Uyu umwaume cipalile kwati aleshika inyimbo ukubomfya mashini uwa fiita no tusolobelo twa katapakatapa
9818,Umwaume uufwele itoloshi lya fitulukila ne shati lya makumbimakumbi naiminina elyo umwanakashi uufwele ishati ne toloshi lya makumbimakumbi naikala.,Bushe ni finshi uyu umwaume alecita apa eminine?,Uyu mwaume cipalile kwati aleipusha imitengo yafisabo ifyo baleshitisha pa mushika.,Bushe ni finshi uyu mwanakashi uufwele akashati akabula amaboko alecita?,Uyu mwanakashi aleshitisha ifisabo ifyapusanapusana kabili ifingi pa mushika uwabela mumbali ya musebo.
9819,Abaume batatu aba mushinku wa pakati nabeminina mu muputule umo.,Bushe umuputule uo aba baume bemininemo ulemoneka Shani?,Uyu umuputule ulemoneka uwafita cipalile kwati ni nshita yabushiku kabili namwaka na malaiti ayelangi lyakashika muli uyu muputule,Bushe ni finshi aba abaume batatu balecita muli uyu muputule mu nshita yabushiku?,Aba baume batatu balelisha inyimbo ukobomfya ba banjo elyo no kwimba ukubomfya ifisoselo.
9820,Abantu abalekanalekana Bali kucifulo cimo cine munshita yakasuba.,Bushe icifulo aba bantu balekanalekana baliko cilemoneka kwati ni ncende nshi?,ici icifulo cipalile ku ncende iya mupepi no musebo uukalamba elyo na mashitolo ayatantama,Bushe ni finshi aba abantu abalekanalekana balecita kuli ici cifulo,Aba aba abantu abalekanalekana baleya mu ntunga ishapusanapusana kabili bonse balemoneka abapamfiwa.
9821,Umwanakashi uufwele ishati ilyabula amaboko naikala pakapuna mu muputule eka.,Bushe umuputule uyu umwanakashi alimo ulemoneka Shani?,Uyu umuputule ulemoneka unono kabili uwapentwa ne langi Ilya buuta kabili muli uyu muputule muli namaluba.,Bushe ni finshi uyu mwanakashi alecita muli uyu muputule mu nshita yakasuba?,Uyu umwanakashi alabila icakufwala ukubomfya mashini ya kubililako mu nshita ya kasuba
9822,Umwaume uufwele itoloshi ne shati lya fiita ne campepo icakashika alamwentula.,Bushe ni finshi ifilengele uyu umwaume uwiminine atemwe sana ?,Cipalile kwati uyu mwaume nawina indalama ishilembelwe pa kapepa ekete.,Bushe ni banani abali kunuma ya uyu umwaume uulemwentula?,Kunuma ya uyu mwaume kuli umwanakashi uuli no mushishi uutali elyo nashikulu bantu uufwele icampepo cabuuta ne toloshi lya fitulukila
9823,Bantu abengi apali abaume na banakashi Bali kucibansa icikulu mu nshita ya kasuba,Bushe ici icibansa aba abantu baliko cilemoneka Shani mukati?,ici icibansa cilemoneka icikulu kabili nacikwata no tupuna utwa makumbimakumbi utwa kwikalapo,Bushe ni finshi aba abantu abalekanalekana balecita kuli ici cibansa?,Bamo cilemoneka kwati beshile mukuteya umupila elyo Bambi beshile mukutamba abaleteya umupila
9824,Abanakashi batatu nabekala kabili Bali no tubeseni twa macungwamacungwa.,Bushe nifinshi aba banakashi belecita mu nshita yakasuba?,Aba banakashi cipalile kwati Pali uto baletola panshi pa mabwe.,Bushe ku cifulo aba banakashi batatu Bali kulemoneka kwati ni kwisa?,Aba banakashi cipalile kwati apo Bali ni panse ya ng'anda iikalamba nganshi kabili iisuma mu mimonekele
9825,Umwana umulumendo uwankanda yabuuta likucifulo cimo eka,Bushe icifulo uyu uwacaice aliko nikwisa?,Uyu uwacaice cipalile kwati Ali kuncende iyo beta ati paka uko abantu bangalila.,Bushe ni finshi uyu mwana mwaume alecita kuli iyi paka?,Uyu mwana mwaume cipalile kwati aleyangala kabili alebuutuka cilemoneka kwati pali abalemupepeka.
9826,cinkupiti  wa bantu naiminina kunuma ya lupango lwa mutuntula,bushe muli uyu cinkupiti muli abantu  ba mushinku nshi?,"muli uyu cinkupiti muli abantu abamishinku iyapusana pusana abakoloci, imisepela elyo nabacaice. ",abantu muli uyu cinkupiti bafwele ifyakufwala fya malangi ayapusana pusana,abantu muli uyu cinkupiti balemoneka ababulanda kabili beminine pantanshi ya cikulwa.
9827,"imbwa iya mafufu ayafita nayabuta ileangala pa kashimbi aka
",bushe tushimbi twamusangonshi iyi imbwa ileangalapo?,ileangala patushimbi twapentwa ilangi lya kashika me lya buuta,kunuma ya utu utushimbi kuli amatenti  yabili me myotoka shitatu ishikalamba,kunuma ya matenti kuli imyotoka shibili me cimuti icikalamba
9828,abacaice babili abalumendo baleangala mumpanga,bushe finshi aba abacaice  babili bafwele ?,uwacaice umo afwele ishati lya maboko ayepi elyo nakaputila uyu umbi afwele ishati lya maboko ayepi elyo nakasote,awacaice umo alepapa uku ninshi alelolesha mumulu,iimpanga naikwata amabula ya katapakatapa elyo na ifimuti
9829,umulumendo aletolekela mu ci Shiba umuli amenshi Ayakwete ilangi lya makumbi makumbi,bushe finshi uyu umwaume uwaina iwankanda ya buuta afwele ?,uyu umwaume tafwele icakumulu lelo afwelefye akaputula kekakeka,Mumbali ya cishiba muli ifipuma ifyalepa mu bwipo apakutushisha abantu,kunuma ya cishiba kuli icikulwa icikwetwe  amaluba ya katapkatapa
9830,abantu baleufwa imbila ukufuma  mwaume uufwele suti iyafila,bushe finshi uyu umwaume alebomfya pa kulanda kabili alefumya kwisa ifyebo alelanda?,uyu umwaume alebomfyya icisoselo camulabasa  waba BBC kaibili alebelenga ifyebo Fili pacipepala icili mumwinwe yakwe,pali aba abantu Pali abafwele ifyakufwala fyabanakashi babili elyo noufwele ifyabaume umo. Kabili kuli umwaume uulepita kunuma,kunuma ya aba abantu batatu kuli lmendela afyani na ifimuti fya katapa katapa elyo na ulupango.
9831,Umwanakashi naikata intambo ya buta iyakucipampa,bushe finshi Fili pacipampa  Ici uya namayo  uwabuuta inkanda ekakatilile,Ici icipampa cintu cabuta kaibili nacikwata ifilembo ifyabuta na ifyafita,uyu namayo afwele icakufwala CA kumulu icabuta tuutu,nakabili uyu namayo nalemoneka ukuti Ali na insansa
9832,"Imbwa ileenda muka musebo akanono
",Bushe malinga nshi iyi imbwa iyapakati mubukulu ikwete?,Amafufu ku matwi ya Ii imbwa yali ayabutulukila elyo  umubili onse wakwata amafufu ya buta,kumbali ya aka akamusebo kuli impanga umuli ifimuti,amabula ayengi ku fimuti muli iyi mpanga yalyuma
9833,umukashana alettukusha umubili,Bushe ni kwisa uyu umukashana Aletukushisha umubili?,uyu umukashana Aletukushisha umubili ku mbali ya mumana,ILyo uyu umukashana aletukusha umubili naimya amaboko no kulu kumo,uyu umukashana afwele akashati akabuta elyo na itoloshi lya Gini alya fita
9834,abaice babili nabeminina pa mendela  ya kucalo  CA united States of America,Malangi nshi yaba mu mendela ya kucalo ca united States of America?,"Mumendela ya mu calo ca united States mwaba ilangi lya makumbi makumbi, ilyabuta elyo na ilyakashika.",umwaice umo afwele itoloshi ne campepo CA Gini uyu umbi  afwele akashati ne toloshi lya nsalu,aba abaice babili bali ne nsansa kabili balesekelela
9835,umwaume umo nabanakashi bane baleangala,Bushe Nikwisa umwaume umo nabanakashi bane baleangalila?,Baleangalila mululamba lwa cimana ukwaba umucanga uwingi sana,Aba abantu baletoloka ilyo baleangala uku ninshi balesekelela,Aba abantu bafwele ifyakufwala ifyapusana pusana  imitundu elyo na amalangi
9836,abaume batatu nabekala mu mbali ye linga ilitali ilyakashikila,fyakufwala fyamusangonshi aba abaume  batatu bafwele?,abaume bonse bafwele ifyampepo fyafita ne nsapato ishafita,kumbali ya aba abaume kuli icibi icafitulukila elyo na ulupango lwa makumbi makumbi,pantanshi ya lupango Pali icikulwa icakashi
9837,umwaume aleenda pa bulalo bwapangilwa ne  fimuti nama waya,Bushe uyu umwaume umukulu  alefumya Kwisa?,uyu umwaume alefuma kulupili ululi ku numa yakwe ulwakwata  amenshi makasa,ILyo uyu umwaume aleciluka ukubonfya ubulalo naikata kumawaya pakutila eponanena munshi,umushishi wa uyu umwaume  uleululuka pantu kuli umwela uukalamba
9838,abaume babili nabekala uku ninshi umo nashintilisha umunankwe,Bushe aba baume babili  bafwele ama shati ya malangi nshi ?,umwaume uushintilile umunankwe afwele ishati  lya mindoloshi . Elyo umubiye afwele ishati lya fita,bushe cinshi uufwele ishati lya mindoloshi ashintilishishe uufwele ishati lyabuta?,cilemoneka kwati aba abaume bali na ubulanda kanshi balekoseleshanya nangu nabakolwa baleshipula
9839,umwaice aleangasha ifyakwangasha abaice pe tebulo lyapangwa ne mbao,bushe uyu umwaice uwabuuta inkanda  finshi afwele ku mubili?,umwaice afwele ishati ilikwete ilangi lya mucungwa nakaputula iyakashika kashika,bushe uyu umwaice nikwisa aleangashisha ifyakwangasha abaice?,uyu uwacaice aleangalila mu ng'anda  kabili utwaleangasha tumo twa mutuntula elyo tumbi tuntu twafita
9840,Ba shikulu bantu abakoloci na balumendo babili nabekala mu cikulwa,Bushe finshi bashikulu bantu abakoloci balecita ilyo bekele mucikulwa?,Bashikulu bantu abakoloci balebelenga icipepala ca malyashi,Bushe Nikwisa aba baume babili no mwaume umukoloci bali,cilemoneka kwati aba baume babili no mwaume umukoloci bekele mucikulwa umo bashitisha ifyakulya
9841,umwaice umulumendo  aleangalila mumbali yacimashini icipoosa ameenshi,Bushe mumbali ya Ici ci mashini cipompa amenshi mulemoneka shani?,Mumbali ya ici ci mashini muli ifyani afyakatapa katapa,Ici cimashini cipompa amenshi culesukusa ameenshi pantamfu iitali ukuya mumulu,Mumbali ya ici ici cimashini cipompa amenshi kuli  icikulwa
9842,abaume babili abankanda ya buuta nabekala patupuna,Bushe aba abaume babili finshi balecita ilyo bekele patupuna?,umwaume umo naikwata ibotolo lya  bwalwa elyo uyu umbi elelya ifyakulya,umwaume umo ekele pakapuna ka katapakatapa elyo umbi pa kabuta kabili bonse bekele pantanshi ya fimenwa fya katapa katapa,umwaume umo ali na umushishi uutali kabili afwele itoloshi lya  butuluka ne shati lya fita  elyo umbi Ali no mushishi uwipi afwele ishati lyafita
9843,Cinkupiti wabantu  abapusanapusana aleenda musebo,Bushe muli uyu cinkupiti muli abantu bamusangonshi?,Muli uyu cinkupiti muli abaumenna banakashi abamishinku iyalekanalekama,Mumbali ya aka akamusebo muli ifimuti fya katapa katapa elyo namalaiti ya mumusebo,Aka akamusebo aba abantu baleendamo  bakapangila na  sementi
9844,Umukashana aleshana eleshana umusango umo uwamasha pacisebele,Bushe malangi ya musango nshi icisebele cikwete?,Ici icisebele nacikwata insalu iikalamba iyapentwa lubali makumbi makumbi nalubali katapakatapa,Bushe musango nshi uyu mukashana aleshaninamo  pa cisebele?,"Uyu umukashana uufwele akalilaya akepi aletoloka, aimya amaboko mumulu elyo apeta na molu"
9845,umukashana uwafita inkanda aleenda mumbali ya ma shitolo,Bushe finshi uyu umukashana afwele ku mubili?,Uyu umukashana afwele ishati lyamukati ne shati lya kunse  elyo na itoloshi ifyafita.,Bushe finshi igalashi Ilili ku kulyo kwa uyu umukashana wafita lilelangisha,Ili igalasha lilelangisha ukuti ku kuso kwa mukashana kuli motoka elyo na umuntu naumbi.
9846,Umwaume uwankanda yafita aleshitisha ifintu ifyapusapusana mumusebo,Bushe finshi Fili ukukwine uyu umwaume aleshitishisha?,Kuli iyi ncende kuli ifikulwa ifitali fibili ifyaiminina akatalamukila kabili pakati ka fiko Pali pita umusebo umupita abantu abengi,Bushe fipe fya musango nshi uyu umwaume awafita  aleshitishisha mumbali ya musebo,uyu umwaume naikwata ifipe pamo nga ifilubi fya baice elyo na umwanfuli
9847,Ibumba lya bantu abaume na banakashi abamishinku iyalekanalekama nabekala mwi tenti,Bushe aba abantu finshi balecita nabekala mwisamba lye tenti?,Cilemoneka kwati aba abantu balesefya icaka uku ninshi balelisha inyimbo,Bushe finshi ili bumba lilebomfya ukulisha inyimbo kabili bafwele shani?,"Ili ibumba lilebomfya ifilimba ,amapenga elyo nafimbipo ukulisha inyimbo kabili bonse bafwele akasote kakashika"
9848,Umukashana alekutika ku lwimbo ululelisha umulumendo,Bushe uyu umwaume finshi afwele pakulisha ulwimbo,Uyu umwaume afwele itoloshi ne shati  ifyafita kabili Ali na imishishi ishitali,kukulyo kwa uyu umwaume kuli acibumba. Mumbali ya cibumba namwikala abanakashi batatu.,Bonse abanakashi bane nabaposako amano mukumfwa ulwimbo lulelisha umwaume
9849,kapushi akakwata amafufu ya mindoloshi kaleangasha akatambo,Bushe aka kapushi kaleangala musango nshi?,Ilyo aka kapushi kaleangasha akatambo kaletoloka no kutoloka,Bushe incende aka kapushi kaleangalilapo ilemoneka shani?,kunuma ya aka kapushi kuli icibumba icapentwa ilangi ilyakashikila Kali apo kaleangalila ni pamulu was kapeti
9850,Umwanakashi uwa nkanda ya buuta ali no mukashana umunono uwankanda yabuuta.,Bushe uyu umukashana uwankanda ya buuta umukulu alecita inshi?,Cilepala kwati alebika icapala ubowa nelyo icinkolankola pakanwa kamukashana umunono.,Bushe bupusano buli pali aba abanakashi babili aba buuta inkanda?,Umwanakashi umukulu akwete umushishi ishafita elyo umukashana umunono akwete umushishi uwakashika.
9851,Shikulu bantu umukoloci uwabuuta inkanda nalela akanya akali mwi taulo.,londolola ifyo uyu shikulu bantu nakanya ako ekete bafwele?,"Umwaume umukoloci afwele ishati ilyafita, akasote akafita elyo nefyakumwenako",Bushe ni kwisa uyu umwaume umukoloci eminine na kanya,Cilemoneka kwati uyu umwaume ali na kanya eminine mu ng'anda iyapentwa ilangi ilya buutulukila.
9852,Umwaume uwafita inkanda nafwala ifyakuikobaika ku mutwe na mumukoshi.,Bushe cakufwala camusangonshi uyu umwaume awafita afwele kumukwe,kumutwe wakwe uyu umwaume afweleko icitambala icakashika umuptilema ubulungu abwapusana pusana amalangi,Bushe malanginshi yali mubulungu bufwele uyu umwaume kumutwe wakwe?,"Muli ubu ubulungu muli amalangi pamo nga ilangi  ilya mutuntula, ilyafita, ilyakashika elyo na ilyafita."
9853,Umwaume uwaina naikata pacitukutuku icikalamba icakwata ilangi ilyakashika.,Bushe finshi uyu umwaume uwaina afwele kumubili?,Uyu umwaume afwele itoloshi na icampepo cafita apo balenga amafupa ya muntu,Bushe nikwisa uyu umwaume uwaina alyo ekele pa citukutiku,Cilemoneka kwati uyu umwaume ali mumbali ya musebo kabili kukulyo kwakwe kuli icikulwa
9854,Umukashana umunono uwabuuta inkanda ne mishishi  shafita  naikata umupila,Bushe finshi uyu umukashana umunono alecita?,Cilemoneka kwati nabamutambika cimo icakusalapo apo alesala fimo,Bushe ni kwisa uyu umukashana umunono ali ilyo  ekete umupila?,Uyu umukashana umunono ali kucibansa cakwangalilapo ukuli nabacaice banankwe
9855,Umwaume aleangala ubwangalo bwakushelela mumenshi makasa,Bushe uyu umwaume finshi alebomfyya pa kushelela mu menshi makasa?,Uyu umwaume nafwala ifyakushelelako ku makasa yakwe kabili nakwata inkonto shibili  mumunwe yakwe,Bushe uyu umwaume finshi acitile pakutila   aicingilille kukutalala kwa  menshi makasa,"Uyu umwaume nafwala icisote ku mutwe, icampepo elyo na itoloshi ilyakashika"
9856,Umuntu aleangala ubwangalo bwakushelela mumenshi makasa ukubomfya icakunyanta  cimo,Bushe uyu umuntu afwele ifyakufwala nshi pakwangala mu menshi makasa?,"Uyu umuntu afwele itoloshi ilyafita elyo na icakumulu icikwete ilangi lyafita, ilyakashika elyo nelya makumbi makumbi fyonse fibili ifyatikama",Mulandunshi uyu umuntu afwalile  ifyakufwala fya fina usango uyu pa kwangala?,Nipamulandu wakuti alefwaya ukuicingilila kukutala kwa menshi makasa kabili nafwala ne cisote cakuicingila ku mutwe.
9857,Abanakashi babili no mwaume umo nabekala petebulo ilitali Ilya kashikila,Bushe finshi aba abanakashi babili no mwaume umo balecita?,cilemoneka kwati balesoma nokulanshanya ifili mumabuku yali pe tebulo,Bushe nikwisa aba abanakashi babili no mwaume umo bekele?,kunuma ya mwanakashi no mwaume kulemineka ifipuma ifisangwa mu kalasi
9858,Imbwa ileanka cimo icabulungana icakatapakatapa mukanwa kaiko,Bushe iyi imbwa iileikata icabulungana icakatapa katapa ilemoneka shani?,Iyi imbwa naikwata amafufu ayabuta umubili onse elyo nakatambo kashikila Mumu koshi,Bushe iyi imbwa ilecita shani pa kwikata icabulungana icakatapakatapa?,iyi imbwa iletoloka yaimya na molu mumulu elyo yayankila icabulungana icakatapakatapa kukanwa kaiko.
9859,Umulumendo umusepela uwankanda ya buuta alelisha icilimba,Bushe uyu umulumendo uko alelishisha icilimba kulemoneka shani?,uku umulumendo ekele kulemoneka kwati nakufita takuli sana ulubuto,Bushe uyu umulumendo uulelisha icilimba afwele shani?,Uyu umulumendo wacaice afwele ishati ilyabuuta elyo na icampepo cafita kunse.
9860,Umwaume aleangala ubwangalo bwa kwensha akalubao akakwata utumipeto tune.,Bushe uyu umwaume uuleangala ubu ubwangalo afwele finshi?,"Umulumendo nafwala insapato iyafita, ishati ilyabuuta elyo na itoloshi Ilya makumbi makumbi.",Bushe uyu umulumendo aleangala shani ubu ubwangalo?,umulumendo aleensha akalubao katumipeto pakashimbi kali mulukungu lwacikulwa. Kunuma yakwe kuli umuntu uulenda.
9861,aba abaume abali pali ici cikope baleteya ubwangalo ubo beta ati basiketi bol,Bushe aba abaume baleteyba shani ubu ubwangalo bwa basiketi bola?,Muli aba abaume muli amabumba yabili ayalecimfyanya. Ibumba limo  lifwele ifyabuuta  elyo limbi lifwele ifyakashila.,Mumbali ya cibansa ca ubu ubwangalo  muli abantu abaletamba no kulumba abaleteya ubwangalo,Abaume abaleteya ubu ubwangalo bonse bafwele utuputula elyo na namashati yamaboko ayepi
9862,Umwaume uwabuuta inkanda alenina ulupili ukubomfya  ifisolobelo fyakwe,Bushe uyu umwaume fyakufwala fyamusango nshi  ifyo afwele?,"uyu umwaume nafwala icisote ku mutwe, ishati lyafita elyo na itoloshi lyakashikila",Bushe finshi uyu umwaume asendele mumusana wakwe,cilemoneka kwati uyu umwaume nasenda ifyakumutungila ilyo alenina ulupili mumusana wakwe
9863,Umuntu naikala mucibolya ubushiku eka ninshi ne nyanda shilemoneka,Bushe uyu umuntu alemoneka shani pamenso no mubili,uyu umuntu akwete umubili wapakati lelo acinso cakwe tacilemonekesha,Bushe cilemoneka uyu umuntu alecita nshi mu cibolya eka ubushiku?,uyu umuntu alemoneka kwati alefwaya ukumona ifyo intanda shaka bwino ubushiku mucibolya
9864,umwaume no mwanakashi  ababuuta inkanda nabeminina pamo.,Bushe apa uyu mwaume eminine no mwanakashi palemoneka shani?,kunuma ya aba abantu kuli icikope apali ululamba lwa bemba ne fimuti fya katapa katapa kabili mumbaliyabo muli icibumba icapentwa ilangi lyakatapa katapa.,Bushe uyu umwaume no mwanakashi fyakufwala nshi bafwele?,Umwanakashi afwele itoloshi lya makumbi makumbi nakashati kabutuuluka elyo umwaume afwele itoloshi ne shati ifyafita
9865,Abanakashi babili balefumya indalama Pali fi mashini fyakufumishapo indalama,londolola ifyo ifi fimashini fya kufumishapo indalama filemoneka ?,Ifi fimashini bafibika mucibumba kabili nafikwata apakutininka pakufumya indalama.,Londolola abantu beminine  pali fimashini fyakufumishapo indalama?,Kukuso kuli namayo notubana twakwe  akalumendo nakakashana elyo kulyo kuli namayo uulifye eka
9866,aba abalumendo babili abacaice ababuuta inkanda baleangala  mumenshi,Bushenfishi anaba abacaice nafwelenilyo baleangala mumenshi?,Aba baice nabafwala ifyakowelamo ifypentwa ilangi lya makumbi makumbi,Bushe finshi aba abaice balebomfya pa kwangala mu menshi?,Aba abaice nabakwata ifyapapatala ifyapangwa na necipepala ifyayanguka ukucila amenshi pakuti benwena
9867,Umwaume no mwanakashi na beminina  mumusebo,Londolola bushe finshi uyu umwaume no mwanakashi balecita pamusebo?,cilemoneka kwati uyu umwaume no mwanakashi balelangishanya icitemwiko ilyo beminine pamusebo,Bonse babili umwaume no mwanakashi bafwele ifyampepo ifyafita ifyakwata ifisote,kuntanshi yabo kuli icikulwa ico bapenta ilangi Ilya buuta no musebo uukalamba
9868,Muli ici cikuulwa ico bapenta ilangi ilyabuuta muli ubwinga bwabantu babuuta inkanda,Bushe uyu umwaume uufwele suti yafita no mwanakashi uufwele indeleshi  nibani,Uyu umwaume no mwanakashi abeminine ni bana bwinga na naba shibwinga.,Bana bwinga naba shibwinga baleshana pacisebele uku ninshi baleitomona,Pantanshi yabo Pali umuntu uulebakopa nakunuma yabo kuli abantu abaletamba ubwinga
9869,umwaume umo nabanakashi babili nabeminina mumusebo uwabela,Bushe aba abanakashi babili no mwaume nikwisa beminine ?,Kumbali ya aba abanakashi babili no mwaume umo kuli ifimuti ifilelanga ukuti bali mumpanga,Umwaume uufwele itoloshi lyabuuta no mwanakashi uufwele itoloshi lya gini batemwikwa,Aba abatemwikwa babili no mwanakashi uufwele itoloshi lya fita balemoneka kwati lupwa limo ulwansansa
9870,abacaice apali abaume na nabanakashi ninshi nabekala mucikulwa ca ma fitunshi tunshi,Bushe finshi uyu umwaume umwaice alelanga  abanakashi babili abaice abo ali nabo?,uyu umwaume umwaice alelanga abanakashi babili abaice ifili  pacitunshi tunshi,Kunuma ya aba abanakashi babili abaice no mwaume umo umwaice kuli abacaice na bambi abalebomfya ifitunshi tunshi,pali aba abacaice Pali umukashana uwacaice umo nabaume babili abaice
9871,Kuli iyi incende kuli ifimuti ifingi nefipuna fyakushishapo elyo nefikuulwa,Bushe uyu umwaume umukoloci uufwele icampepo icakashikila alecita nshi?,uyu umwaume umukoloci uufwele icampepo icakashikila naikala aletusha pacipuna ca katapa katapa,Bushe finshi filecita umwaume uuli kuntanshi ya uyu umwaume umukoloci,Uyu umwaume uufwele ishati na kasote ifyabuuta elebomba ukubomfya piki
9872,Ici icikope cilelangisha abantu abaisula ishiolo lyakushitamo ifyakulya,Bushe bantu bamusangonshi abeswile ishitolo kabili  baleneka shani?,Pali aba abantu Pali abanakashi bane elyo no mwaume umo,Bushe aba abanakashi bane abaleshitisha ifyakulya bapalene shani imimonekele?,"Aba abanakashi bane bonse bafwele ifyafita kumibili, bonse nabakwata imbale kumaboko  elyo bonse bakwete umushishi uwafita."
9873,abacaice babili abalumendo baleteya ubwangalo beta ati hoki,Bushe uyu umwaume umwaice uuli mu cipanda afwele shani?,Uyu umulumendo wacaice nafwala icisote cakuicingilila kumutwe elyo me fyakucingilila ku moolu.,Uyu uwacaice uuli mu cipanda nakwata ne cakuteyelako abwangalo bwa hooki,Kunuma ya cipanda kuli icimuti icikwete amabula ya katapakatapa elyo nayamutuntula
9874,umwaume umukalamba nafwala ifyakufwala fya ba kapokola,Bushe ifyakufwala fyabakapokola ififwele uyu umwaume filemoneka shani?,Ishati uyu umwaume afwele likwetebilngi lya makumbi makumbi elyo ne mpetapo kabili nafwala ne toloshi lyafita.,Bushe apo uyu umwaume uukalamba eminine palemoneka shani ?,Kunuma ya uyu umwaume kuli icibumba apali icikope icilelangisha abanakashi babili .
9875,Muli Ici icikope muli umuntu uo bakakile intambo ku bantu abali mumbali,Bushe finshi aba abantu bali mumbali balecita kuli uyu umuntu bakakile ali pakati,cilemoneka kwati aba abantu abali mumbali baletinta uyu muntu bakakile ali pakati ukubomfya intambo.,Bushe ni ntambo shamusangonshi  abantu bali mumbali balebomfya ukutintilako uyu umuntu ali pakati,Aba abantu balebomfya intambo ishamalangi pamo nga ilangi lyakatapa katapa elyo nelya  kashikila
9876,Umwaume uukwete indale naikata kulukobo uku ninshi nalolesha mumulu,Bushe uyu umwaume uukwete indale afwele ifyakufwala fyamusango nshi?,Uyu umwaume nafwala iceketi lya fita elyo na ishati ilyabuuta na inkolo mumukoshi.,Kunuma ya uyu umwaume kuli icibumba icapentwa ilangi lya fita apalembwa ifilembo ifyafita,cilemoneka kwati uyu umwaume napelenganishiwa  ilyo alebelenga ifilembo fyabuta  ifili pa cibumba ca fita
9877,Ici icikope cilelanga abantu abamishinku iyapusana pusana balecita ifintu ifyalekanalekana,Bushe finshi aba abanakashi abaice bane abafwele amashati ayafita balecita ?,Aba abanakashi bane abaice abafwele amashati ayafita balebomfya ifyani ilyo balepikula,Bushe aba abantu abali kunuma ya aba abanakashi abaice bane finshi nano balecita ?,"Kunuma ya aba abanakashi bane abaice abantu abalecitabifyapusana pusana bamo balenda ba
mbi baleshimika elyo bambi balepanga amaluba"
9878,Ici icikope cilelangisha abantu ninshi cilamuntu naikala mu ncinga yakwe,Bushe aba abantu finshi balecita ninshi nabekala cila muntu mu ncinga yakwe,Aba abantu balelolela abantu abakusenda pa ma cinga yabo elyo babalipile indalama,Bushe Aya amacinga aba abantu bakwete yalemoneka shani?,Yonse amacinga aba abantu bakwete  nayakwata imipeto ibili elyo ne tenti lyakatapa katapa pamulu
9879,umwaume awabuta inkanda uuli pali icicikope aleimba ulwimbo,Bushe ni finshi uyu umwaume alebomfyya pa kwimba ulwimbo?,Uyu umwaume uuleimba alebomfya icisoselo icafita pa kwimba,Bushe uku kuli umulumendo uyu aleimba kulemoneka shani?,Kunuma ya uyu umulumendo kuli icibumba ico bapangila na injelwa kabili umu Ali mulemoneka kwati muli amalaiti ayapusana pusana amalangi
9880,uwaume umukulu uwiminine ne mbwa ikwete amafufu Aya butulukila elyo naya buuta,Bushe finshi uyu umwaume uuli me mbwa ya mafufu yabuuta naya kashikila alecita,uyu umwaume umukulu nakwata infuti muminwe  kabili naitonta pamo apo alefwaya ukushita.,Bushe uyu umwaume uukwete infuti fyakufwala fyamusangonshi afwele?,"Uyu umwaume afwele itoloshi lya gini Ilya makumbi makumbi, akashati ka maboko ayepi aka katapakatapa elyo na akasote akakashika"
9881,Ici icikope cilelangisha abaume basano ne fituku tuku cila muntu,.Bushe apa aba abaume basano abali ne fituku tuku beminine palemoneka shani?,Kunuma ya aba abaume basano kuli impongolo iyafita nelinga ilyabutuluka,Bushe aba abantu basano finshi bafwele ifyakuicingilila ilyo baleensha ifitukutuku,Aba abaume nabafwala ifimpopo kumitwe yabo ifyakucingilila umutwe kimasanso yapamusebo
9882,Pali ici icikope Pali umwanakashi umukulu uwabuuta inkanda,Bushe finshi uyu amwanakashi uwabuuta inkanda alecita,Uyu umwanakashi umukulu uwabuuta inkanda maiminina uku ninshi aleimba ulwimbo,Londolola bushe finshi uyu umwanakashi alebomfyya pakwimba ulwimbo,pantanshi ya uyu umwanakashi Pali icakusoselako ico uyu umwanakashi aleimbilamo elyo alelisha ne cilimba ca nsale mu maboko yakwe
9883,Ici icikope cilelangisha umukashana elyo na baume baleenda mumusebo,Bushe uyu umwanakashi uuleenda mumusebo alemoneka shani?,"uyu umukashana wankanda iyafita, nafwala Gini ya fita elyo na kashati kamaboko ayepi",Bushe incende aba abaume noyu umukashana baliko ilemoneka shani,kunuma ya mukashana ku icikulwa mumbali  yamusebo muli ifimuti elyo na ifipuna fyakutushishapo
9884,Abantu abengi abapusana imishimku nabeminina mumusebo uukalamba,Bushe uyu umusebo uukalamba ulemoneka Shan?,Uyu umusebo uukalamba baupangila no tumabwe utwa simenti,Bushe finshi fili mumbali ya uyu umusebo uukalamba ?,Mumbali ya uyu umusebo muli ifikulwa ifitali nga nshi kabili ifi ifikulwa nafikwata na malaiti
9885,Muli Ici icikope muli ifimuti fya katapa katapa ifingi saana,Bushe uyu amwaice umwaume ali mu cikope finshi alecita,uyu amwaice umwaume awabuta inkanda aleangala muli ii mpanga umuli ifimuti,Bushe uyu umulumendo wa caice  aleangala shani mulibifi ifimuti fya katapakatapa,uyu umulumendo wa caice alepeluka ku ntambo iikakilwe ku mutanto uwakashika
9886,Ici icikope cilelangisha banamayo babili ninshi nabeminina,Bushe palemoneka shani apa aba banamayo babili beminine?,Namayo umo ashintilishishe ku cibumba cacikulwa icapentwa ilangi ilya kashika elyo umbi eminine mumwinshi.,Bushe aba banamayo babili bafwele ifyakufwala fyamusango?,Namayo uushintilile ku cibumba afwele siketi iya makumbi makumbi elyo uwiminine pa mwinshi afwele  siketi iya mindoloshi.
9887,Pali Ici icikope muli uwaume uusendele isumbu aleya mumumana,Bushe cilemoneka kwati uyu umwaume aleya mukucita inshi mumumana me sumbu,Uyu umwaume eleya mu kuloba isabi ukubomfya isumbu.,Bushe ukubkumumana kuli uyu umulumendo kulemoneka shani?,Muli uyu umumana muli amabwe elyo mumbali yauko muli impili ishakwata ifimuti fya katapakatapa.
9888,Pali ici icikope pali abanakashi babili abaice elyo nomwaume umo umukulu.,Bushe uyu umwaume umukulu na banakashi babili abaice nikwisa Bali?,Uyu umwaume umukulu na banakashi babili abaice bali  mucikulwa icilemoneka kwati likalashi lya kusambililamo.,Finshi uyu umwaume umukulu na banakashi abaice babili balecita mu cikulwa icapala ikalashi?,Cipalile kwati uyu umwaume umukulu acilafunda aba abanakashi abacaice babili
9889,Ici icikope cilelanga abantu abapusanapusana apali abaume na banakashi baleenda mumusebo.,Bushe bantu ba musangonshi aba bene baleenda muli uyu umusebo.,Bonse abantu abaleenda muli uyu umusebo bantu babuuta inkanda.,Bushe iine incende aba abantu baliko ilemoneka shani ?,Kunuma ya aba abantu kuli icipampa apo balenga umwanakashi awafwala akaputula kekakeka
9890,Ici icikope cilelanga abaume babili ninshi nabeminina.,Bushe aba abaume babili bafwele afyakufwala fya musango nshi.,Umwaume umo afwele umwingila uwafita elyo uyu umbi afwele itoloshi ne shati ifyafita kabili nafwala na katambala.,Bushe ici icikulwa aba baume babili baliko cilemoneka shani?,Mukati ka Ici icikulwa icibumba bafipenta ilangi lya buuta kabili mwaliba na malaiti. Kunuma ya aba abaume kuli abaume nabambi abengi
9891,Pali ici icikope pali imbwa ileangala mukashiba akakwate amenshi akapangwa na mabwe.,Bushe finshi fimbi ifili Pali incende apali aka akashiba akapangwa na mabwe?,Mumbali ya aka akashiba namwiminina umwaume uubikile amaboko yakwe muma tumba ya petoloshi,"Nakabili kunuma ya uyu umwaume kuli apakwimika imyotoka ishikwete amalangi pamo nga ilangi ilyakashika, ilyabutuluka elyo ne lya fita.",Kunuma ya pakwimika imyotoka kuli icikulwa icikalamba icapentwa ilangi ilya buuta.
9892,Umwaume uufwele gini iyafita naiminina mumusebo ne nkoto,Bushe finshi uyu umwaume uuli me nkonto alecita?,Cilemoneka kwati uyu umwaume alelomba  ulupiya kubapita nshila.,Bushe ni finshi fimbi ifili muli Ici icikope apali uyu umwaume uuli mumusebo?,kunuma ya uyu umwaume kuli abantu abapusanapusana abaleenda muli uyu umusebo.
9893,Pali ici icikope pali abantu abaleenda mu mbali yacikulwa  icapentwa ilangi ilyabuuta.,Bushe uyu umwaume uwafita uwiminine pa musebo finshi alecita ?,Uyu  umwaume uwafita inkanda cilemoneka kwati aletuma lamya ilyo eminine pa musebo.,Bushe mitundu ya bantu nshi ileenda  mumbali ya ici icikulwa icabutulukila.,"Muli ibumba lya bantu muli imitundu iyapusana pusana pamo nga abankanda ya fita, iyabuuta elyo  nabamwenye."
9894,Ici icikope cilelangisha namayo na shikulu bantu abaleshitisha insapato.,Bushe uyu namayo na shikulu bantu nikwisa baleshitishisha insapato?,uyu namayo na shitaata baleshitishisha insapato mucikulwa ico bapangila ne mbao.,pantanshi ya kwa uyu namayo na shitaata Pali umuntu uuli me pepala ca makumbi makumbi.,Pali ici icikulwa uyu namayo na shitaata baleshitishisha insapato Pali icipampa apalembwa amashiwi ya mucitundu ico beta ati Ici Chinese
9895,Ici icikope cilelangisha namayo naikala pa mupando nabana babili.,Bushe uyu umwanakashi finshi acitile ku mwana uulele?,Uyu umukashana nabika umutwe wa mwana uulele pa matanta yakwe.,bushe uyu namayo finshi fimbi ekete ilyo alele akamwana akalele?,Uyu namayo naikata umupila uwakashika muminwe uku ninshi nalela umwana.
9896,Icikope cilelangisha imbwa iyamafufu ayabuuta naikala.,Bushe iyi imbwa iyamafufu ayabuuta finshi ilecita ?,Iyi imbwa iyamafufu ayabuuta naikala uku ninshi ileonsha abana,Iyi imbwa naisula akanwa ilyo ileonsha abana baiko abanono.,Abana ba iyi imbwa nabo bakwete amafufu ayabuuta kabili bekele mu ceni cabanyina.
9897,Pali ici icikope pali umwanakashi nakapushi akamafufu ayabutulukila.,Bushe finshi uyu umwanakashi alecita na kapushi pamenso?,kapushi nakasuma uyu umwanakashi pa Mona na meno yakako.,Bushe uyu umwanakashi acitile shani pamenso ilyo kapushi kamusuma.,uyu umukashana nafimfya pa menso ukukanga ati naumfwa ibukali.
9898,Ici Icikope cilelangisha umwaume nomunankwe ninshi nabeminina pabulalo.,Bushe ubu ubulalo umwaume  emininepo bulemoneka  shani?,ubu ubulalo bwi mininepo uyu umwaume no munankwe bwapangilwa no tushimbi uto bapenta ilangi ilyabuuta.,Bushe finshi fili kuntanshi yabulalo ubu uyu umwaume no munankwe  bemininepo?,Bushilya bwa ubu ubulalo uko uyu umwaume no munankwe baloseshe kuli icikulwa icikalamba.
9899,Pali ici icikope Pali imbwa iyamafufu ayelangi lyafita  ninshi ilenwa amenshi.,Bushe uku iyi imbwa iyamafufu yafiita ilenwa amenshi ni kwisa?,Iyi imbwa iyamafufu yafiita ilenwa ameenshi mumumana  umo amenshi yalepita.,Bushe finshi fili bushilya mumbali ya uyu umumana imbwa ilenwamo  amenshi?,Bushilya uyu umumana imbwa ilenwamo amenshi kuli ifimuti ifikwete amabula Ayakwete ilangi lyakatapa katapa me mutuntula
9900,Pali ici icikope pali umuntu uufwele icampepo icikwete icisote na gini ifyamakumbi makumbi.,Bushe uyu umwaume finshi alecita apa ekele pacibumba apali ifilembo ifyabuta?,cilemoneka kwati uyu umwaume alelungisha incinga iyelangi lyafiita.,Bushe uyu umwaume alelungisha shani incinga yakwe iyafita?,Uyu umwaume nasulamika incinga elyo alewamya umupeto wakunuma uwa ncinga.
9901,Pali ici icikope pali shikulu bantu umukoloci naikala pakapuna.,Bushe cikulwanshi Ici uyu shikulu bantu umukoloci ekelemo?,Ici icikulwa uyu shikulu bantu umukoloci ekelemo lishitolo umo bashitisha ifikope ifyapentwa.,Bushe uyu shikulu bantu umukoloci afwele ifyakufwala nshi?,Uyu shikulu bantu umukoloci afwele ishati lya makumbi makumbi naka sote kafita kumutwe.
9902,Pali ici icikope pali umwaume uuninine pamulu wamutenge.,Bushe fyakufwala fyamusangonshi uyu umwaume afwele?,Uyu umwaume nafwala ishati ne cimpompo kumutwe ifyamacungwa macungwa netoloshi lya makumbi makumbi.,Bushe ni finshi fili panshi ya uyu umwaume uo bemishe mumulu kuli ci mashini?,Panshi ya uyu umwaume Pali amayanda ayakwete imitenge ishapusana pusana amalangi.
9903,Pali ici icikope pali amwaume uufwele ifyakufwala ifyafita.,Bushe nikwisa uyu umwaume uufwele ifyakufwala fyafita eminine?,Uyu umwaume uufwele ifyakufwala ifyafita eminine mu mbali yamusebo uwa myotoka.,Bushe finshi fili kunuma ya uyu umwaume uufwele ifyakufwala ifyafita?,Kunuma ya uyu umwaume uufwele ifyakufwala ifyafita kuli abantu abapusanapusana abengi abamishinku iyapusana pusana.
9904,Ici icikope cilelangisha abantu babili abalenina icibumba .,Bushe aba abantu babili finshi balebomfya pakunina icibumba?,Aba abantu balebomfya intambo ishikakilwe pamulu  wacikulwa elyo balenina.,Bushe Ici icibumba aba bantu babili balenina cilemoneka shani?,Ici icibumba capangilwa na ma galashi ayamoneka nge cilola kabili calikwatamo ne njelwa.
9905,Pali ici icikope pali umwaume umo nabakashana babili.,Bushe uyu umwaume umo nabakashana babili finshi balecita?,Umukashana uuli kunuma ya mulumendo aleimba ulwimbo elyo umulumendo alelisha icilimba ca  nsale.,Bushe finshi uyu amwanakashi uuli kunuma ya uyu umwaume alebomfya  pakwimba?,uyu umukashana alebomfya icisoselo pa kwimba ulwimbo . Kabili uyu umbi umukashana alemonekakofye umutwe.
9906,Ici icikope cilelangisha namayo ninshi  nabantu ku numa yakwe balemutamba.,Bushe cinshi aba abantu baletambila uyu namayo uwiminine mumbali ya musebo.,Nipamulandu wakuti uyu namayo balemukopa kuli bakapanga ba mafilimu.,Uyu namayo afwele akalilaya kamindoloshi akapelele mumakufi ne nsapato ishitali.,Kumbali ya uyu umwanakashi kuli imyotoka ishitanteme mumbali ya musebo umwiminine uyu namayo.
9907,Pali ici icikope pali umwaume uwabuuta inkanda ninshi maiminina.,Bushe uyu umwaume fyakufwala fyamusangonshi afwele?,uyu umwaume afwele ishati ilyabuuta nakasote akabuuta  kumutwe wakwe.,Bushe ni kwisa uyu umwaume uufwele akasote akabuuta  ali  kabili finshi alecita?,Cilemoneka kwati uyu umwaume ali mu kicini kabili aleipika ifyakulya.
9908,Pali ici icikope pali abantu abengi ninshi baleenda mumusebo .,Bushe aba bene bantu bamusangonshi abaleenda muli uyu umusebo?,"Aba abantu bantu abapusana imitundu , inkanda elyo na indimi.",Bushe uyu umusebo aba abantu bamishobo iyapusana pusana balimo ulemoneka shani?,Uyu umusebo aba bantu balimo  uli pakati kafikulwa ifitali kabili muli abantu abengi sana.
9909,Pali ici  icikope pali cimotoka icikulu ico beta atiazembe ninshi cileimya ifipimfya fya cibumba icatobeka.,Bushe ici cimotoka icikulu beta mazembe cilemoneka shani?,Ici cimotoka icikulu bacipenta ilangi ilyamutuntula kabili calikwata ne cakwimishako ifintu icikulu.,Londolola ifyo iyi incende cimotoka ca mutuntula icikulu  cilimo ilemoneka?,Kunuma ya Ici cimotoka kuli icikulwa icikwete amawindo ayengi kabili ku ntamshi ya ciko kuli icikulwa acatobeka.
9910,Pali ici icikope pali abaume babili abeminine mulukunga lwa cikulwa icapentwa ilangi ilya kashikilila.,Bushe aba abaume babili abeminine mulukungu lwacikulwa bafwele ifyakufwala fyamusango nshi?,umwaume umo afwele ishati lyafita elyo na itoloshi ailyabuuta elyo uyu umbi afwele itoloshi lya fita elyo ne shati lya makumbi makumbi.,Bushe nifinshi fimbi Fili panse ya ici icikulwa ica pentwa ilangi ilyakashikila?,Pantanshi ya ici icikulwa apali aba abaume Pali ifipuna  ifinono nefikalamba elyo na basiketi yakupikula.
9911,Pali ici icikope pali umukashana umukulu elyo no munono.,Bushe finshi uyu umukashana umukulu no uyu umunono balecita?,Uyu umukashana umukulu no munono balepeluka pa fimpelwa?,Bushe iyi incende uyu umukashana umukulu no munono baliko ilemoneka shani?,Kunuma ya aba abanakashi babili kuli icibumba ico bapenta ilangi ilyabutuluka elyo panshi Pali injelwa ishapentwa ilangi ilyakashikila.
9912,Pali ici icikope Pali abaume mutanda abafwele ifimpompo ninshi nabeminina.,Bushe aba abaume finshi bafwele pamibili yabo ilyo beminine?,Bonse aba abaume mutanda bafwele amashi ayabutuluka elyo natushati utwamaboko ayepi atwa mucungwa mucungwa,Bushe uyu amwaume uukwete icimpompo ca mutuntula finshi ekete mumunwe?,Uyu umwaume ne cimpompo ca mutuntula kumutwe wakwe nakwata lamya muminwe yakwe.
9913,Pali ici icikope Pali umulumendo wacaice uuikalile intambo mumusana wakwe.,Bushe uyu umulumendo wacaice finshi alecita ilyo alepelela ku ntambo?,Cilemoneka kwati uyu umulumendo wacaice Pali ico alebasa,Bushe fyakufwala fyamusangonshi uyu umulumendo wacaice afwele,uyu umulumendo wacaice afwele akaputula akafita umupile imilaini iyakashika elya na ishati ilya makumbi makumbi.
9914,Pali ici icikope pali umwaume uuteya ubwangalo beta ati Howk.,Bushe uyu umwaume fyakufwala fyamusangonshi afwele?,Uyu umwaume nafwala ifyakucingilila umutwe amakasa elyo namaboko.,Bushe uyu umwaume finshi ekete muminwe yakwe?,Uyu umwaume naikata icapala inkonnto muminwe yakwe ico babomfya pakuteya ubu ubwangalo
9915,Pali ici icikope Pali umusebo uukalamba uwamanenekela.,Bushe finshi fili muli uyu umusebo uukalamba uwamanenekela?,Pali uyu umusebo Pali abaume babili abaleensha amacinga yabo ayafita.,Bushe nifinshi ifili lubali lumbi ulw uyu umusebo uukalamba uwamanenekela?,Kuli ulu ulubali limbi ulwa uyu umusebo kuli imyotoka ishingi elyo na ifikulwa.
9916,Pali ici icikope Pali umwanakashi umukulu uwabuuta inkanda.,Bushe uyu namayo uwabuuta inkanda fyakufwala nshi afwele?,uyu namayo afwele akashati kamaboko ayepi  akelangi lyamutuntula nakaputila akafita.,Bushe uyu namayo uwankanda ya buuta ni finshi alecita?,Cilemoneka kwati uyu namayo alebuka mumusebo uwabela mululamba lwa mumana ulwakwata amabwe.
9917,Ici icikope cilelangisha imbwa iyamafufu ayabutulukila.,Bushe iyi imbwa iyamafufu ayabutulukila finshi ifyo ilecita?,Iyi imbwa iyamafufu ayabutulukila ileanga iceswa icakupyangilako mung'anda.,Baushe apa iyi imbwa ileangalila palemoneka shani.,apa iyi imbwa iyamafufu ayabutulukila ileanga balibikapo utumabwe utwe langi ilyakashikila
9918,Pali ici icikope Pali abantu abengi abapusanapusana imishinku,Bushe finshi fili pantanshi ya ici icikope apali abantu abapusanapusana?,Pantanshi ya ici icikope Pali umwanakashi uufwele akashiti akamutuntula kunse.,Bushe finshi uyu amwanakashi abikile kumatwi yakwe?,Uyu umukashana nabika ifilimba ifyelinga lyamutuntula kumatwi  uku naikata me fulu lye sopo ilikalamba.
9919,Pali ici icikope Pali umwaume uupapile icola icafina icikwete me ntambo ishakashika.,Bushe uyu umwaume nikwisa ali ne ci  icola icafina?,uyu umwaume aleenda mumpanga iyakwata ameenshi makasa.,Bushe iyi impanga iikwete amenshi makasa  ilemoneka shani?,iimpanga iyikwete amenshi makasa ilemoneka iyayemba kabili nafikwata me fimuti ifikulu.
9920,pali Ici icikope muli abanakashi babili abaleteya u wangalo beta ati volibo.,Bushe aba abanakashi babili fyakufwala fyamusangonshi nshi bafwele uku ukobali?,Aba abanakashi babili bafwefye utumashati twakucinga amabele elyo no tuputula twa mukati tweka tweka.,Bushe ni ncende nshi aba abanakashi babili baleteyelako  ubu ubwangalo?,Cilemoneka kwati aba abanakashi babili baleteyela ubu ubwangalo mululamba lwa bemba
9921,Pali ici icikope pali abalumendo cinelubali abaleenda mu musebo,Bushe Pali abalumendo cinelubali Pali imishobo ya musango nshi?,Pali abalumendo cinelubali babili bankanda iyafita elyo  aba bambi basano bankanda iyabuuta.,Bushe iyi incende aba abalumendo baliko ilemoneka shani?,Mumbali ya musebo muli ifikulwa ifitali kabili kuli na shikulu bantu umukoloci uuleenda mbali ya musebo.
9922,Pali ici icikope pali umukashana nencinga naiminina mumbali ya musebo.,Bushe uyu umusebo uo umukashana eminine mu mbali ya uko ulemoneka shani?,Uyu umusebo baupangila na manenekela ayafita kabili balipentamo imilaini iyo bapenta umutuntula .,Bushe ni finshi fili mumbali ya uyu umusebo uukalamba?,Mumbali ya uyu umusebo muli ifikulwa ifikalamba elyo ninshi ne myotoka nashiminina.
9923,Pali ici icikope Pali abaume babili umo ninshi naikata unankwe kulukasa.,Bushe aba abaume babili finshi balecita ninshi umo nabamwikata ku lukasa?,aba abaume baleteya ubwangalo beta mucingeleshi ati amelikani futubo?,Bushe incende aba abaume babili baleteyelako ilemoneka shani?,pamushjli wa iyi incende Pali ifyani ifyapala ilunkoto  ulwa katapakatapa.
9924,Pali ici icikope Pali umwaume ilemoneka kwati Ali mukupona,Bushe uyu umwaume finshi alecita pakumoneka kwati ali mukupona?,uyu umwaume Pali cimo ico eketeko icilemutingilila ilyo anyantile pa kakwete imipeto ine.,Bushe uyu umwaume afwele ifyakufwala fyamusango nshi?,Uyu umwaume afwele akaputula aka katapakatapa elyo na ishati lya makumbi makumbi .
9925,Pali ici icikope Pali imbwa ishampanga shine ishaonda.,Bushe ishi imbwa shampanga shine ishaonda shilemoneka shani?,Ishi imbwa shampanga ishaonda  shikwete amafufu aya mindoloshi.,Bushe nincende yamusangonshi ishi imbwa shampanga shiliko?,Ishi imbwa ishaonda shine shilemoneka kwati shili mu mpanga ikwata ifyani ifyauma.
9926,Pali ici icikope umulumendo nomukashama abacaice.,Bushe uyu umulumendo no mukashana abacaice finshi balecita?,Uyu umulumendo wacaice naikala pamupando elyo umwanakashi nalambalala panshi.,Bushe uyu umulumendo no mukashana abacaice nikwisa Bali?,Uyu umulumendo no mukashana abacaice bekele kunuma ya lupango ulwabela pa mumana.
9927,Pali ici icikope Pali umulumendo wacaice nanamayo.,Bushe uyu umulumendo wacaice uufwele akasote  akakashika finshi alecita?,Uyu umulumendo wacaice uufwele akasote akakashika aletamba intanda.,Bushe uyu umulumendo wacaice uufwele akasote akakashika aletamba shani intanda?,Uyu umulumendo wacaice alebomfya cimashini  ico beta ati telesikopu.
9928,Pali ici icikope Pali abantu abekele  mwishitolo umo bashitisha ifyakulya.,Bushe ili ishitolo lilemoneka shani mukati umwikele abantu?,Mukati kaili ishitolo muli ifipuma elyo na matebulo ifingi apakwikala abantu.,Bushe finshi fili kunse yaili ishitolo lya fyakulya umwikele abantu?,Kunse ye shitolo lya fyakulya kuli shikulu bantu umukoloci uulepita mumbali mulukungu.
9929,Pali ici icikope Pali umulumendo uwacaice elyo no mukalamba.,Bushe uyu umulumendo wacaice finshi ify alecita mulusasa.,Uyu umulumendo wacaice alebeya umwefu uku ninshi alelolesha micilolani.,Ngo uyu umulumendo uukalamba finshi alecita pamwinshi walusasa?,Uyu umulumendo umukalamba aletamba umulumendo wacaice uko alebeya umwefu.
9930,Pali ici icikope Pali umwaume no mwanakashi nishi nabeminina.,Bushe uyu umwaume no mwanakashi nikwisa bali ili beminine?,Uyu umwaume no mwanakashi beminine mubwato ubuli pamumana.,Bushe uyu umwanakashi uwiminine no mwaume finshi alecita mu bwato?,Uyu umwanakashi nakwata indobo muminwe yakwe iyo alelobelako isabi.
9931,Pali ici icikope Pali namayo nomulumendo uwacaice nabeminina.,Bushe uyu namayo finshi alecita kuli uyu umulumendo wacaice?,Cilemoneka kwati uyu namayo eletentemba uyu umulumendo wacaice.,Bushe uyu namayo nomulumendo uwacaice nipesa beminine?,uyu umulumendo wacaice na namayo beminine mulukungu lwa cikulwa.
9932,Pali ici icikope Pali umusebo uo bapangila na manenekela.,Bushe finshi filecitika muli uyu umusebo uo bapangila ne nenekela ?,Muli uyu umusebo muli abantu abapusanapusana imishimku.,Bushe nifinshi Fili mumbali ya uyu umusebo uwapanhilwa ne nenekela?,Cila lubali lwa uyu umusebo wapangilwa ne nenekela kuli ifikulwa ifitali.
9933,Pali ici icikope Pali umutwe uulemoneka ngo wamukashana umunono.,Bushe uyu umutwe wa mukashana umunono nikwisa uli?,umutwe wa uyu umukashana umunono ulemoneka kwati uli mumenshi.,Bushe finshi umutwe wa uyu umukashana ilecita mu menshi?,cipalile kwati ico umutwe wa uyu umukashana umunono unenelele mumenshi nico ali mu kunwena.
9934,Pali ici icikope pali abaice babili na maboko ya muntu mukulu uulebangasha.,Bushe nipali finshi aba abaice babili abo baleangasha baleangala?,Aba abaice babili balebapelusha pamupeyo wamotoka uo bakakila ku maceni.,Bushe ii incende iyo aba abaice baleangaliko ilemoneka shani?,Kuli iyi incende kuli amenshi makasa kabili kuli na ifikulwa ifikalamba.
9935,"Pali ici icikope Pali namayo uuli nakamwana akaume akanono
",Bushe nincende ya musangonshi uyu namayo nakaume akanono baliko?,Uyu namayo na kamwana akanono bali mukati kacikulwa ?,Bushe finshi Fili kunuma ya uyu namayo nakamwana akaume akanono?,kunuma ya uyu namayo na kamwana akanono kuli abaume babili.
9936,Pali ici icikope Pali umwaume umo nabakashana babili.,Bushe finshi uyu umwaume umo elecita nabanakashi babili?,Aba abanakashi babili baleitomona  uyu umwaume kumasaya.,Bushe nincende nshi uyu umwaume na banakashi babili baliko?,Kunuma ya aba abanakashi babili no mwaume umo kuli icikulwa icaba mumbali ya bemba.
9937,Pali ici icikope Pali umwaume uwikete ulubao muminwe yakwe.,Bushe uyu umwaume finshi alecita no lubao muminwe yakwe?,Uyu umwaume alepanga icapala ubwato ukubomfya ifikopa.,Bushe uyu umwaume nikwisa uko alepangila ubwato?,Uyu umwaume eminine mu mupitule umo bapangila ifyakunasa basa.
9938,Pali ici icikope Pali umuntu uufwele ifyakucingilila amenso.,Bushe uyu umuntu uufwele ifyakucingilila amenso ni finshi alecita?,Uyu umuntu aleangala ubwangalo bwakushelela mumenshi makasa.,Bushe uyu umuntu finshi afwele ifyakuicingilila kukutalala kwa menshi makasa.,"Uyu umuntu nafwala icampepo icakashikila, akasote akamindoloshi elyo nefyakucingilila iminwe
"
9939,Pali ici icikope Pali abantu abapusana pusana imishinku.,Bushe aba abantu abapusanapusana imishinku nikwisa bali?,Aba abantu abengi bali mukati kacikulwa icishakwata sana ulubuto.,Bushe cilemoneka kwati aba abantu finshi balecita bamo nabapenta na pa menso?,Cilemoneka kwati aba abantu abapusanapusana imishinku balelosha umuntu uuli pacikope.
9940,Pali ici icikope pali umwaume uuninine pa citukutuku.,Bushe finshi uyu umwaume alecita pa citukutuku?,Uyu umwaume aleensha icitukutuku mukamusebo akabela mumpanga.,Bushe iyi impanga uyu umwaume aleenshamo icitukutuku yaba shani?,iyi impanga naikwata ifimuti ifikalamba ifyakatapa katapa alyo na ifyani ifinono.
9941,Pali ici icikope Pali abaume abaleangala ubwangalo beta ati American football,Bushe aba bene abaume abaleteya ubu ubwangalo Bali Banga?,Aba abaume bali ikumi na bane elyo na bambi babili abalemwenenena  ubwangalo.,Bushe ni kwisa aba abaume baleangalila ubu ubwangalo,Aba abaume ikumi na bane bali mucibansa umuli ifyani fya katapakatapa me mishilwa ya buuta.
9942,"Pali ici icikope Pali umwaume uukwete inkonnto naikala na pacipuna
",Bushe cipuna camusaangonshi uyu umwaume ekelepo?,Uyu umwaume ekele pacipuna icakwata imipeto apakwikala abalemana.,Bushe incende uyu umwaume uwalemana ekeleko ilemoneka shani?,Iyi incende ilemoneka iyayemba pantu naikwata amaluba elyo na ifimenwa na fimbi.
9943,Pali ici icikope pali umwaume uwikele pakapuna mumusebo.,Bushe uyu umwaume uwikele mumusebo nifinshi ifyo akwete?,Uyu umwaume nakwata ifyola fibili elyo ne cilimba ca nsale.,Bushe nifinshi Fili kunuma ya uyu umwaume uulelisha icilimba ca nsale?,Kunuma ya uyu umwaume kuli icimuti icikulu ivamabula ya katapa katapa
9944,Pali ici icikope pali umwaume uwikele pacipuna ca kutushishapo.,finshi fili pantanshi ya uyu umwaume uwikele pacipuna ca kutushishapo?,Pantanshi ya uyu umwaume Pali akashiba kamenshi.,Uyu umwaume ekele pacipuna ca kutushishapo nafula nensapato.,Kuntanshi ya aka akashiba kamenshi kuli ifimuti fya katapakatapa
9945,Ici icikope cilelangisha abantu bane ninshi baleimba inyimbo.,Londolola abantu bane abalelisha inyimbo Pali ici icikope.,Pali aba abantu Pali abaume babili elyo no mwanakashi umo.,Bushe aba abantu bane finshi balebomfya pakulisha inyimbo.,"Aba bantu nabakwata ifilimba fya nsale, ifisoselo elyo na ifilimba fimbi."
9946,Pali ici icikope pali umwaume uwikete lamya mumwinwe.,Bushe finshi uyu umwaume alecita neyi  lamya kuminwe?,Uyu umwaume aleumfwa inyimbo ukubomfya lamya ilyo alelolela ishitima.,Bushe nifinshi Fili kunuma ya uyu umwaume uukwete lamya mumunwe.,Kunuma ya uyu  umwaume kuli abantu nabambi abalelolela ishitima.
9947,Pali ici icikope pali motoka umuli abantu abengi abapusana pusana,Bushe iyi motoka ili mucikope finshi baibomfya?,Iyi motoka ilasenda abantu ukubatwala uko balefwaya ukuya.,Bushe bantu bamusangonshi iyi motoka isenda?,Iyi motoka naisenda abantu abamitundu iyapusana pusana pamo nga abankanda yafita neya buuta
9948,Pali ici icikope pali umuntu uwiminine pa mulando.,Bushe uyu umuntu fyakufwala fyamusango nshi afwele?,"Uyu umuntu nafwala icampepo, insapato, netoloshi ifyafita elyo nakasote.",Bushe iyi incende uyu umuntu aliko ilemoneka shani?,Kuli iyi incende kuli ifimuti ifyauma amabula elyo ne fyani fya katapakatapa.
9949,Pali ici icikope Pali ifyo basendelamo amabotolo ifingi.,Bushe iyi incende apali ifyakubikamo ifibotolo ilemoneka shani?,Pali iyi incende Pali ifikunkubiti ifya kuposamo ifisoso.,Bushe umwaume uufwele akashati kamaboko ayepi nakaputula alecita inshi?,Uyu umwaume alesunka icakuposamo  ifisoso icakatapakatapa.
9950,pali Ici icikope Pali abantu mutanda ababuuta inkanda.,Bushe finshi fili pamuma ya aba abantu mutanda ababuutuuta inkanda?,pamuma ya aba abantu mutanda Pali ifilembo ifyalembwa pakasalu ka makumbi makumbi,Bushe finshi aba abantu mutanda bakwete ifyo baleloleshamo,Aba bantu mutanda nabakwata ifyapala infuti cilamuntu ifyo baleloleshamo.