IMAGE #,SPEAKER 1,SPEAKER 2,SPEAKER 1,SPEAKER 2,SPEAKER 1
1701,A white man wearing a black hat is tying a horse with a red rope. Besides him theres a white lady wearing a red dress and black boots who has bent over to pick something up,But where does this white man want to go with his horse? Because it seems like he is preparing to go somewhere,"It seems like he is preparing to come use the horse later on. This place in which the horse is, is where they keep their horses","So, is this a barn where they just keep horses they ride on for transportation or the ones they use to race?","The area in which they stay is far from town, they use their horses to ride on and carry different things that they need to carry."
1702,A white lady is seated with a black lady besides a road. Both of them are wearing hats and they are both looking at a rice farm,Both these ladies are seated on a large rock whilst looking at the rice farm. The white lady is seated on the left while the black lady is seated on the right hand side,They are having a conversation as the wind is gently blowing. There isn't anyone passing in the road beside them. That's why this area they are in is as quiet as ice.,"On the large rock where both ladies are seated, to the left of the white lady, there is a bag where the white lady has placed her left arm",Yes and the black lady has not noticed that she has dropped a grey cloth behind her. All her focus is on the conversation she's having with her white friend
1703,A white woman wearing trousers is in a shop trying to buy something. There's also a bald white man walking with his partner walking in the same shop.,The shop's lights are on inside the store,"on top of the wall in this shop, there is a writing by an Egyptian explaining what is sold in this place.",there are also two little white children and a woman carrying a bag on her back. it seems this woman is the mother to these two children.,everyone in this shop seems happy.
1704,A white farm worker is walking in a farm. The farm seems to have both dry and fresh grass,This white person is wearing some work clothes; and blue pair of trousers and a long-sleeved yellow shirt,Are there clothes he is wearing truly a farmer's clothes? Or are they clothes that a farm equipment mechanic wears?,It seems as though these are clothes that people wear for safety as they work in the farm,But then he's walking as though there is something he is rushing to go do. I think that's why the farm looks well taken care of. The people who work in it truly pay attention to taking care of the farm.
1705,"A young Indian girl is happily stirring something in a pot. She's covered herself with a black cloth as she is busy in the kitchen. There is a plate, a cooking stick and some pots beside her.",You're right. It seems this young girl is standing on a chair as she stirs what's in the pot.,"If kids learn to do chores and house work like this, things will be great in their nation",That's true. Because any child who knows how to do chores wouldn't have any trouble being taken care of in any other house if need be,"This little girl has started out well, she's being raised right. I think this is why Indian food is so nice, because they learn how to cook at a young age and gain more experience as they grow"
1706,Two white musicians are on a stage performing. One of them is wearing a white shirt that has red stripes on its sleeves and he is playing a guitar. The other one is wearing a black shirt and he is playing the drums,Why do you think these two chose to guys came to perform in this particular location?,"It seems as though there's a great number of people gathered here. There's even a poster that's got some writings behind them, have you seen it?","Oh yes, I have seen the poster. It seems they are performing to raise money for charity, either for the poor or vulnerable",That's true. They are definitely performing to raise money to help people or a charity. The sunlight is intense in this particular place and that's why you see them wearing sunglasses as they perform
1707,"An old white man wearing a short-sleeved shirt and a short is playing with his dog in an area where the grass is green and well mowed, there are also some trees there",Is this old white man just playing with his dog or he's teaching it some tricks? White people love teaching their dogs how to obey commands. They usually want a dog to jump when they say 'jump!' and for it to sit when they say 'sit!'.,"That's a good question. this white man wants his dog to jump and grab the stick he has raised above it. He is teaching it to obey his commands, so that on any other given day he can simply say 'jump!' to it and it would jump without having to raise a stick above it",This place where they are looks like it's near a river and it also looks like it's somewhat of a forest...because some parts don't have trees while other parts in the distance have trees ,This area looks like one of those parks white people have in their countries where they go rest. They also preserve the grass and the trees in this area
1708,Three lambs are in an area where the grass for them to eat isn't that tall. One of them is black and the other two are white,Do you think they near their shepherd? Because I have seen some things behind them that look like they belong to someone,"Yes, the shepherd should be nearby even though we can't currently see him..those things behind the sheep indicate there must be people nearby","the lambs look like they are about to start running, it's like they are about to start playing in this area, perhaps they might even start play-fighting...what do you think?","That's true, they seem like they are used to being in this area"
1709,A young white child is playing with some stones as he is seated on the ground. He is wearing an orange t-shirt ,The child seems to be seated near a river or at some sort of beach where white people like to go have fun,"This place looks like it is a little elevated, more like it's on a hill and behind the child afar off there is a water body that you mentioned. The sky only has a few clouds","Yes, it also seems like it is real sunny because there are only a few clouds in the sky",This boy is playing with the rocks as  though he has made a game of it.
1710,"A white lady is seated at the bottom of some stairs leading to some entrance. She is seated as though she is very worried about something, she even has a bag on her laps. She's wearing a hat and some red slippers ",She seems as though she's just had a long trip and now she's waiting for someone who has delayed in showing up to pick her up. Or perhaps she is on a long journey and the car meant to come get her is late.,"Perhaps she is wondering how she will get in the house. She seems to be seated outside a house she stays in, only because the door is locked",You have spoken well. It seems like she has had a long trip with her little heavy-looking bag. So she just chose to sit outside the house having found it locked after arriving.,"I feel for the person who has carried the keys to the house, because they will be in trouble when they get back"
1711,A white man is whispering sweet nothings to a white lady. She is smiling as she is listening to him talk,The man is wearing a black jacket. The lady is wearing a white dress. They look as though they are truly in love and happy because they are both smiling joyfully,"They are definitely in love, the lady is even placing a flower on the man's jacket as she smiles",The building they are in looks like a Catholic church,"That's right, I think this is their wedding day, clearly they are putting on their wedding clothes"
1712,A bald old white man is bent over while he is getting something from two pots. There are some pigeons near where he is,It seems like this man prepares some food that he sells in this area,And it seems as though some crumbs that the pigeons eat drop from whatever he sells and that's why there are a number of them nearby,That's true. There's a tiny house next to him that looks to be a birdhouse in which the pigeons stay,This same area has cloths of different colours that have been hung around to provide some more shade
1713,"Two Indian musicians are on a roof near a water body. They are playing a banjo, some drums and some beads that rattle",These two Indian musicians are elderly men wearing white clothes and are seated on a white cloth,They seem to be singing religious songs. I am sure they are singing religious songs,"That's right. Their singing doesn't seem to be more singing, it seems more like a religious practice. I am sure they find peace and rest as they sing to their gods ","Surely, their being on top of that building seems to be a signal to the rest of their community that it's time to congregate and pray"
1714,Some people who work in a restaurant are preparing some food to sell. Three of them are men and one of them is a lady. All three of the men are wearing headdresses to cover their hair,"The headdresses they are wearing in this restaurant, are to prevent hair or any dirt from their head from falling into the food",That's right. It's important to make sure hair doesn't fall into the food,And they all look as though they are Asians,Thats true. The lady among them who is not wearing a headdress and is tasting the food looks as though she is the manager of this restaurant 
1715,a white young lady is happy and is laughing. she is holding a white cup and carrying a bag on her back. her hair is long,she is also wearing  glasses that look like the keys she is carrying in her right hand,behind her is a  medium-sized tree,"she is also wearing a light,red material as her top, and that just clearly shows sunny it is.",it certainly does look very hot and it is possible she must have been drinking something as a result of the heat.
1716,"a number of guests are standing in front of some shops. others are holding each other, others are just standing and still others are taking pictures of themselves.i",it appears that most people here come from different countries especially from the East.,the woman dressed in white seems to be unhappy.  what could she be thinking about?,well she may not necessarily be upset. she is obviously just concentrating on something in front of her or perhaps listening to something,or it could be true that she does have problems and that is why she looks sad.
1717,a c arpenter is making a chair. he has bowed and is measuring to ensure it comes out perfectly. he has a hammer in addition to other tools,"he is doing his work in his shop, and the chair he is making is on a large table. he also has a watch on his left hand",the fact that he is working alone without a  helper shows exactly the fact that he knows his job well.,this white man is wearing some white clothing on his top. is this room a shop or just one of the rooms at home?,"well this certainly does look like a shoo, as there is some other wood which hasn't been used yet."
1718,a clever white lady skilled in dancing and skidding is skidding on some snow and she has even raised her hands as she is making some rounds.,"as she is making some rounds as well as dancing, she is using some metal  shoes below",she has really danced and her aim is just to make a name for herself.,it seems she is in a dancing competition and I believe there are judges who will have to judge who the best dancer is at the end of it all. ,"well, I cannot see any judges at this moment. perhaps this lady is simply practising in preparation of a particular day."
1719," a young, white man is in a bar during the night, wearing white clothing,singing and behind him are two DJs","on his left, behind him, is another man who is also singing and playing some music on a small radio. this man is wearing a hoody that is black and has some writings on  its front,written in white.",these work together so that they create some lovely sound and music that is pleasing to the listeners.,"this group is not a big group at all, they are four altogether, and the building they are in is dark",this is true of many others singing crews. they srw usually just a limited number for the singing to go smoothly.
1720,an elderly white man is seated near a human statue. he has bowed down and it appears like he is in deep thoughts.,"the place he is seated in looks like a park, where people rest in a town, and the concrete sitting places are near the road. there is another elderly man facing the road.",two are seated on the seats while one is standing. there is another one seating near an elderly man seating at distance from the road.,"wasn't this statue sculptured in memory of perhaps, a person that used to love to sit in this place then later died?",most likely. it was certainly made in memory of a particular elderly man who used to sit in that place.
1721,"an elderly man is seated, reading some papers and behind  him is another old, white man also reading on a notice board at work. also, an elderly white woman is also real on the noticeboard at work.","in this office at work, where they are seated, there are lights in the roof are three long lights, and as a result the room is very bright.",they all look very involved in their work as they have all concentrated on their computers.,"on the far right wall on which there is a door, some papers havinf different colours have been stuck including on the door itself.","these papers that have been stuck beautify the  office. in this office are tables as well that are large in size, as well as enough chairs to even accommodate guests."
1722,"a white, little boy is along a sea shore playing with sand.",the parents are not in view at the place he is playing at. perhaps they are the ones taking photographs.,"behind the sand is an older man who wants to dive into into the sea, and he is wearing a red short.","the little boy is attempting to bury his legs under the sand that he is playing with, as he has already buried his feet.","playing with sand is some game most children enjoy doing, hence, he probably  has permission from his parents to keep playing with the sand."
1723,a crowd of people are walking along a road. some are taking pictures on their phones.,"it seems as if there is a huge even taking place, explaining the crowd.",perhaps this meeting  involves the livelihoods of  these people,it seems there is a long distance race (marathon) going on of which the winner is awarded with a medal.,"to easily follow the rules however, people are placed in smaller groups to ensure efficiency."
1724,two women are passing in front of shops . one of them is wearing white clothing as she is riding a bicycle while the other one is wearing a red and blue clothing and is on top of a motorbicycle,"this country is on the east of the map, as is clearly seen front their dressing and buildings.","the buildings are near the road. in one shop, a variety of foods are sold here.","behind these two women,are two white vehicles. what about the other people walking alongside the woman on a bicycle, are they family?","perhaps they are family. there  is a man, a woman and a young lady walking together. the woman is even carrying stuff in her hands."
1725,a horse rider is riding his horse. he seems to be involved in a horse riding competition. there are spectators watching and cheering.,"these events are taking place in a field. there are elderly men wearing striped black and white coaches , and they are standing near the entrance",the field is full of sand to make it easy for the horses to run  effectively.,the white horse rider on top of the horse is holding the horse very rightly so that he doesn't fall,"very true. this is because once he falls off from the horse, it will mean he'll have lost the game and so he really has to be very strong so that even though the horse doesn't want him on top of it, he still holds on strongly."
1726,three white people are campaigning for a leader whose picture is on a poster,"the one behind is wearing a red coat and a black hat, and he too is taking the lead in campaigning for the man in the poster.",an older woman is holding on to her bicycle and she seems excited to do this job,"the older man near the side of the older woman is also standing with a blue poster and he too, is happy.",very true. the entire crowd is happy and they really enjoy campaigning
1727,a white trader is selling fruits in a market.,she has also displayed other fruits. ,she has displayed these fruits along the sides of some big shops.,it appears as if some more fruits are being washed while bowing. which country is this person from?,"this person seems to belong to a country on the East, and two red bags have been hanged on top of the wall along side the place the trader is."
1728,"a white man is under a tree, jumping and in front of him is a black dog lying down.","under this tree, there's a green lawn that has been well trimmed","that is so true. and this man is wearing a brown trousers, a white shirt and a black jersey",what is he trying to achieve by jumping?,"it could be for various reasons. perhaps he could be doing so out of excitement, or perhaps he just wants to or maybe he has been frightened"
1729,an Indian little boy is knitting a reed mat on a knitting tool. he is shirtless and behind him is a little  Indian girl who is carrying a book,the place where the knitting is taking place from is surrounded by banana trees . the knitting machine  has been placed under a shade on the side of the trees.,"there are other young ones too, that are learning how to knit a mat.",this knitting machine appears very old and was made out of wood.,these machines really last a long time and there's a saying that lasting things work more efficiently.
1730,a white lady is standing on top of a rock along side a body of water taking pictures. the one taking pictures of her is a white man who is standing at a distance.,this lady is wearing a blue shirt and a black trousers. on the side of the body of water  are four stones but this lady is standing on the second rock from the left.,this lady is quite brave to stand on the rock along near a sea. there would be great danger if ever she fell from the rock,"perhaps her bravery stems from the fact that she knows how to swin hence, she is not afraid to stand on top of the rock.","nevertheless, she still has to take care how she stands because it might actually endanger her life."
1731,two white young men are wearing the same clothing and they are all pulling a load as they walk on the road. the people on the side of the road are watching these young men,why are they dressed the way they are and pulling that load? ,perhaps it is a competition and it is no wonder they are pulling that load.,"why is the load looking  like it has something inside? the place they are in appears to be extremely hot, clearly because the young man on the left is protecting himself and eyes from the sun using his hand. ","for sure, it is extremely hot, and they have all faced forward as if someone is instructing them on something. behind them is a crowd who probably have come to watch what is happening."
1732,two white people are wrestling. on their side is someone who seems to be a commentator and is dressed in a black shirt and grey trousers ,on the side of the field are some officials of the game seated. they are also the  ones that announce the results after the game.,one of the opponents is wearing blue clothing while the other opponent is dressed in white,they both have on their waists black belts that have been tied to show that they know the game that they are playing very well.,there are a lot of spectators watching.
1733,a white lady is seated and talking.  she is talking into a microphone,she is wearing black clothing and some sparkling beads and she has brunette hair.,"in view of what she's talking about, it looks like this woman has some post in the government",certainly. she seems to be attending a meeting of heads of states.,she seems convinced of what she is saying as is clearly indicated by her hand gestures and she has paid strict attention to her audience.
1734,two white men are seated in a restaurant. one of them is wearing a white hat whereas the other one is not wearing any hat. they are wearing the same clothes as if they both work in the same restaurant,"it certainly does look like it, that they work in the same restaurant because at the counter is another white man wearing the same uniform","for sure this is their work place. there is a man resting his head on the table . perhaps he is very tired, and is about to knock off.",they certainly are about to knock off because it even appears to be evening.,there are no customers actually in this restaurant and the man near the counter looks like he is getting himself ready to knock off.
1735,"a little, white boy is climbing a mountain.",behind him are fruit trees. he is wearing a shirt belonging to a football club as well as a cap on his head.,"he is wearing a white cap that has really covered even his face, and he is climbing the mountain so carefully, to prevent an accident.",who else is with him because mountain climbing is quite dangerous and requires doing so in the presence of adults.?,"absolutely. not only that, some snakes love to stay in rocks hence his life is in danger."
1736,five white people are walking on a road. there of them aew women while the two are men. on the side of the road are some tall  trees and on their right is a white-painted house.,the man on the far left is pushing a baby stroller as they are on a walk.,"the place they are at  is very clean and they have covered the entire road. luckily, there are no vehicles passing.",certainly it is clean. and in front of them are some vehicles that are parked on the side.,vehicles definitely rarely pass on this road.
1737,some white youths are along a sea shore and are shirtless and only wearing pants/shorts. one of them is actually swimming in the sea.,they  are sun basking along the sea shore  and there is a mountain right near this sea,they  are chatting about how they enjoyed swimming in the sea under the intense heat,aren't the three seated on a rock elderly men? this is because the one seated on the far  right even has a bald head on the top of  his head.,perhaps they can be. the elderly and the youth being together.
1738,two white ladies are involved in a game of kicking one another. one of them is wearing red clothing,one of them is wearing sparkling clothes made of gold and she is kicking the friend who is seated.,"on the side of the fence where the fight is taking place from, is someone who is wearing a white and yellow shirt for identification by the people",isn't this one a coach because referees are supposed to be inside the ring?,"well, sometimes, referees do go outside of the ring in case the opponents are getting to his side during the fight."
1739,a vehicle belonging to the army is parked in front of a fence. inside the fence is a Lady dressed in army attire peeping the same vehicle.  the Lady is even holding a map of the country,"this lady seems frightened as she is looking at the vehicle, and she is wearing red clothing on her top body with a red cloth on her left hand","truly, her peeping shows as if she is doing something that is not acceptable but is not sure if somebody is watching her from the parked vehicle.",these soldiers most likely are the trusted ones in this woman's country and they probably are the ones that go to fight or for peace keeping in other counties,they obviously go for peace keeping in other counties
1740,a white young lady is walking really fast as she crosses the road. behind her is a dark lady also wanting to cross the road. the white lady is wearing a black dress while the black lady is wearing a grey dress.,the town they are in looks so busy as everyone else is so much in a hurry. the black lady seems to be talking on phone while looking carefully in order to cross the road.,truly. they all seem very busy and perhaps this is morning time as everyone else  is rushing for work.,the black lady is carrying a blue bag that is medium size and seems to be a little heavy.,the man behind the black lady has pretty long hair and another man carrying bags is also walking  in a hurry.
1741,two Indian young ladies are dancing in a market.,"perhaps dancing is what they do to earn a living, by showing visitors the dances from their country India",certainly. their location is where various people pass by and majority of the people present seem to have just come to see something.,"there are a number of white buildings on the far right at a distance, of the women dancing.",the owner of the building no doubt love the white colour of the buildings
1742,a man is seated on his motorbike in front of a shop during the evenings.,this man looks tired and pitiful. what could be troubling him?,perhaps his business is bad and he has a family to take care of.,most likely he is tired and the business is bad but he can't still knock off just yet.,he is obviously hoping some people who may be leaving the shop may use him for their transport.
1743,two men and a woman are roasting some relish under a tree and it is very hot,it appears as if there is a celebration with close family and friends.,"truly, it is important to meet with family and friends.",at a nearby distance to where they are seated are some vehicles passing on the road. they are in a very clean place and there is even a green bin closeby.,these are clearly law-abiding citizens for them to be in such a clean place.
1744,an older woman is trying to catch a decoration that  has been placed in the room she's in,there is also an older man watching what she is doing. the woman is dressed in a white dress.,perhaps the man looking  at her is her husband and they are in the same room because they are discussing something that concerns their livelihood,the lights in this room they are in are enclosed in some red coverings. ,this explains why the room appears red.
1745,some older women are in a field playing some type of hand ball and they are wearing clothing of different colours.,this game is by no means tennis,it is simple handball and they  are wearing black gloves,"usually in this game, only one person has the wooden bat which he uses to hit the ball once it has been thrown to him or her. one starts  by first running as quickly as possible, as the two  women dressed in blue are doing. ",for sure that is very true. the bat will then be used to hit the ball into the net.
1746,four women are in a room that has various pictures.,isn't this room a photography studio?,certainly it is a studio as the pictures are way too many. perhaps  these women have come to collect their pictures.,"yes you are right, one Lady has come to pay for her pictures, they sell photo frames in this shop too","it seems that's what the lady is here to do, the one selling her is getting a photo frame with glass in front and wood behind where the photo is in the middle"
1747,A lady in a white dress is at the beach ,"she's on a speed boat the one that uses fuel, it seems they are diving into something and there's a bridge in front of them",have you noticed that the water somehow split as it is showing where the boat was passing?,"yes that's true, the lady has a bag that has a rabbit shaped doll on it",and she has a camera she's using in taking pictures so that she can have memories of the place
1748,A white man has an axe on his shoulder and is smiling,it seems he was cutting a tree in the bush and he is wearing a green shirt with a blue trousers,he looks ready for work and they are really big trees in the bush,"his axe looks dirty from cutting the trees, do you think he is cutting these trees to make firewood for cooking?","it could be, because people in the world cut trees as firewood for cooking and construction among other things"
1749,A white nab is playing his sound instrument even though he looks really sad,"he seems to be playing wholeheartedly, he is wearing a white shirt that is folded in the hands",I see he is not sad but it's because the song he is singing is touching his heart,"yes it's from his heart, it seems he is alone, are they other people too?","they are other music instruments behind him, its hard to see if there other people because it is dark"
1750,Two black men are baking,it seems they work in a store that sells food because they are wearing the same clothes,that's true because the food has a way its prepared and tested in boxes near the pan they are using,how does one eat such food? I'm curious,you eat it the same way as bread and other baked food
1751,Two white men are looking at a man hammering a shaped log,"that's right,behind the one hammering the nail dressed in red with a cotton hat, one of the men is dressed in white while the other is in blue",they are focused on how the one hammering is doing his job,in his left he is holding a bottle of beer while in the other a hammer he is using,he is one of the people that works well with beer even though it is not advised
1752,a white man and woman are standing near a Christmas tree as they are taking a picture ,"the man is wearing blue clothes, and the woman is wearing a black dress with an apron",they all look happy as they post for a picture.,they srw standing in front of a chimney,"on top of the chimney are some portraits of pictures but of the pictures, the one that is very clearer is the one having some trees and grass."
1753,a crowd of people are standing on what looks like a road and they are facing forward,they are all wearing coats as the town they are in appears to be very cold,truly they are in a town as they are standing in between building that seem to have been built a very long time ago,the man standing in front appears to be upset,true. even the woman there also doesn't seem happy. perhaps they have a complaint and that is why they are gathered.
1754,an older man is swimming in a swimming pool,isn't he in a swimming competition?,most likely as the water appears blue and perhaps some chemicals have been added to it as well.,"very true. there is no trace of any dirt at all.  from his swimming style, it is clear this man knows how to swim",true. he has  swimming cap on his head as well as swimming goggles.
1755,"four boats of different colours are on a sea. in some boats, there is only one person whereas in the others there are two people. ",this boat has a console(sitting area),"true. as the people are all seated, as the boats were moving with the waves.",are they just having fun or they are in a competition?,"well, it certainly does look like it is a competition"
1756,an elderly woman is walking along a road that has shops in it with her dog.,"the dog is small and white, and it has a lot of fur, and is crossing the road.",the dog looks very clever and even seems to be leading the way like most dogs do,the city this lady is in appears to be very ancient as the cars and even the buildings are also ancient ,"for sure, this is an old town most probably occupied by elderly folk who appreciate the value of things that were made a long time ago."
1757,"an older man wearing a knitted headstock having different colours is in a train, dozing.",the headstock has some green colour as well as other colours and he is also wearing some glasses,"he is obviously dozing because he is tired of perhaps waiting for the train, ",Certainly.he seems to have obviously come from work ,"true. in some countries, the train is the most used transport by the working class "
1758,"a young man walking has carried a bag, and some other stuff in his hand as well as an umbrella","on his side is a very huge building, and even though it is around noon time, there is no one passing in this part of the town",perhaps he is moving at a time when people are not just passing,he is wearing a grey trousers and a white shirt. his bag is white.,he is walking on the side and on top of a building seems to be CCTV cameras to reduce theft.
1759,"six young ladies are standing on an erect sitting wall built on the sea, perhaps a dam, and five out of these are wearing black swim suits and green caps",all these five are facing the sea however the one wearing green suit has faced her friends with her back,perhaps she is not really with them and that is why she is doing things differently from what the other ladies are doing.,the five ladies are holding on to a huge rope. what is the purpose of the rope?,perhaps this rope is to help them and lead them as they are standing on the wall
1760,"a white young man appearing closely, is in a building full of various people that are dancing",this building is definitely a bar as it appears to be dark however it has a variety of lights of different colours.,"truly, it is dark as people that are far from the camera cannot be clearly seen at all.",there are two ladies dancing by the side of this man and looking at him. are they also with him?,"most likely they are with him, clearly that is why they are looking at him like that.."
1761,a white man wearing blue clothing on his top is climbing a mountain and he is tied to ropes on his waist to protect him from falling.,"this mountain appears to be be very difficult to climb as  it is upright, like a tree is","Indeed. it is not so easy to climb such a mountain however, he is trying his best to climb it.",this mountain actually does look like a big rock,it is certainly a big rock and it is no wonder that it is difficult to climb.
1762,"a mother and her child are playing around with the water, and the baby is seated in a bucket while the mother is singing songs for the baby.",the woman is holding a green bucket and the baby is very happy to also be holding the bucket full of water.,behind them are some vehicles which perhaps they may have used to come to this place.lg,true. the woman is wearing a white dress and a blue short.,there are a few trees in the place they are in and a well trimmed lawn.
1763,a white child wearing a red shirt and blue bottom is playing outside near some flowers.,"the child is wearing a white head sock and on the child's right hand side, there is a plaster of paris",it however also seems it is just something someone wears when working to protect oneself.,"definitely this is not for protection otherwise, both hands would have had it, and also, the fingers would have been covered too. henceforth, it is a plaster of Paris because perhaps the child got hurt.",true. what you're saying has made a lot of sense.
1764,"an older, white man is in a barber shop","for sure.in this barbershop, there is are long materials having reddish flowers.",there are also chairs as well as shaving machines.,there are also different lotions that they use after shaving someone's head.,"there is another man whose hair is about to be shaved. he has around his neck, back and chest a material that has been placed over him to avoid hair falling onto his shoulders."
1765,a white young man wearing blue clothes is walking into a shop ,what he is wearing seems to be a uniform for shop keepers . doesn't he just in this shop?,perhaps he does actually work in this shop and is just reporting for work,isn't he too late for work or could it be that he wasn't somewhere to collect or to take something?,certainly he may have just been sent as it is too sunny to be reporting for work at this time.
1766,a young man is in a football ground where soccer is played and he has a ball in his hand and it seems he wants to throw it to the place that he is facing,this ball most certainly does look like it is a ball that they use for hand ball games. could it really be football game? the field is full of sand. ,"it could be a hand ball because he is not even wearing an attire for a football player, not even the shoes.","truly. clearly the attire does not look like one who is playing soccer, but hand ball.",behind him are some are some trees that have sprouted their leaves.
1767,"two dancers, a man and a woman, among a crowd of dancers, are holding each other and they look like they have just finished dancing.",the entire crowd of dancers are whites. why are the men also wearing skirts like the females?,perhaps it is their culture or that is just how the show was organized-that men should wear the same things as women,"well, certainly their culture is quite unique",very true. other places have laws and culture so different from ours.
1768,a crowd of people with varying age differences are at a school watching children perform a play ,the crowd is quite overwhelming and there are children playing flutes and drums,the children that are present are in their uniforms,what is on the floor on the right of a young lady with a large flute?,there are  boxes among other things that are being used in this setting.
1769,a crowd of people comprising men and women are at a shopping mall that has several shops.,"one woman meaning against a yellow wall is blowing off some smoke from her mouth, most likely she is smoking and she is also on the phone.",true. and the majority of people here are wearing coats so that means this place is quite cold.,"very true. in this crowd, I can't see any black person.",very true. everyone here is white 
1770,a woman who works in a restaurant that cooks a variety of foods is preparing some yellow beverage for a good number of people ,"the beverage she is making looks like that beverage which is made from fruits, and she seems to be an expert with what she does.",certainly she has paid alot of attention as she is award she is being captured.,on her side is a plate having some white stuff.  could it be rice or snow?,it really is some ice. they have put something in the plate then some ice to make it cold.
1771,"six white men are working on a railway line, after which a train will pass through.","they all look quite older in age, and there is one who is inside the train whose rail line they are making that is in the middle of the road.","even so, they are very swift in what they are doing, perhaps the train needs to leave in a hurry.",on their far left is a green wall having a drawing of a red cartoonish train,"in addition to their clothes, they are wearing reflectors which have red and white colours."
1772,"a young, white man is holding onto a  blue, metal rod that is on top of his head.","he seems to be swinging on these same rods. isn't he in a play park that has different swings, slides among others?",very true. there are various swings in addition to the metal rods.,this man seems to be very happy being in the children's play park even though he is not a child himself.,"at this moment, he is just swinging on the swing alone."
1773,a white man wearing white clothes is painting his wall with black paint,"the place where this man is working from seems to be a complex where shops are next to each other.  the bucket from which he is taking out some paint is green at the bottom, and white at its top with some yellow lines on the green area ",he is standing on some metal height in order to reach the end of the top wall.,"he is standing on a scaffold and not a ladder, as it is not leaning against the wall.","truly this is a scaffold as it can be folded and unfolded, and when folded, it has to lean against a wall."
1774,a white young lady is wearing some red clothing and using a trumpet depending on what she is reading from a book in front of her ,"she is among a crowd of people playing these trumpets as they walk along the road and they are all wearing the same clothing that this Lady is wearing, and they are walking behind her.",she seems to be leading this crew and it seems they are celebrating something,very true. they are passing through a road in a town while playing their trumpets.,there are other people also on the road at the same time she and her crew srw singing.
1775,a child aged five years old or even younger is walking on her own on a path leading to a swimming pool and this path is in between tress.,"the place where this little girl is very beautiful and clean, and so are the trees even though there are no fruits at all on the trees. ","the tress perhaps are just for beautifying this place, because there are also some yellow and white flowers on the left.",this child appears to have worn a napkin inside her trousers and this is enough proof that she is still a little girl.,she is calm like she knows where to go exactly.
1776,four men wearing red shirts and white trousers are playing some music in the road.,these men seem have been singing for a very long time and they are singing in a city and there are people watching on the side as they listen to what they are singing.,"very true. they have been singing for a very long time and people do enjoy their singing as they are very happy, and perhaps there  are even some giving them a token in form of money.","among them, the man who is on the left is the only one who is dark skinned and he is the only one who seems the youngest among them all.","behind the people that are watching is a tall, story building"
1777,a horse involved in a competition is trying to drop a man off its back as it is running very fast.,"well, this man has fallen badly and I hope he won't hurt himself once he lands on the ground because the ground doesn't have grass but just sand.",certainly. there are people watching how this man is falling off the horse and they all look perplexed at what is happening. there are also other people that are watching that are seated in their seats.,"everyone that is watching, two men also in the field together with the same man that is falling, are all wearing hats.",perhaps it is mandatory for everyone that is in the field to wear a hat
1778,two light-skinned woman is walking along a road and they are all in their phones,"of the two ladies, one of them is wearing a black shirt, and the other one is wearing a white shirt.",behind them is a picture of a wall and they are also having a black and white striped umbrella,the one wearing a black shirt and in front of her friend appears sad as she is talking over her phone.,perhaps she has received some sad news and that is why she is sad.
1779,two women are  in a field where motorbike racing occurs and they are carrying something in their hands. what are they carrying?,very true. there is motorcycle racing taking place ,"very true. the woman on the left has really focused her attention on the motorcycle, perhaps the competition she is involved in is quite enjoyable.",very true. even I can see that she is really involved in  the game and she is really enjoying.,perhaps this is when the one on the right is about to go and play.
1780,a white woman on a road is examining some pictures that are being publicized of a woman in a wedding dress. ,"certainly. the pictures have been stuck outside a shop that sells wedding dresses. Perhaps, she wants to buy her wedding dress herself.","from the way that she is looking, it is clear that she really wants to buy her own dress, hence, she herself is a bride.",she is carrying two bags in her right hand. one of the bags is red whereas the other one is black. she is also wearing red shoes.,true. she is also wearing a blue trousers and a whitish jersey.
1781,four young men carrying bags on their back are in a bush climbing a hill,it seems these young men are just on a tour to see how this place is.,perhaps they are students that study about the environment and so they have come to learn more about it.,true. perhaps they are environmentalists.,"on the other side is what they use to climb story buildings, so perhaps there is a building at the end of "
1782,a white  man wearing a black shirt is walking in a road when he is actually looking at his right hand side.,"behind him are several, different veshicles. among them are black, white as well as yellow vehicles among others","from the way he is looking, it could be that he has seen something that had excited him or perhaps perplexed him.",he is wearing a white glove on his rifjr hand.,"most likely it is very cold. Even so, he is not wearing a jersey."
1783,a white young man wearing a black jersey is the sound system to ensure the music plays efficiently. ,the building they are in is dark. are they celebrating anything in this bar?,well this building does look like a studio for recording songs as he is just alone and calm,well that makes a lot of sense. that does look like a studio,perhaps he is practising before hand how he is going to perform 
1784,a young white man has jumped in the air while on a skate board,isn't this the same tool that is used to slide on snow?,"it definitely is the one. in addition to snow, one can also slide on it on a good, smooth road.",the only difference with those that are used in hilly places is that they don't have wheels. are  they all the same?,well the truth is that they all have wheels.
1785,three young ladies are bracing themselves in order to take a photograph. the one capturing is a lady standing in front of  them and she is holding a camera.,behind them is a white man and woman.  it appears that this place is very cold as they are all wearing coats,true. perhaps it is usually cold in the morning but gets warmer as the day goes by. it seems these ladies are close friends.,"the fact that they want to take a picture, doesn't it mean that this is their first time going to this place?",well that is also another possibility. there is also a married couple that are also wearing coats.
1786,a black man dressed in blue clothing is holding a certain tool in his hand,he is wearing a white hat and he is actually  holding a camera,the way he is holding it is in such a way that he is showing perhaps somebody how to use it because he himself has used it before,true. perhaps  in his youthful days he used it a lot at his work place, behind him is a building that has been fenced with black metal rods.
1787,two black men are playing along a sea shore,they are playing capoeira which is a combination of fight and dance,one of the performers is wearing a green trousers whereas the other one is wearing a blue short.,these two seem to be friends who have actually been practising capoeira for a very long time.,true. they are really enjoying what they are doing. perhaps they are performing at a celebration.
1788,a young lady is sweeping her house with a standing broom,this lady seems to be happy and she is wearing a grey shirt and a blue trousers,"from the way she is smiling, it is clear that she is enjoying herself as she is doing her chore",or it could be that someone in the house that she is sweeping has said something funny,true. perhaps they are complimenting her for her hard work.
1789,a man in a country on the East is standing in front of a shop that is along a road.,the shop itself has material of different colours and it also has sunglasses that protect the eyes from sunlight,these clothes have different colours and behind his shop is a yellow vehicle that is moving along the road ,this shop is a mobile shop because it has wheels and he is wearing white clothing although the shirt is brighter.,this shop is mobile and goes wherever people can be found.
1790,a crowd of people comprising males and females but mostly males is at a place which supposedly looks like a tourist attraction site and there are many tourists as well,"very true. among these, some are seated on the side of a bridge, and from the way people are dressed, it is clear that this place is very hot ","it seems this is when some people have just come, whereas others have been here and have even been to the mountain, using the bridge","they are in a mountainous region, and there are a lot of rocks, with no trees. however there is some little grass surrounding the place.",there are certainly wonders of creation in this area and that is why there are a lot of people.
1791,a white father and his two children are playing at the sea,he has just thrown the male child in the air as they are playing in the sea.,"very true. and behind them, at the edge of the sea are a lot of trees.",true. and the boy behind the father is looking at his left hand side as if he has just seen something,perhaps they are just trying to be cautious as they may be caught unawares by some creatures that live in the sea.
1792,two children from a country in the East are seated and the one seated on the right is crying for a toy that is with the friend ,these children are both fat and the one crying has been dressed in a yellow shirt and grey short,"the one having the toy is staring at the friend who is crying, and on the side they are seated is a table having some beverages.",on the forehead of the baby that is crying is a plaster.,very true. or perhaps it could be the sore that is there that is making this child to cry
1793,a white mother and her child are seated outside and she is giving her child a toy around noon time,"this child is a little boy and he has been dressed in a greyish shirt, and the mother is wearing a white shirt ",they are seated under a tree and in front of them is a table made of wires and is holding a glass with a beverage in it.,the mother and  her child are smiling as they are seated.,"certainly and they do seem to be having a good time, just the two of them."
1794,a young lady from a country in the East is dressed in a dress that has various colours and has keys in her hands.,"she seems to be in a crowd outside, perhaps she is walking in a town, and behind her is a child wearing sunglasses ","at a distance behind her, is a young man wearing black clothes and another one wearing green clothes.",the one wearing green clothes is actually wearing a green club jersey and obviously plays basketball,he is wearing black sunglasses that are in his hair.
1795,a crowd of white people are walking on a road near immigration offices.,"this building has some huge writings written in yellow that say ""anger does not stay but not finishing your journey is forever.""",these words no doubt encourage guests as well as the native residents ,definitely they are encouraged to complete their activities even though these activities don't look at all easy from the start,this building is surrounded by glasses to beautify it.
1796,"two people, among a group of white people, males and females have just finished examining something using an optical instrument that views things which are too tiny to be seen by the naked eye.",what Jon do they exactly do in this place?,"well, this is the place where they examine extremely tiny things using their various instruments.",do these people work alongside pharmaceutical staff(or those who make medicines) after examining the different kind of parasites?,it certainly is a likelihood as the instruments are quite a lot.
1797,a white dog wearing some green clothing is walking in the sand and has a rope tied to it,is it walking in the sand or snow because it is stepping on some white stuff,"well it could be sand because it is quite sunny as is indicated  by the dog's shadow, however it could also be that it may have just stopped showing and some sunlight is just beginning to shine.",well clearly the latter could be true because there is no sand that is that white. it definitely is snow and it will begin to melt very soon ,"from the way the dog is dressed, it is clear that this is snow."
1798,"two white people, a gentleman and a lady are together and the young man is seated on a big metal",they are both wearing sunglasses and are staring at something on their right,behind them are some trees on the side of the road and various vehicles are parked too.,"from the way they are dresses, it is clear that this place is very hot",they are also wearing sunglasses.
1799,three young ones are in a martial arts class,"they are all wearing white attire, and two of them are having red belts and the other one is having a yellow belt , depending on what stage they are at.","in the room that they are in, there are wooden cardboards that divide the rooms and on the floor, there is a green cloth",all three of them have pit their right feet forward and their left hands are folded on fists.,they are simply following instructions by their master.
1800,a mother and her three children are together and the oldest of them all is kissing the youngest,the older child is kissing the this newborn ,"the way the family are looking at this baby, it is clear they just welcomed this baby",the little boy on the right seems surprised at how he older sibling is kissing the baby ,true. perhaps it could be jealousy seeing how the older sibling is kissing the baby 
1801,a number of pupils comprising both boys and girls are standing in front of a classroom and they have placed papers having different colours in front of their shirts. these pupils belong to a country from the east.,"there are four people that appear to be their teacher a-two males and two females, all wearing white shirts.  one of the teachers has lifted a paper to the top of his head.","there are two other children that are not wearing the attire that their friends are wearing and they are just staring at these ones, wishing they could also be part of the group, that is also learning in a special way",the pupils with their teacher seem to have just left the classroom to learn from outside or rather to compete in some games.,true.perhaps this is a game that is school related .
1802,"a woman is just coming from the post office, which is simply a place where they keep mail before it is sent to various places ",certainly.  this woman is wearing a black coat and grey trousers.,"true. she is heading  into a direction that has so many trees, and it looks like she is going back to work after sending the mail.","from the shadow, it is clear that this could be in the evening or early in the morning.",and it really does seem that she is walking extremely fast or rushing.
1803,"two children, a boy and a girl, are seated on an animal statute in a bush","these children seem to be in a zoo, as it has metal bars.",true. this zoo is near people's homes and so the metal bars shield the animals from leaving and bringing any sort of danger to the people visiting them,there is a green poster having white writings behind the children that are on a statute,the writings explain the name of the statute.
1804,"three white ladies and one man are lying down, facing the sky at a sea shore",two ladies are lying close to each other whereas the young man is at a short distance from them. they are not all wearing swimming suits.,true. perhaps they didn't go to swim but just to enjoy the fresh air from the sea,are  these ladies together with this man because they don't look to be together. they are apart.,"not really. he seems to be just alone. if he were with them, he'd have been closer to them."
1805,an elderly white woman is seated under a tree trying to draw something near her house,"her house appears like it was built a long time ago, and it also does seem big. on this woman's left is a small white bucket ",I see. perhaps that is where she keeps her various tools needed for her drawing. she is also wearing a just to protect her from the scorching heat,does this woman live with anyone else in this big house? because it seems she just stays alone.,"well, she is elderly so obviously all her children are adults and no longer living with her. perhaps she lives with a grand child or just any other person."
1806,"two white children are on a swing, swinging while holding each other",perhaps these children are siblings. their house has been built on a hilly place because the trees in front of them seem small when they are actually big,true. they actually appear to be on top of the trees. their swing has been tied to some green rope,these children live in a mountainous region full of very huge trees.,true. this place is indeed beautiful
1807,a black child is lying while sucking his finger,isn't this child in a train or in an extremely large vehicle?,it could be a train or a big bus. the child has been dressed in black clothing,the child has also grasped some white material. why haven't this child's parents simply put the child on their laps?,"well, perhaps that would be a challenge and it could be quite uncomfortable as this child is quite fat and big"
1808,a white woman is carrying  her child in one hand while she seems to be holding what looks like a pen in the other.,"this child is small, perhaps just  started crawling. the mother is laughing at something while holding her ","they are in a place that has a lot of tall, green trees, as well as a well-cared for lawn",isn't this place one where families usually get together to have a good time over a barbeque?,that could be the case. perhaps its a get together with family they haven't seen in a while.
1809,six young men are seated in a room. three of them are playing some sound system while the others are singing along ,it seems that they are coming from various countries among some who seem to be coming from the East.,they seem to be friends and they are wearing clothes having different colours.,the floor in the room that they are in appears red,"they are well composed.as some are playing music, others are singing."
1810,a woman is walking on a road that is near a building and she is scratching her mouth,she is wearing a blue shirt and she is carrying a black bag as she is scratching the side of her mouth,it seems as if this is when she is just knocking off from work as it is around sunset,certainly this is when she is knocking off. she is also having an work identity card around her neck.,this card shows exactly which company she works for.
1811,"an elderly white man  dressed in a yellow shirt and helmet, is walking at a mall with people in it","this man is a driver of a motorbike , and so he is wearing a helmet to protect him from danger.",true. he is also having glasses hanging around his neck by the spectacle strings.,it seems he wants to get into a particular shop to buy something,he is walking as fast as he can in order to finish his business as soon as possible.
1812,"a young boy, who is about the age of ten, is trying his level best to clean an umbrella ","he is standing in the surrounding during evening, trying to fix this umbrella that has different colours",it seems that it is around evening time as it is dark behind him but there is a bulb in front of him,the bulb is simply illuminating him as he tries to fix the umbrella,there is a well kept lawn in the surrounding
1813,"a little white girl is standing in front of a tool where a camera is placed,and he is trying to look into the lenses of the camera.",he is even paying attention to what he is doing as he tries to imitate what his parents do before taking a picture.,definitely she is trying to imitate her parents. there is a doll near a basket behind her.,"there is also a doll behind her, that looks like a baby. her hair has been tied to the side, using  yellow and blue ribbons.","she is also in her night wear, ready to go to bed."
1814,a black woman is standing in front of a shop that sells material,"she is also dressed in this material, and there is some material from her country that is on a wall",certainly. perhaps she is the one who makes these clothes then sells them?,certainly. perhaps she is the one who sews these clothes then sells them?,she makes outfits for both men and women.
1815,"a crowd of both white and black people are exercising their bodies as they run on the road, and there are some showers.",this is certainly rain season. are they just exercising or is it a competition ? ,"well, normally in a race, there are rules regarding how they are dressed, such as never taking off shirts, among others. howber, in this crowd, some have done that. henceforth, this is not a competition but simply an exercise ","well, that's clear enough. but why would they choose to exercise in the rains? won't they develop flu?","perhaps when they were starting, there were no rains at all, nor a cloud cover."
1816,a number of white kids are swimming in a swimming pool,there are some things in the water which have been made. they are not swimming normally. five are standing in the water and they have surrounded five others who are lying in the middle. those standing are holding onto the legs of those lying. all these kids are girls.,"perhaps this is just their own game, after they have had swimming classes",most likely. or it could also be that this is among other exact games that they actually compete about,"certainly. but ultimately, these children know how to swim."
1817,a white little boy has climbed an extremely large tree. how is it possible that a child this young managed to get on such a big tree?,"it certainly is surprising because this tree doesn't look at all easy, to  climb. perhaps an adult took the child there.","even so, the child doesn't seem to have enough power to hold on to the tree. perhaps he has been tied to something",I believe the one who took him there will certainly get him out of there as well. because any minute can prove fatal,I believe there is an adult under the tree who has everything under control.
1818,a white woman is seated on a camp chair that is on the road in a bush having extremely huge trees,"there is a man and a woman who are also white, on the right of the woman seated. these two are standing looking at something in front of them",this woman seated has headsets plugged into her ears and she maybe listening to some music or just something else.,"behind the trees, and on the side of the road of this woman, there are some vehicles.",absolutely correct. some yellow leaves are being shed by the trees 
1819,a white man has a baby on his laps who is having a very colourful toy,"there is a woman dressed in a blue dress, on the left of this man, who seems happy.","perhaps he is talking to someone behind him, where he has faced.","it seems they are from having a meal, and this man is taking some beer from a bottle that is near him",true. and it could be that the man is asking for some more beer since it  has finished in the bottle that is on the table
1820,"a vehicle carrying three people is parked near a bush, and there is a lot of food meant for some animals and the man is actually putting some food to be fed.","on the left of the vehicle are a number of sheep, and the sky is quite cloudy",true. and the sheep are quite a large number and are approaching the vehicle. perhaps they do know that this is the vehicle is the one that brings them food.,"perhaps it is rain season and it is therefore about to start raining.  observably, there is a little boy in front of the vehicle who is dressed in a red shirt. what do you think?",Yes. perhaps he is waiting for his father to finish what he is doing.
1821,"a number of white people consisting of young men and older ones, are standing as the young men show off their tummies by folding their shirts.",four men wearing shorts that are below the knees. a good number of people are standing on the left of a metal near them. only one man however is very close to this metal rod  ,"two of the men wearing pretty long shorts, is one who is dressed in a blue shirt while the other in a green shirt  ",behind the man wearing a blue shirt is a woman wearing a white trousers and is laughing while looking at the man in a green shirt ,perhaps these men who are showing off their tummies are going to perform some comedy to the rest. these people seem to have gathered in a car park.
1822,"a white man is trying to make something out of the snow using what looks like a sword, and he is wearing a black coat.",the tool he is holding in his hand seems to be one that uses fuel and is normally used when cutting down trees. on his left side is something that has been made using snow,right.there are people behind him that are watching what he is doing.,right. the place they are in is one where they compete to make something out of snow and the one who does a great  job gets a medal.,it is no wonder then that this man is doing his best and paying attention
1823,a white man is walking along a road near a very big tree. ,this man is tall and appears to be carrying a black bag on his right hand,there is a shop having burglar bars on the windows and door ,"this man seems upset, as if someone has angered him, or perhaps he is having thoughts that are making him angry.",certainly I too have noticed that he is extremely upset.
1824,three women are in a salon,one woman has curled the hair of the one who appears younger. it seems this woman wants to put something to the hair.,"there is somewhere where they hang towels as well as coats. the lady whose hair is being beautified also has a towel around her neck, to prevent her clothes from becoming dirty.","the older lady seated behind the hairdresser is smiling, perhaps she is happy at how the hairdresser is doing her job.  do you think this woman is the the mother to the one whose hair is being dressed?",most likely she is.
1825,"two whites, a man and woman are on top of their horses respectively. they are doing their job as peace keepers.",they are peace keepers in their country. are they in a town?,perhaps. they  are wearing green reflectors and there are people as well as vehicles behind them.,"there is also a very tall building behind them, and other people near it.","these reflectors are really protective in the sense that when it is dark and there are no lights, they shine hence someone can know that there is a human being."
1826,two white ladies are together. one of them is shaving the friend's hair.,the one shaving her friend's hair is wearing a white shirt and grey trousers. the one being shaves has a cloth around her to prevent hair from falling on her clothes.,this cloth is red in colour. they are seated near a table that has various tools for shaving hair ,"for your information, these ladies are not in a barber shop. it seems they  are just in a room in the house and most likely they are sisters or very good friends.","certainly this isn't a barber shop as there is no mirror, and the tables and chairs in the room are not the type that are typically found in a barber shop."
1827,a man who is a welder is wearing a welding helmet or hood to protect his face from getting hurt.,this man is joining pieces of metal through heat.,"from the way he is wearing protective clothing, it is clear he has been doing this job for a very long time. and he is seated as well.",certainly. another reason why we can conclude he  has been doing this job for a long time is because he is not wearing any gloves as he is welding some metals. I have a question; isn't he seated in the middle of a small bridge?,yes definitely he is seated on the bridge because he is obviously working on the metals that hold this very bridge together 
1828,a man from a country on the East is carrying some heavy sacks along a sea shore,truly. these sacks are also large in size. there is another man who is wearing a black shirt and is at a distance from the man carrying sacks.,it seems that what they are carrying is coming from a boat.,perhaps he is a trader and plans to sell some of these things on the other side.,"most likely his home is near the sea or perhaps he sells his goods, near the sea."
1829,"two young men are seated in a field, chatting",they  are putting on helmets on their heads. perhaps they are from riding their bicycles.,perhaps they are just taking a break now ,they have choosen to rest at a place that is beautiful and clean.,true. they also chose a place which does not have any distractions.
1830,two Indian men are in a restaurant,"one of them, not wearing any shirt is removing the scales from the fish","in the room they are in, there are other utensils for cooking.",isn't this shirtless man breaking the rules by being shirtless?,most likely he is. it is also possible that he is not in a restaurant  but just a home kitchen.
1831,a shirtless young man is standing on a skate board,"is he on the road, or a particular place where skating occurs from? there are people on the side that are watching what he is doing.",it seems he is just on the road as there are people walking and are even carrying their bags,"there is also an empty, artificial pool on the side of the road.","true. In addition to being shirtless, he is also wearing some sunglasses to protect him from the heat."
1832,"a white man is standing in front of a Christmas tree,while holding a bottle of wine","he is wearing a black shirt and a red trousers, and he is smiling,though just a little, where he is standing.","certainly, or could it be that, that's just how it is.","he appears to be alone in this place. or rather two people, of who is capturing him",perhaps they are waiting for more people to come to this celebration
1833,a white man is pushing some white luggage on a wheelbarrow in a broad road,"this luggage seems to be some extremely large posters. on his left is another man heading to the same direction as this man, who is on a motorbike",certainly there are a number of motorbikes on this road. it also seems to be very sunny.,true.  this other man is also carrying luggage on his motorcycle. what do you think?,certainly this motorbike can't carry a lot of things as they will distract the handles.
1834,"two dogs, one black, the other brownish, are seated outside playing.",the brownish one seems to have beaten the black one on its cheek as they are playing.,the black one appears to be in a lot of pain,"the black one has a red collar around its neck, to indicate that it belongs to someone, whereas Tue brownish one has no collar at all","these dogs are probably fighting because the brownish one went into the black one's territory, or vice versa"
1835,"two men, a black man and white man are playing pool on a pool table","the little balls are of various colours and each ball only gets inside the hole with the use of a white one, using a stick known as a cue",the pool table has the design of an actual field and has been nicely designed.,this table has a blue material placed on it,true. the white man is wearing a green shirt and white trousers while the black man is wearing a black shirt.
1836,two men have had a baby sit on a blue vehicle,"they all come from the same country, and on the side of the road, there is a woman wearing a white shirt ",perhaps this woman could be the mother and one of these men could the father. the man who is wearing a green and black shirt is smoking a cigarette,they are in a city around evening time. the buildings seem bright as the lights are on. there are also various vehicles passing in the road.,yes. and they are on the side of the road and among them are some people with a medium complexion.
1837,a white man is standing in front of robots on a road.,this man is quite fat and he is dressed in white clothed from head to toe. it is very sunny.,perhaps he wants to cross the road as he is bracing himself to do so.,surely. he is waiting for the green lights to come on so that he can cross the road.,true. and he is just alone. there is no one else with him.
1838,"two white people,a man and a woman are seated along the sea shore",isn't this a river bank? they are both wearing black coats and it seems they are having a very serious conversation from the way they are seated.  ,certainly they are having a heart to heart conversation as lovers.,it appears as if the sun is about to set,very true. and these people are so engrossed in their conversation that they don't even care about the sun setting.
1839,a little white child is chasing after some white birds with a toy for collecting some soil in the hands,"this little  boy is not well over three years old, and he is wearing a blue shirt and a white short.","he is in a very sandy place, and there are some trees at a distance.","he seems to be at a sea shore, from the appearance of the sand as well as the type of birds that he is chasing",true. he probably is with his parents who are taking a photograph of him
1840,two men from a country in the East is playing chess,"there are two young boys who are watching him as he plays the game. these two men are both wearing black trousers however, one of them is shirtless while the other one has a blue shirt on.",behind them is a fence,these men's legs are folded and they have paid a lot of attention as they are playing this game.,certainly. perhaps this sitting arrangement is typical of these people when they are playing chess.
1841,a motorbike rider is riding his motorcycle in a very muddy place and so the mud is all over.,"because of the mud, he has actually standing off his saddle, however his hands are fixed on the handles.","he seems to be an expert at riding the motorbike. also, he is wearing protective clothing","I strongly believe he is in a racing competition with someone else, or others",absolutely correct.
1842,a crowd of white people are standing behind a platform. perhaps they are watching game or there is a singing performance,"true. perhaps they are waiting for some singers to come, so that as they sing, they can play along some instruments .",a man and a woman also present in this audience seem to be together from the way they are dancing.,"on the front right of these two, there is a man  dressed in a green shirt and white trousers. he is also wearing some sunglasses.",there are also some who have  placed some things to sit on the lawn whereas others are just standing.
1843,two little girls are in a sea and one of them is inside the water which is reaching her at waist length,the older one is wearing a green swim suit while the younger one is wearing a blue swim suit,at the end of sea appears to be a lot of tall hills,"certainly these hills are quite tall and huge, and they appear to have a lot of snow on their tips",they seem to be the only people on this place.
1844,a married white couple are standing along a sea shore trying to clean up something from the hands.,aren't they at a river? it seems as if the husband is trying to teach his wife how to use a fishing bait.,"certainly. they are both wearing hats-the wife, a blue one while the husband, a whitish one.",the wife is wearing a white dress whereas the husband is wearing a brown one.,"there are some houses made from wood along the side of the water, in front of them."
1845,a white man and two others are smiling as they are standing.,they seem to be  celebrating something. the two men from the East are very happy.,"a man is wearing a helmet, and one woman has white and black hair.","the white man does not seem to be very happy, perhaps it is because he is tired, or he is thinking about something.","well, he too is smiling but not that much."
1846,"a woman is with her child on a road, trying to  lift her baby up","this mother and her child are black. at a distance, in front of them, are five, black men standing in front of the same building.",the building they are standing in front of has been built using roasted bricks.,"this woman is wearing a black coat and trousers. however the shoes are red in colour. from their dress code, it's clear this place is very cold. ","it probably is hot season although it is not quite sunny.  the fence has been made of metal roads, and some wires in it and near it, is a red tool."
1847,a brownish dog is chasing a  goat on a lawn.,"this place is a farm house where various animals such as goats, cattle, sheep and the like are kept. there are also dogs ",this farm is quite big and it is fenced with red metal rods,"most of these animals are domestic animals and they feed on grass, hence, the grass is just perfect for them as it is a lot, and not so long.",the dog in this farm seems to be troublesome or perhaps that is how it plays and enjoys itself.
1848,a white family are outside roasting and they seem to be in a wood.,"true. they are in the woods, and they seem to be roasting some meat or chicken.",they are all seated on chairs respectively and they have jerseys as well.,the family that has gone out are five in total.,"there are a lot of huge trees in this place and in front of them, appears to be another family."
1849,,,,,
1850,a white man is on a skateboard on a road however he looks like he is about to fall.,"far from it. he really knows how to skateboard and even flip around with it, and so people might think he'll fall, when he actually won't.","true. there are a number of houses in fences, as well as some trees and a well-trimmed loan ",this man is wearing a white shirt and helmet with a bron shirt as well as black gloves to protect his hands.,"certainly this man is an expert at what he does, and he has been doing this for a long time."
1851,a young white man who is a potter is in his shop making some utensils,this man is working on his utensils using clay and his own hands ,in between the clay is a potter's wheel that rotates in order for the pottery to be perfect.,this man seems to be quite skilled at what he does.,"truly, he's been doing this for a very long time, and he is also paying a lot of attention to what he is doing."
1852,an older white man is cutting down some wood to use to make a temporary house ,isn't this man simply cutting down the trees for use as fire wood?,that might be the case because the trees he has cut are short in themselves and it is only fitting that they are used for firewood ,"well, most certainly he will use these cut down trees as firewood for cooking as well as for warmth at this temporal residence","this small house of his is white in colour, and the trees have been put near a tent and the house is standing on some grass. in front, there are also other temporal houses that have been made."
1853,a black dog is running in the water with its eyes wide open,"the ways its eyes have been opened wide, it is almost as if it is running away from something.",true. or perhaps it is being chased by some creature in the water ,"that could be true. and clearly, I believe it is almost out of the water.",definitely. it will manage to pass leave the water soon.
1854,some young men are playing and swimming in the water with a ball,there is also a lady who is in from of them who is also playing with their yellow ball,they are all wearing swimming caps and swimming ear plugs,"this lady isn't male because as opposed to the other males who are shirtless and just wearing shorts, she on the other hand is wearing a blue bra.","clearly, these people are having a great time."
1855,some young men are in a running competition,this race is a marathon race as they are running over a long distance,they all have papers on their jerseys that are showing their respective numbers for identification,along the side of the road is a huge crowd of people watching the marathon,true. and all the participants are wearing shorts to enable them to run effectively.
1856,an older white man who supposedly is a father has a bucket over head and his little girl or daughter is surprised to see that,"in the place these two are at, there are some writings written on the ground that have white, blue and and orange colours",behind this man is a blue chair that has some bottles of beer in them,behind the child is a brai stand,there is another white chair and on  it appears to be some dishes that are normally used in restaurants.
1857,a little girl that stays in a country on the East is playing a game where she has to jump over a rope.,"she seems haply as she is skipping over this rope, and it's around evening time. the rope is yellow in colour",her hair is blowing everywhere as she is jumping since it is not tied.,nearby to where this little girl is are some three children that are standing near a building which is white at it's top and blue at the bottom.,"there is another young one heading to the direction of trees, perhaps that is where she is going to play from."
1858,a group of players are competing in a game.,there  are a lot of people that are seated on the side of the field where these skaters are skating on the snow.,"there is a wire fence in between the players and spectators to protect the spectators because sometimes, the game can get a little violent once they hit the tool that they use.","this game is quite unique because instead of using a small ball, what is there is what looks like a flatish black wheel.  this game is rugby.","what they are wearing appears be heavy and rightly so, because they need protection and their heads are covered with a helmet that has some metal rods."
1859,a little not from the  East is wearing a red shirt and a blue trousers.,"he is playing around outside the surrounding, and behind him appears what looks like a bush",he is playing around noon time,he has even tucked in his shirt as he is running around,well he really does seem to be enjoying what he is doing.
1860,a man carrying a black bag on her back is walking alone in a mountainous region.,this man seems to enjoy climbing mountains in his leisure time,he is even wearing a red jersey and a green hat,these mountains are in a very hot place . this certainly is a desert.,true. but this place is not a desert because there are some trees that are quite beautiful.
1861,"a young white man is wearing oversized clothes and he is having a skateboard but at this point,from the way he is standing, he is wondering if he should start using it.","indeed these are oversized clothes, for look, the top clothing is actually reaching the knees.",he is standing on what looks like a short fence and there are large trees behind him,he is wearing a black cap whose front is at the back and the back in front ,he is standing at some height before he actually begins his journey.
1862,a little white child is sitting on a pumping as he has also stepped on another one,behind this little girl are some red and orange flowers,there are other green pumpkins in addition to the one she is seated on,she is looking at something on her far left that is making her laugh,she is wearing a white shirt and a blue trousers
1863,a black man is training with his ball in order for him to be more skilled at the game,certainly. he is wearing a blue shirt and trousers as well as red socks,his ball is yellow and behind him is a building which is obviously a changing room,he certainly will become a skilled player if he continues with such training,he really seems to be paying attention to what he is doing
1864,two little dark girls are playing on a sea that has a lot of waves on it.,one of them is wearing white clothing whereas the other one is wearing red clothing.  these children look very happy.,they both have long hair and they don't seem scared to be on a sea with that many waves. ,I'm certainly sure those are not waves bust simply some air blowing the water and that is why their parents have allowed them to play on the sea like that.,"well, that could be true and it also could be true that there are no dangerous creatures that could harm the children."
1865,two white men are examining some holes that have been dug and may contain some electric cables or something else.,"on the side of their huge, white vehicle is another small, black one","as the vehicles are passing, they are not many or the road is not very ok.","from the direction that the vehicle bypassing them on the side is coming from, there are bricklayers building a very huge building in which there some building  tools ",yes. I can see the red vehicle heading to the direction they are coming from and there are more vehicles heading to the direction they are facing 
1866,two white persons are dancing in a dancing competition while holding each other,"there seems to be a celebration in this place as there are quite a number of people, or perhaps they have assembled to commwmorate a memorial or something of that sort in their area.",very true. this dancing seems to be typical of the place they live in,they have also built a temporal house made from red cloth,there are also others dancing in the  same way and it does look like they took a lot of time practising these dances for this particular day.
1867,three business men from a country on the East are in a crowd and they have on their mobile shops some dry fruits ,these fruits look quite heavy and it is very sunny,very true. and they have a very big umbrella in this very large crowd.,they also have a scale for measuring the mass of the various fruits,"true. and many people in the crowd are wearing white, red and yellow hats."
1868,a white man is seating on the side of the road playing some radio and he is hiding his face with a white cloth,what is that on his face? and have you seen what is on the toes of both legs?,perhaps he doesn't want people to see him and those on his toes are equally contributing to the beautiful music.,"well, he really is very talented, because imagine playing a guitar in his hands as well as synchronizing the sound from the toes.",behind him are some chains and others to prevent people from walking in the main road where vehicles pass.
1869,a white child is playing with some sand in the surrounding at home,he seems to be paying attention to what he is doing as he is pouring some sand from the bottle he is having which is yellow.,this child is playing during noon time and behind him is some grass.,"even though it is very sunny, this child is sitting under some shade.",very true. and he is also wearing a blue clothing and speaking to himself as he is playing.
1870,a man wearing women's clothing is sitting on a road where there are a lot of people,isn't he sitting  on a bicycle? he also seems to be a comedian who makes children laugh especially on their birthdays,very true. his clothes for sure are just to make people laugh,there is a white woman walking and wearing a bright shirt and carrying a black bag and she is walking.,this man though is sitting on a red chair and having a red bag on his laps.
1871,a white family are outside keeping themselves warm with some firewood.,"this is just a family of five, and near a young lady is some grass and there is also a torch lighting up the place",it is very dark behind them and  wait a moment; there are actually six people and not five. there are just some legs showing in front. ,certainly they are six and it's very dark as well. the fire that has been lit is equally too hot.,perhaps they went out in the woods as a family.
1872,two white men and a woman are  in a building where dart games are played,the tallest man in the building is wearing a red coat and headsock.,"it seems these are the only people in the building or perhaps they are the only ones on the side where this game is being played. the circular board on which the darts are thrown has red, black and green colours","certainly true. also, it seems it is around night time as it is dark.",the circular board looks like a star.
1873,a white child is in a football pitch playing and he is wearing a red shirt and a black trousers,this child is back flipping with his hands on the ground and his legs raised in the air ,perhaps he is trying to do some back flips. the lawn in this field is very well trimmed.,perhaps he not yet skilled with doing back flips without actually using his hands.,"certainly he is still learning. there are no people at all in this field, except of course the one who captured this picture."
1874,a group of young men are competing in a running race,"this race seems to be a marathon and  so even if they still have a long way to go, they certainly have run a  great deal of a distance already.",on the side of the road that they are running on are crowds of people watching and cheering,"certainly they have a lot of supporters. Also, the road that they are using is not open to motorists due to the marathon",true. and the place where there are so many people is a really tall tree that is different from other trees. 
1875,a choir of singers comprising of men and women are singing in front of people.,the two men are playing the guitars while the women are singing along, very true. and they are all wearing black shirts as well as blue trousers,"one of the men is wearing a white cap and the other, a black one as they are peforming. the women though are not wearing any caps at all.",the light is only illuminating the singers and not the audience.
1876,a black and white dog is running about,it seems as if it is chasing something at noon time ,"well, this certainly isn't a field but a bush that has short grass",certainly this is a bush,very true. and it is running extremely fast 
1877,a white person is seated near the entrance thinking deeply about something. is this person male or female?,this person is a make and that is because he is wearing a long robe that men wear in this part of the country.,"the place where he is seated appears to be dark, and he has held his mouth while wearing glasses.",perhaps he has a lot of problems and that is why he is thinking deeply about and that can be seen from his facial expression.,"he is also wearing a blue cap, perhaps he is a pastor."
1878,"a white man and woman are standing, laughing in front of a shop.","on the contrary, these two are both women. the one standing on the right dressed in a grey jersey and a black trousers has short hair and for that reason, she looks like she's male, when she is in fact not.",very true. they are also holding some orange bottles that is having some white beverage.,the woman on the left is wearing a black jersey and a blue trousers ,the one on the left is wearing a green jersey and a black trousers and on the building where they are standing are some black writings while the wall itself is yellow in colour
1879,"a man who stays in a country on the East,  is standing in front of a shop that is along the road.",his shop seems to have materials of different colours and also sells some sunglasses,four of the materials have different colours and behind the shop is a yellow vehicle that is moving on the road.,his shop seems to have some wheels at its bottom and his shirt is brighter than the trousers.,this shop is a mobile shop that goes wherever there are people.
1880,"three white women, a man and two women seated on a rock are in a bush",the man is carrying a green bag that also has some black on his back  and he is wearing a blue hat.,the women too are also wearing white hats to protect them from the sun as it is too hot.,"why are these people gathered in such a dense jungle, that appears very dangerous?",perhaps they came to this place to enjoy their leisure or it could be that they have heard of some unique creatures in this bush that they actually came to see.
1881,five extremely white dogs are eating together with chickens.,"three of the dogs have their heads into a white bucket which has been dropped to the floor, and in from of them is a rabbit that is watching these dogs eat",there are also four chickens standing behind the chickens on some wooden log,"whatever food these dogs could be looking for, as chickens eat foods different  from dog food.",perhaps the chickens simply enjoy the little dogs' company.
1882,"four young children comprising two males and two females are  in a training room, playing how to fight and they are wearing white dresses",all  these children are wearing yellow belts as an indication on how far they have gone with their training.,"on the side of the place they are at, there are other young ones  dressed the same,that are watching their friends","among these,  is a young  boy throwing a punch at a girl that is ready to dodge it",they are doing all this on a blue and red carpet.
1883,a crowd of white people are walking on the road and some are seated.,aren't these people seated in front of a hotel?,"true, they are seated on guest seats and there is a man wearing a white shirt who is on the phone ",those seated are seated near a green wall that has  drawings of some yellow fruits.,the woman in the middle of some people  walking is staring at those seated.
1884,a white woman is walking along a road and she is carrying a  red bag,she is passing along a shop that is closed and covered with glasses and papers.,she is the only one walking along the road and she is wearing a black shirt and greyish bottom as well as black socks.,she has paid a lot of attention to where she is going,"that is very true, and it very clear from the way she is walking very fast."
1885,a boat carrying at least three people is on a great sea.,"as they are moving on their boat, it is evident that it is very hot.",the boat has a sail to prevent strong winds.,this sail actually also captures the wind in order to propel the boat.,wow. that means that the sail has a significant function on a boat.
1886,a number of whites are in a building smoking and drinking alcohol,the woman near a man who is walking is  dressed in  blue clothing and she is even smiling and blinking her eyes ,"there is a man wearing a black shirt, who is standing and just staring at his right hand side, as if he is awaiting something anxiously",this man has been smoking a cigarette that is about to finish.,this room appears to be a bar.
1887,a father and his son are at a sea shore and the father is carrying his son on his back,"the child is wearing a red coat, while the father has a black one on, and in front of them is what appears to be a red plate ",it seems that it is perhaps the child who threw the red object in the sea and in front of them is some wooden log,the wooden log is very huge. the father and son are dressed so warmly and that simply means that it is very cold.,"the fact that they are along the sea shore is reason enough for this place to be cold, even though some sunlight may be shining."
1888,a river flows in between trees that have shed all their leaves,are you able to see that all the trees have shed their leaves? and all the trees in this bush appear thin?,"perhaps this season is summer or autumn, or perhaps this is the nature of the trees.","most of the trees appear the same, and this season is likely to be followed by winter.",true. perhaps this is a shedding period.
1889,"a white man is on what appears like a boat, a sail boat on the sea having a lot of waves.",this man is dressed in a black swim suit,"the sail boat that  he's on has blue, yellow and red colours",the boat is also having a sail which together with the wind helps to propel the boat,this cloth known as a sail is part of the boat.
1890,"a dog is standing at what appears to be his place, and behind it is a green vehicle.","the place that the dog is standing is not clean at all. there is some dirt, and some things have mud on them. it seems that it was just from raining.",perhaps this a newly built house as the dirt is resulting from construction,"well even if that's the case, that the house is newly built, could they have forgotten to take the white seating  toilet inside?",perhaps they are not yet finished with the construction work.
1891,a crowd of white people are walking along the road and in front of them is a group of soldiers,it seems that these people are not happy with something in their country and so they are being accompanied by soldiers to ensure a peaceful protest.,"very true, the soldiers are ensuring peace so that violence doesn't result at all.",some soldiers are in front of the crowd while others are behind and there is also an army vehicle that is behind a of them,yes and there is a woman behind a man dressed in a black jersey who is holding a material that has red writings.
1892,a young man is walking on snow with an ice skate board.,"he is wearing a blue jersey and a white trousers. he is moving using this board. have you noticed  however, that this particular one has no wheels?",yes I've noticed it doesn't have. perhaps this one is mostly suitable for a snowy place like this one,"this young man is skating during night time, when the street lights have illuminated the street.",perhaps this is why he is alone in this place-it is evening time.
1893,a white woman is seaten on her couch and has a book that is resting on her chest ,this woman however seems to have paid a lot of attention to what is being played on the television. she is wearing a white shirt and trousers. ,she probably is seated in her house and behind her is another television which likely doesn't work.,behind her are two men. on the left is a man who looks younger in age and on the right is another one seated on the couch and he is being distracted by the television that doesn't work at all,this woman seems to be watching some heartwarming news.
1894,three women are seated in a knitting classroom,"these women look older in age, and everyone present in this classroom has come to learn how to knit","truly, these are quite advanced in years. perhaps they all want to learn how to knit, in order to pass some time, or simply for leisure.",truly. they want to have something to do when they are bored at home,"the woman in a black dress is even attempting to actually knit something on her own, as she is learning "
1895,"a young lady is seated in front of her motorbike in a room, and she is smiling",she seems to be watching something.,"as she is seated on her bed, she is wearing a reddish or orangish coat.","as she is resting, she is also watching what is on her motorbike in her room.","in her room, there are some things left standing on their own, that have been folded into a plastic."
1896,a white man is dancing with a female clown that is not real on the road,"on the side, in this town, are people watching and he has also placed his cap in such a way that people that love what he is doing can contribute a token of appreciation","certainly. there is even a woman taking a video of the dance, and another man who  has actually put down what he was carrying just to watch this man","it seems there are two women that are taking a video of this man- the one on the left that is kneeling, and the one standing on the right","the  fake clown that he is dancing with has been dressed in a red dress, as well as a black coat."
1897,"a white young man is climbing up a wall with his bicycle, and he is wearing a helmet on his head",this wall has so many writings of different colours. how has this young man managed to climb up a wall with his bicycle?,"well, it seems this is what he does most of his time, hence, he has managed ","well, still this is certainly surprising for someone to climb up a wall with a bicycle",there is someone behind a fence made of metal rods.
1898,two white dogs are running on the grass that is near the roadside.,"one of the dogs, the younger one, is very fluffy","true. however, even though they are not of the same age, and are different, they certainly are enjoying playing together","I believe absolutely that these dogs live in the same house and have the same masters, and so for that reason, they are used to playing together and being together.","on this lawn, there are also some white flowers "
1899,"an older, white man is on a roller coaster with a young one.","A roller coaster, also called a rollercoaster, is a type of amusement ride that employs a form of elevated railroad track designed with tight turns.","it appears yellow in colour, and the ones seated in it are protected by some metal rods that they are holding in the same way that seat belts protect us.",very true. it is important for them to be protected because the roller coaster more or less rotates and bring in a lot of wind.,they all seem to be enjoying the ride 
1900,"a white young man is walking on a rope that has been placed in the middle of the mountain, while he himself is also tied to a rope in his waist to protect him from falling.",he is wearing a blue shirt and a black short and he is trying to walk on this rope that is on top of the mountain.,the rope that he is working on is white in colour and he is wearing black gloves to protect him on this long journey.,it is true he is at some height really. this is because even the trees are somewhat almost reaching the clouds.,"well this young man is quite brave. even the way he is walking is quite brave too, and he is taking his time."
1901,"a young, white man who is a football player has kicked the ball with all his might such that some dust arose from the grass as he was kicking the ball","at a short distance away from him is another young man who also plays football and wearing the same outfit as this other young man is, that is; a green jersey, a short as well as black socks","it seems that for the win to take place, the ball has to be kicked into the net.",are these guys only in the field for training? because there is no one else in the field ,certainly and they are also training on how to score a goal into a net.
1902,a doll belonging to a white  young lady made of white stone is holding onto it's head.,the person who made this doll is a true expert because this doll resembles the lady,behind this doll is another doll that is male,certainly. what do they exactly  use to create dolls from stones?,"they basically use clay then pass it into the fire. other times they use cement which becomes hard and so even when they are exposed to water, they don't necessarily melt."
1903,"two young boys and a girl, all of whom are white, are playing against a wall that seems to have just been soaked by the rains",there is a man who is watching them and they are basically stepping on water that collected after the rains,"it seems that perhaps it is still raining as there are some rains falling from the roof and making the wall that is giving  these children some shelter, wet.",is  it really raining? I really thought that the rains that are falling off are as a result of the rains that have just finished and not necessarily that it is still raining.,well yes it is still raining and it seems to have disturbed so many programmes.
1904,"a white young lady is squatting on the side of a man who is also White, and seating on a black chair. it seems that this young lady is asking for forgiveness from the man who is seated.",that could be the case but it is also possible that this man may be a teacher and this lady attends school for older people in this area. under the chair of this man is a camera.,"there are black chairs in the place they are in, and the lady is wearing a blue dress and green slippers/tropicals",the man is wearing a black shirt and blue trousers whereas the lady is carrying a black bag on her left shoulder ,it appears as if this man is really paying attention to what this lady is telling him..
1905,some young indian boys are playing with a small ball along a sea shore,"behind them is an Indian man watching and smiling at them as he is passing and at a nearby distance, there is a large, wooden log","along the sea shore, there is a lot of sand and a lot of dirt too, that has been thrown everywhere",what is that which is standing behind the young man bracing himself to kick the ball that he will soon receive?,"well, that is simply a stack of stones put on top of each other,and this young man bracing himself is wearing a white cap"
1906,a black dog having a red belt for identification around its neck is running in really long grass,it is even panting and has stuck its tongue on its left side. is it just running or perhaps it is chasing after something?,"well, it is running as if it is chasing after something",well perhaps that could be the case. maybe its master is not so far from it and are following it behind.,yes that's true. perhaps it is simply simply with them and is obviously just leading the way.
1907,three men are riding on horses and are chatting as they ride in what looks like a bush.,the man in the middle and on the left side are laughing at  what the man on the right is saying.,"they are all wearing hats and two out of these are wearing green shirts whereas the other one is wearing a green shirt too, but it is open, hence showing off the belly.",the manner in which they are dressed is clear indication that they are in a very hot place. the man on the left  has lifted a white cloth. what is the purpose of that cloth?,well this is not a cloth. it is a sack in which he has packed some things and it is tied to the horse.
1908,"five white people, comprising of four men and a woman are seated down on the side of a building, while leaning against the wall. they seem to be resting.",true. they do appear exhausted after work and so they are relaxing as well as to eat something,they are all wearing blue trousers and the wall they are leaning against is yellow in colour,"the lady is seated between these men and it seems they are involved in the construction of the very wall that they are leaning against. this is because near this lady, there is a pair of sandals and on her right is a bag having several tools. ",therefore it is possible to conclude that these are bricklayers as indicated by the tools surrounding them
1909,some white people are in a building having a meeting in an office and they have papers in their hands.,a woman wearing red clothing seems to be heading the meeting and she seems to be explaining something.,the people present are really paying attention to what she is saying,perhaps this is a meeting to discuss how efficiently the workers need to be ,very true. it seems they are lacking in certain areas and the boss is pointing them out so that they can improve.
1910,a man and a woman who are in love are standing under a shade in front of a building while holding hands.,the doors of this building are made of glass and it is these glasses that are reflecting the image of this couple as well as the person standing in front of them,true. they are both wearing blue trousers and are carrying bags and the man is wearing a white and green shirt.,"they are also wearing sunglasses as it is too hot, and the woman is wearing a red shirt.","from the image in the glass, there is also a white vehicle passing"
1911,two young men are in a building where they are playing some music. the one on the left is singing whereas the other one is playing the sound system. ,"from the way this building is, it appears it is just temporal as the walls are simply material. what do you think?",it certainly does look like it.  the man squatting seems to be cleaning the sound system.,in between these men is a tall metal rod that obviously keeps the material in place in the roof,yes. perhaps they have gone to perform somewhere and there are no guest houses.
1912,a man and a woman are standing in a building that seems to be their work place,this place seems very hot as is indicated by how they are dressed-shorts. what is it that this man is holding?,perhaps it will be used when teaching their lessons that they are preparing to have,there is something that is hanging in some material and it looks like a fake monkey's tail that has no fur,certainly and it does seem their discussion is based on what this man is holding.
1913,an elderly man and woman are walking in between very tall buildings,these buildings appear very tall and the road they  are walking on is actually tarred. there is no sand anywhere else.,true. and this place is extremely clean as all the dirt has been put in garbage bags as well as boxes that are on the side of the road.,"it seems that this is the first  time these people are in this place, and the woman is showing this man something on her left hand side",perhaps this woman is familiar with this place and that is why she is showing the man something
1914,two men are in a restaurant and one of them is roasting a lot of chicken while the other one is simply watching,I am just hoping that the one standing is also helping out his friend as they are both in their white uniforms.,the place is covered by a lot of smoke and the one who is just standing is wearing some sunglasses.,clearly this is a restaurant that they are in for the very fact t that they are cooking ,and the large number of chickens is also proof enough that this is a restaurant
1915,a number of skilled drivers are engaged in a car racing competition of small cars.,their bodies are very exposed in these cars and that is why they are wearing protective clothing,they are also wearing white helmets that are covering their heads and faces ,"these small cars, regardless of their size, are quite speeding cars-they are sports cars.",they are very fast perhaps because they are also made very close to the ground.
1916,a white man is on the side of the road along which some vehicles are passing and he has lifted his bicycle as it is raining,"he is wearing a black helmet, a red coat, and a grey trousers. why has this man lifted his bicycle when he can actually ride it?",perhaps it has developed a fault or maybe he just wants to show off his strength,the most logical reason is because it has developed a fault. or it could  possibly be that he is avoiding to ride  it as it is raining for fear he might fall down with it along the road where there are some moving vehicles.,well that is very true. it appears that it has just finished raining.
1917,a black man is with his mobile shop along the side of the road selling food,he seems very happy. the glass bottle where he puts his money is almost full,"indeed he is happy. on top of his shop are some boxes and wherever there are glasses, he has put some papers to avoid the things from inside from being visible.",it seems this man has been working with his shop for a very long time now and the shop itself appears quite old.,true. there are also a variety of writings on his shop
1918,a crowd of white people are on a road and the sky appears cloudy,among the crowd is a man holding some yellow flag perhaps from his country,there are also two women wearing white shirts and black bottoms that are staring at the sky,"the majority of people are on the left side of the road whereas on the right side, and at a distance, there is only one man dressed in black , holding a yellow cloth. why are there a lot of people on the left?",perhaps pedestrians are encouraged to walk on the left while the right is reserved for motorists.
1919,an elderly white woman who is a marketeer is smiling as she is packing some vegetables into her bag,it could be that her customer has bought a lot of vegetables among other things from her.,"that is very true. and in each vegetable that she is selling, there is a price tag. she is wearing a green jersey.",at a distance behind her is a green vehicle. is it moving or is it parked?,"well it looks parked, almost under a tree."
1920,"two lovers, a man and a woman are seated on a a white chair in a city","the man has an unlighted cigarette in his mouth, and even though this place appears sunny, it is quite cold as everyone passing around is wearing some coats and jerseys.","behind where they are seated, some white and black vehicles are passing.",the lady is wearing a green head cover and a blue trousers,there is a very well-trimmed lawn at the place they are seated
1921,a cart led by a lot of dogs on snow is pulling a person in this hilly place.,this place has a lot of trees and it is very cold.,these dogs are tied to a red and blue rope,"these ropes are are made smoothly, to avoid hurting the dogs as they are pulling someone or something but at the same time, they are very strong.",most of the leaves on the trees have been covered with snow.
1922,"a group of eight white people are standing facing forward in a city , and one of them even has a bicycle",these people seem to be among a crowd that is probably waiting for something,there is also a woman in this crowd and it seems they are guests in this place.,certainly they do look like guests and it appears that they came to watch something,true. and the woman they are with has a green bag
1923,"a white woman is in a shop, seated trying  to wear knee length boots",on this  woman's left is another Lady seated on a chair laughing at something,they seem to be sisters and it does look like the woman seated and trying on the shoes  has just bought them,true. she is obviously trying to see how they fit. this room they are in is somewhat dark,"perhaps the reason the other Lady is laughing at her is because the shoes are small, and that is why she is seated as she is trying them on"
1924,a white man is in a studio and he is singing and playing a playing his guitar and he is singing into a microphone right in front of him,this man has a long beard and he is dressed in a red shirt and a black trousers,he seems to be just singing for himself because there is no audience.,certainly. and perhaps his music doesn't really require so many musical instruments and so he is managing on his own,or it could also be that he enjoys singing alone
1925,two white ladies are standing in front of a wall staring at pictures on their small screen,"this wall appears metallic, and there is a blue drawing and it has also been engraved with some white writings",this picture is indeed funny to have made them laugh and they are both having black bags. the one wearing a white dress also has sunglasses in her head.,"they are both wearing very shirt skirts, and the one on the right is dressed in a white one whereas the friend is dressed in a blue one. the one on the right is wearing a red shirt whereas the other is in a white shirt. ",these two ladies seem like they are very close friends. 
1926,"a married, white couple are on a train when the man is dozing",is this really a train? it looks like a big bus. there is another man dozing behind this couple,it does look like a train because a train has some metal rods to hold on to . ,"I have noticed that. well, because even the chairs are like those found in a train. do you also know that some big buses equally have metal rods to hold on to as well?","well, I didn't know about that. it certainly could be a big bus then."
1927,eight white men are examining the works that were done on a building in front of them,they appear to be under a huge bridge. what do you think?,true. and they are all wearing some red reflectors on top of their clothes.,"there is also another man on the right who is not wearing the reflector, but is dressed in a blue trousers and staring at the rest. is he also with them?does he work with them?",well it does seem he is just working  on other activities because he is not necessarily paying attention to what the others are doing
1928,a woman  dressed in red clothes is on top of a bicycle,she is in the air as she has lifted the bicycle as this is when she is getting off.,"true, and there are trees, mountains and red soil in the place she is heading to",true. she seems to be going into a place that is between mountains,"she is wearing a helmet on her head and  so even if she is lifting her bicycle up, she is quite safe. she is also carrying a bag on her back"
1929,four elderly women and a man are standing in front of a shop that sells food and that is along a road.,the woman in front is staring at something in her hands. what could it be?,"well, she seems to be holding some foods that are more  or less, tasters, before she can actually buy the food itself.",true. however the manner in which this woman is staring at this food is quite suspecting-as if she doesn't trust the food at all,perhaps this is her first time buying street food and  that is why she is behaving the way she is.
1930,three white women are seated on a chair that is on the side of a yellow wall,"on top of their heads on the wall, is a writing saying ""Jane""",they are all wearing blue trousers and having bags of  different colours,"they seem to be in a waiting area, as they wait for  a train, and the bench that they are seated on is quite small and that is why they are squeezed",they all seem to know each other and they appear to be friends and that is why they are still sitting even though it's not very comfortable.
1931,a woman is standing along a sea shore around sunset,her hands  are raised as if she is dancing or as if she is just doing some exercise,she seems to be enjoying being in this place around this time,"there is a boat on the sea on her far  left, and there are some mountains in front of her ","true. and truly, this is a beautiful view around sunset."
1932,a man and a woman are looking at the pictures that they were capturing on their camera.,they are both dressed in black clothes and the place they are in appears to be one of those places that are constructed in a bush ,true. they seem to have just come here to have a good time as they are lovers.,the surrounding area itself appears green and there is no trace of dry grass nor dry leaves,true. it is a very well maintained place and perhaps they paid some money to  get entry into this place.
1933,"an elderly woman is lying on the side of the wall, on some boxes",is she in a grave yard  or in a church area?,this place seems to be a church area because there is an idol in top that they use in their worship,it seems this woman has a lot of problems that have even prompted her to be lying down in this place,true. perhaps she came to this place to pray a lot about her manu probkems
1934,"four dogs having white and black fur, with others having reddish fur are in a racing competition","they are having jerseys with different numbers on them, and they are racing in a field full of sand",these dogs also have muzzles on their mouths to avoid distractions,the muzzles are all white in colour,these dogs were well trained for them to engage in such a race and they are running extremely fast. 
1935,a young boy is  staring at what is in his hands very carefully. what is he having in his hands?,"he is staring at what appears to be a fruit peel, but I'm not sure exactly what it is.",true. and this young boy is dressed in blue clothing.,"the way he is staring at what is in his hands, it is as if this is his first time seeing it and he appears shocked as well.",certainly he does look surprised. also behind him appears what seems to be a bush or some flowers.
1936,a young man is in the air after jumping off the ground with an ice skateboard in snow,he is wearing a red coat and yellow trousers and he is at some height above the ground.,"true. and it does seem that he just jumped from a hill, and he is wearing a helmet.",certainly he did jump from a hill and this hill is very tall,he seems to be good at what he is doing as  he  doesn't have any trace of fear
1937,a lady is manicuring her friend's nails,"from the appearance of their hands, it is clear they are white people, and their hands are resting on a red cloth",true. and there is also a glass of wine on this table.,isn't this a manicure shop?,"it certainly does look like one, looking at how ready the room is."
1938,a young man has bowed towards a pool that is in front of a building,this man looks older. he is not a young man. it is very hot and that is why he is wearing a hat,it seems he is just cleaning his jersey using the pool water.,yes. something must have stained his jersey and that is why he is cleaning it,true. he is wearing a blue trousers. he is also in a very clean and well-maintained place.
1939,"a white woman is walking, heading into the direction of a statue of a person holding a golden bicycle","this lady is  in a city and as she is on her way,  her attention is towards a shop on her left. perhaps she has liked something in there.",true. and behind her are really  tall buildings,this woman looks like she is new in this area. she is simply visiting,true. that is clear from the way she is looking sround.
1940,a woman and two men are standing in front of a table having so many lights,one man is holding a newspaper. what building are they in?,they are in a columbarium perhaps here to commemorate their dead loved one's memorial and that is why there are many lights.,"on the wall are some writings that have been written down, as well as the one who said them.",perhaps the person who said those words is the one whose memorial they  are actually commemorating
1941,a bride is seated on a swing and  her groom is behind her as they are posing for a picture,on the side is a friend of theirs watching as they are being captured,they seem to be in a children's play park as there is a child behind them. ,the man capturing them is dressed in a black coat and he is having two camera however the one that he is not using is on his right shoulder.,"well, it seems what he is carrying  on his shoulder is  a camera bag. the place they are in is fenced with a wooden and metal fence."
1942,a dog and cat are lying on a carpet near each other.,"well, it seems this dog and this cat do get along very well",true. they look like close friends.,perhaps these two pets have been raised together,perhaps their master also worked hard to ensure that these two can get along.
1943,a little white boy is seated on a swinging on a swing,this child is below three years old and he is happy to be on a swing ,he is certainly happy. he is wearing a green shirt as well as a blue short,"this place has a lot of sand, that looks like the type found along sea shores","perhaps this swing is near the sea, or their house altogether is near a sea."
1944,"two white people, a man and a woman are on a road that has a lot of sand ",aren't they heading to the direction of a place with a lot of snow? because they are wearing coats and they are stepping on really white stuff.,"well this certainly isn't snow. if it were snow, then even the ground behind them  would have been covered in snow.",that is very true. all the trees in this place have shed their leaves.,this place resembles a desert because it appears dry
1945,a little white girl is drinking some milk shake that has a straw in it,she is wearing a yellow dress. why does she look upset as she is drinking the milk shake? Could it be that she doesn't like it?,perhaps she doesn't like it. perhaps there is no sugar hence it is not sweet.,she is even having a floral band in her head,behind  her seems to be some wooden loads with white stuff in it.
1946,a group of black traders are selling and buying a lot of fish,"as they are unloading the fish, there seems to be two vehicles in which they are probably packing their fish in",true. one of the vehicles is unloading the fish whereas the other is loading.,"true. and for them to have fished fish this much, they probably were using extremely large nets.",everyone that is involved in this work of unloading and loading are all wearing boots
1947,a woman in front of a crowd is writing down something. what is she writing?,this lady works in a restaurant and that is why she is writing down stuff so that doesn't forget people's orders.,true. she is writing people's orders,"she is wearing a white shirt and black trousers and a belt that has a complexion like hers, except it is a little darker.",this place is definitely well known as there are a lot of customers.
1948,a little white boy is sliding on a white slide,he is wearing a red jersey and white trousers and he is smiling and happy as he is sliding ,he certainly is happy. behind him is a wooden fence.,"behind him, on his left, are two black metals that are normally on the side of a swing.",true. these metal rods are what holds the swing in place.
1949,a crowd of white people are watching a man play some music,what is it that this man playing the music is wearing on his face?,he is wearing some shiny clothes as well as a black hat,it seems there are some lights illuminating his eyes. aren't they hurting him?  is he able to actually see anything?,"well, from the way he has positioned his head, it is clear he can't see very well."
1950,a crowd of people including some children are at a mountain.,this mountain is in a desert as there are neither trees nor grass,this mountain/rock has an opening inside of it where people can actually go in and sit as they are doing.,this place also seems to be cold as most people are wearing coats and jerseys,"even though it is sunny, the soil there is reddish."