IMAGE #,SPEAKER 1,SPEAKER 2,SPEAKER 1,SPEAKER 2,SPEAKER 1
7451,"Six people are in a building, five are standing and whilst one  is sitting on a chair and one of them is a woman","Its very true, the  woman is standing whilst holding a microphone on her right hand and she is singing ",Have you seen that these three men are wearing blue shiny jackets ,"I have seen, and these men have guitars that they are playinga whilst the woman ia singing and they have kept hair in their heads",And there are two men who are just wearing white shirts and they are not playing guitars but one of them is playing a drum and the other is playing a piano .
7452,Seven people are at the market during the afternoon ,What are the women with bags doing in their hands doing?,They are looking at what is infront of them that is hanging on top and has many different colours ,It seems that the man sitting on a chair on the left is also looking at,I have seen someone else who is discussing with someone selling some items it seems the person wants to buy some items 
7453,Two females are standing in a room looking very happy,"very true, especially the one wearing a gray shirt and jean skirt as her mouth is wide open and she is clapping ","True, i've also noticed that she has her eyes closed, more so the other on the  left  wearing a dress is smiling",She looks very clean and she has a black item in her hands have you seen it?,"Yes  i have , it seems she wants to capture what is on the other  side of the room"
7454,A person is sitting on a mountain alone  and has Carried a bag on his back ,I can see snow on the mountain were the man is sitting ,Have you seen that there is a depression and the depression has no snow?,"I have seen , i think its because its deep and it has a hole with water in it","I didn't notice the water in the hole, but i think its a small river that has developed overtime because the water is quite alot for it to be just a hole"
7455,Five men are wearing similar black  clothes that have a red colour in them,They are wearing black hats and the people behind them are trying to pull a rope ,Why are these two trying to pull the rope that they have tied to this machine?,Its because they do not want the machine to move fast on the ground because it might get spoilt or damaged ,The machine has got four wheels and a big gun on the middle of the machine which they use in a  battle 
7456,A brown dog is standing on stones and is shaking off water on its body ,But why is it shaking off the water in this manner?,Its because it has just come out of water and to be precise a river ,Why are you saying that its coming from a river because i think its coming from a swimming pool?,"It is because of the stones  that i can see on the ground, such stones can not be found near a swimming pool"
7457,Five people are sitting in a white tent and they are all smiling ,Three of them are women and they are sitting in front while the other two are men sitting behind,Have you seen that the woman on the right side looks alike with the woman wearing black ,"Yes i have seen, it seems like the woman on the right side is the mother while the woman sitting on the middle is child","Very true, they look like one family because they all look alike"
7458,Five men are standing under a tree in the shed during the afternoon ,"The man on the right and young man on the left arr looking at what's on the table, what do you is on the table?",They are playing  a game that is similar to draft and its played by two people ,That's the reason why they are looking closely and thinking so that they can play the game well,"Yes very true, the other three men are not playing the game their are just chatting"
7459,Six people  are in a big shop and they are doing different activities ,"True, the woman wearing a short is with her child and she is getting something from the fridge ","I have seen her aswell , and in front of her there is a woman  with a trolley that she wants to use to put things that she is buying",There is another person who is wearing black and has a trolley ,"very true , the other person's trolley has things and behind thereare price tags of the things being sold"
7460,A woman has is riding a  big horse that is on sale ,Why is she riding this horse that is on sale?,Its because she is trying to get the cows in front of her to run in one direction,And i have seen more horses running on the same feild ,It seems they use the horses to get the cows to move the location were they are supposed to be 
7461,Two dogs are running on a feild and they have masks on their mouths,"Why have they covered their mouths in this manner, cant they suffocate?",It is because the dogs are dog racing and they can't suffocate,Why do you say that they can't suffocate because i think they are unable to breath properly ,It is because the masks have holes in front and in the sides that allow air to go in and out 
7462,A small girl is standing alone on an erect standing wall,She is walking from the far end of the erect standing wall were there is no grass and she is trying her best not to fall down,"True, that's why she is stretching her hands so that she can walk in a straight line ",have you seen what she is holding in her hands which has  a red lid?,It looks like a smoothie or a cup of juice made from home or sold from a shop 
7463,"An older man is wearing a jacket , glasses and  he is holding his nose",why is he holding his nose in this manner doesnt he want to breath?,He is sneezing like he has  flu or he has inhaled something in the air ,"True, it's  like there is someething in the air that has choked him and he is near a  yellow car that's passing ",The car is actually a taxi that carries people and it has a big sign on top
7464,Three people are sitted on a loan during the afternoon one of them is standing and two people are sitting ,"True, the one sitted is a young child who is crying because he wants the big ball that the other child has ",The child holding the ball is trying to give the ball to the child who is crying,Who is that standing behind wearing a short that has many colours and what is he doing?,He is standing watching the children that are playing and it seems that he is the father to these children and he is  very hairy
7465,An older man is standing outside and he is cooking something  that looks delicious on a very big pan ,And what is he doing with this material that he is holding and what is it for?,The  material that he has is called an apron and it is usually used when cooking so that the person cooking does not get dirty whilst doing so,"Very true,  he wants to wear the apron  and he is wearing a blue shirt and he has a watch on his hand ",I can see a fence that has been painted blue and has flowers that have grown on the fence
7466,A crowd of people have gathered at a ground and some are standing in the middle of the ground while others are sitted around the ground,What are the people standing in the middle of ground doing and  why are they wearing white shirts and red shorts ?,"They are standing , others  are discussing while others are trying to hug each other and one of them is  kicking the ball alone ",It seems like they were playing football and they just finished or rather they are about to start to playing football,I think they are about to start playing football because people are sitted waiting for the game to start
7467,A  crowd of people are at a certain place during the afternoon and they are doing different activities ,Are the man and the woman wearing  white fighting or they are just playing ?,They are practicing karate that is why they are sitting and are all over  each other in this manner,"True, behind them there are people who are sitted on the grass and others are standing","Its true , the place looks like a park and there are alot of people at the place"
7468,"An older woman is wearing  a black coat , a blue jean and a red shirt ",Have you seen that she has something im her hands that she removed out of the bag ?,She has a musical instrument ,"Its true, she likes playing the instrument because she is playing it so softly and calm",And the woman is actually sitted in a train station
7469,A young girl is with a white dog that has alot of thick fur and they are standing outside,"They are playing together outside and there are two cars were they are playing from , one  belongs to the police the other belongs to the family ","True, it seems like the parents to this child are police people and thats why they drive the police car ",And i was thinking that the police have visited and are the ones ,"It can be true, the child is actually wearing white socks as she is epending tm"
7470,"an elderly man is wearing very warm clothes, as well as a hat and some glasses","this man is sculpturing an image resembling a human, with some sharp machine",is he trying to use some tree cuttings to sculpture?,absolutely. he is using tree cuttings and he seems to be very serious with what he is doing,this sculpture will be placed on a lawn as that is what is normally done 
7471,a little girl is playing along a sea shore and she has brownish hair,"the colour however is close to yellow, as it looks very bright.","have you noticed that she is wearing a short, a sleeveless shirt with her hands spread?",I certainly have. it seems she is very happy to be by the sea shore even though it is quite cold.,"true. there are also several, small, black stones along the shore"
7472,a little girl is surprised at something as her mouth is wide open as she looks on her hand,what insect is it that  is walking on her left arm?,it is a green praying mantis that has six legs that are scattered.,it seems the girl is actually afraid of it. do you agree or not?,"well,perhaps not because if indeed she were scared, she would have let it go or even run away "
7473,"six people are gathered in the same room, ",what is that which is on the table that they are staring at and why has the lady raised her hands? ,it seems they were playing a game that involves arranging small planks and it appears like this lady is the one who has emerged victorious,it certainly does look like it. those looking on are also learning how to play this game.,true. others however are not paying any attention at all but are just pressing their phones.
7474,a white man and woman are standing and taking a photograph while they are smiling,"the man has a pretty long beard with a lit of black and smooth hair, and he is also hairy on the hands.",true. his hairy hands are observable because his sleeves are folded ,certainly. these two are actually wearing clothes that have the same colour. perhaps they are workmates. ,most likely. because the man is wearing a white shirt and a  black reflector on top of it whereas the lady is wearing a white shirt and a  black skirt.
7475,a fat woman is wearing a reddish helmet as well as skating shoes that are black with reddish wheels in colour,why is she putting on skating shoes as well as a helmet?,"this is because she is involved in a game that is being played in a sports room and has a reddish floor, and others too are playing although there are also spectators as well ",Have you noticed they are also wearing some black stuff on their knees and why are they wearing them?,"actually, they are wearing knee pads to prevent them from getting hurt."
7476,two men are in a building while holding microphones each,are they just talking or are they singing into these microphones?,they are singing. one of the men singing is even pointing at the crowds as he is performing,how do you know that there are crowds of people as I cannot see any crowds.,"most of the times when people are singing as a performance at a stage, their are usually people that are watching."
7477,two ladies are hugging each other as they take a picture.,"the one on the left has tattoos on her right arm, very near to her shoulder ","have you noticed that they both have black hair that is shoulder length long, and they haven't even tied it at all?",definitely. they look beautiful and the one on the right is wearing a blue sleeveless shirt?,"certainly. the one on the left though, is wearing a black shirt and one of the top buttons isn't buttoned at all."
7478,"three people are standing on a bridge, near some two boats and the one in front of them has a book in the hands ","the one on the right, at the back, has placed the hands in the pocket of the trousers and wearing a hat too.","one other man on the left, at the back, is leaving against some plank on the bridge, resting for a little bit but his hands are not in his pocket.",can you see anything at a distance from where they are standing on a bridge?,yes I can. there are tall mountains located in a river. perhaps that is where they are headed as they are probably waiting for something 
7479,a man is trying to climb a mountain during mid day had he is wearing a headsock,the hewdsock he is wearing  has been made out of crotcheting  and he is having some white stuff on his fingers,what is it exactly that is on his fingers and why has he placed them there?,"perhaps he has injuries on his fingers, or simply for protection as he climbs the mountain so that he does not get hurt.","perhaps he just  has an injury because if they really were for protection, he would have  covered all his fingers."
7480,a white man is wearing a red short and he is in a swimming pool,he has placed his left hand in water whereas his legs have been raised in the air as if he wants to jump into the air ,"there are several, tall trees alongside the pool that have a lot of leaves.",true. it is quite clear that this young man is having a good time in the pool ,that's absolutely right. this young man is very tall and that is clear from his long legs.
7481,a little boy is seated with a black cat on his thighs,how do you know that is a cat because I cannot see anything,it is because he has a milk bottle that he is using to feed the kitten,true. perhaps the mother cat is in the box on the right ,certainly that could be the mother cat because it appears bigger than the kitten or perhaps it is unwell and is hence unable to feed the kitten 
7482,two white ladies are seated manicuring their nails,how do you know they are female as only their hands are visible and not their faces?,"this is because normally, only ladies paint their nails and the one painting the friend is clearly a woman.",it certainly seems painting nails is the lady in White's occupation as she is doing a great job ,true. she obviously enjoy her job as she  is even smiling.
7483,three dogs have been tied to a child's seat and they are walking around snow with one man,this man seems elderly and he is wearing reddish clothing and a hat on his head ,certainly he is quite elderly. the dog in front is black while the ones behind are all white,I've noticed that they are all quite fluffy. is it these dogs that are actually moving these two on snow?,it appears  so because their feet are not stepping on the snow and only stepping where the child is seated 
7484,a number of people are seated in a restaurant,two of the people dressed in black are holding hands and the man is wearing a ring in his hand ,true. perhaps they are a married couple. have you noticed that this restaurant is full of couples?,yes I have noticed. perhaps some are married while others are simply dating.,some are simply chatting while others are eating as they chat.
7485,three people are in the middle inside a fence whereas others are outside the fence,what are these three doing exactly that is causing others to watch them?,the lady is seated in something that resembles a vehicle and a man is closing her door.,perhaps they are trying to see if this machine will move or not ,perhaps they are trying to advertise and want the  people watching to come  and buy it at the time of selling it.
7486,ten men are inside a stadium surrounded by a fence. two of  them are on a horse while others are not,those who are not on horses  are just two of them.,they are all holding black helmets in their hands and they are running,"true. outside the fence are a lot of spectators that are seated, watching.",it seems they are being trained on something and they are police officers  
7487,two people are in a stadium and there is a crowd outside the ring watching them,why is this man lying inside the ring and the other one landing on the ground with his head first?,it is because they are wrestling and the weaker one is the one lying down,"true. he actually appears dead, although in fact, he is not dead because it is simply a game ",true. that cannot happen since this is only a game.
7488,three people are riding bicycles and also they are riding in a bush in a pathway that is between trees,they are also dressed in appropriate attire,true. and they are all wearing the same helmets as well  as protective gloves,it obviously isn't easy to ride a bicycle in such a place as there are many trees and stones,true.  it is clear the one in front  is quite distressed about the trees and stones 
7489," three people are standing outside, scattered, waiting for something","have you noticed how the one on the left is dressed, and what what he is doing?",certainly. he is wearing a reddish shirt as well as a cap and he also has a paper  in his hands,"true.  and at a distance, there is a crowd of people passing headed in opposite directions","others among these are standing while others are walking really fast, as if they are running late."
7490,"a crowd if people are walking, heading in opposite directions",have you noticed the lady in front who is dressed in blue?,yes I have. she has two yellow plastic bags in her hands and she is rushing,"she has a brownish bag too, which she is carrying on her left shoulder",she is with a woman behind  her who is dressed in a brownish trousers and facing her right
7491,a little boy is standing on a skateboard,he is wearing a blue jersey as he is sliding on the road.,on the side of his left are two vehicles that are parked outside a building,"at a distance from where this boy is standing are two men walking, heading the  same direction.",it seems they are headed to the white upstaired houses on their right.
7492,a Lady is standing along the sea shore and she has various materials,what is the purpose of those materials in her hands? ,she is selling them to the people that are at the sea who have come for leisure ,there is a person standing behind her who is wearing a white shirt and carrying a bag on his back,behind this man are a lot of seats along the sea shore
7493,an elderly man is seated in the middle of a road and he has very long hair with some greyish hair in it as well ,what do you think he is doing seated near a box having something in it?,I think that perhaps he is playing his radio or perhaps he is singing because it appears it is his radio that is in the box,"it does appear so. this is because there some women coming from behind him, listening as he sings and it seems they are screaming for him",true. the lady wearing a green shirt are simply passing and not even paying any attention to what is happening behind them.
7494,six people are in a huge room doing various things,others are working on their computers while others are simply discussing where they  are standing,"then the one at a distance, wearing a brownish jacket is watching what is on the table",have you observed that the one wearing a black shirt has two computers on his table.,certainly. one of the computers is bigger while the other one is smaller and is portable..
7495,a crowd of people are standing near a river and they are stepping on some snow ,they are all wearing jerseys except the one standing in the middle.,is this lady actually dressing up or taking off her clothes?,she is wearing a shirt in addition to her black shirt and she is also wearing black shoes,"on the right, there are some people who have bowed down doing something."
7496,four men are wearing white clothing on their entire body except for their faces.,"true. they are wearing blue,plastic gloves",why are they  dressed in such an  attire?,it is in an attempt to protect themselves from dangerous chemicals that could cause harm ,true. they are working on something as there are several machines in this room.
7497,a man is dressed in black clothing and he has tattoos on his hands ,he has a yellow guitar and he is calm as he is playing it ,true. and in front of him is a microphone and it seems he is about to start singing.,certainly. I think he is in a studio that produces rock music.,"that's what it seems like. behind him are huge, black music systems which they use to produce the music."
7498,five horses are racing in a stadium during mid day,have you noticed that there are people riding on these horses?,yes I have seen that. the one riding on the horse that is in front appears like he wants to fall,certainly. he  has really held on to the girdle so that he doesn't fall at all. there is nobody riding a horse on the front right.,very true. perhaps he has fallen as the horses are running very fast.
7499,an elderly woman is wearing a head cover with a dress and she is with a young lady wearing a white shirt,what are they doing in front of the child that is seated in front of them,"and this little girl has long, dark hair that is very beautiful",yes I have seen the beautiful hair. the elderly lady has glasses in her head.,certainly. I have also seen some people waiting to have their faces painted too.
7500,a dog is seated in a house. it has white fur on its chest and tummy whereas the rest of the body has brown fur,it has a chain around  it's neck  and it has stuck its tongue out. perhaps it is hungry.,"true. it is seated next to a dogs' plates which are on the left and they are reddish in colour, inside, whereas the outside is brown ",it seems it is about to be given food by its master and it is preparing itself to have a meal.,you have spoken right. it has really paid alot of attention ahead of it as if someone is about to bring it food
7501,two children dressed in the same clothes are riding  their bicycles,each one of them has a bicycle that  has two wheels at the back,they are riding their bicycles in a place that  has three concrete erect walls.,I have observed that.  perhaps they are simply learners since most experts do not have such types of bicycles ,absolutely. they are simply learners and they are riding very slowly.
7502,some women are seated on yellow seats and there is a poster behind them,one of them is reading and the one on her left  is pressing her computer.,the one on the left is wearing sunglasses and is wearing a jersey as well as a greyish trousers,"have you noticed the flags with several colours on the table, one with blue and yellow colours?",I've seen it. and they have really paid attention to what they are doing.
7503,a man dressed in blue clothing with a reddish covering is seated outside,why exactly is he kneeling down as well as bowing his face?,it is because  he is praying in a  place of prayer.,he has a  long beard as well as a head cover on his head.,"I have noticed. nonetheless, he is not kneeling on the floor but on a cloth"
7504,a young man dressed in a suit and a hat is walking along a pathway,he is also wearing glasses as well as a belt in his waist,he is walking along the side of the road near some vehicles that are in a convoy ,certainly. and these vehicles are all not moving.,at the end of side walk in which this man is passing are two men that are seated discussing something.
7505,three people are standing in a huge room and they are all dressed in the same attire.,they are dressed in black shirts as well as brownish trousers and one among all these is male.,have you noticed that the lady facing her back towards the camera has a phone on her ears?,yes. I have seen the  white phone. it seems she is talking to someone and she is speaking calmly.,the man on the left is wearing a shirt inside a black shirt whereas the lady on the right  is discussing something with another person.
7506,five people are seated in an aeroplane which is in the air  and they are doing various things  as they are seated there ,certainly. a father has a girl child in his laps and it seems that he is whispering something into her ears ,"definitely. the child however, appears upset. like she doesn't want to listen to what her father is telling her.",certainly. others on their right hand side are lying down and those seated near a window are sight seeing through the window ,"what you have said is absolutely right. additionally, those seated on the left hand side of this father are also lying down,  and dressed in white and leaning on a man dressed in black "
7507,"a person  has climbers a long, reddish ladder",why has this person climbed a ladder this tall?,he is trying to check out something high up on the wall,"certainly. additionally, this same building that he is trying to work on has two very big windows.","true. and he is checking out something that  is very close to  these huge, closed windows "
7508,two men are standing in a surgical theatre,"true. these doctors are trying to examine the patient who is lying down, so that they can work on his problem.",they are wearing the right protective equipment including masks so that they do not infect the patient,"you have spoken right. have you noticed too, the very bright light illuminating the patient?",I certainly have. it is obviously helping them to see the area on the patient they are working on very well.
7509,a crowd of people are gathered in a particular place and they are seated,"they are seated down, in the morning, as  though they are waiting for something ",there is some bright light shining through a transparent material and there is a Lady who is passing.,and at a distance appears to be some people who are seated near what appears to be a house ,I have also seen the house. it is near the road side and there are also very tall trees.
7510,an elderly man is in front of a crowd trying to explain something to them,what is he exactly explaining to this crowd that is seated on the right side in this room?,it seems he is teaching some students using a projector that has been projected on the wall.,there is a cooler box behind him that is obviously used to store something ,"in his table is a computer as well as a projector, both of which he is using to aid his lesson."
7511,two elderly men are wearing very white suits as well as black glasses.,they are standing with their hands raised. the one on the left has raised his right hand while the man on the right has raised his left hand. ,certainly. I have also observed that the man on the left has a cup,"I have noticed that he is taking some juice which has filled the cup. however he is the only one taking some juice, his friend isn't.","what you have spoken is the truth. they are standing outside around evening time, and there is a closed door behind them."
7512,two ladies are seating under a tree with a little white child ,have you noticed that the fat lady is actually seated on a a huge tree log?,yes I have observed that. the other lady is seated on some material on the ground.,it seems they came to this place to relax as I can see a silver flask on a tree.,true. and there is also a picnic bag which obviously had some food that they carried before coming to this place. 
7513,a father and his child both dressed in blue shirts are facing their left hand side,"the father looks surprised. meanwhile, the son is actually smiling as he has held  onto the father's hand.",the father has placed the child on his laps and he is holding the child's stomach,have you noticed that the child  has a bald head?,"certainly the hair will grow as this child grows. nevertheless, this child  is quite good looking."
7514,"an elderly woman. perhaps a grandmother is dressed in blue clothing, as well as a red jersey",she is carrying something in her left hand that appears to be a book,she is crossing the road and she is the only one doing so. there are no other people.,true. there are only vehicles passing behind her and they are a lot.,true. it seems she is running late and  that is why she is rushing.
7515,a young boy is seated and he has some food in his right hand ,he is wearing a yellow shirt and a black trousers,have you noticed that he isn't alone? he is with a friend who is wearing a blue jean ,"this is when I have just seen the friend. it seems he really wants to play with his friend, however, he has to wait until he finishes eating.",it is true. and the friend is having some chicken wrap.
7516,a little girl wearing a dress is walking along a road,she has even closed her eyes and she is walking like an adult,true. she appears like an adult,true. she is even stroking her hair as she walks ,"at some distance from where she is, is a lady passing and dressed in a black skirt."
7517,young boys and girls are in a room in a house and they have alot of dolls,have you noticed that they are playing with these dolls?,"a young girl is standing and she is wearing a trousers and a shirt, and she is facing the wall",the young boy though is playing with some dolls on the table.,true. they also have a small bed where the little child sleeps in.
7518,a small crowd of people are having fun near a body of water,why do you say that this area is near a body of water when I cannot see any water at all?,it is because there is a huge boat on the far right,certainly. I didn't see the boat initially. I for a moment thought that it was a shop that has been made from a boat.,true. some people are chatting while others are staring at a fat man who is standing inside a tent.
7519,two dogs are playing on a lawn during the day,"the dog on the right is extremely white, whereas the one on the left has a black head but  its entire body is white.",certainly. the white dog has a yellow ball in its mouth  and it clearly doesn't want to share the ball with  its fellow dog.,"the dog on the left has raised its legs and its mouth is open, as if it wants to attack its fellow dog",both dogs have collar belts around their necks.
7520,a man is dressed in a blue shirt with a brown cap,"he is seated on a concrete erect wall,  and he is resting his face in his palm",his legs are resting on some tall grass,he is seated on a white sack to avoid getting himself dirty.,"from the way he is seated, it is clear he has so many worries "
7521,"a crowd of people are gathered in a building and while others are seated, others are standing.","what is it that the ladies dressed in black dresses are doing in front, standing?",they are singing some songs from some hymn books in their hands ,those in the audience are paying close attention to the beautiful singing,behind these ladies is a poster indicating the exit door 
7522,"a little boy is at a sea shore, alone, and he is wearing a black short ",he is staring at the waves that are on the sea that are coming towards him  ,he seems he wants to run away from these waves once they get closer to him,at a distance from a sea is a really tall mountain that appears almost close to the sky,certainly. it is around evening time even though this child is alone at the sea shore 
7523,a little boy is on the water with his left leg in the air,he is wearing a jean short as well as a blue shirt,the child is really happy to be in the  water and it is clear he is having fun.,the water though is really low and is below this child's knee length,absolutely right. and the water isn't a lot either 
7524,a crowd of people are in a bar and they are dancing to some music that is playing.,the ladies dancing in this bar are putting on high heeled shoes ,have you also paid attention to the fact that there are more women than there are men?,yes I have observed that. some women are dressed in dresses whereas others are dressed in trousers ,they are all dancing and it is clear they are enjoying themselves.
7525,an elderly woman with gray hair has a jersey wrapped around her waist,she is holding onto a baby stroller using her right hand,"she is watching toy cars in a play park, which are close to each other",true. she seems to be waiting for the child to return and get in the stroller,it seems this machine that has you cars close together is a roller coaster.
7526,two ladies are sun basking while lying on some material,have you noticed their clothing as they sun bath?,sure. they are wearing bras as well as pants of the same colour and type.,why are they half naked?,"they are obviously warming up before they go to swim, and they obviously have also applied some sun screen to prevent them from getting sun burnt."
7527,a little girl is  dressed in a very white dress and she also has a basket that has flower petals in it ,why is she dressed the way she is? is there a particular function?,"well certainly.  she's a flower girl or little bride, and she has gone to this wedding with her parents",there are some people behind her who seem to be discussing something near a door ,true. they are obviously waiting for more guests to arrive 
7528,A crowd of people is sitted on the other side of the fence watching people that are playing a game ,What kind of game are they playing ?,They are playing rugby,There are two teams that  are playing because they are wearing clothes with different colours,"True, some are wearing brown with brown  shorts while others are wearing blue shorts and white shirts"
7529,"A white man is wearing a white shirt, a hat with sunglasses ",He has a small fish on his left hand that he is from catching  a fish in the river ,What did he use to catch this fish because he only has a fish in his hand?,He was using a fishing hook that he has put on the white boat,He is very happy that he caught this fish because he is smiling whilst looking at the fish which looks silver
7530,A woman is standing near a river and she is looking at the river whilst wearing sunglasses,,,,
7531,"A young  man is wearing a yellow short ,a hat  and he looks wet",He was  in the water and just keft and it seems he wants to go back in the water thats why he is jumping,"True, he has jumped very high with his mouth open and he is holding his head",And a distance from where he is there are tall mountains and there are in the river banks,There  are trees in the river banks and the river is not very big
7532,Two young boys are standing near each other and they have raised  two fingers each in the air,The boys are smiling and they as if they are taking photo's ,They are both wearing cardigans because its very cold,"And they have black ,smooth hair and small eyes",And these children look alike as if they are brothers who stay in the same house
7533,A man has climbed on a metal rod and he looks like he wants fall down,The people that have surrounded the man are watching him and they are laughing at what he is doing,The woman on the left has a bottle on her left hand ,"Yes, and the man sitting next to her also has a bottle of alcohol ",There is a woman on the right side who seems to be perplexed by what the man is doing 
7534,A crowd of people are on bicycles  and they are wearing helmets on their heads ,Have you seen that they arr wearing similar clothes but with different colours?,"I have seen, others are wearing black, while others are wearing blue and others red","Yes, they are wearing gaggles and they have numbers written over their arms and thighs","Yes, they all have different numbers and they are bike racing"
7535, A dog  has white and brown spots on its head and waist,This dog is trying to jump over two big pillows that are on a chair,"True, it has stretched its body and it looks  very tall",One of tge big pillows is grey and the  other is brown ,"The light in this room is not bright enough, the room looks dark"
7536,   A man is wearing a black short and a blue shirt ,What is he doing where he is standing and what is near the two bicycles?,He is trying to put  air in his bicycle and the bicycle is near a black car and it looks brand new ,"True, its very shiny and on the right side of the man there is a white car","True, the car is near green trees that have grown near the road"
7537,"An  older man is wearing a shirt,a yellow trousers and he is wearing  a black belt",He is trying to fix something on the roof and he is so focuses on what he is doing,He is just alone as he is working and the kind of clothes he is wearing are fit for the job is doing,On the left side there is another  long building and there are trees in front of it ,And he has something that looks like a pencil in his pocket and he has put some other things in the back pocket of his trousers
7538, Dad and his son are in one of the rooms in the house and they are playing just the two of them,"What kind of play is this were the father is throwing the son in the  air ,wont he fall down?","He cannot fall down, because the father will catch him , he has put his hands in such  a way that he will catch him ",The child is smiling because he trusts the father will catch him.What are you able to see in this house?,"There is a chair on the right, and on the left there is a fan and a flower made of grass in the corner of the room and the fan is near the window"
7539,An older  man is standing alone on a  narrow road and has out his hand on his forehead ,Have you seen that he is wearing a brown cardigan and a black hat on his head?,"I have seen , he is standing near a tree and the other one is in a wire fence that's were it has been growing from","True, a distance from were the man is there are houses that are similar and close to eachother",The older man is trying to see  if he is heading the right direction that is why he is standing 
7540,"Two dogs, a big one and small one are playing on green grass ",The big dog has climbed on top of the other dog and the other  dog is pushing the big dog ,"That's what it seems like, the big dog  is black and has a colar that has metal rods on it",The small dog is brown and it had opened its mouth whilst playing with the big dog,The black dog looks very humble as if it doesnt want to play with the other dog
7541,A young boy is standing near a braii stand alone,He is turning the food that is on the braii stand using a big spatula,"True, he seems to know how to turn the food that is on the stand , he is a very clever",He is not scared of getting burnt at all because he has been taught what to do,And he is not wearing his shoes he is just barefoot on the  grass were he is standing near the brai stand
7542,"A young boy is wearing snickers and a shirt which has colours white, red and black ",This child is jumping from a an erect standing wall that has water splashing from the top,"True, he is taking a picture that is why is jumping from the erect standing wall",There is a metal rod behind him that has a bulb and it has been pit there so that it can brighten up the place in the night,"True, people love sitting  on such erect standing walls like this one when they visit such places "
7543,A man has a microphone on his hand that he has put near the crowd ,He is singing a song that he wants everyone to listen to and sing along to ,The people are so happy such that some are lifting their hands as they are singing along to the sing along,Have you noticed that they are some people that are capturing the man on the stage with their camera's?,I have seen  one woman on the right holding a blue camera 
7544,Two young girls are on the feild discussing something ,"The girl on the left is wearing glasses, a warm cardigan and has black hair",The girl on the right is wearing a black cardigan and she has blonde hair,Both of them have tied there hair and are standing on the feild during the afternoon ,And they are standing near a goal post and there are people playing football
7545,A group  of people  are outside and they look very happy,"These women that are in front, one wearing a red shirt and the other yellow, what are they doing?","These women are dancing and smiling, they are very happy that they have gathered together ",The people behind are just walking and smiling they seem to be very happy,The entire crowd is very happy and they are all heading in one direction where the event is 
7546,A man is standing on the mountain  alone and he is wearing a  short and a cardigan,He is looking in front at the tall mountains that have trees and grass,Have you seen that this place is very beautiful?,"I have seen , its really beautiful and peaceful it can really  help quiet your thoughts","Yes , thats the reason why the man has gone to this place because its helping  him to be more calm and at peace"
7547,Two men are outside during  the evenings,Have you seen that one of them is standing while the other is skateboarding?,"I have seen, he is in the air with his skateboard and he has  also lifted his hand in  the air ",Have you noticed that he's right hand is holding the skateboard  so that it doesn't fall down?,"True, because he might fail to skate properly if it falls down and he might even hurt himself if the skirt board falls down "
7548,An older woman and a young man are sitting in a room and are playing a game ,"Is the young man not just defeating the woman , because she is very old and she is unable to see properly?",He is not going to defeat her because he is showing her how to play the game and he is doing it patiently ,"True, He is very attentive as he is teaching her so that he can correct her when she makes a mistake", And this building were they are is a care home were they keep old people who are unable to take care of themselves
7549,A crowd of people are on the mountain and they are wearing a life jackets,Are they going to jump in the water like the man who is in the water?,"Yes, they are about to jump in the water because some of them are ready to jump in the water",Have you seen that all these  are children that are on the mountain and they have come to learn how to swim?,"True they are children , and the person in the water is older and because these children cannot be a such a place without adult supervision "
7550,Four people are standing near a tables that they have arranged  differnt fruits on ,What is the man wearing black who is standing near  a woman doing?,"He is packing some apples in a box, it seems he is about to buy all the apples he is packing","True, the woman wearing a red shirt is also buying apples and she is parking them in a small bag",The man selling is watching as the man and woman pack the apples so that he can get the money from them
7551,A black  woman and white woman are in a room,The white woman is sitting and has papers on the table and she has a table,What about the black woman what is she doing on the table whilst standing?,She is pouring something in small cup like structures  and it seems they are trying to learn something ,"True,they are reading something that is why they are experimenting "
7552,A woman is on a bicycle and she has tilted the bicycle in front,"Why is she sitting on the bicycle like this , wont she fall down?","No she won't, she knows what to do so that she doesn't fall",Yes she does and she is wearing a white shirt and a jean trousers ,And she is near a grey wall and there are flowers  that have grown near the walll
7553, A young girl is wearing blue clothes that seem to be suit,And they have cut all her hair they havent left any hair,"I have seen , and she is standing alone near a doll that has been sculpted","And she is not alone because there is  a person on her right , haven't  you seen the hand?","I have just seen it, the person sitted is hiding behind the wall and were the child is coming from before standing here"
7554,"Two dogs are are running on the grass during the day , one of them is in front while the other is behind","True, one of the dogs is white and they have opened their mouths",Are the dogs running because they are  playing or they are just running for the sake of doing it?,The dogs are running because they are just playing and they are very happy playing on the grass,"True, they are very happy and it can be seen from the way the dogs are running on dry grass"
7555,A small girl is wearing a small dress and she is passing on water ,Why is the child passing on the pool of water instead of passing on the road?,That's were she just wants to pass because children generally love passing on water ,"Its true, she is wearing plastic shoes known as crocs and she is so happy ",I have noticed that she is heading in the direction were there is no water it seems she has lost interest in playing on the pool of water
7556,A young boy is squating and he has a toy train and toy car that he is playing with,Where is he passing he's blue train that he is holding?,Its a toy rail line which is brown in colour and it seems he no longer wants to play with it,Yes  he looks very sad as if someone has made him upset,True and he is wearing a blue shirt  which has yellow in it
7557,Three dogs are running on the ground and they are wearing shirts that have different colours,"I have noticed, one is wearing a blue shirt , the other a green one and the other one blue ",Are these dogs running by themselves or there is someone who is showing them where they should run to?,There is a person who is directing them and there is a hand of the person directing them behind ,"And there is a ladder that has two colours, one side has red the other has blue"
7558,A white woman is wearing a blue cardigan and a blue hat,She has a  blue cup that she is using to drink either hot coffee or tea, why are you saying she is drinking coffee or tea because she i cant see any steam from the cup?,It is because her face looks like she is hesitant to drink  because she is afraid of getting burnt,"Its true, she is feeling cold and she is sitting inside a grey  camp tent  and they are at a very cold place"
7559,An older man is wearing  a jacket and he is sitting on a chair doing something,"I have noticed, he is peeling and grating carrots on a table and he is  surrounded  by a crowd of people",Have you seen that he is explaining to the crowd what he is doing and people are paying attention to what he is doing?,"I have noticed, it looks like he is selling some tools that are used for peeling carrots that is why he is explaining ","True, ans people are paying attention and some will buy the tools that the man is selling "
7560,Three dogs have gathered together ,Which dog is looking big among all the three dogs that have gathered together? ,The brown is the one that looks big the other one is black and the other one is white with black spots,"The brown one looks upset on the face , have you seen how it is looking at the black dog?","I have noticed , all the dogs have dog colars on their necks"
7561,An older man is standing on the grass that has leaves on it and he is wearing  a cardigan and a hat on his head ,What is he doing with  the machine that he has put om his back which looks very heavy?,He is cleaning the loan so that he can remove the leaves and the machine is the one that is gathering  the leaves together ,"True, and he is doing it patiently because he  doesn't  want any of the leaves to remain behind  ",The machine has really made work easy for him because if he had used a broom he would have taken longer
7562,A small girl is sitting near  a big fish tank and ,Why is she sitting near a big fish tank ?,She is watching  the fish that is in  the tank and she is drinking something in a cup,Isnt she afraid that the glass might break and she  might die or drown?,"No, the glass might cannot break because its very strong  and alot of people come to watch the animals in the tank "
7563,A small young boy is jumping on yellow dots ,What is that on the water and why is he jumping on them?,These are meant to help him float on the water in the swimming pool and he is playing that is why he is jumping ,"I see, water is coming out of the holes that are on the yellow dots that are on tgr water","Yes, and the water looks very clean, blue and neat "
7564, A man is wearing  a  white shirt a jean trousers and he's with a dog,I have seen  him walking with  the dog which  has fur and they are walking in the night,Have you seen that they are near a bicycle  that has carrier  boxes on the  back,I have  seen the bicycles and  the  carrier boxes which are  red and the owners  of these bicycles are the people who own the shops on the left,"True, they  use them to deliver items that they sell in the  shops and they have left them outside "
7565,A man is passing near A poster that has a dinasour ,He is passing near a wooden fence and the poster is actually mounted  on the fence ,Have you seen that he is heading towards a building that looks like a shop where they sell tools,How do you know that they sell tools in the shop that is in front?,It is because there is a poster that says they sell tools 
7566,Six people are crossing the road and they are heading the same direction ,Three have carried plastics and one has carried a child is wearing a cardigan ,"Its true, and its very cold and people are passing in the cold  near a bank ","Yes , the  bank is on their left and on the right there are cars  that are on the robots ","True, And there is a zebra cross in front of the cars"
7567,A person is climbing a mountain that has snow,"He is just alone , is  he not afraid of climbing the mountain or dying?",It seems  he is not afraid because he is used to climbing alone and he knows what to do so that he does not  fall,Are those mountains  at a distance from were the  man is ?,Yes they are mountains that have snow on top of them and the sun is actually setting 
7568,A man has a bag on his back and he is wearing a brown coat,And he is wearing a  blue jean trousers with boots ,"True, Where is  the man going because the road has ended and there is water  in front?",It looks like he wants to reach were the road has ended because he doesn't have a boat he could use to cross the river ,You are right there is something  that he is going to do and he is going  to come back once  his done
7569,A woman is sitting on a computer and she has a torch on her forehead and she is using the to see ,She is using it to see what she is reading on a paper on the table in front of her ,Have you seen what she  has on the table that she  has spread on the table in a scanty way where she has placed her computer?,"I have seen, there is a phone, calculator a paper that has pictures and a bottle ",I can see she is probably researching on something that has to do with medication  before she  starts taking the medicine
7570,A young man is stepping on his skate board and he is in a building that has a blue wall,The young man is wearing a white shirt shirt and a blue jean ,There is a shadow of himself skateboarding on the  wall,He is alone in this building as he is skateboarding  and it is very dark in the building ,The lighting is bright enough in the building that's why it looks like this
7571,Two men are in the sea which has big waves behind them and they seem to be very excited to swim ,One of them is in the water while the other one is on a red surfboard that is floating on water,"I have seen him aswell, he is wearing gaggles that they use when swimming in a pool or sea",He is not even putting them on his eyes but he has put them on his forehead ,There is  a fence made out of a net behind them that has been put in order to limit how far people can go when swimming
7572,An older man is sitting in the car alone and he is wearing glasses ,It seems he has poor vision that is why he is wearing them and he is driving the car is in,He's he just passing in the road or he is about to stop the car near the fence  along the road?,I think is just passing because he is paying so much attention to where he is going,"I see, maybe is about to drop  a letter in the mail box because  he is driving  a mail delivery van"
7573,Two men are in a dark building and the man on the left is singing and his veins can be clearly seen,"Yes, especially on the head area and he has sweated alot while singing a song in this  building",He's  he holding his microphone or he is just standing  in front of it ?,"He is holding it , ans have you seen what the man on  the right us doing?",He is playing  the guitar that he has put around his neck and he is also singing along to the song and both of them are so happy to be singing.
7574, A  person is wearing  black clothes and a big helmet,The child looks like is about to fall in the small blue toy car is sitting in ,"I have noticed, he is trying to hold on so that he doesnt fall, is that a person sitting in front of the vehicle who looks like he is bending?","Yes , it is a person driving  a vehicle and he is equally wearing  a helmet which is black","True, they are car racing , and the person behind seems to be driving the car aswell"
7575,Two women are sitting outside were there are  red cars,They look like there are outside a shop during the afternoon and they want to do something ,Why have you said they want to do something?,They want to check behind the boot of the car because it is open,"true ,Its like they wamt to remove some thing or fix something"
7576,An older man is outside during  the afternoon,He is wearing clothes and he has an apron aswell,He is standing near fire he is burning something,There are different types of metals that he is burning and it seems that is the job he does ,This man looks older in years and the kind of job he does is quit hard
7577,A singer is singing a song in front of a crowd,He has a microphone  that he is using when singing and he is also wearing  a hat ,There is a big screen behind that has some words appearing on the screen,I can only see people's hands ,And there is red and green stuff
7578,Two animals  are fighting,They are wet and they are fighting either in a river or a place which  has water ,One of the animals is trying to bite the other on the shoulder ,"These animals are very vicious, they are even  instilling  fear",The  place where the animals are has  got mountains that trees
7579,Two dogs are playing on the grass during the  day,There is a car and an amimal that looks like a cow that is furious,On the grass were  they are playing from there arr leaves that have dropped from the trees nearby,The car has been put near a door,And at a distance there is a wire fence and there are trees on the other side of the fence 
7580,Two women are on the sidewalk,"They  are bending over on some tools , its like they are working",the one wearing a brown coat is pointing with her right hand as if she is trying to show her friend something ,The old man on the middle is wearing  a coat on his left  hand ,He is near a place that has shops 
7581,Two children are playing in a play park,They are very  happy it looks like they having a good  time,yes they are having a great time playing,The both of them are holding on to the swings so that they do not fall down,There is grass and some leaves on the ground that are falling from the tree
7582,Two women are running and they are  wearing  different  brown clothes ,There is a man on a surf board,One is wearing a green short and a white shirt with  snickers,All the ropes have been tied to boat,The place has  a river  that has been surrounded by a concrete wall with iron bars 
7583, A young girl is at a place ,It looks like they  are jumping on something  they usually jump on when playing,"She is wearing a blue trousers , yellow shirt and white shoes",Two girls are throwing their hands in the air as they  are jumping and  their hair is being blown up,And there are legs  that are showing behind her
7584,A dog is playing catch,The place were the dog is has snow,It even has a dog colar,It is about to bite or pick up a small ball,This dog has brown fur and white fur on the tail 
7585,A group of people are on motorbikes and are heading different directions ,He is pouring water on a dog that is coming out of a horsepipe and the dog is drinking the water,There is a man who seems to be so worried and he is even wearing glasses,The dog has got  a black colar on its neck and beside the dog there are plants and stones ,"Yes i have seen, he is holding is mouth as if he has heard something shocking "
7586,A game player is throwing  a white ball as he is playing,The bag he is carrying  on his left shoulder  has ripped and he is carrying another one on his right shoulder ,The player has a beard and he is wearing a blue hat that has got red on it ,He is wearing a dirty jersey and shoes as if he is a homeless person,It seems its during the day 
7587,Four men and one woman  are  in a house ,They are smiling as if they are taking pictures  and they are at a place that had a river ,"Everyone is wearing some thing on his head, one has got a black headwrap, the other a brown  hat and the other a green hat",All of them are wearing clothes that  are  usually worn by mountain climbers ,Three of the men seem to be watching something and one of them is preparing food
7588,Two women that have similar hair are sitting on metal rods that have been mounted in the roadside,There is an older man sitting in front of them on the metal roads but he has folded his legs,one of the women  is   fat and she is wearing  white everywhere including her shoes and she is wearing sunglasses ,The other woman is wearing a short skirt  and a blue shirt,Im not so sure about were  women are but it looks like it's outside a building  with Windows 
7589,Different people are at a place that has a road  and shops ,he is holding a camera or capturing something using  a camera,There is a person  walking in front who is wearing a short and a white  shirt as well as a hat ,There are many different individuals at the place were the  woman is?,At this place there are buildings and they  have planted  trees and leaves 
7590,A young man is playing,the dogs are different in different ways ,It is not very clear what he is playing on but it can be a pipe of water that has busted ,Two dogs are looking at each other whilst the other is looking elsewhere ,The entire place is wet 
7591,Two men and one woman are walking on the road in the afternoon,One of them has fallen to the ground and  has opened his mouth to cry out of pain,There is a man standing whilst looking behind as if someone has called him or he is looking at something ,The dog that has fallen down has a dog colar on its neck,In front there are cars passing and there are some parked on the left
7592,Some workers  at the factory are working ,In front of them  there is a woman who is standing on  a platform,One of them is working were there is a big pot and he is wearing a work suit that is big but fits him well,Three children and an older man that are on the platform have covered themselves with  something  to protect  them from the rains,It looks like they are making  food  at this  place and there is a poster in front of them that  has drawings of tomatoes
7593,A soldier is a certain place and he is wearing a combat,There are yellow and red flowers in the ground aswell as three big trees ,He is wearing a wrist  watch on his right arm,The dog has brown  fur and back fur in the sides of its  ears,He is so focused on what he is doing 
7594,A young boy is flying on a rope,These dogs are black and they  have black  fur ,You cant even  see his eyes as he is flying because he is very happy,The three dogs have opened their mouths and they are panting ,There are people sitting down  and others  who are walking at a distance  from where the child is
7595,Three women  are at a place that  has alot of sand ,In the sides of the child's mouth there is red food or drink,One of them is wearing  a blue dress  and she seems to be the most excited out of all of them and she  has lifted her arms ,It seems this child  is in a place were they  cook their own food,And at a distance there is a sea that has waves with a person standing on the sand
7596,A young man is on a table doing something ,He is at a place that has different plants ,Its during the day and the shadow of the table is showing nearby,The older man is wearing a cardigan that is covering the head and there is a bag on the chair,There are people passing at this place 
7597,Three people are at a place were they sell food,"He is not wearing  a shirt , he is just wearing a white short of knee length",An older man is wearing glasses and he has grey hair and long  hair ,he has a rope tied to his waist that is supposed to protect him from falling,There  are people sitted on the chair that is made of  concrete
7598,A man is playing on the sea,This man is wearing a red and yellow shirt and he is wearing a white trousers ,"He is not wearing a shirt , he is just wearing a short and he has long hair ",He  has short hair with blue eyes and blue cheeks ,there are few waves on the sea.
7599,"Three people,One  who is a woman  and the other a man are sitting ",They are at a place that has big  and small fences,The woman is wearing  a white hat and she has a bottle of water,she is wearing  blue socks and white shoes and she has lifted her  hands in the air,It seems they were walking and now they are tired  that is why they are resting 
7600,three soldiers are preparing themselves to go somewhere,"one of them is carrying a blue bucket, perhaps he is going to collect something","another one seems to be watching behind them, on their left, perhaps to check for some people",there are other people who have also come to view the sea and the sea shore,"they are standing on the side of a black building, however there is another white building behind them."
7601,a  crowd of people are taking a picture of themselves ,they seem to be a cricket team and they are even holding something in the hands ,what they are holding in their hands is a medal,they seem to be in a stadium where several games are played.,it is around mid day 
7602,an elderly woman is in a whitish place and she is holding a phone,there are a lot of people behind her that are doing various things. one of them is standing whereas the other one is seated.,there are also people standing behind her but their view is not very clear.,this woman is wearing long earings and she is wearing a reddish shirt. ,there is a white and brown building that both have several windows.
7603,a man is playing tennis,he is dressed in an attire appropriate for motorcycle racers.,"he is wearing a reddish shirt and a white short, with a white helmet, as well  as a white  bracelet made of material.",this man is likely to be taken by the wing however he is holding onto his seat as well as the handle bars.,there is a black fence behind him as well as a poster that resembles a flag.
7604,"a good number of people are in a building. if these, some are standing whereas others are seated.",there is also a dog that has white fur and black spots. there are also some leaves that are stuck to the grass.,it seems these people do not have where to stay at the moment and that is why they went to this wedding,"a dog even has a black belt around its neck, and it seems there is someone leading it by the collar belt",those that are lying down are resting their heads on their bags.
7605,"two people are in a dark place, seated ",one of the dogs is ahead while the other one  is behind ,a Short-haired man us wearing a white shirt,the dogs even have muzzles around their mouths.,there are papers and plastics on the table 
7606,a little boy is  playing football,a dog has a toy in its mouth as it is running,he is playing his football on a very well-trimmed lawn ,there is a shirt metal fence along the side of a stream,there is also a flower fence that is very beautiful behind him.
7607,two black dogs are playing in the same location,someone is drumming with some drumming sticks ,there are no yellow plants at all except some red flowers at a distance,there are trees in this place as well as a fence made of wooden logs behind him,it is not very clear whether it is morning time or afternoon as the sun isn't shining very brightly.
7608,a number of people are in a place where cooking takes place,one of them is wearing a black short that has orange and yellow leaves engravings and he is shirtless and not putting on any shoes.,there are some women wearing the same clothes and they appear to be instructors,the hands are raised as he is about to dive into a river,there are so many utensils that are needed in order to bake a cake.
7609,a  person's legs and chest are the only ones that can be seen as it is raining,there appears to be what looks like a fluffy white blanket as well as an orange pillow,it seems this lady sells flowers in the tent where she is standing.,one of the children is wearing a green shirt whereas the other one is wearing a blue shirt with some animal prints.,it seems this place that are in is a market and there are other shops that stock various things.
7610,a dog is jumping over some playing tool that is used during competitions.,"this playing tool has green, red,yellow and blue lines,","this foghas both white and black fur, as well as brown patches",it  has lifted its legs during this competition,there are some people watching and others are standing while others are seated
7611,four children are playing on some water that is coming from the bottom.,where they are playing from appears to be a town  or a city,two of the children are squatting while the rest are standing,"of the children, three of them are females, and one of them is male. the  male is actually wearing a black trousers.",the two children standing seem to be jumping over these water sources.
7612,"a big, fat dog is taking a walk along the sea shore",it has a black collar belt around its neck,it has brown fur,this dog appears worried on its face ,on the side of the sea shore is a little bit of water. 
7613,five men are in a bar and wearing a shirt.,two of them are seated on a table that is reflecting their images as it is shiny as well as the image of the man standing behind them,"the man seating near the table  is holding a glass of beer, and he has a bald head",behind the man seating near the table is a big screen television showing some pictures.,there are also some lights in the roof that are lighting up the bar.
7614,a Lady and an old woman are on a road.,"the lady is wearing a white shirt with a print on it, as well as a red trousers. these clothes though, appear to be wet.",the old woman is wearing a white shirt as well as a red jersey,she has raised  her hands and closed her eyes as she is playing and running on some water.,there are some vehicles passing along the road.
7615,a man and a woman are inside a shop looking at some clothes.,the lady  is dressed in a red jersey as well as a beige trousers and she looks very happy,there is no evidence that this man is the father. perhaps he too just came to purchase his own clothes.,he is carrying some skate boards. perhaps he is bracing himself to start skating.,there are some hands that can be seen. probably this is the lady that is with this man
7616,a young boy is diving into the water using a paddle,a dog is at what appears to be a yard of a house ,this place is really beautiful and it is very clean too.,"there are some flowers that act as a fence, and right near them is a table that leans on them ",there are some people in the pool and that is obviously why this boy also wants to dive into the pool.
7617,a crowd of people comprising of more females are in the same place.,"a dog has jumped into the air, perhaps in an effort to jump for a small ball that is in its mouth",one of  them has blonde hair and is dressed in white clothes and is also putting on some earings.,"in the yard, there is a clothes line that  has some blue materials ",there is also a Lady who appears to be searching for some thing in the plastic bag that she is carrying
7618,a Lady is playing tennis during the day,"there are mountains that have many stones, some plants, grass, trees as well as some white sand ","she is wearing a short, green skirt ",there is also a cattle that has dropped its head as if it wants to injure the dog with its horns,this lady is in a field with no other person. she is just playing the game by herself.
7619,a white dog with black patches has stood upright,"it is facing it's left hand side from where the small, green ball is coming from","it is on a lawn, and there are at least two trees as well as potted flowers",there are  some vehicles along the side after the lawn and there is also a very tall building.,"at the end of the lawn, there is a fence that has been made from metal logs "
7620,"a yellow vehicle is on a lawn, and on its side is a mirror behind it.","the window of this vehicle is open, and the driver is inside",the driver is holding a bottle and he has his head outside of the vehicle,"one of the tyres is emitting some smoke, so it is possible it is burning up","the driver is looking at this tyre and at this point, it is obvious he is beginning to worry."
7621,an elderly man who is probably a parent appears drunk,why have you said that?,"well, it is because his eyes are red, and can't open fully. and if he is not drunk, then he is certainly high on drugs",he is wearing a black jersey in addition to an unbuttoned white shirt.,it is around evening time hence the darkness 
7622,a variety of people are in one place.,"two of the ladies are wearing a rare kind of hats, and it seems as if they are going to celebrate something.",there is also a man who is walking and having an umbrella,there is also a huge vehicle moving along the road and on the side is a bin.,there is also a man wearing some glasses and a woman who is not of the same age as this man 
7623,"there is a bridge in this location, big enoug for vehicles to pass over ",there are also some buildings at a distance,there is even a boat on the water carrying some two individuals. these individuals appear to be man and woman ,the woman has very long hair although their faces cannot be seen at all,it is not clear whether this is just a river or a sea as the water is quite plenty.
7624,a little child dressed in very colourful clothing is playing.,the child is holding something that appears red in colour ,"she has tied the dress that she is wearing, and she has really short hair that is well groomed ","the right hands are now red in colour, as if she was touching something that was red ",whatever has drawn her attention because she is staring at a wooden fence.
7625,a little child is along the side of the  road and holding a Flag of one country.,the child has blonde hair although it is not a lot,he is wearing white shirt with a print of this same country,it seems he was waving the very flag.,"there is some water flowing behind him, on the side, where he is standing."
7626,a little girl is wearing glasses and also has a piercing on her mouth,"she is wearing a white shirt although it  has not been properly worn and as a result, the bra can be seen",she is seated and pressing her red phone ,she is wearing very short bottom clothes as her thighs are exposed ,her reflection can be seen on the wall as well as the chair she is seated on.
7627,an old woman is seated on a dry tree that has been laid down,she is cutting some fish which appears big in size and some of the blood is on her hands.,she is also wearing some boots and her jersey has a hood which she  has covered over her head.,there is another fish which she hasn't yet cut and she is using some tools to cut it.,she is paying particular attention towards something
7628,a woman is setaed at a place that appears to be a bridge,there are a lot of metal bars in this same  place,there is a sea at a distance ,this woman appears worried about something.,she is wearing a blue shirt and trousers.
7629,"a crowd  of people are outside, watching something",one of the two is not dressed,"this crowd is comprising of some women, some children,some young men and some parents.",there is a shop behind that actually has red writings.,there is a beautiful lawn and concrete outside.
7630,"two ladies are outside, and have hugged each other, smiling","one of them has long, curly hair and is wearing a white shirt and facing her entire body towards her friend",the friend on the other hand is is wearing a red shirt as well as a helmet for bicycle riders,"they are both looking in front of them, as if they are taking a photograph",there are a number of people behind them that have bicycles.
7631,a crowd of people are gathered outside under a tree during the day,"this tree doesn't have many leaves, however it  is providing quite a huge amount of shade.","there are also some police officers , and two of them are placing crime line tapes so that people do not cross over the other side ","there are two vehicles. one of them has its doors open, perhaps some people have just disembarked, and it is not clear exactly what these people have come to do  ",most of the people in this crowd look worried as if something bad has actually happened.
7632,some men are in a field that has a well-trimmed lawn.,"this field appears attractive, and there are plants near the trees that beautify this place even more ",one of the men  is wearing some greyish clothes and he is looking at something ahead of him while squatting ,"it is not clear what the other one is trying to do, however, as he is kneeling, one knee is not touching the ground, but both hands are .","the other one is just standing and wearing white and red clothes, with oversize shoes and a cap"
7633,some rugby players are playing a game,they are in a stadium and the lawn has some white lines,there are just four players all of who are wearing the same attire-red shirts and blue shorts,"one of them though, is wearing yellow clothing and it seems he is the one with the ball that his friends are trying to grab",most of these players are quite huge and hence have fat thighs
7634,a man and a thin lady are standing on the side road,the lady is wearing a black jersey and a blue trousers,"the man on the other hand, is wearing a jersey that has two colours as well as a trousers","it is around night time, and the street lights are on in this place, and there is also a vehicle that is passing whose lights are on as well.","in front of them, on the side of the road is a big building with windows whose lights are equally on."
7635,a man is standing,he is jumping over some greyish object,he is wearing a jacket as well as a scarf,it actually seems it is a Lady as some breasts can be observed on the chest ,it seems she is addressing an audience that is listening to her.
7636,some workers of a certain man are standing in top in one place ,they seem to be standing on a bridge that has been placed as a road for easier movement by people,one of  them is wearing some red clothing with silver stripes,"the man on the right is talking to his colleague, and is wearing sunglasses on his forehead ",there seems to be a lot of buildings in this place. perhaps this is a city.
7637,an old woman has grey hair,she is wearing a long sleeved shirt as well as a red shirt,she is on the side of the road and wants to cross ,"she is looking at her right, to ensure that no vehicles are passing before she crosses",there are also other people who want to cross the road 
7638,"a crowd of people are standing, perhaps they are watching something",one of the men is holding his waist while standing and he is wearing a blue neck chain,"there is also a lady who is standing with a little child, and wearing some glasses. the child that this woman is with is sucking her thumb","another woman is also carrying a child but in comparison to the other child, this child is a little older and wearing some glasses","it is not clear what this crowd  is watching because all of them, including the children appear surprised "
7639,three children are seated down and the sun is shining on them,"one of them is kneeling on one knee, and is wearing a white striped dress and she has curly hair ",the other one who seems the oldest among all is wearing a red shirt and trousers and has brought his knees very close to his chest and he is holding his legs,this very older boy appears surprised. probably he has seen somethif that has surprised him indeed ,"the youngest of them all is facing the left, and behind these children are alot of people standing, however only their legs are visible."
7640, three people are heading in an opposite direction from where they are coming twin,there are two men and one woman,"one man is wearing a coat as well as a red scarf, and carrying a bag ","the place they are leaving has a greyish building as well as some vehicles entering and leaving, and there are also  some trees",the gate that is being used as an entrance and exit for these vehicles has been made of metal rods and wires
7641,a woman is standing in the middle of a pathway where people are passing,her clothes look funny. she is wearing a very long skirt as well as a huge white jersey,"she is also having a black head cover on her head, which is not wrapped properly","she seems to be having something in her hands, perhaps that is what she is selling ","there is an old person behind this woman who is holding a lot of what this woman is selling, and she is carrying a red bag "
7642,a Lady is standing in a place where there are  a lot of trees,he is standing in front of a building that looks like a house,"there are a lot of leaves on the lawn, that have fallen and some are rotten, while others are dry ","this lady is wearing a black, short-sleeved shirt with white flower prints, as well as a trousers and shoes","it seems she is in a bush, and most trees have here have yellow leaves."
7643,an old man is dancing in a beautiful place,"he is inside a building and he is not alone at all, as there other people too ","it is quite surprising to see a man this old, splitting","he is wearing a shirt, a black trousers as well as black shoes",it is clear from his facial expressions that he is really enjoying what he is doing.
7644,a man is setaed on a concrete seat,"he is wearing a quite oversized, white shirt, as well as a blue hat and trousers.",he is holding a phone in his hands as well as some ear phones plugged in his ears,there is a woman a boy right behind him who are seated. in between the seat are planted flowers and a tree,he is even carrying a bag on his back which  is full of things that he probably is selling
7645,a man is in an area where there are a lot of stones as well as sand ,he is standing on a white material as well as some small stones that have been divided into two,perhaps he came to pick these stones for sale ,"he is not wearing any shoes, and his short and shirt are very dirty. he is also wearing a headsock ",there also appears what looks like a wooden filter for the small stones
7646,some male and female children are playing in a bedroom,"they are all wearing pajamas. most of them are wearing white pajamas however, one of them is wearing a red trousers as well as a green shirt.",they are pillow fighting,"there is a portrait that has been hung on a wall,  and there is also a window on the wall, as well as a washing dish.","these children appear to be mischiefs as they are jumping around on the bed, and one of them is on the floor being hit by a friend "
7647,"two singers are standing in a road, singing","they are wearing in attire that appears to be police officers' attire. there is a man and a woman, and the woman is holding a song book, from which the lyrics are being taken from",there is another man who is standing with these singers and he is holding a musical instrument with his both hands ,"there are people walking along the road, and they don't even seem bothered with the singing that is taking place.",these singers are standing in front of some shops. on their left is a shop that has a mannequin that is displaying some clothes for sale.
7648,"two men are outside what looks like houses, under a tree","they are wearing some bright clothes as well as some slippers; one pair red, and the other white.",there are some idols at the entrance of this building and appears to be Hindu gods,"there is someone standing at the door who is wearing a beige short, as well as white shoes.","this house is well-taken care of. plants have been planted around it, as well as flowers on the side and at the front. "
7649,"a thin,brown dog is walking","this dog certainly does look sick and also, it appears it could die any time soon.","it has pretty long ears and it even appears long itself, and it also has a collar belt around its neck.",this dog is walking along a fallen tree.,it seems this dog  is in a bush as there are many trees as well as many plants.
7650,a lady is seated in a chair with her legs folded,she is seating on a chair that appears to have been made with concrete and it is black,"there are writings on the wall behind her, although they are not very clear ","she is wearing a white shirt with some writings on it, as well as a short skirt, and tropicals.","the wall is quite dirty,  and there is another seat in view "
7651,"two black children are standing, and it seems they are watching something","there is a boy and girl, and the girl appears smaller and younger ","the boy is wearing a blue jersey, and has shaved his hair in the sides of his head ","there is a black woman standing behind these kids , and she is carrying a black bag in her hands ","this woman is fat, and has a lot of hair and she too is looking ahead, just like the kids "
7652,"a crowd of people are inside a building, although in different places  ","this house has been made of small white balls, that appear shiny","there is one place that appears hilly, on which bicycle  or motorcycle riders.","you have  spoken the truth, as there is another motorcycle in view, as well as some people in the air, like they too are from jumping from this place","other people are on top, while others are below. there is also an inflated black balloon on which one on top would probably land should those at the top fall."
7653,a motorcycle rider is in the air with his motorcycle. perhaps he has just jumped over something,there is a black inflation where this rider is supposed to drop on,there are a lot of people that have come from different places in this place that this rider is riding from,the building they are in has some white objects all over the wall and roof,this building appears to be a sports room
7654,some meat products for sale have been hung on a line,there is a man wearing a cap as well as a white shirt,"there are  so many bottles that have been displayed behind him, that. perhaps they too are for sale.","this building appears to be a shop or restaurant, that sells food and beverages ",there are some papers that have been stuck to a metal log
7655,various people are in one place,there is a huge building in this place that has huge yellow writings on it,"at the top of a building is a room, having some blue things, where people eat from ",there are two old people who resemble each other. these women are wearing the same white shirts,"the building appears new, as if it was recently built, and there is also a poster with some words written on it "
7656,a rider is on the road ,"it appears as if it was raining before as the ground and road are wet, even though the sun is shining",this is definitely a city because there are very tall buildings that look like shops,there are some street lights as well as road sign posts,"this rider is on a bicycle, and his bicycle has a seat that someone can occupy"
7657,a man is dressed in a suit,he is smiling alot while talking in phone,he is holding a cigarette in his hand.,it is quite sunny as his shadow can be clearly seen near him,there are plants and flowers that are growing behind the wall fence
7658,a dark-skinned little boy is in a place,"he is wearing a yellow shirt that has a number written in words, as well as red trousers and shoes","there is a wire fence in front of him, and an erect sitting wall behind him","there is a donkey walking beside him. behind the fence is a poster authorizing no one to go in, and these writings are in red.",the other donkey is behind the fence and there are parked vehicles as well.
7659,a man is in a body of water although it is not clearly known whether it is a swimming pool or just a river ,"in my opinion, that is a swimming pool because the water is very clean  and clear ",it seems this man is drowning because his eyes are closed and his mouth open.,he is shirtless  and only wearing a blue short. he has hair on his chest.,his hair is dark as well as his arm pit hair.
7660,a  lady is seated on a lawn that has been well-trimmed,there is a bicycle in front of her that has been parked in a bicycle park. most of these bicycles are black with a reddish colour,there are some shelters where people can seat and be protected from the sunlight. one of them is yellow in colour while the other one is blue ,"it seems this place is actually at the sea,  and this lady is setaed at the sea shore. I have said this because of the sand that is in view, although at a distance.",there are some small black-roofed houses that are white at the sea shore.
7661,a black man is seated in a chair and covering a red material,there is another man in front of him who is shaving the man's beard,"the man seating is even dozing, and the barber man has done a great job on the hair cut.","the barber man is wearing white clothes, and he is holding a shaving machine in one hand and the other hand is holding a black comb",the building is painted white. and there are some paintings that have been stuck on the wall.
7662,a huge vehicle is in a field and it has big tyres in front and at the back,"this vehicle only has a driver's seat, and  it has a very big windows which is quite advantageous for the driver ","it has small lights in front, and one big red one behind  it",it seems this is a tractor that most farmers use during harvest time and this particular one is actually smoking from behind.,the crops being harvested are ready and dry and on the side are some green plants that appear beautiful
7663,two workers are working,these workers are fixing something in the roof of this place ,"they have stepped on something that is made of metal and wood, and they are dressed in red clothing and protective helmets",there are more workers dressed in the same way as these on top are.,"the wall in this place, is not complete and so probably these workers are finishing up the job. there are also some lights in the roof."
7664,"a small, short dog is outside during the day","it has a long body, yet the legs are quite short",the eyes are quite closed as it is running,it is a white furred dog and has big ears,it is running along a lawn and there is a wall on the side.
7665,a woman is sitting on an erect sitting wall,"she is wearing a black, short-sleeved shirt as well as a trousers. her ears are pierced so she is wearing some earings and putting on some glasses","she has short,black hair, although not very short, and this lady is chubby",on her side some ladies seated on some seats. they appear young and they have long hair. in front of them is an old man.,the woman seated has a black bag as well as a red shopping bag
7666,a white vehicle is moving in the middle of the road in a city,"on the side of the vehicle, and road is a woman who is sitting on a chair that  has been made of wood and metal rods that appear like wings ","on the other side, on the side of the road is a building that has many windows and it is very tall. there is an image that has been placed at the corner of this building ",there is also a white motorcycle and there is a rider dressed in red.,"there is another vehicle on the road and on the side of the road, there is a tree that has been made using metal and it looks very beautiful and attractive."
7667,a crowd of people are in a white building,"they are scattered all over the place, and some are on the stairs",others are coming from a place that has a door and they are in a line along the stairs. the ladies are wearing the same clothes and so are the men ,this building is really huge and it has several rooms where there are people. some rooms are upstairs while others are on ground level,there is a group of three women that are sitting on some seats and chatting. there are also some posters stuck to the wall.
7668,a young man is in one area on his bicycle.,he has even lifted his bicycle up in the air and this bicycle  has black wheels while the bicycle itself is green,"this man is wearing black clothing as well as a black cap which she is wearing, the front facing the back, and the back facing the front ","he is in front of a very beautiful building. there are some blue and red balloons, and there are two trees around ","there are some plants that are in some concrete flower pots. in additions. there is a poster that reads "" come and get food for free."""
7669,old women are crossing the road whilst holding hands,"one of the men is wearing a long blue jersey with a similar trousers, as well as white shoes","the other woman is wearing a reddish shirt and blue jersey, with a black trousers and similar shoes","there is also a mouse image that appears sick, with red eyes. there is also a road sign, more or less like robots.","it seems this place is a city, as there are some shops in view, and on the side is a car parked."
7670,a man who is a carpenter is working,"he is wearing a black trousers and a white and black shirt, as well as a black cap. he even has a belt that has chains in it.",he is using a cross cut saw to cut the wood and he is really paying all his attention into the work.,there is a lot of wood as well as some markers in this man's trousers pockets.,"there is a tree with so many branches, and this man  has bended down."
7671,a woman is in an open concrete rock during the day.,"she is just standing at the entrance, and leaning against a wall. this rock appears to one through which water passes.",she is wearing clothes with just two colours-blue and red. she is wearing a trousers as well as a short sleeved shirt,she even has a bag that has colours similar to her clothing,she is also carrying some shopping bags
7672,a  dog with white and black fur is running in a field.,the fields it is running in is quite huge and there are many fruits as well.,this dog has pretty long fur that are nicely shiny. it is even jumping as if it wants to pluck the fruits,there are small trees near the field as well as very tall trees as though it were in a bush,it is around noon time and the sky is quite cloudy
7673,a dog has white fur all around its body while the fur on the head is black. ,the dog appears to be in a wet land as there is a lot of mud on the grass,"there are some people on the side of the road, and they are behind a yellow line and they have come to watch what the dog is doing ",this line is put in order to stop people from bypassing it. there are also some tents that have been set behind the people,the dog is carrying a flat disc in its mouth and that is why people are watching.
7674,some pupils are seated in a classroom,"they are all in school uniforms which are white shirts, black trousers and they all have black hair",there is a teacher in front of the pupils. this teacher is female and she is wearing a blue coat and some glasses.,there is a board in front as well as some charts on the wall.,the pupils are seated on some wooden chairs as well as wooden tables in front of them 
7675,a young man is seated in front of a computer on a black chair,he is wearing a white shirt and his hair is quite scruffy. he has plugged what appears to be a pencil in his ear. he is also wearing a black bracelet on his right wrist,"it seems he is inside an office working, ",in  front of him is what seems to be some wooden object to which most papers are attached.,"there are also small speakers, as well as a big printer."
7676,a woman and  three children are in one place seated on a material,"the youngest of the children is lying down on a white material,  and then there is also one who is quite young and an older boy",they all have blonde hair and so it is fair to conclude that this woman is the mother to all the three children ,"the little child and the older boy are both kneeling, staring at their youngest sibling, the baby, who is lying down and the older boy is touching the baby's stomach.",the woman and the older boy appear shirtless and they are attempting to make the baby laugh.
7677,"a man with a beard is in a vehicle, driving ",he is wearing a blue shirt as well as a hat that  has animal print.,it seems he is over speeding as the view outside is quite hazy,his right hand is on the steering wheel while the other one is on his head.,it seems he  has really  paid attention to what is in front of him as he has paid alot of attention.
7678,a little boy appears to jump into the air.,it is not clear where he is exactly,why have you said the way you have.,I have said this because I can only see blue skies.,"the hair has scattered due to her jumping, and the shirt he is wearing a shirt with blue stripes."
7679,an individual who appears to be a man is sitting on some lawn.,he is wearing a black shirt and a blue trousers and he is drinking something from a bottle ,he is in a very beautiful place that has well trimmed lawn ,behind him are two houses that have been constructed using wood and  has some shiny windows.,"behind these houses are some mountains that have trees that have grown on them and these trees have flowers , while others have white  flowers."
7680,two men are wrestling in one place. ,they are both wearing shorts and boxing gloves. one of them has black boxing gloves while the other one has red ones ,"one of the men has been dropped to the ground, and he is trying to prevent his opponent from hitting him",why do you say so?,this is because he has really paid attention as he is only looking in front of him.
7681,various people are in one location doing various things,"have you noticed that majority of the people here are old women and men, as most of them have gray hair and orhers have lost some teeth",most of them are wearing very colourful headsocks as well as jerseys.,I've also noticed some wheel chairs and they have been occupied by two people.,"most of these old people are having their bags, and others are looking on as the different games are being played."
7682,two men are standing staring at something,"they are both wearing short-sleeved shirts with ties, and some white hair-like material with writings on it,around their necks",they are both holding some beverages in their hands and one of them is having a cigarette and pointing st something using his finger.,this other man is looking at where his friend is showing him as he is pointing.,there  is a wooden door behind her as well as window on the side. there is a poster on the door 
7683,two men are in a place that appears like the wild or bush,"they are both wearing white shorts as well as short sleeved shirts, with white hats. only one of them though, is wearing sunglasses.","one of the men is carrying a baby on his chest and he is touching the feet of the baby he is carrying, and he is looking forward as if he has seen something",another man is carrying his child on his shoulders and be is holding a bottle of water. the child is resting his hands on the father's head,"there are huge mountain rocks and the place they are in, has many plants as well as some yellow flowers which are still growing and hence small"
7684,a black man is seated on a lawn,he even has a sword whish he is using to break some fruit,this man is shirtless and only has a blue short on,there are very tall trees in this place and I suspect that is where he plucked these fruits from.,"there is a wire fence around these trees, and there is a field where these trees actually are."
7685,a lady is in a dark place that appears smoky ,she is in front of a microphone. it appears she is a singer and is performing ,"she has brown, long hair and she is wearing a floral shirt.",she is carrying what appears to be a guitar on her chest.,she is facing upwards as she sings .
7686,some chefs are cooking food in a restaurant,one cook is on a table that has some meat and he is holding a knife ,others are doing different things and are preparing some food for sale in this place,"there are people seated, most likely customers-two men, who have come to buy some food",all the chefs are dressed in white and they are all wearing chef hats
7687,An old man is standing in front of a building  ,This  old man is a teacher because he is teaching ,I have said this because he is in a building  that people learn from,I have seen the white board were he is writing and it has words and numbers  and there is  a clock on the watch and he is holding a paper in his hands ,"This man is wearing a a red shirt, black trousers with spectacles"
7688,Three old people are standing inside  a building,There are two men and one woman the men  are wearing suits and the woman is wearing a green jacket,A black man is holding a grey paper that he is looking at while his friend is talking to him,It seems what the man is saying is very sensible because he's friend is paying attention to what he is saying,The old woman has short grey hair and she is wearing ear rings 
7689,A young  child is at a certain place and he seems very happy,He is wearing a cardigan and a blue trousers with snickers ,There are red and blue ropes that they have used to hang something on ,There are two people behind the young boy and one of them has an umbrella ,He is wearing a fur coat on his chest and shoulders and he is also wearing a helmet   
7690,A woman and man are sitting outside on white chairs,"The man is wearing a red hat , sunglasses and a shirt that has got a label","The woman is wearing black clothes,  black sunglasses and she has black long hair",The man is holding  a cup and he has a watch on his left hand,They are at the backyard and there flowers growing in the sides of the house
7691,Four horses are walking beside the road,They have red collars around their mouths and they have carried some items on their saddles,There is a person sitting on the horse that is in front he looks like he is herding these horses,There are trees and mountains on the side of the road were the horses are ,It seems this a beach were the woman is and im saying this because of the sand and the sea at a distance 
7692,An old person is in a  narrow road that other people are walking in on one side of the road .,He has papers in his hands that he is giving to people and he is either selling or telling people about a certain product ,"The man has grey hair, a grey beard and he is wearing a black cardigan and a grey trousers and there is something  in  the pocket",And in front of the man there are things that have  been arranged that  are for sell and they have been arranged  an attractive  way ,The old man is standing on a black building and there are other buildings aswell
7693,A person is in a boat on the sea,He is in a small and short boat that looks like its meant for a short person,There is a seat in the boat and there are words that have been written on it and  the life jacket ,"The life jacket is meant to help him not to drown if he fell into  the water , he is also wearing  a  helmet to protect him aswell ",On the side of the sea there are houses that have been built on mountains and i can see small waves on the water
7694,A woman is sitting inside a building ,Shw is wearing a white longsleeved shirt and a red apron,She is pointing  the at the beef and it seems she is talking about what she is pointing at,She is pointing at the bread and she is in a shop were they sell bread,There are different types of Bread and it has been put in packages that have price tags and the brand 
7695,A black man with long hair is standing in the middle of the road,The place looks like town because there are alot of people  passing and there are  long buildings,"The man is wearing sunglasses  , a black hat and he is also wearing black clothes and also there is something in  his ears",He is putting headsets and he has a flag that belongs to a certain country,The road also white lines and  vehicles are passing in the same  lines
7696,A woman is at a place were they sell food ,She is sitting  and on the table there is food and red bottle which has a white straw,She is wearing  a black headscarf that has a white line in it  and she is also wearing a white polo neck and a cardigan ,The headscarf she is wearing is similar to the head covering that most catholic nuns wear,And the place were she is there are people doing different activities  others  are even sitting
7697,An old person is sitting on a wheelchair that is used by handicapped persons ,"She looks like an old woman because she is wearing a hat and she is wearing a cardigan , trousers with shoes",There is a woman with shor t hair sitting next to the old woman and she has put both her legs on the chair near her chest,The old woman is bending her head and her cannot be seen and the young lady had put her right hand on the  old woman's back and she has closed her eyes as if she is praying for her,The place were they  are has got flowers that have grown and a fence
7698,A person who looks like a woman is watching the wonders of creation,Why are you saying that the person looks like a man because this person can be a man?,i have seen that she has long curly hair that is being blown by air and she also has a bag that she has put on the chair and the bag is usually owned by women,"And the place were the woman looks beautiful , quiet and it has mountains a distance from where the woman is",The place where the woman is has  two chairs and there is soil on the ground
7699,A young boy is sitted inside something that looks like a car and he seems to be very comfortable ,He is wearing a  blue jacket and a big hat and he is wearing a yellow bango on his right hand,The place were the boy looks like a play park that has alot of toys that people have to pay for in order to use them if they want to play,There is a person who is bending near the child and he is wearing a shirt and a cardigan which has a rope that is in the pocket of the cardigan ,There is a shop were they sell food at the place where the child is and they have a poster of the food they sell and the prices of the food
7700,An older man is walking in a narrow road in the evening,This narrow road has alot of shops lined up and and they have posters stuck on the walls ,And they have tied something that has a light inside and it has colours red and white,"The older man walking in this narrow road is wearing a white shirt , a black trousers and he has lifted a black bag ",The road has alot of  different things that have been put outside the shops 