IMAGE #,SPEAKER_01,SPEAKER_02,SPEAKER_01,SPEAKER_02,SPEAKER_01
841,A man and some women are at the market selling and buying,there's a lady in grey hair what is she doing where she's bent?,she's choosing from the red tomatoes in two baskets that the man in the grey shirt and white and yellow cap is selling,"the man is smiling as he is looking at the woman choose the tomatoes, have you seen the ladies near also selling things?","yes I have seen them, they are two, one is looking at the lady choosing the tomatoes, there's a table near them with a lady buying something and also a tent where they are selling clothes"
842,two men with two women are standing in a room,"they are men in between with two women on both their sides at their end, what are they holding?","they are holding guitars and playing music, the man in a grey shirt with the girl in the red dress have their guitars on their shoulders","have you seen the man in black, the one that's paying attention to what he is doing perhaps to his guitar?","yes he has put it on his thighs and there's a lady in front of him in a white shirt singing, and next to them are their guitar bags"
843,A man is with his grey bull that's white on its face is running over him,"the man is wearing an helmet and a mask, but why is he on the ground in such a way?",it seems he is in a bull racing competition but he fell off his bull into the mud on the ground,that sounds right because his hand and feet are still stuck on the bull's back then it's the rest of his body is in the mud on the ground,they are lots of people on top standing and watching him play this game
844,"some men are boxing each other, one is dressed in blue while the other in grey",what are the doing on the yellow floor that they are about to fall on?,"the one in blue is trying to push the other one to fall such that he is squatting on top of him, but he doesn't want to fall and is holding the floor with one hand","then the other he has made a fist bump as though he is about to hit his friend, where are they?",they are inside a fighting field with people sited on chairs watching them
845,"seven people among them men, women and children are in one place doing different things",have you seen the man standing with his hands in his pockets dressed in white?,yes he is standing next to where they are selling different red and white items used in Christmas celebrations,"that's true, where is he?",he is at the market what they are different people heading towards a storey building
846,one man with three ladies are at the river banks near a tree,"they are lots of people behind them, what are these four doing?","the two ladies, one of them in shorts have jumped high into the air with legs folded behind them",the lady in a jean trousers is really excited because she has her mouth open and both hands are up in the air,then the one in a black bra has only lifted one leg not so high and she is carrying two bags on her shoulders
847,seven young men are standing on a storey building while leaning against something,"five are wearing white shirts while two are in black, what is this one in black doing between two in white?","he isn't leaning against anything like the rest, he has bent over while other men seem happy as though they are telling him something or bullying him","of the seven, four are wearing specs, then one of them is holding a paper","next to him is one that doesn't seem happy about what's happening and has looked elsewhere, they are at school with people behind them"
848,three little girl of slightly different ages are in a vehicle,"they are playing during the afternoon, what are they playing with?",they are throwing hay into the air,why are they doing this?,they are throwing it out for the brown horse on the other side of a rope
849,A man in a blue shirt and black and green shorts is standing next to a swimming pool,what is he doing and what is he holding?,"he is holding a pool cleaner, a tool her will use to clean the pool","from his facial expressions, he seems excited about the work he is about to start doing and he is wearing a cap",and he is standing near a picket fence with trees behind it
850,four men are in an incomplete storey building,what are they doing in this place when it's this sunny?,one is on top plastering and building while the other is on a ladder building on the sides then the other two are standing and watching,"near them are some road signs showing boundaries and people not to enter the building, what's this man doing on this side?",he is passing close to the signs near the white and orange rope and one of the signs has fallen on the ground
851,a family that has the male children is standing as they are taking a picture,"they are five and are standing on a tarred road side and they are very excited to take the picture, the mother is the one in between","there's a beautiful tree behind,a building and a lady that's squatting at a distance",have you seen the young lady in green that's walking on the road?,"yes, she's carrying black bag pack and on her phone as she's walking"
852,a black dog is on top of some building shatters ,what is the dog doing?,"undoubtedly, it seems to be looking for something in the shatters, you can wonder if there was a natural disaster or people just dump things",have you noticed that they are two men dressed in same way behind the dog?,"yes I have seen them and it seems there's another person close to then, it seems like they are searching for something and there's some soil stuck neatly on one side"
853,A man is in a basement,what is this same man dressed in black with a black hat doing?,"he is holding a paper in his hand and holding a sound instrument, it seems he is playing a song","this basement has many beautiful colors in it, what's that on the wall he is leaning against?",they are some beautiful black drawings on both sides of the wall and near him is a man ascending the stairs
854,"Four people, among them a mother a little girl, a little boy and a young man are in the same place",what is the mother and the two kids doing?,they are watching the young man on his skateboard and are in shock,why is this young man on top of a iron bar and where are they?,"it's because he is skating, that's why the kids are shocked and they are infront of a building"
855,a man is sited on an erect sitting wall,he is wearing a yellow jacket and a blue jean trousers,"you are right, have you noticed where he is?","yes he is sited near the sea and the water looks green, have you noticed what he is doing?","yes I have, he is holding a tiny paper in his hand, it seems he is reading something "
856,a man is squatting near a very short erect wall at a construction site,why is he dressed this way?,"it is because he is a construction worker and that's a work suit the helmet,the gloves and his boots","that's true, the erect wall he is measuring is on the river bank","that's true, and this place has many tools and many things they are using"
857,"a little young girl is doing back flips, her head is on the ground while her feet are in air","she's wearing shiny clothes, why's she doing this?",she's just playing that's why she's doing back flips,she's doing back flips on what seems like a black brown bed,"that's true, she looks very happy with what she's doing she's even smiling"
858,a man and a lady are inside a building hugging and kissing,"they both have bags, the lady has put it on her shoulder then the man has it on his back and wearing glasses","this place is full of people both male and female, have you seen what they are doing?","yes, the people behind them are watching the musicians playing their music instruments",yes that's true because there's a a platform with two people playing their guitars and almost everyone in the crowd has a bag
859,"in the evening, a crowd of people is gathered in one place","most of them are dressed in black, have you seen the man behind wearing a black jacket with a white shirt inside the jacket?",yes he has a camera and he is capturing everything happening,"certainly, but what are these people doing?","they are gathered in front of a huge building, it seems they are watching something because the lights off the building are on and people are capturing"
860,a little boy child in a red shirt is sited on a couch,what is he doing?,he is watching some cartoon on TV and he has paid attention to it,where is he?,he is in the sitting room that has a mounted Tv on the wall
861,A little girl child dressed in red and white is sited on top between a sculptured lion,what is the little girl doing?,she seems lost and she's crying as she's sited,"well that's true, is that why these two people are standing in front of her?","yes that's why there's a man and woman, it seems the man is asking why the child is crying as the lady explains and she's very close the child"
862,a number of people both male and female are on the road in a certain place,what are these different people doing?,"some are walking, others are near a store, while others are on their phones and others are riding their bicycles on the broad road","yes you are right, some people are on one side while others on the other side with what seems like a short fence between them","and it's a yellow fence, this place is full of storey buildings and vehicles on the road"
863,a man is sited on a chair painting on his at stand,"he is wearing blue shorts with a white shirt, have you seen what he is painting?","yes he has drawn two people, a man and a woman that are very happy, he is a really good artist! they look so real","indeed! then there's a lady close to him in a white shirt facing the other side, she seems lost in thought she leaning her cheek on her palm","yes it seems so, then near her are beautiful red flowers, and they are people heading in different directions walking on the road"
864,two people are in the sports field playing soccer,why is one of them laying on water?,he is the one holding the ball so that the one in blue does not score,"that's why the one in blue is jumping over him, he wanted to kick the ball","certainly, and water has splashed in all directions"
865,"Eight people, among them are seven male and one lady are in one place but on different spots",for of them are men wearing blue shirts while two are in grey ones,then there's a man in grey with a back pack he looks older than the boys then the lady is wearing a blue shirt,"that's right, two boys are throwing dirt into a big plastic bin and the rest also have plastics in their hands","for sure, since are wearing gloves, it seems they are cleaning this place and they are near a picket fence"
866,little girls and boys are all in one place,most of the little girls are wearing green shirts with white shirts while most of the boys are dressed in blue,they are dancing each girl with a boy while others are watching,it seems they are some fighting while others are watching and cheering with their hands up,"yes you right, and they are some older men with children on their shoulders, while some are cheering others are chatting"
867,"during the afternoon, a little boy child is outside",he is wearing a blue trousers and shirt,he is near flowers pulling a bottle that's in the flowers close to where he is standing,"indeed, it seems there's something blue tied to this bottle that the child is pulling",that's true and he is smiling as he is doing this and next to him is are stairs and an erect sitting wall
868,an elderly man with grey hair is standing at a bus station,he is wearing a brown robe and standing next to a poster with a bottle on it,"there's a lady with a bag in front of him and lots of people in front of her, do you know what they are doing?",they are in line waiting to get on a bus that's in front of them,that's true and they are in a place full of storey buildings
869,A lady is sited on a chair at the beach,she's dressed in blue and is resting her head on her palms as she's sited,she seems lost in thought and has stepped her feet in water,she's enjoying being at the beach and in the sand where her chair is are different footprints of different people,"she's facing the sea that has waves on it, it seems there's wind blowing"
870,"during the afternoon, five young men are playing rugby and are running",one team is dressed in green while the team are dressed in yellow and red with white shorts,"the one in white shorts is holding the ball and running very fast, there's one in green very close to him behind trying to get the ball from him",they are three other men in white shorts also running towards them,indeed everyone is running so fast to win the game and they are playing it in a sports field
871,A man on his bicycle is in the air,he is wearing a yellow shirt with a black trousers and has long hair,"that's right, he is not sitting well on the bicycle the moment he lands he might get injured because he has bent","indeed that's true, he is so high at the same length with tall trees",and he is in the bush full of green trees grown close to one another and dry tall ones
872,"two doctors are in one room, one is dressed in blue while the other is in green and sited on chairs far from each other","they are using the room as a clinic, because the doctor in blue is talking to a lady in front of him explaining something to him","and beside this woman is a little girl standing, then they are injections on table and the doctor is paying attention to what the lady is explaining",then on the other doctor's table are two kids one in a red cap while the other isn't wearing one,"it seems they too are discussing something, beside the table is a little boy standing in a red cap looking at what the doctor is about to start writing"
873,a little brown dog is running,it has lots of fur,that's true and it has its tongue stuck out as it's running,have you noticed that where it's running is full of soil that's muddy?,yes I have seen it's because it's playing near a river
874,a man and a woman are inside a building dancing so close to each other,"is that the reason why the lady has done this, she's stretched her left leg and right is bent","yes that's why, she's also stretched her left hand and she's wearing a shiny red dress",the dress has left her waist outside and she's paying close attention to her dancing,"that's true, there's a man holding her hand, this room has a very shiny floor and people are watching them dance"
875,more than twelve people are outside a huge storey building doing different things,"among them, three are dressed in black a man and two women, have you seen what they are doing?","it seems the man is teaching them how to dance, the man is between them, it seems the lady on his left injured her foot then the one on his right is amazed at what he is doing",behind this amazed lady is a man in a white shirt standing face down with a man sited in front of him,then they are people in small groups sited on the stairs chatting and there's a man in black getting on the stairs 
876,two women are in the kitchen,it seems this is a mother with her daughter and they are both wearing aprons,"they are facing each other's back, it seems there's something the daughter is cutting on the table while the mother is doing something on the other table",it looks like they are inside a restaurant,"it could be, there's a chair to sit on and pictures stuck on the wall"
877,A group of men are on a boat that's on the river,"all the men on the boat are wearing white shirts, what are they doing?","most of them have peddling sticks in their hands, they are peddling so that the boat is able to move","that's the reason, but others don't have, then one man is sitting on one side of the boat","that's true, the boat has writings outside, there's also a red rope tied to the boat out should be from another boat"
878,A group of people are inside a building,the building looks like a church and it seems they are going to get some things inside,"it seems so, and they are dressed in beautiful colors, many of them are dressed in red while others are in white","it seems like a group of women, but why are dressed in a similar way?",it's according to their tradition most of them are wearing head covers and standing on an erect wall so that they can see what's happening inside
879,two dogs are playing on a green lawn,one is black while the other is brown,"the black one has its back legs on the ground, then it's on top of the other with it's head on the other side",have you seen what the brown dog has stuck to it's mouth?,yes I have seen it has a plastic with a white lid on it
880,"A group of men are playing a game, all of them are wearing helmets as they are playing and they are two teams playing against each other",what game are they playing?,"they are playing rugby, the team with the ball is trying it's best to keep ball away from the other",it's a red ball that has been thrown in the air then the man in a white and yellow shirt is jumping to catch it,"that's true, then they are men gathered together as though they were fighting for the ball and they are playing in a sports field"
881,An old woman is being pushed on a wheel chair by a young man,near them is a person standing as though showing her something she's holding in her hands,"they are in front of a huge well built building with
made with glad on top and looks like a movie Cinema","it could be, then there's a blue flag outside similar to the posters stick on the building",and there's a white rent on the other side and close to it is a man passing
882,"at a camp site, people have made tents outside",there's a green tent that is clear inside,have you seen the little child dressed in a blue denim jacket?,yes she's standing very close to the table it seems there's something she wants to do or see,it seems so and there's another mounted tent in front of her
883,A man in a white shirt and a black trousers is in a very beautiful place riding his bicycle on the road,there's a black vehicle on the road and other vehicles line up and parked on both sides of the road,they are parked in front of very clean and different colored houses,"this place is really clean, have you noticed where the vehicle on the road is heading?","yes I have, it is heading towards the hills full of green trees and they as well are very beautiful"
884,"In some place, a man is sited on his motorcycle wearing an helmet and glasses",he is not wearing a shirt and has tattoos on his hands,"quite right, he is not the only one on the road, they are other men on their motorcycles and some road signs almost everywhere on the road",they are red road signs and they are some men in front of buildings it seems there's some function going on,it seems they are racing against each other using their motorcycles and there's a man on one side watching what's happening
885,an elderly man is on the road playing his music instrument,what instruments is he playing?,"he something like a guitar, a drum on his back and a flute ",there's a guitar box on the ground that's open and he has so many instruments why's that?,he wants to play really beautifully so that people give him some money and close to him is a lady in a hat walking and a vehicle on the road
886,this building is full of young ladies and men,"it seems it's during the night, what are they doing?",among them is a lady in a white crop top holding a bottle and her hair she's talking to a young man,then there's a lady near her with her hands in the air that's close to another lady with shaggy black hair,"it's clear all the people are doing different things, like on the red table near the young are beer bottles"
887,"four young children are on a boat on the river playing, one of them has their mouth open",three of the kids are girls while one is a boy,they are all wearing a blue life jacket and are holding on to the front of the boat,"there's a green rope in front of the boat, but why are the holding on this way?","it's because the boat is moving with great speed and splashing water everywhere, if they don't hold on they might fall"
888,"inside a dining room, two ladies are sited on chairs and facing each other","close to then is a man that's bent over a little in glasses, what are they doing?",the man and one of the ladies are trying to lit up a candle that's on cake on the table so is the other lady,they are four glass cups on the table with juice in them and one plastic cup,it seems people are celebrating something and near these three are two ladies standing and chatting that are very happy
889,two ladies are standing while two are sitting on an erect sitting wall,one of them is wearing a black top with a black trousers and has a handbag while the other is wearing a red and black dress,"the one in a black top and white shirt is telling some thing to the one in the dress, the one in a dress looks surprised at what she's hearing","yes you are right, and she has put her hands together while the one sited are watching her",behind them is a vehicle with some ladies at a distance there's also a storey building
890,two ladies are dancing,each one is holding the other using one hand,they have both bent their necks while they are dancing and are wearing dancing clothes,and both are wearing similar long skirts with the same bras,they seem to be enjoying dancing and they are dancing at night
891,A man is standing on top of a building being constructed,he is wearing a blue shirt and brown pants,he is holding a log in his hand,he is near a storey white building,he is on a scaffold and there's a house next to the building
892,A little girl is standing on stairs,she's standing on the entrance of the house while leaning against the wall,she's wearing a red Sari that she had wrapped so well,have you noticed what's close to where she's stepped her feet?,"yes I have, there's a small flower pot with a small tree in it that looks like a flower"
893,a man is on a tiny bicycle,he is wearing glasses and a green shirt,"he is very happy and facing one side, have you seen the man close to him?",yes he too is on a bicycle though on a bigger one,they are both in the road while lots of people are on the side of the road both young and old standing and holding flags
894,A number of people are in place doing different things,have you seen the man in an apron?,"yes I have, he is barbecuing something with lots of smoke coming out",they are some other men behind him cooking,"that's true, this place is a restaurant that's why they are people buying food in front"
895,three people are standing in front of a huge table,there's one woman with two men,the man in between seems to have a high position because the other two are interviewing him,they are paying attention to what he is saying and there's a long cloth behind them,"that's true, it seems these people met for an important meeting because there's a computer on the table"
896,two little boys in black shirts are playing,what are those that these little boys have?,they are playing on their skateboards and playing outside a building,one of the boys is on his skateboard ready to skate and holding on to his friend,then the friend is leaning against the wall and holding his skateboard in his hand
897,a dog is running such that is legs are in the air and it's tongue is stuck outside,it is white above is neck and grey from it's neck and below,it is running in a place full of ice,what's that on one side away from the dog,it looks like a picket fence with trees close to each near the fence
898,"six women are standing around a table, then there's one woman sited on a chair",all of them are wearing summer hats,"that's right, except the one sitting, but they are all wearing sunglasses and others are holding papers in their hands ",and their hats are the same but of different colors and they are in a place full of trees,"and they are well maintained, there's a flower pot on the table with red flowers in it and it seems they were discussing something"
899,different people are inside a building,what are these people doing?,it is a mall full of different stores and they are inside the shops,it is a storey building and really huge,from the bottom up until where they are are some different colored decorations
900,"two dogs, a white one and another white on its face and brown are standing next to a wall",the one is bigger than the other dog,there's a bicycle that has been place next to the wall,where are these dogs?,it seems they are near a store because inside the store is a counter
901,three men and one lady are in a beautiful place with a lawn and green trees,"among them is one man wearing a blue shirt with jean shorts, what is he doing?",the man is playing with his brown dog and he has bent down alittle add the dog is in the air trying to catch what has been thrown to it,"then behind him is a man holding a camera, wearing a blue shirt and a black trousers, he has knelt on one leg and capturing the man with his dog","yes, then behind him is a man and a lady sited on an erect sitting wall, they too are watching the man and his dog"
902,A young man and a lady are sited,what are they wearing?,the young man is wearing a white shirt while the lady is wearing a black one and she has a bag around her neck,the window where they are sited looks like a big vehicle with other people in it but what are these two doing?,the man has the lady on his laps and holding her waist while she's holding his neck and they are facing each other as though they are about to start kissing
903,A man and some ladies are inside a plane,he is wearing a black jacket with glasses,"that's true, even though one of them is standing it seems he is holding a book close to his stomach",that's true and he has a grey and red bag in his hand ,there's a lady in front of him standing then there's a man standing next to wear people are sited
904,"three men are standing, one of them is wearing a jean trousers a grey shirt and a black hat and is holding a bottle in his hand",the one next to him is wearing a grey shirt with shorts and has put his hands in his pockets,then the one at the far end is wearing a white shirt with a black trousers and has put his hand on his tummy,what are these men doing?,they are standing and looking at the hills in front of them and paying attention to what they are seeing
905,a lady in a blue shirt is bending looking at something,what is she wearing on her face?,she's wearing big goggles as she's looking into a bottle in front of her,why is she wearing goggles and where is she?,so that she's able to see properly into the science experiment bottles and she's inside a lab
906,people are resting in a park,this place had sits and tables where people can rest,"that's true because on one table is a man in white, he is eating something as he is resting, it seems like a restaurant",that could true because all the sits have tables and near this man is a storey building with thick writings,there's another building on the other side with a white storey building and very big windows
907,"A man, woman and are a dog are walking","they are wearing brown jerseys with jeans, the man in a blue one while the woman in black","they are both wearing sneakers, then the dog is held by the man using a black dog collar, it is a grey dog","they are heading towards the direction of of man that's heading their direction, he too is wearing a jersey",it seems it's a really cold place and the people are in front of a store and they are people walking on the road on one side
908,"during the night, some men are walking on the road",there's an elderly man in front and a little boy behind him,the little boy is carrying something in his hands and is wearing a hat,where are these people?,they are in a place full of storey buildings with lights on
909,A man is on his brown wooden like boat,what is this man doing on his boat?,he is on the river paddling his boat so that the boat can move on water,there's a brown basket in front of the boat while the man is sited at the edge of the boat,and the river is a huge one and the water looks blue with little waves on it
910,"nine people are on a lawn, among them are young men, women and a little boy","they are doing different things, what is the man that's bent over doing?",he is looking through a telescope to see things in front of him,there's a little boy child in front of him that's holding his waist with a ball in his hand,they are four others doing different things in groups and a vehicle parked near a flag it seems there was an event
911,"during the afternoons, a man is sited in a beautiful place with a green lawn",there's a bicycle near where he's hang a black bag,they are some clothes on the lawn and the man is naked with his legs apart facing the other side,"I'm wondering why he's undressed, what is he holding in his hands?","I'm also wondering why he's makes, he is reading something like a newspaper"
912,a little girl with her mom are playing on a lawn with people near them,the little girl is wearing an apron on top of her clothes,the mom is wearing a white shirt and squatting to reach her height,what's the child doing to her mother?,she has differently colored papers that she's put in one big brown paste she she's throwing them into her mother's hair
913,"during the afternoons, four elderly men are sited outside",three of them are sited on one couch while one is sited alone,"among the three, one of wearing a sleeveless black shirt and leaning his hand against the couch then the other one is wearing a grey shirt",the one on both ends is wearing a blue shirt and they have big tummies that are the same,"that's true, the elderly man sited alone is wearing a blue shirt and near them is a table it seems they are relaxing"
914,a man is standing with his right hip outside,what is this man doing?,he is holding one hand on a big rock next to him then the other on his forehead,that's very true and he is in a place full of hills what exactly is he looking at?,he is looking at a big white river very far from him on the ground
915,a young be man is sited in the assistant pilot's sure on a plane,he is wearing a pilot suit that's green and grey,"he seems to be doing something, do you know what he is doing?",yes he is praying button on the roof of the place is as though he is pointing at something,"that's true, the plane has more buttons in front next to where he is sited and there's no one sited in the pilot's sit"
916,"during the afternoon, a little girl child is playing",she's wearing a blue dress and has black hair,she's playing close to a brown camel that's resting on the ground with it's head up,what's this little girl doing?,she's trying to pet the camel and she has a bag pack
917,some men are standing in a sports field,the man in front is dressed in red then the one behind him is in green what is this that the one in red is holding in his hands?,"he is holding a trophy, undoubtedly he has won a bike riding competition because the trophy has a person and a bike on it, this man is very happy",even the man behind him in black glasses is very happy,"indeed, behind them is a lawn full of people with a yellow car parked"
918,A man is leaning against ice,why has he done this?,"it seems he is skating on ice or it could be that he is tired, have you seen how his dressed?","yes I have, he is wearing really warm clothes, a jersey, gloves and a thick black trousers","he is wearing a mask, it is hard to see his face, it's only his eyes showing, then they are trees in front of a house at a distance"
919,a blue bee like insect is flying close to a flower,"it's a beautiful differently colored flower, it is green, blue and white","it is indeed a beautiful flower, but what is this insect going to do?","I'm not quite sure but it has very pointy beak, a really long one",it's pollinating the flower and getting food from it at the same time
920,A man is in his sitting room playing with his baby,"he is holding his baby, they are both happy and smiling",the baby is in a baby stroller covered with a white blanket and laying on a white cloth,there's also a TV inside this room that has been placed on the table,"then on the wall next to the TV are three sound speakers, a lamp and a picture"
921,A lady is inside a store that sells different items,she's wearing a blue shirt and a red head cover,there's a cupboard full of different glass bottles next to where she's standing,things are well arranged in the cupboard according to size and length,"very true, there's also a long table full of different glass bottles in front of the cupboard and a lady near it looking around, it should be a store that sells different glass bottles"
922,two young men are riding their bicycles on the road that has a road sign on one side,they are both wearing red jerseys with black shorts,they are both wearing helmets and black goggles,"they seem to be carrying tiny back packs, then one seems to be ahead of the other",the one ahead looks younger than the one slightly behind and they are riding their bikes on a road full of dry grass on one side
923,A lady is sited on a lawn with lots of doves near her,"she's wearing jeans and looking at the doves, but why are they in numbers near her",it's because she has food in her palms that she's feeding them that's why they are many,there's a green bag next to her and a lady that's squatting while talking on phone,"they are actually lots of people behind this woman, men and women sited, it seems it's a place for relaxing."
924,A young lady is standing and bending down alitte,"she's wearing shorts, a shirt and has tied a cloth on her wrist, why is she dressed this way?",she's playing  tennis using a tennis bat,where's she playing this game from? because she seems so worried,"yes she seems so, there's a black fence made with metal with people standing on one side"
925,a man wearing a blue shirt is inside a building,why are his clothes dirty?,it's because he is working and using a drilling machine at the moment he is using a drilling machine,that's why he looks like this and there's light sparks coming out as he drills,"that's true, he is wearing ear buds to shield himself from noise as he works"
926,"two men are standing in a very clean place, they are wearing black glasses and are paying attention to what they are doing",one of them is on a log of wood holding a poster in his hand,then the one on the ground wants to hammer the poster that the other one on top is holding,there's also a curved gold frog statue on top of the tree close to where the man's hand is,there's another a white poster with writings on this tree that's already stuck to it
927,two men with one lady with brown hair are in a storey building,one of them is wearing a shirt is wearing a sleeveless shirt and is carrying a yellow plastic and heading towards a man,then there's a man heading the same direction in a black shirt holding a metal rod with flowers on top of it and covering it,why does he look this way and why is he at the lady?,it's because the lady is insulting the man using her middle finger and there's an adult and a child on the other side of the broad road
928,"during the afternoon, a little bit child is on the road with a blue bucket",he is very happy and wearing a black rob what is he holding in his other hand?,a blue bag pack and walking next to an adult man wearing a robe with a white head cover,there's a man behind him dressed in white and had black beards that's very happy,then behind him are two men near a vehicle talking while there's an adult man and a child walking on the other side of the road
929,a place is full of different people both male and female walking on the road,they are others on erect sitting wall sited as though they are waiting for something,these people are sitting next to a white ambulance,"you are right, they are sited outside a storey hospital",and this hospital is well built and the people are passing under a shade and they are vehicles on the road
930,two dogs are in the bush full of grass that is trimmed and are running,one is grey while the other brown,the grey one looks bigger than the brown one,the grey dog has a brown dog collar tied around its neck that the other dog doesn't have,"that's true, and both dogs have their tongues stuck out"
931,different people among them male and female are walking,"they are not walking together as though they are a group, one lady is wearing a grey jacket and black trousers is walking alone",on the other side of the bridge are five people dressed in black walking together and they seem very happy,"indeed, this bridge is made in different parts such that people can walk at same time",and in front of the bridge are different storey buildings
932, a lady with beautiful big eyes is in a store,she's dressed in something red outside with a black shirt inside,she has a necklace around her neck and a number of different bangles on her wrist,that's true and on the table she's standing next to are small yellow papers and she has blue ones in her hands,she works in a library full of different books and on the wall are some different pictures
933,two kids are playing during the afternoon,one is a girl while the other is a boy,they are playing on a black swing tied up with a black rope,the little girl is on top and it seems she's looking down,the the boy is swinging as though he is about to drop off from the swing
934,three dogs are playing in a place full of soil and they are three men on one side on their bicycles,two dogs are white while one is brown,the brown one is bigger than the others and it's running with the other two dogs,"the smaller ones have the same black dog collars, why are they running?","they are chasing after a black ball in front of them, the white one is in front then the brown ones behind"
935,a lady is climbing a white mountain and her hands are around the mountain,she's wearing a brown shirt and a black trousers,she has different colored strings in her waist or it could be they are ropes,"and she has a small bag in her back, the way she's pushing herself to climb won't she fall?",yes she can fall but the rope in her waist can protect from injury incase of any danger
936,a lady is in a sports field playing high jump on metal rods,"she's wearing a blue underwear with a crop top, why is there a number on her shirt?",it's because she's competing with others in this game that they are not suppose to drop the metal rods when jumping,that's why she's jumping face up it should be a very hard game to play,"indeed that's true, there's a black watch timer on the ground, it's obviously so that they do not go overtime"
937,"during the evening, a lady and a young man are on the platform",she's wearing black clothes and a white cap and has a microphone in her hand,then the man is wearing a white shirt with a back trousers and has has done a black flip with only one hand down,"the lady is walking around the stage, what is she doing?","she's facing the man as she's singing her heart out and enjoying, they are working together for an amazing show"
938,"during the afternoons, a young man is laying down face up on a corridor of a building",he is wearing a red shirt with a blue trousers and glasses,as he is laying down he has stretched out one leg while bending the other in the air,and he is leaning his head on his hand while stretching the other one,his mouth is open and this building has huge windows
939,a group of ladies been are gathered together in one place,they are dressed in similar green clothes and they have sound instruments,"they are in two groups, men and women, they are lined up neatly then between them is a lady with drums",behind these groups are people sited in the auditorium made of metal in a stair form so that people don't obstruct each other,behind+ them is a huge white tent then they are people watching them
940,"during the afternoon, in a beautiful place full of trees and grass, are two dogs on a lawn",they are both black and brown on their feet and face,"yes they are very similar, they even have the same height, have you seen what these dogs are doing?","yes I have, one of them is trying to bite the other one's throat",and it seems the other one is screaming and they have their legs entangled and both have dog collars around their necks
941,three little boys are standing outside,two of them are wearing red shirts and white shorts,one of the two is not wearing shoes then there's one wearing a blue short and is shirtless,what is the one in a white shirt and shoes doing?,it seems he is pushing and pulling his friend and they are happy as they are doing this
942,four men that are in a band are outside underneath the shade of a tree,one of them in a black shirt and a jean trousers is standing and playing his guitar,the are two others behind him operating a sound system on the table close to them,then there's another one playing a number of guitars where he is sited,then the other two are playing guitars and the one next to them is playing the piano
943,A white man is on top of an erect wall where place where people skate,"this place is very smooth, what is he doing?",he is wearing skate wheels that he is using as he skates ,"you are right, because I was wondering what's is he doing on top",yes you may wonder because he is at this place in the night because it's dark
944,"a man is standing in a room, inside a house","he is wearing a grey shirt, why does he look this way though?",it's because he has a tooth brush and brushing his teeth that's why he has such facial expressions,"it's a really big toothbrush he's using, have you seen what's behind him?","yes I have, they are different things like a lamp on the table and a calendar on the wall"
945,A man in a black trousers and a brown hat is walking on the road,what is he carrying?,he has a number of baskets and it seems he is going to sell them,"they are lots of people in this place far from where he is, one of them is carrying lots of sacs on his bicycle",there are vehicles and storey buildings where he is heading
946,A little boy is alone crying with his mouth open,why do you think he is crying?,behind him near the door are stairs it could be he fell off the stairs,that makes sense that's why he has snow on his face,yes that's true and he is dressed in black and glasses
947,A lady with brown hair is standing in a room,she's wearing a beautiful black dress,she's slightly bent her head down and has put her hand in her mouth,"there's an inbuilt cupboard in this room, where exactly is she?",she's in the kitchen because they are dishes packed very well
948,four people among them an elderly man with three women are standing next to a red vehicle,one woman with a head cover  is taking to the man inside the vehicle as though she's from giving him what he's holding,near her is a lady in a blue trousers that's talking to the elderly man whose with a lady younger than all of them,it seems the lady in a jean trousers without a hat is traveling and that's why they are at the bus station,"it seems so, they are two other vehicles near them and on the other side of the road since storey buildings"
949,a group of people are sited on chairs inside a building,they are ladies and gentlemen,they are all wearing different clothes even though the majority is dressed in white and black shirts,"most of them are happy, it seems they are listening to something happening in front of them","that's true, it's during the night and many of them have paid close attention and watching"
950,"there's a lady sited on a chair in some place, she's wearing big sunglasses","she's dressed in green and has put her hands on the cloth on the table, why has she done this?",it's because she's a fortune teller and she uses different things to do so among them are stars and she's showing the man in front of her where to put his hands,is that why her table is full of different tools and objects?,"yes that why, there's a cloth that on the wall of the room where she's drawn what she uses in fortune telling like trees and stars"
951,A young man is playing rugby and is dressed in white,"the clothes are extremely tight, why is he dressed in such a way?","this is how he is suppose to dress so that the clothes do not weigh him down as he plays, then he is wearing a shirt that has erect shoulders to help him fight well for the ball",that's why he is wearing an helmet is it also for the purpose of the game?,yes it is and he is inside a sports field full of people watching
952,more than ten men are on the road walking close to a man dressed in white with lots of dogs in front of them,most of them are wearing long coats and people not with them are watching as they walk,it seems the man in a red coat with his hands in his pockets owns the dogs,"it seems so, the dogs are not tied to anything as they walk and are walking on the sides full of snow","that's true, they are vehicles packed on this road and trees on the sides of the road, then they are people and hills with trees behind them"
953,A man with a mustache is laying down on the bed,"it's a blue bed, but what's happening?",close to his head is someone wearing white gloves whose opened this man's left eye using one hand,"the man on the bed is still and has put his hand on his chest, why is the person standing opening his eye?",because he is at the clinic and has an eye problem that's why this eye specialist is checking
954,"in a place full of people, there's a man dressed in a white jersey with his hands in the pockets of his trousers walking","there's a lady in front of him smiling, what is the man close to her doing?","he is wearing glasses and carrying a bag, it seems he wants to tell something to the man in white or is telling him something","and he is listening to him speak because he is looking at him, and they are people heading their direction behind",this place is full of buildings with people doing different things in them
955,a man with specs is on the stage singing a song,"he is singing his heart out, what is he holding in his hands?",he has a guitar that he is playing and he is standing before a stage microphone,he is wearing a yellow shirt and hat,"and he is very happy as he sings, and at a distance from where he is are some storey buildings"
956,people in a place are doing different things,this place is full of storey buildings,on one storey building are people sited on the roof top watching something,have you seen what the family near the vehicle is doing?,"yes I have, they have fliers, it seems they are marketing something"
957,two elderly men are sited on chairs inside a building,"they are sited around a table, have you seen what's on the table?","yes, there's a plate, it seems there was different food and drinks","the men are facing each other as they speak, the man in a cap is near a human head statue put on a stand",and they are happy as they talk and there's a hat on the wall
958,a brown dog is near the river,it is about to go into the clear water that's able to show the dog itself,what does it look so white on one side of the dog?,it's because this place is full of ice and the place where the dog is has just melted,"that's true, it's amazing how the dog is stepping on ice water that's really cold, it could be because of its furry body and it's used to this place"
959,three people are on a lawn,one man is in front then the other two are far behind him,"of the two behind, one has a bag pack and is wearing a red cap","the other has his hands in his pockets, then the one in front is wearing a red shirt","they are walking during the evening, then they are trees on the sides of the lawn"
960,"in a sports field used for bull racing, a man is on his bull","it's a black bull, what's happening?",the bull is about to crash into a picket fence with it's rider and will crush into the man trying to get on top of the fence,"it seems like a really hard game, what are the people on the other side of the fence doing?",they are here to watch the game
961,"during the afternoons, two ladies are outside a building with brooms in their hands","they are wearing similar red trousers, why's that?","they are also wearing white shirts, it seems these are work suits and that's why they are dressed this way as they sweep",they are also wearing red hats and aprons,"that's true, it seems they run a business in this storey building that has different colors and windows"
962,a black dog is running on water that it has splashed everywhere,the dog has lots of fur on its body,"that's true, this dog looks like a different animal, have you seen what's stuck to it's mouth?","yes, it has a black piece of wood that's alittle divided and red on one side",and near the water is stepping in behind is dry grass
963,three men are standing in one place while one is sited,"it seems they are chatting, what is each one doing as they chat?",the one is a blue romper like work suit is next to a white vehicle,next to him is one in a black shirt holding his waist and a cup that he's drinking something from,then next to the one sited is another in a blue trousers pointing his have and they are all happy as they chat
964,a black fast dog is running,it is a brown patched dog on its face,it's running with it's mouth open and it's lifted is tail,where is this dog?,it's walking on the lawn sitting the afternoon
965,a young man is in the sports field playing a game,"he is wearing a red shirt, a white hat and glasses",and he is wearing a black hat and has a balt in his hands,"there's someone hear him, what sort of game is this and what's the other person doing?",they are playing 
966,during the evening a man and a woman are inside a building,they are both dressed in black with white stripes,the lady is whispering something into the man's ear,"they are so close to each other as they are standing, the man is holding a cup of beer","behind them is a lady facing down, they are in a club"
967,a man and woman are standing outside during the afternoon,the lady is facing the man while holding one hand in her hair,the man has a back pack with a microphone in his hands,it seems they work for the radio station because the lady has a paper in her back pocket,"that's true, it seems so, or they could be rehearsing a script that they want to shoot and they are in a road with storey buildings on the sides"
968,six ladies are on the well built narrow road that's white and next to a house,"they are in groups of threes, three are in front while the other three are slightly behind",one lady has a long break pack them the other two behind are wearing skirts,the one in a white skirt is wearing a black shirt and has a bag,then the one next to her has a small black bag and holding the other on her shoulder
969,a man in a red shirt is standing while holding a small axe in his hand,he has a frown on his face as though he wants to throw the axe at someone,he has opened his eyes wide open as though he is starting at someone then there's a little boy behind him sitting on a rock,the little boy is wearing a trousers and something green on top and looking at the man with the axe,behind the little boy are other people walking and they are also trees
970,three people are inside a museum,"among them are two men with one man, what are they doing?",the man is talking to one of the ladies as though making his first move towards her and he looks happy while he talks to her,the lady is wearing a a black jean trousers and behind her is a man looking at her sculptures,on the other side near the lady is a human sculpture with a dress and building is full of different lights
971,two men are in a place full of people doing different things,"the one in front is wearing a grey shirt then the one behind is in a white one, what are these men doing?",they have two plates full of food that they are eating and the one is in front is smiling,that's true she near them are ladies sited chatting and having some food,and behind them are other people and white tents it seems they are celebrating something
972,two men are on their one wheeled bikes on the road side,"the side of the road is well made, it's tarred and clean","that's true, even the broad road itself is clean",they are some plastic road signs,these men are next to a storey building
973,"during the afternoon, two little girls are sited inside a room with their legs folded","they are dressed in similar clothes, why are they are dressed this way?","these are pajamas, they look like they are playing in the bedroom","this room has a huge windows, and they are trees outside, what are these girls playing with that they are paying attention to?","they are playing with different toys, since look like beds and they are some papers on the floor they are playing with"
974,a group of men and women are gathered together in one place,"it's during the afternoon, what are they doing?","most of them have cameras and are capturing what's going on in front of them where there's a huge, tall storey building with a lady on top of it",and the people are standing on the ground as they capture,"that's true even on the building next to this one on top are done people capturing, this building is surrounded by other buildings"
975,a woman is with two young girls that she's walking with and behind them is another young girl,"it seems they are together even if one is slightly behind them, what are they carrying?",they are all carrying blue plastic bags with things in them and they are in a market place where they are from buying things from,"indeed, all four are wearing jerseys, it seems this is a very cold place",it seems so even the people in front of them are wearing jerseys and the road looks wet it should be from raining
976,"a lady is sited on wood during the afternoon, and she's leaning against a log",why does she look this way?,"she looks worried about something, she could be worried about what she's reading from the book or she's lost in thought",it seems there's a doll close to her leg because it's different from how she looks,"I thought so too, she's wearing a black head cover and a grey crop top"
977,a dog is on top of a log that seems divided on the middle,"it's a grey dog, but what's it doing?",it's sniffing the fort close to it's nose and it has a chain dog collar around its neck,"they are tiny trees near it, where is this dog?",it's in the bush because they are green trees and grass around it
978,an elderly lady is sited on a chair and facing down while holding a bag with one hand and the other on the chair,"she's next to a washing machine, why does she look worried?",it seems she's waiting for something or someone because she's covering her head as she's bent and her face is not showing,"if that's the case then she's tired, it could be that she's waiting for the clothes in the washing machine so that she packs them",that could be true and there's a fridge near her full of drinks
979,an elderly man and lady are sited facing each other during the afternoon,the enemy woman is wearing a red shirt then the men is in blue,"they are chatting, the lady has something in her hand and they are bottles of water closer to each of them",they are two other ladies sited outside at a distance from where they are also chatting,they are all sited next to the doors of their houses and they are other people walking outside on this road
980,a man is climbing a tree and pulling it while climbing,he is wearing a a green shirt with a blue trousers and a hat,he is wearing black glasses and a white work helmet,the tree he is climbing is full green leaves and there's a yellow rid near him,then under the tree is a big yellow tools box that they use in keeping electrical tools
981,eight people are on a bridge in twos each man and woman,"two are hugging, the man is dressed in grey the lady is in red","the lady in a white shirt had our her hand around a man's shoulder she's walking with, this is a lovers place",that could be it because even the ones walking are walking as couples close to each other,then next to the bridge are storey buildings
982,two fat men are walking on the road,one is dressed in an orange shirt with a red short and has a bag pack,then the one behind is wearing a blue shirt with black shorts and has glasses in his head,and they are walking close to the corner of a yellow building,then on the other side is the road where they are coming from is grass with a talk building
983,the men are standing next to a big white ship,the one in front of these men is wearing a black trousers then the one behind is wearing shorts,"then the one behind him is wearing a white shirt and black trousers, do you know what three are doing?",they are holding a green rope that they are putting into a big bucket,it seems they use these ropes when they are preparing the ship on sea
984,a little girl child is doing a back flip,"she's really steady because she's not slipping, to what is she holding on?",she's holding on to metal rods specially designed for flips and she has her eyes closed,she's wearing very tight and light clothes ,it's so that she can play her game well and the wall next to her is red
985,a mother and children are on top of the hill that look grey,the song is on top sitting on one side tying his shoes,the mother is just reaching the top and had two hats with a bottle that she's holding,behind the mother is another child about to reach where they are and looks tired,they are at this place during the evening and it's a beautiful place with water and grass on hills on one side
986,two men and two women are sited on the stairs,the stairs have metal bars in between them that divides one side from the other two sited on each side,"the man and woman on one side are wearing shorts, the man is hugging the lady as she has peaked him",then the lady on the other side is sited a stair underneath the man and that are sited separately,they are sited outside a brown building has windows
987,a man is on the road running and has something in his hands,what does here want to do with what he has in his hands?,he seems he wants to throw it in the air and it's wearing a black shirt and red shorts,they are trees that have grown on the side of the road,and they are some logs that they have made using these trees
988,"a couple is getting married, the bride is in a white dress while the groom is wearing a black jacket","they are people standing next to a table with a pot of flowers, where are the bride and the groom facing?",they are looking at a man standing next to a tree that's playing a guitar,then on the other side next to a tree is a man with his wife standing what are they doing?,they are also watching the man playing the guitar on the new couple's wedding day
989,an elderly man is the bush full of grass,he is wearing a skirt without a shirt,"there's a basket in front of him, what's inside the basket?",there's long grass that's well packed in it,behind him are green palm trees
990,a dog and a cat are under what seems like a table,the dog is black and brown while the cat is grey,"the dog is barking at the cat that looks very curious, it could be they are about to start fighting","indeed, they are two logs on top of the table that the cat is underneath",near the dog is a building with windows as though it's a house and they are wood sticks parked together
991,a mother is sited with their child while lifting her and they are both smiling,"the mother is wearing glasses in her head, have you seen what's on the table near them?",there's a plastic cup for the mother and the child's milk bottle,"there's a child's leg near them, have you noticed the place they are in?",yes it's full of different people sited on erect sitting walls inside a building
992,a little boy is sited outside a store at the market,"he is dressed in grey u and facing down, what is he doing?",he is looking at something on the cupboard next to where he is sited that's open with a green box on the table full of different tools,"and he is paying close attention to what he is seeing, what's in the store?",they sell different kitchen utensils of different colors made of plastic
993,four female chefs are in a restaurant,"two are in front close to each other, it seems one of them is the master chef teaching the other",the one learning is not wearing a white hat she's only with her hair,then there's one in blue facing the lady she's with serving food on a plate,"it looks tasty and well arranged, to here rice with chicken, they will enjoy"
994,"at night, some men and women are in a club ","this building looks very big, what sort of building is this?","as they are drinking, they are playing different games too while others are just drinking and chatting","it means they are enjoying, it's clear from the the men that are standing and watching something","certainly, the one on the middle of smoking a cigarette and the building has different colored lights"
995,three ladies are holding each other as they are walking and are looking at something,they are all wearing similar bangles on their hands,the ones at the end are holding the one on the middle that's wearing an orange dress,the one on the left is wearing a yellow dress and they are all wearing head covers,"yes these are traditional clothes, then the one on the right is wearing a green dress"
996,two men in jean work suit and green shirts are working,they are digging soil where there's grass using a wheelbarrow and a shovel when digging,"the place is protected with black plastic surrounding the place, have you seen what's in front of them?",red there's a yellow tractor removing soil from the ground with a man in it,he too is wearing an helmet like the other two and it's the one driving the tractor
997,a man in a blue shirt is standing inside a building singing,"his ER yes are close, he's mouth is open and he is singing with his entire heart","it seems so, this man has a guitar in his hands as he sings",he has lots of bangles in his hands as he plays and sings,he is standing in front of a microphone that has been mounted and near him is a lady standing
998,four men are on brown horses and they are running,"all of them are wearing similar clothes that have different colors and ver tight, why is it so?",it's so that the clothes do not weigh them down as they are racing so to that they can win,"is that why they are all wearing helmets so that they don't get injured, where are they?",they are in a sports field where they are racing from with trees and soil on one side
999,a man and a woman are riding their bicycles,"they are not the wearing black jerseys, the lady is slightly in front of the man","they are on a broad road, the lady is on a red bicycle while the man is on a black one",they should be enjoying riding on this road,the man is carrying a black bag and close to where they are is a storey building
1000,a man and a woman are inside a building sited with a huge piano between them,"the man has something red in his hand, do you know what it is?",yes it's a piano used in making music,it's beautiful and the lady is happy to see what she's being taught,behind them near a yellow wall is a man and woman learning something
1001,a man is on a brown horse and is holding a rope in his hand,"he is wearing a jean trousers and an helmet, what is he doing with the rope?",he is trying to catch the cow infront of him that has a rope around its neck,why is he doing this? where is he?,it's a game of horses and there's a crowd of people watching what this man is doing
1002,a man in a black jacket and trouser is on his phone while standing,"he looks worried, where is he?","it seems he is looking at something, he is standing in the middle full of vehicles on the road",the vehicles are well parked such that done are on top of others,then they are buildings around him while he is standing on the middle
1003,a man in a grey shirt and black trousers is walking on the road,he is looking at some writings on the wall as he walks,there's a drawing of a huge rat on the wall,it was done by a very good painter because it looks so real with a pointy mouth,"indeed, he is brown and drawn on a red made with small bricks"
1004,"a woman with two young boys are walking, the younger one is in front while the two are behind",the ones behind have black bags and are close to each other as they walk,"they are walking close to dry grass, have you seen what's near them?",there's a small house made of wood and another house next to it,then they are dry trees where they are headed that look grey
1005,a lady with reddish hair is sited on a chair and smiling,"she's wearing glasses, what is she doing and what sort of chair is this one?",it's one that helps her knit because she has some knitting materials,she's wearing a grey sweater she there's a basket on the ground full of knitting tools,there's a table behind her with white material and a map
1006,a lady is standing while lifting a man in her arms,she's wearing glasses and happy to lift the man,the man looks scared and it's wearing a blue shirt,"the lady is dressed in grey, why do they look like this?",their clothes look wet because they have come from water and there a green tree and lamp behind them
1007,nine people are squatting outside,"they are all dressed in same clothes, why's that?","it seems they are students and are wearing uniform, have you seen this lady in front?","yes, she's done the peace sign with her hands",the rest are paying attention to what's happening in front of them but her and she's very happy
1008,a man in green is squatting and touching inside a plastic box full of tomatoes,"it's red tomato, what is this man doing with so much tomato?",he is displaying it on the table that has vegetables so that he can sell,yes that's true because he is displaying neatly and they are others near him selling too,it's because this is a food market
1009,a man dressed in black is sited on a chair and it's resting his head on his palm,"there's a table near him, what's on it? ","they are different books and he's looking through one, it seems he is not understanding what he is reading","it seems so, the room he's in is made of clear doors and windows",then on the green wall outside is a painted hand with all fingers representing something with arrows
1010,a man dressed in black is on top between two walls,"he has stretched open each leg on each side, why is he so high and what does he have in his hands?",he has fire on one hand then he is only holding on to the wall with his legs,"that's true, these reasons are in front of a storey building",the yellow building has glad doors and windows
1011,"a small group of people is standing in front of a store, they are male and female",what is sold in this store?,"they sell different baked foods, there's a man inside the store then the rest are outside","the food is well displayed nearly in a plastic bowl, what is this man in a white shirt doing inside a store?",he is preparing food that he's selling to the people lined up outside the store waiting to buy
1012,"a man is on a skateboard, he is squatting as he's on top and facing the ground","he is in the air and dressed in black, you can be amazed how he got this high","yes you may wonder, he has things helping get so high up, what he's sited on has a rope, have you seen where it's tied?","yes I have, it's holding on to a parachute that's red and black inside helping him to be in the air","that's true, they are other parachutes with different colors in the air at a distance from him since are red while others are blue"
1013,a small grey dog is on grass,the dog has lots of fur that almost covers it's eyes,it's mouth is open and red tongue outside as it's sited,this grass has little beautiful yellow flowers in it,there's a house and trees at a distance
1014,a lady is sited at the river banks,she's wearing a long black jacket,she's sited on top of the banks and has put her feet in water,she looks worried or list in thought that's why she's sited at the banks,it seems so and that's why she's all alone with no one disturbing her
1015,a man is sitting on a wooden chair,what is he holding in his hands?,"they look like metal instruments he is playing, then in his left hand holding something reaching his face that he is holding using his right hand",he is wearing a white robe and holding his sound instruments on the middle of his hand,this place is dark it's as though there's a light directed to his face
1016,a lady and a man are each sited on their horse,she's wearing a blue shirt and a jean trousers,"the men is wearing a jean trousers and get shirt, it seems they are chatting as they are on horses",they are both wearing helmets and are riding their horses slowly,that's true and they are walking on a tarred road with trees on both sides as though they want to meet in between
1017,a man is fighting with his dog,what's really going on?,it seems the dog is biting his hand that's why he is holding a black stick in his hand trying to hit it,"it seems it bit him hard, it's a good thing his wearing something thick on his hand",they are fighting such that the place is even dusty and there trees behind them
1018,a lady is sited on a chair outside during the afternoon,she's wearing a grey dress with a black jacket and has a crown in her head,"she's holding one hand in her head then the other she's holding a cigarette, she seems very worried","then there's a bag on her table and match sticks, where is she?",she's sited outside a building where there's a lady inside selling
1019,a man is on a skateboard on top of a red drum,he is squatting alittle on his board,he is dressed in black and it's at night because it looks very dark,won't he fall off the drum?,if by any chance the misses any step he definitely will fall that's why he is paying attention to what he is doing
1020,people are at the market full of stuffed toys,everything being sold are childrens stuff,"definitely, the toys are put on top with yellow ropes then other toys are tied to chairs",there's a man and woman selling near the stuffed toys,"then the woman is talking to a man in blue, it seems she's explaining something to him and there are lots of people behind him"
1021,a lady in a red shirt where black trousers is sweeping,she's using a tall broom that has a green handle,do you know where she's sweeping?,"she's sweeping outside a store, what's inside the store?",they are some female dummies of different colors that are wearing shirts being sold and there's another store near it
1022,a man is in a place full of different people birth male and female,he is kneeling and holding a hat while putting both hands down,where is this man during this afternoon?,he is on the road full of people both young and old,it seems he's begging for money from the people passing so that they put in his cap
1023,lots of different men and women are outside in a place full of buildings,these are huge storey buildings,"the building in the middle has a road heading out, it also has an erect sitting wall and a big watch on top",what are all these people doing outside the building at this time?,it looks like it's a museum or a place for site seeing
1024,"during the afternoon, a man is squatting on a tarred road ready to play a game",he is wearing blue shoes and a black helmet on his head,what is this young man doing?,he is about to start to start skating on the tarred road,it seems he is relaxing as he skates
1025,a young girl is sitting on the road side during the afternoon,she's wearing a school uniform and has tied her hair behind,what is this little girl doing?,"she has book, it seems she's reading something and she's put her bag on her right side",there's another road in front of her with vehicles in it
1026,during the afternoona child is with it's mother in a lovely train,what are they doing in the train?,they are looking through the window as though they are looking at something and they are paying attention,the child is wearing is dressed in red while the mother is wearing something yellow and are carrying bags,the train is tall and this place is full of green trees
1027,an elderly man has folded his leg and holding his shoe with his right hand,he is wearing a blue and white shirt with a black trousers and a different colored hat,what is this man doing?,"he is sited nicely, it seems he is ready to take a picture",and it seems he was from singing because there's a microphone in front is him
1028,two men are standing under an open vehicle that's on a tarred road,they are both wearing blue and white shirt then ones wearing shorts while the other a grey trousers,what are these two men doing on the tarred road during the afternoon?,it seems they are fixing the vehicle that's open and have removed the front tyres,behind the vehicle where these two men standing is another vehicle surrounded by other people
1029,a white man is standing outside on a skateboard,what is she doing outside at this time?,he is skating outside the building with both hands in the air,he looks prepared without any fear to skate and he's wearing a blue trousers,this is a beautiful place with behind green trees behind
1030,"during the afternoon, two men are standing near a river and are both wearing sleeveless shirts with shorts","one of the men is on wood where they have put chairs, pillows and bags",the wood is on the ground tired to trees where there's a tent to shield them from the sun,what are they doing here?,it seems they are here to have some good time near the river
1031,two young ladies are in a room on different spots during the afternoon,one of them is wearing a grey jacket while the other is wearing a blue shirt,what are doing inside the room at this time?,"they are taking pictures of each other, the one in the grey jacket is capturing the one in blue",she's focused her camera while the one being captured is ready to be captured
1032,a little boy is in a sports field wearing a red shirt and a grey trousers,it's a really big sports field and he is wearing sneakers,what is this young boy doing?,"it seems he is playing football and at this moment, he is going to pick the ball",there's also an elderly woman dressed in white clothes
1033,three men and a lady are inside a building that looks green,two men and the lady are standing while the other man is behind them,what are these three doing?,"they are discussing something, one of the men looks like a Police man because he's wearing a police uniform",the man behind them is looking at the three discuss and he is paying attention
1034,a white man is sited inside a white vehicle in the afternoon,what is this man doing?,"he is sited with his right hand out, it seems he is waiting for something as he is sited in the vehicle",where is this man that he is sited so luxuriously?,he is in the parking lot where he is all alone with his vehicle
1035,"two black dogs are in the sports field in the afternoon, one is in front of the other",what are these two dogs doing here are this time?,they are chasing each other because the one behind is biting the one in front,what sort of place is this?,this place is full of green grass and the dogs are all alone
1036,men and woman are in the same place in the afternoon,what sort of place is this?,"it's a beautiful place full of storey buildings and trees outside, there's also a red umbrella and an elevator",what are these people doing at this place?,"they are buying different things, it seems they are at the market"
1037,"a man is in the bush squatting during the afternoon, he is wearing a hat and has a blue bag pack",what is this man doing?,it seems he is taking pictures because he is holding camera in his left hand,how does this place look like?,it has small rocks and green trees with flowers
1038,four men and a woman are in a room during the afternoon standing,"the lady is wearing a bra and a red scarf around her, she's in front while the men are behind",what is this lady doing in a room full of men?,she looks ready to take a picture and she looks like a famous person,the men behind look like the ones taking the picture
1039,a man and two ladies are in class,what is this man and the two ladies doing?,"the two ladies are learning, it seems the man is front is teaching them",the man is holding his right hand in his pocket while he's using left to point at some words on the wall,"this room has sits, a table where there's a computer and some drinks"
1040,a white and black dog is in the bush alone,it has a brown mouth and wearing a black dog collar,what is this dog doing in the bush alone?,it is sitting near a tree resting,they are trees shedding leaves
1041,a man and a woman are standing near a tap near trees and green grass and have two dogs,one dog is black and brown then the other is grey,what are these two with their dogs doing?,they have brought the dogs to drink water because they are thirsty,the lady is holding the brown dogs neck as it drinks water while the man is opening the tap
1042,ab mean and two women are in a nice place standing in front of a table with people behind them,"the place is beautified especially the tables, they are full of flowers and nice trees",what is this man and women doing?,"they are discussing the celebration they are about to have, it seems they are a couple because they are both wearing rings",they are two people behind preparing food because there's a lot of food on the table
1043,a young boy is in the sports field in the afternoon,"he is wearing a green shirt, shorts and blue socks",what is this little boy doing?,he is playing tennis and right now hitting the green tennis ball,this place is good of green trees
1044,a little boy is at the beach in the evening,what is this little boy doing at this place alone at this time?,"he is walking, it seems he is running towards the waves of the sea",he is wearing a sleeveless grey shirt and brown shorts,this place is full of rocks without any trees
1045,"a man is standing in a place full of trees and buildings, they are five ladies on his left sitting on an erect wall","of the five ladies, the are wearing blue trousers",the man with for ladies have phones in their hands and are paying attention to their phones,what are these people doing?,it seems the man standing is teaching the ladies how to use the phone
1046,a young man is in the field full of well trimmed grass during the afternoon,what is this man doing?,"he is wearing a hat, a blue shirt and black shorts",what is this man doing?,he is walking in the field and running as though he is competing or running after something
1047,a woman in a brown trousers with a blue shirt is with two kids in a beautiful place,of the two kids the older one is a boy and a boy then the other one is a girl that is on her back,what is this woman in brown doing?,"they are here to visit this place, then the little boy is on an elect wall and facing where he is pointing",behind them are green flowers and lots of white doves 
1048,young men and women are inside a building standing in a room,all of them except a man in white have guitars in their hands,what are these people doing?,they are playing the guitar and singing,this room has a huge window and there's a picture on the wall
1049,a black man with long hair is sited outside on a yellow bucket,"he is wearing a blue hat, a green shirt and a brown trousers",what is this man doing?,he is cleaning fruits using a knife and they are two plastic baskets full of fruits,there's lots of sand and green trees
1050,a white man wearing a blue hat is standing in a room,he is wearing a black and red jersey,what is this man doing?,"he is faced down, it seems he is looking on something like a phone",he is paying attention to what he is doing and on the wall in this room is a picture of a man and woman
1051,two ladies and a man are are inside a room in the afternoon,the man is wearing a red shirt with a brown shirt while one of the ladies is wearing a blue shirt and a brown trousers,what is happening in this room where these people are?,the lady in blue with brown short hair is giving the other one food that looks like bread,there's also a table in this room full of bread it seems they are from baking bread
1052,"two men are standing outside during the afternoon, one is an elderly man and is standing behind a young man",the enemy mean is dressed in green and has put both his hands in his pockets while he is standing,what is he doing?,"they are next to a machine used to cut meat, there's uncooked meat, chicken and bread",it seems they are celebrating and they are facing their front
1053,a lady in a black shirt is on a bicycle on a tarred road in the afternoon,he is wearing an helmet and carrying a green back pack,"this place is full of storey building, head and a blue vehicle behind",what is she doing on the middle of the road?,she's riding a bicycle and right now about to pass the robots
1054,"a young man is sited on the road side, he is wearing a black and white shirt with a blue trousers",this place is full of tall trees and different people in front that are passing behind him and a man in an elevator,the elevator is made of glass but the man is sitting down holding his bike bag in his left hand,what is this man doing?,he is looking on the other side of the road it seems he is waiting for someone and he looks worried
1055,"different people are in the same place during the afternoon, they are men, woman both young and old",some are standing while some are sitting where others are walking,close to then are bags it seems this is a train station because the train is in front of them,what are the people doing at the train station?,some are waiting to get on a train while others are dropping off from the train
1056,"a man is with a little boy, he is wearing a black shirt and blue trousers","they are sitting on a chair meant for relaxation, the men is wearing a red shirt and blue trousers",they are at the hospital,what are they doing here at this time,the men behind is pushing the wheelchair it seems he is an injured man
1057,a dog is in the bush full of green grass in the afternoon,the dog has lots of fur but it has mud on its tummy,it has a red dog collar and a rope paying through its legs,what is it doing?,the dog is walking it seems it's going to play in mud
1058,a man dressed in is green are in a bush full of rocks,what is he doing?,he is walking this carrying something and it seems he is going to the river,where is this place?,this place full of rocks and green trees and he is passing in a narrow road
1059,a little fort with eyes open is sitting on a chair of two kids wearing brown and blue clothes,she has two puffs in her hair,what is this little girl doing?,she's sited quietly and has yogurt,she's enjoying herself and had yogurt all over her mouth and nose
1060,a man in a white shirt and a brown trousers is in a vehicle used for constructing a green road,what is this man doing?,he is constructing the road using the tractor and he looks ready to drive,what sort of place is this?,it's a beautiful place full of storey buildings and bicycles underneath the trees
1061,a man dressed in brown is standing in a room alone,it seems like a work shop,what is this man doing?,he is working and it seems they are about to knock off,"this is a workshop for lots of people because it's full of tables, papers and computers"
1062,"a fat man in a white shirt, black jersey and a blue trousers is sited on a chair at night",what is this man doing?,"he is dozing off, it seems he did lots of work and he tired so he is resting","yes that true, it seems so",he is inside a workshop that's full of books on shelves
1063,a little girl is standing in something yellow,what is she doing?,it's raining where she's standing and she's standing on a lawn with a tarred road on one side,why is she standing in the rain?,she's playing in the rain and she's happy to be in the rain
1064,a little bit is in the air in a place full of storey buildings,what is he doing in the air?,he is jumping from a tree laying on the ground,do you think he is ready?.,yes yes he is ready to jump and isn't afraid at all
1065,"a lady in brown is pushing a man dressed in blue on a wheelchair, it seems that's her husband",what are they doing at this place?,they are taking a stroll,where is this place?,it's a beautiful place full of buildings and talk trees behind them full of different people
1066,"two patched dogs, a brown and white one with fur and a black and grey one",the black and grey one is laying down with facing the brown and white dog,what are these dogs doing?,they are playing during this time of the afternoon,they are close to the ground where there's grass
1067,a man dressed in blue and red is outside during the afternoon,what is he doing?,he is pulling a basket full of metal and had wheels and he is paying attention to what he is doing,where is this little boy?,he is in a shorts field full of people both young and old
1068,"a man is with a child outside since buildings, they are sited against one of the buildings","he has put the child on the table while holding the child, there's also a coffee cup on the table",what are they doing?,"he is drinking coffee, it's as though they are here to have a good time",the place looks brown and they are people passing
1069,,,,,
1070,two men are on a slide in the air on the hills,it slides in the air with a long rope tied to a tree with metal,what are they doing?,they are sited in the side as though they are coming from the other side of the hills and are headed to the other side,this place is full of tall green trees and the trees are full of snow
1071,a black men is sited on the road side and wearing a robe full of flowers,what is he doing on the road at this time?,"he is facing his front and holding a cup of coffee, it seems he is looking at something",what is he looking at?,he looks ready and they are people passing and a vehicle at a distance
1072,different men and women are in a place in the afternoon,"some ladies are standing, that's a lady with black hair and another white both are wearing hats",what are these ladies doing at this time?,they are talking it seems they are exchanging something,"they are sited on chairs, they are here too watch a game"
1073,a man is in a room full of metal rods,where is this man?,he is in a room that looks like an industry,what is this man doing?,he is working in the industry and there's a pipe close to him
1074,a little boy is on the road side wearing a black shirt and brown trousers,what is he doing?,"each one is holding something in his hands, it seems there's something he's eating",behind him are two men near a red vehicle and other vehicles lined up,the men are on the red vehicle it seems they are trying to fix it
1075,a black lady is on a swing,what is she doing?,she's on a swing and holding it with both her hands ,is she all alone and where is she?,this place is full of rocks on the ground and it looks like a play park for children
1076,a lady in a blue shirt and brown shorts is squatting on the ground,what is she doing?,she's holding her right hand it seems there's something she's looking at where she is,what is this place?,"there's nothing in this place, the ground is torn apart because of the sun "
1077,a man in a blue shirt and brown shorts is inside a room in the night,what's in this room?,they are different tools used in music and a lamp that's on,what's this man doing inside the room?,"he is sited, it seems he is singing and playing sound instruments"
1078,a elderly lady wearing a green shirt with a chitenge material is outside,where is she?,"she's in a place where they are two braziers, pots, plates and dishes of water,it seems she's in the kitchen",what's she doing in the kitchen?,she's holding a blue pan and removing it from fire
1079,"two dogs, a black dog and a brown one in dry grass",what are these dogs doing in the bush,"they are playing, it seems they are looking for something and they both have black dog collars around their necks",where are these dogs?,they are in a place full of green trees and dry grass
1080,two ladies one is a grey shirt and another in a green one are standing,where are these ladies?,"they are in room full of mats, it seems it's a sewing room",what are these women doing in the room?,they are swing clothes on the table and are paying attention to what they are doing
1081,"a little bit is inside a room holding the toy cars, a blue, yellow and green one",what is he doing?,he is playing with the toy cars and he is driving them on a table with a road on it,where is this child?,he is in the kitchen full of chairs and food
1082,a lady is sited on a chair next to a table with a bottle on it in a place full of people,what is she doing?,she's sewing using both hands and she's looking at people in front of her,what are others in this place doing?,"they are doing different things, since are walking, some are sited on erect walls at a distance from her"
1083,"two women, one in a brown shirt and a black trousers then the other in a red shirt and a blue trousers are in the air",what are these two doing?,they are doing flips up to and their hair is in the air as they do this,what is this place?,it's a beautiful place full of green trees
1084,a black and white dog is in the bush in the afternoon,this place is full of big sacks of dry grass,what is this dog doing?,"it is jumping over the sacks, it seems it's running to somewhere","this place is full of trees, grass and flowers"
1085,two shirtless men wearing shorts are in a boxing ring,"they are different people, both men and women, surrounding the ring",what are these two men doing?,they are playing boxing and they are both ready to start fighting,the people around the ring are watching as the men fight
1086,a shirtless man in black shorts is standing near a wall,what sort of place is this?,it's near a tarred road with two vehicles on the road,what is this man doing at this time?,he is playing tennis and holding a tennis bat
1087,a man in a blue trousers and shirt and another in a black suit are sited on chairs inside a room at night,they are other people inside this room behind these two men,what are these two men doing?,they are discussing something to do with work because they are papers and a computer on the table,this looks like a workplace because they are other people in their right working
1088,"five young ones are in a place in the afternoon, the are girls while two are boys",one of the boys is shirtless while the other is wearing a white shirt,what are they doing?,they are playing near a wall splashing water,stone of them are working and they all look happy
1089,a man is on a skateboard on the evening,what is he doing on the road?,it seems he is skating and heading somewhere,what's in this place?,"the sun is setting and shining on him, the are power lines in the air"
1090,a white and black dog is in water,it has a dog collar around its neck,what is it doing in a pool of water?,it is diving into water as though it's to pick a tennis ball,it seems someone threw the green tennis in the pool
1091,an elderly lady in a red shirt and blue trousers is on a lawn with a child on her shoulders,where are they?,she's in a beautiful flower garden full of green grass,what are they doing in the garden?,it seems she's here to visit and they are taking pictures
1092,a girl child is sited in water and she has long hair,what is this child doing?,she's bathing and she looks very happy,where exactly is she?,she's in the bath room
1093,"a man is sited on the river side wearing a hat, a white shirt and green shorts",he is sited under a black umbrella,what is this man doing?,he is drawing what he is seeing and he is paying attention to what he is doing,this place is full of trees and green grass
1094,three ladies and a man are in a room during the afternoon,one of them is sited on a chair while others are standing,what are they doing in this room in this room?,they want to start making bread because there's wheat on the table,all of them are doing something and they seem busy
1095,a man wearing a brown shirt and a blue shirt and is walking on a tarred road,what is this man doing on the road side?,it seems he is heading somewhere and at this moment he is facing his right,he is walking with a bag in his back and a big box,this place is full of vehicles on the road and they are storey buildings on the side of the road
1096,a man wearing a white shirt and a brown trousers is on the road side,he is carrying a black bag and holding a shovel in his left hand,what is this man doing?,he is here to fix the road because he is wearing a work suit and the road is spoiled,they are green buildings on both sides and there's a vehicle at a distance used for road construction
1097,a lady in a red shirt and black shorts is on a tarred road riding a bicycle,what is this lady doing?,she's riding a bicycle while standing and holding her bike with both hands ,there's something black behind the bicycle and the lady is wearing an helmet as she rides,there's a lady walking on the side of the road full of grass and green trees
1098,two brown dogs are outside during the afternoon,they have the same dog collars and close to where they are standing is wood,what is this white dog and the white one doing?,"they are facing each other, biting each other, it seems they are fighting for a white cloth","yes that's true, this place is full of trees and grass"
1099,some little girls are outside in the afternoon standing on a tarred road,they are both wearing brown dresses that are not very short and have combed their hair,what are they doing in this place?,"they are singing and dancing as they walk on the road, it's clear from their hands and they are using lots of energy","they are all wearing shoes and are happy as they are dancing, they are buildings and trees on the side of the road"
1100,a white man and a black one are in a gym of white wall and blue floor,they are a number of tools used to exercise such as lifts among others,"they are standing on different spots the white man is in front, the black one is wearing a black hat ",the black man is wearing black shorts with yellow lines woke the white man is wearing a white shirt and black and white shorts,"they are here to exercise, the white man is doing kicks while the black one is throwing fists as he exercises"
1101,a white man is squatting with a little girl on his shoulders while holding her feet so that she doesn't fall,"he is wearing a black shirt with a butterfly on it, he has glasses, he is wearing a black hat with white writings on it",the child is dressed in a poker dot jersey that's blue,she's wearing shoes with socks in it,she's facing her front where the man is facing and they are both smiling as they take the picture
1102,"two ladies are inside a sports field, it's green everywhere and there's a goal post on it",one is in front of a goal post while the other is on the other side the net and they are wearing white sneakers,"they are both wearing black shorts, one's shirt is black and they are in place full of trees",they are both wearing same white shirts inside but different ones outside one has a black one while the other's yellow and white,"they are playing tennis, the one in yellow is jumping and hitting the ball that was thrown to her from the other side"
1103,two white men are in a sports field full of chairs where people watching can sit,"the have black hair and they have your it with white ribbons, they are both standing on lines",they are not wearing any clothes but black belts in their waists only covering their private parts,these belts are tied to something one to something orange then the other too something black,"they are fighting, one is fat while the other is skin, they are other people watching as they are fighting"
1104,a lady in a grey shirt and a black trousers is standing inside a room in the afternoon,she is wearing spectacles and she has black hair,she's making things out of clay using both her hands,what is she making out of clay?,she's making clay pots some of flowers others without and she's paying attention to what she's doing
1105,a white lady dressed in a blue shirt and a brown trousers is inside a room,she's wearing a long sleeved shirt so that she's not disturbed as she works,she's wearing a hat that's covering her hair and she's wearing something yellow on top,she's walking in a room and wearing shoes and has put her hands together,from what she's wearing it seems she was working full of other people
1106,a white lady in a yellow shirt and brown trousers is outside in the afternoon,"she's comes get hair perfectly and pushed it behind, she's wearing black and white glasses",she has a small tree bag on her shoulder that looks heavy and it looks very heavy,she's walking fast as though she's hearing somewhere and she's focused,this place is full of different men and women walking
1107,"men, women, young and old are in one place in the afternoon",they are wearing jerseys and trousers,all the men are wearing blue trousers except for two men in green shorts,some of them are standing while others are sitting,they are standing next to a wall that has green grass on it and it seems cold because they are all wearing hats and jerseys
1108,a man in a yellow shirt and a red trousers is holding on to a rock with both hands,"he is wearing a white cap, black shoes and he has different tools in his waist",he has folded his trousers and has a red rope tied to a rock on his leg,he is climbing a mountain on top of a huge Rick to which the rock is tied,there's also a river in this place and green trees
1109,two people are in a sports field,one of the men is wearing a white trousers and shirt while the other is wearing white shorts,"they are wearing hats, one a red one while other a black one","they are playing rugby, the one on white is trying to catch the ball",this place is full of green grass and a picket fence on one side
1110,a white little girl is on a chair inside a room,she's wearing a blue shirt inside and a green one outside,she's holding some sticks to help play sound instruments and her hair is scattered,she's playing some instruments and she's paying attention,she looks so set to play and she's inside a music room full of instruments
1111,"three little girls are at a hill in the afternoon, they are wearing shirts, two in black ones and one in a blue one",what are they doing here this afternoon?,"they are sliding off a hill in soil as they are siding, it seems they are a family here to relax",what sort of place is this?,it's full of trees and green grass and they are happy to be sliding
1112,a brown dog with fur is alone outside,what is the dog doing at the beach?,it's walking and it's full of sand,what sort of place is this?,it's at the beach and they are waves on the water and some rocks and the dog is playing with something blue
1113,a lady with black hair wearing a white and blue shirt and a brown trousers,"she's inside a room holding a pencil in her right hand, she's in an art room",what is she doing in this room?,she's drawing something on what she's put on the table,"she's paying attention to what she's drawing, they are two other drawings in this room stuck to the wall"
1114,"men, women both young and old are in one place during the afternoon","the men are about to start playing ball, two young boys are shirtless while one is wearing a red shirt",what are these people doing in this place at this time?,"they are here to have fun, some are standing while others are near the net",they are in a place where they can relax full of umbrellas with people at the beach
1115,"six people are in the same place at night, two of them are women while the rest are men",three men and one woman have bottles of beer in their hands,"the ladies are wearing white jerseys, the lady without the beer bottle has a cigarette in her hands",what are these seven people doing?,"they are playing and celebrating, they are so happy and it's dark where they are"
1116,a man wearing a red crop top and blue trousers is outside in a stadium,what is she doing?,she's doing different dances while stone men are behind her playing guitars,what about the other two men behind her?,it seems like a play park full of green trees and people playing
1117,a man in a grey shirt and brown trousers is on a mountain,he has a black bag on his back and has put his left hand on his face,what is he doing on this mountain?,he is looking on the other side of the mountain is as though he is looking at the distance he would need to cover,he is on the peak of the mountain full of rocks
1118,two men are on the roof of the house one is wearing a trousers while the other is dressed in shorts,"the trousers and the shorts are the same color, they are both wearing shoes",what are they doing on the roof top?,"they are clearing the roof, the one in a trousers had lifted an iron sheet putting it in the roof while the other is helping him",the house is very tall it seems as though they are close to the sky
1119,an elderly man and woman are inside a room in the night they are sited while a young man is standing,"the man is wearing black clothes while the lady is dressed in black and white, the young man is dressed in green",they seem to be happy to be inside this room,what are these three doing?,"they are chatting, the young man should be the grandson and they are in the bedroom"
1120,"a man in a black cap, black jersey,a blue trousers and white shoes is inside a building",what is he doing?,He is walking inside a building going somewhere and it seems like he is late that is why he is in a hurry,what does the place look like?,it's a really neat place with the wall painted yellow and white
1121,a man and a woman holding a white flower in her hands are both wearing the same red clothes and are in a stadium,what are they doing?,the man looks like he is here to play football while the woman is here to cheer for the men playing,what else is there?,there are a lot of different people among which are men and women who have come to watch the the football game
1122,"five people are in the water, among these two are women while three are men",they are wearing goggles and have bottles to use while under water,what are these people doing in water?,they are in one place it seems they are all looking for something,"they are all working together, there's a man holding a camera"
1123,a man is wearing a red shirt with white writings on it is in the sports field,this man is on a skateboard and wearing an helmet on his head,what is this man doing in this sports field,he is skating and has his hands are in the air,he is sliding over a metal rod and there's a lawn behind him
1124,lots of men and women are at the beach in the afternoon,"three men are shirtless they are only wearing black shorts, the ladies are wearing shirts and under wear",what are these people doing at the beach at this time?,"they are here to have fun, some are here as families, some are alone, others are sited while others are standing",this place is full of sand close to the sea and there's a white vehicle and trees
1125,different men and women are in a room full of lights,what are these people in this room doing at this time?,"they are doing different things, some are sited,a man is standing lifting his hands then there's a lady in a white shirt peaking a man in black",even though all of them are here to drink beer they are all doing different things,they are all inside a bar because they are bottles of beer where these people are 
1126,a little white girl dressed in blue is on sand,what is she doing on sand?,she's playing with sand in both her hands,whose she with?,"she's alone and they are people behind her, it seems she's here with her parents"
1127,different men and women are standing outside during the afternoon,what are these different people doing?,they are standing where people are playing music and they are paying attention to what's happening,where are these people?,they are in a place where there's a tv on the platform and lights and some storey buildings
1128,a white man in a blue trousers is squatting on a tarred road,what is this man doing on the road this afternoon?,he is playing with a small yellow plane with wheels one that flies in air,where is this place?,he is in the sports field full of dry grass and fresh green grass
1129,a man and woman are inside a sports field wearing hats and blue trousers,"they are wearing shoes and shirts, the lady is wearing a black shirt while the lady is in white",what are these two doing?,the lady is on the lawn holding her waist while the man is standing,they are houses in the side of the stadium with green trees
1130,a man in white hat and a blue shirt has lifted a little girl in a trousers with flowers,what is this man doing?,he is showing the little girl something and he is throwing the child into the air as he is playing,where is this man?,"he is standing on the river side cool of green trees, they are having fun"
1131,a little girl dressed in a red shirt is sited inside a room in the afternoon,there's a table inside this room where they are keys and fruits,what is this little child doing?,"she wants to start eating the food that's on the table, it seems she's here with someone",she's very happy and she's looking in front of her in a place full of tables and sits
1132,different men and women are in one place during the afternoon,two men and one woman are standing on the road side won't others are heading in different directions,"two are crossing the tarred road, a fat lady in black and a man in blue",what are these people doing here at this time?,this place is full of storey buildings across the road and posters full of writings
1133,"a man sited is sited on a chair inside a room in the evening, he is wearing a white and black sweater",he is sitting on a table that has lots of keys and a glad of beer,what is this man doing in this room at this time,it's like he is here to drink beer and he looks very happy with drinks lined up on the table,he is inside a bar and there's a woman in a red shirt behind him preparing things
1134,a man is on a skateboard in a place full of ice,what is he doing in this place full of ice,it seems he is here to skate and he is wearing things to protect him as he skates,how does this place look like?,this place is full of ice and there's something blue on his left and trees on one side
1135,a wearing a black shirt is standing inside a kitchen at night,what is this man doing?,he is holding meat in both his hands he is choosing what to cook and there's someone helping him choose,what's in this kitchen?,there's lots of meat and a stove behind him full of different meat
1136,different men and women are in a place in the afternoon,they are walking and a total of seven are on their bicycles,what are these people doing here at this time?,they ate all riding bicycles and are carrying back packs,they look very busy and this place is full of trees
1137,"two young boys are standing, one is wearing a green shirt and blue shirts then the other one is wearing a blue shirt and brown shorts with blue lines",what are all these people doing in this place at this time?,these two young boys are here to play near the river and are playing with rocks,how does this place look like?,this is a very nice place behind these two is a white big boat and stones on the river side
1138,"a man in a black hat, a brown jersey and a blue trousers is outside a building",what is this man doing?,he is entering a storey building and he is carrying something black on his hand,how does this place look like?,"it is full of different buildings, there's a man sitting on a chair that seems like he is waiting for someone"
1139,a young boy is wearing a shirt with a drawing of a person and black shorts,he is sitting on an erect sitting wall where there's a pink material,what is this little boy doing?,he is playing where he is and it seems he is looking at something in front of him,"he is sited near the sea at the beach full of water, it seems the child is with it's parents"
1140,"three little boys are inside a football room, tell are wearing white shirts with same green shorts",the other one is wearing a yellow shirt with black shorts because he is on the other team with two other kids,that means that they are on two different teams,what are the ones in blue doing inside the room?,they are playing rugby and are fighting to get the ball woke other children are sited watching the game
1141,a little child in a grey shirt with a black trousers is sited on a swing,it is a red swing with swings that can swing the child,what is this child doing on this swing?,"he is playing on the swing, as he swings he is holding on to the chains of the swing","the child looks very happy and is smiling she facing his left, it seems he is looking at something"
1142,"two ladies, one in a red shirt while the other in black are inside a room at night",what are these two doing in this room all alone?,"they are chatting and very happy, they should be really good friends, the one in black is talking and making them both laugh",the room is full of things like a table with papers and a green flower behind them,the lady sited on a blue chair is telling the story of showing the other something
1143,"a lady and the men are walking, three are from the same direction then one is from a different one",among them a man and lady are in front of another man coming behind and there's another one,the lady with a man is wearing a white shirt with blue shorts while the man is wearing a red shirt with a blue trousers,"they are hugging each other as they are walking, the man is hugging the lady's shoulder while the lady holds his waist",they look like a couple in love from the way they are hugging on the road and they are buildings everywhere
1144,a little boy wearing a white shirt with writings on it and a blue trousers is outside the house,he is holding a brown tennis ball with a white line in it in his right hand,what is this man with a tennis ball doing?,he is playing tennis and running with the tennis ball in his hands and looks happy,"he is not alone, it seems they are other in front of him that he is playing tennis with"
1145,a white man in a black and white jersey and a trousers is on the road side,"he has short hair, he is wearing shoes and is carrying a bag pack",what is this man doing on the road side?,"he is walking fast, it seems he wants to reach wherever he is going on time",he is even running alittle while holding a white box on his right and a paper on his left is as though he is taking them somewhere
1146,some different men and women are inside a train sited on chairs,all the people on this train are wearing jerseys and trousers,it's because this place is cold and because they are in the train at night,there's a lady sited on the left next to the window and leaning her hand against the window,"it seems she's looking at something outside as the train moves, it could be the trees outside"
1147,a white lady in a blue shirt and brown shorts is inside a room,she's alone in this room and it's holding on to a long red metal rod at it's end near his right thigh,what is this doing in this room all alone?,"it seems she's cleaning some different tools used when fixing things, the table nearby is full of tools","there's fire lit in the comet chimney by the lady, it seems she wants to keep warm"
1148,two white men with a child are outside and are all wearing skate shoes,one of them is wearing a brown jersey with blue trousers while the other is wearing a blue jersey with a black trousers,they have put the child dressed in black in between them and are holding both his hands,what are these three doing?,they are teaching the child how to skate using the skate shoes and the child is happy
1149,a man is walking besides buildings during the afternoon wearing something red covering his body,what is this man doing at this time?,it seems he is heading somewhere and posting attention to how he's walking and is carrying a paper in his left hand,what is this place he's in?,he is at the market full of stores that are lined up and selling vegetables
1150,a white child in a white shirt and black trousers is standing outside on a tarred road in the afternoon,he is pushing something and has an umbrella on one hand,what is this man doing?,it seems he is selling something in his trolley,this place is full of trees and on the other side of the road is a sports field
1151,a white men in a white shirt with a blue trousers is pushing a trolley on a tarred road in the afternoon,he is pushing something and is standing under an umbrella that he is holding in his right hand,what is this man doing on the road?,it's he buying something that's in he's trolley?,this place is full of green trees and there's a ground on the other side of the road
1152,a white man with grey hair wearing a blue shirt and brown trousers is outside,what is this man doing outside at this time?,he is holding a bottle of water and drinking while facing the sky direction as though looking at someone,what sort of place is he at?,it's a place full of blue water pipes and close to him an air bottle
1153,a man in blue is on a cart being pulled by two brown horses,what is this man doing on this cart?,"he is driving and directing the horses and it seems they are on a long journey, it's only him and the horses and it seems he is looking at something",where is this man?,"he is in a place full of ice water, hills and bare trees at a distance"
1154,a white man in a blue and brownish shirt with a blue trousers is outside,he is standing on a skateboard on a tarred road during the afternoon,what is this man doing?,he is skating on the road and while he is doing so he is holding the skateboard with his right hand while the other hand is in the air,he is in a beautiful place full of tall green trees and white buildings
1155,"two little girls are in a room in the afternoon, one has black hair while the other has white hair",they are sited on chairs with a table that has a black cloth spread on it with books on top,what are these two kids doing in this room?,"they were reading the books on the table, at the moment though they are playing some cards, it seems they are tied of reading","the room has lots of books packed together, it seems it's a library and behind them is a man standing"
1156,a man in black and white and a lady in a blue chitenge material are inside a stadium,"they are near a huge black, white and green cow",what are they doing inside the sports field?,the man is outside it seems he was bashed by the cow and the lady is running towards him,she is trying to help him but the cow is running so fast that the field is dusty as it runs from these two
1157,a brown dog is on the river with a black dog collar around its neck and it's ears down,what's this dog doing?,"it's walking on water and facing it's right, it's as though it's looking at something",where is this dog?,it's in the river with it's feet in little water 
1158,a girl child in a grey shirt with a blue trousers is in a shorts field,there's a grey dog full of fur with a red dog collar around its neck,what is the man and the dog doing in the sports field?,three dog is jumping over a metal rod then the girl is running it seems they are competing in a race,the sports field has a white picket fence and they are people watching as they compete
1159,a white man in a black shirt and a blue trousers in outside during the afternoon,"this man is standing still wearing earrings, a black belt and has both hands in his pockets",what is this man doing in the afternoon?,"he is standing and facing his left, it seems they are looking at something or waiting for someone and is paying attention to what he is seeing",they are vehicles in this place that are parked that have different colors and they are other people behind him
1160,a young boy in a green shirt with a blue trousers is in a shorts field in the afternoon,he is holding a blue and red ball,what is this little boy doing in this sports field at this time?,it seems he is looking at something in front of him as he is holding the ball,it seems they are other kids about to start playing the game and at a distance are other people behind
1161,"a man in a black shirt, glasses and a jacket is inside a room at night",what is this man doing inside the room at this time?,"he is sited on a chair, he has pressed his hand on his stringed instrument, it seems he is playing it",where is this man?,"he is inside a dark room with a red curtain, it seems it's a room where they play music from"
1162,"two ladies are outside during the afternoon, one is dressed in red while the other is in white and red",she's wearing a white cap while the other has a plate on her head and both are wearing white high heeled shoes,what are these two ladies doing at this time?,"they are heading somewhere and are walking fast, it seems it's raining and that's why they have covered their heads",this place is full of different people both male and female running from the rains and doing different things
1163,two men are with two little girls standing outside in the afternoon,they are all wearing jerseys and there's a man dressed in Christmas clothes,what are these people doing outside at this time of the afternoon?,"it seems he is here to shop for Christmas, and there's a man in Christmas clothes giving gifts to female kids","it seems they are at the market and standing in front of a store, and there's ice water in the ground, this is a really cold place"
1164,a man with a white shirt inside and a flowered shirt outside is wearing a blue trousers,"he is wearing black shoes, a black watch on his left hand and glasses",what is this man doing?,"he is standing in a tarred road during the afternoon and facing his right, it seems he is looking at something",this place is full of power lines in the air and behind the man are green trees and a building on his left
1165,a white woman is wearing a black shirt with a grey short and has a bag on his shoulder,it's a blue bag and the lady has a cigarette in her right hand that she's smoking and wearing a black watch on her left,what is this lady doing?,it seems she's heading somewhere and walking fast and is figure on walking fast and smoking,she's in place full of storey buildings with a tarred road where only this woman is walking
1166,"a black and brown dog are in the bush, the brown dog has a red dog collar around its neck",what are these dogs doing?,"they are playing with each other, the brown one wants to bite the black one and they have both raised their ears",where are these two dogs?,they are in a beautiful busy full of green short and tall trees
1167,a grey dog full of fur is in a sports field near a black and white ball,what is the dog doing?,it's playing with the black and white ball and has its mouth open,how does the sports field look like?,it's full of grass and there's a man in blue behind the dog
1168,"a man is in the air on his bicycle wearing a hat, a white shirt, a blue trousers and white shoes",what is this man doing?,he is in a bike riding competition and he is holding on tight to his bicycle,where is he competing from?,he is in a place full of storey buildings and the man is so high that it seems he is teaching the sky
1169,"a man in a black and blue shirt with a white hat is on top of a building
",what is this man doing on top of the building?,he has a mop and he's mopping and rinsing the mop in a green bucket near him,how does this place look like?,it's full of storey building surrounding the building even though they are abit far
1170,"a man in a white shirt, a grey jacket and a black trouser is with his bicycle during the afternoon",what is this man doing?,"he is riding his bicycle, it seems he's heading somewhere and he's holding his bike folk with both hands",where is this man?,he is on a tarred road and on his left is a red metal human sculpture
1171,a man in a blue shirt with black hair is wearing an orange thing on top is standing outside in front of a brown vehicle,what is he doing outside during the afternoon?,it seems he is holding a phone she examining the the red and brown vehicle in front,what else is in this place?,"there's a man in a blue shirt, vehicles that look new, this is a company that makes vehicles"
1172,"different people are sited inside a sports, among them are men, women and old people",what are these people doing?,they are watching a game being played since are sited then there's a lady standing in the middle of the crowd with her hands in the air,what's in this place?,they are blue chairs were people are sited watching the game and it has a very high roof
1173,two ladies are standing one is wearing a yellow jersey while the other is in a grey one,two ladies are standing one is wearing a yellow jersey while the other is in a grey one,what are these two ladies doing?,they are looking through a microscope and are focused on what they are seeing,each one has a microscope
1174,A white man with black hair is dressed in a white shirt and brown shorts is sited on the entrance of a house,he is wearing black and white shoes with white socks and holding his head,what is this man doing?,"he has a cigarette in his hand and it seems he was smoking but resting at this time, he is resting his hands on his legs","he is facing his front and seems lost in thought, behind him is a red door on a white house"
1175,"different people are in one place, they are young and old both male and female",what are all these people doing?,they are watching two men between ladies and they are paying attention to what they are watching,how does this place look like?,"it is surrounded by lots of storey buildings and is tarred, but where they are dancing from is a black and white cloth"
1176,a little white girl with short black hair is dressed in a grey long sleeved shirt,she's wearing a blue trousers with white shoes and is standing on a lawn during the afternoon,what is this little girl doing?,"she has yellow flowers in her hands, it seems she's plucking flowers","the lawn is really green and faced down, it seems she's looking for a flower to pluck"
1177,a young boy in red shirt and brown shorts is jumping from a swing,what is this child doing?,he is playing as he jumps from a slide and lifting both hands in the sky as he jumps and he's very happy,how does this place look like?,it looks like a play park and all the swings are blue and they are some rocks on the ground
1178,a white woman dressed in grey with a black handbag on her shoulder is outside during the afternoon,what is she doing outside at this time?,"she's walking on the road side slowly, it seems she's very tired or has so many problems that she's thinking about",where is this white lady?,this place has buildings on the road side but she's reached a clothes store
1179,a man in a white shirt is with a lady in a black shirt on the road side,"both are wearing sunglasses, the lady is carrying a black and white bag",what are these two doing on the road side during the afternoon?,"they are standing, it seems they are taking a picture, there's someone in front of them taking it",on their right is a woman passing and storey buildings and on the middle of the road on their left are vehicles
1180,"a man dressed in black, red and green is outside",what is this man in shoes and gloves doing outside?,he is shaping wood into a bird on a tree and he has tools he is using while working,where is this man?,he is in the bush because they are lots of green trees near him
1181,"a man is wearing two jerseys is sited outside during the afternoon, the one inside is blue and has a hat while the one outside is black",close to him is a table full of different things like a tin with colors used when painting,what is this man doing?,he is painting in his book that's on the table that has different colors,and he is so focused on what he is painting in his book that he has bent on the table and there's a white vehicle on his left
1182,"during the afternoon, a man in brown clothes and black shoes is outside on a couch",what is this man doing?,he is laying down on the couch with his head on a grey pillow,where exactly is this man?,this place is full of tall green trees with sorry buildings and vehicles behind him
1183,"during the afternoon, five people are inside a room, they are four ladies with one man",what are these five people doing?,"they are clapping, it seems there's someone that said something good that they all like and they are facing the same direction possibly where the person talking is",how does the room they are in look like?,"it's a really clean room, behind the ladies is a white table with a bottle of water and a computer on it, then there's a picture of flowers on the wall"
1184,"during the afternoon, a brown dog and a grey dog are standing outside",what are these two dogs doing outside at this time?,"as they are standing, the brown dog is sniffing the grey dog, it seems they came to play outside",where are these dogs?,they are in the bush full of tall trees that are close to each other
1185,four men are on horses and are dressed in horse racing attires and helmets,what are these men doing during the afternoon?,they are racing with their horses and are holding on to the ropes tied to these horses,where is this place that they are racing from?,it's in a horse racing field full of all maintained green grass and green trees at a distance
1186,a lady is sited inside a tent that's on rocks and is wearing a black jersey,what is this lady doing?,she's resting so that she's shield from the cold and she's looking at a water in front of though it's as though she's looking at someone,where exactly is she?,she's in the mountains of the same height full of snow on top of them
1187,"two women are sited inside a room, one of them is wearing a blue dress with a ring on her finger","the other one is wearing a red dress full of white flowers, and they are both sited on a red couch",what are these two doing?,"they are chatting and are using hand and body expressions as they speak, it seems they are watching someone","it's clear from the way they are chatting, the one is red is whispering to the one is blue and they are facing each other as they chat"
1188,a young boy is in a rugby room and he's holding an orange ball,"he is wearing a blue shirt with a black, white and red short",what is he doing?,he is playing basketball,"they are others also playing this game standing behind him, it seems they are here to watch the game"
1189,"during the afternoon, some men and women that with kids are in the same place",what are these people doing?,they have gone to play with their kids by putting them in swings as the parents watch,where are these people?,they are inside a park and behind them are huge storey buildings and people walking
1190,"two elderly men, one in a yellow shirt and a white hat is sited in front during the afternoon",the other workout lady is wearing a blue shirt and has grey hair,she's wearing sunglasses and earrings on her ears,they are both sited inside a vehicle and facing their front,they are sited in a place of vehicles both small and big vehicles
1191,different people both young and old are in a place near the rail way,what are all these people doing in this place?,"done are standing in line it seems they are heading somewhere, others have cameras it might be that they are here to take pictures of the train",where exactly are they?,they are at a train station that has power lines on top
1192,a little child is standing next to a machine used in playing games and she's holding it with both hands,what is this child doing here?,"the child is playing with the machine, it seems she wants to play a game",what else is inside this building?,"they are other machine games, since are blue others are yellow while others are orange"
1193,a man in a yellow shirt and a blue trousers is standing under a tree,what is this man doing under the tree?,"he is facing his right where they are two men, one man is inside a vehicle sited while the other is on door that's open",what sort of place after these people in?,it's a place full of buildings and on the side of the men standing are very beautiful flowers
1194,stone ladies are inside a room standing and are wearing similar clothes,they are all wearing sleeveless white shirts with blue stripes and have different numbers on their sides,"they are all wearing tight black shorts, black socks and shoes",what are all these people doing inside this room?,they are about to start playing netball and it seems they are ready to start
1195,two black and white patched dogs are inside a field in the afternoon,what are these dogs doing here?,"they are playing and are about to start fighting, the one with a brown dog collar is standing while the other with a black one is running towards it",where are these dogs?,they are inside a field full of grass and green trees
1196,a lady in a black shirt and black and white bag is standing outside,what is this lady doing?,"as she stands, she's holding her forehead with her right hand and she's facing her front ready to take a picture",is she alone?,"no she's not, they are other men and women sited and eating"
1197,a man in a blue shirt and blue trousers is with a little boy with a grey shirt and blue trousers,they are standing and both wearing white hats,what are these two doing?,he is bandaging himself because he hurt himself while working,"the little boy is behind and holding something black used to bandage, they are both paying attention to what they are doing"
1198,two brown dogs are standing on something made of wood,what are these dogs doing?,they are fighting with each other one is biting the other using it's mouth,they are all alone in a place with a picket fence,
1199,"A lady in a yellow shirt, black shorts, carrying a back pack and wearing shoes is on a narrow  road",what is she doing on this road?,it seems she's heading somewhere or rushing to catch up with someone,is she alone?,"she's in the bush that has hills, huge rocks, trees and green grass"
1200,"A lot of different people are in one place among them are men, women, young men and ladies are gathered and standing in one place",what are all these people doing?,"they are doing different things, some are picking out clothes, others are talking to each other while others reading it looks very busy",where are all these people?,"they are inside a store where they sell different clothes for adults and children, it seems it's a market"