IMAGE #,SPEAKER 1,SPEAKER 2,SPEAKER 1,SPEAKER 2,SPEAKER 1
3701,A fluffy dog is jumping.,What is causing the fluffy dog to be jumping so excitingly?,He is excited because he has successfully jumped over the pipe that has been placed for him,Yes and it looks like the fluffy dog has been undergoing some jumping trainings because the pipe is set so high yet he managed to jump over.,"you are right.He has been training, had it not been so, he couldn't have managed jumping over"
3702,The athelets are running on race track,Among the people running only one person is black,yes.The one who is far behind looks very tired.,yes he looks very tired like he is about to give up on the race.,indeed he can give up because even if he puts in all his effort he still can't reach the other athletes.The gap in between is too big
3703,The horse rider is almost falling off the horse's back from horse bucking,From the way the horse rider is holding onto the horse you can tell that he is scared of failing off the horse's back.,"Exactly.He is aware of the dangers of falling from the bucking horse,once fallen it can easily step on him with its front legs that are up.","The people in the audience are all whites,from the audience's attendance,it seems like this game is liked by alot of people",Exactly.The Stadium is fully packed
3704,The bride and bride groom  are holding hands,The bride's gown looks so white.Shes holding up a bonquet in her hands.she looks so happy,yes.they are both happy.They look like they are just from getting married.,wedding day is  special that's why they both look extremely happy,The groom's Boutonnières matches with the bride's bouquet so well.This has made them look even so colourful and beautiful
3705,A group of people are working together to achieve a common goal,What is there goal?,They are trying to protect the soil on the playing ground from the heavy rains so that it doesnt get washed away.,They are reaaly working as a team hence they will finish early.,"It has already started showering, everyone that came to watch the game are wearing rain coats."
3706,A picture of two beautiful ladies is stack on a wall,what is the picture about?,It look like its a picture of a movie where these two beautiful ladies featured,"Exactly.On the right hand side of the beautiful ladies,there is man walking,he is wearing a jersey and a cap","yes but he is not on the picture,he is just walking besides the picture"
3707,an old man is comfortably seated on a couch with his hands in the pockets,"he is seated at the edge of the building,it looks like he is waiting for someone",The building where the old man is standing is beautifully painted.,"yes it is beautifully painted in green,yellow and blue.The part where the old man is standing is painted red",the colour combination really makes it very beautiful such that a person cannot tell that it was built with ordinary iron sheets
3708,A white man is playing on his bike while his friends are seated,"from the look of things,it seems like the game of bikes is very dangerous that is why the man is wearing an helmet to protect himself from head injuries","you are right.Beside him is a another man standing,waiting to take over the bike.He look well prepared","yes,very equiped.The building where the games are taking place is well finished","Yes, there are only two playing slots but they are just using one, thats why one is waiting for the friend to finish."
3709,A young boy is playing a piano,he is following the paper script which is placed on top of the piano.The script has instruction on how the piano needs to be played,beside the script is a pencil that was used to write the same instructions,"And the boy playing the piano is very young, he will be very good at playing the piano wjen he grows up.","This is the best start, not learningwhen he is already grown."
3710,A young boy is sleeping on the couch while resting his head on someone's laps.,Could it be he is resting on his mother or father's laps who is wearing a white top?,"He has even humbled himself, whatever he is looking at under the table.",It loks like he is carried away by whatever he is looking at what is under the table because he looks happy.,"Yes, he is even holding his head with his hand while resting on the older person he is with."
3711,A child is playing on the swing alone.,If the child wat to fall they would hurt themself because there is no one to catch them.,The swing is quite high and the child is not sitting properly because they are facing doen.,When a chikd is playing in the park there is supposed to be someone older nearby looking after them.,Yes because someone older will be able to stop the child from playing dangerously.
3712,"Three children, two girls and one boy are playing in the grass.",The boy is in front and he has left the girls in a racing competition.,This place where the children are playing from looks nice because the grass and trees are very green.,"Yes, it looks like theier is a good rainfall pattern and the soil is very fertile.",That's true because without those things this place wouldnt look like this.
3713,Wow this is a nice dog.,It really looks nice with it's hair as compared to the other one behind.,"And it really looks vicious because it is big, black and it's teeth really look sharp.",These dogs look like they have no owner because they are moving about.,"Yes it is possible, it's either they got lost or they just escaped from home so that they can go and play."
3714,These flowers look nice the way thwey have been placed differently in the flower pots.,"Yes, and the dog also looks nice, is it the same house dog?","Yes it is the one, it really looks nice ot's like they really bath is properly because it's hair looks clean.",And the surrounding also looks very nice now that they have put some bricks.,Very! And they are two right? One is in front almost turning we can just see it's tail.
3715,A man is on a ladder making a grass through.,And the way he looks it looks like he really knows how to make grass roofs.,"Yes, a grass roof needs someone who really knows how to make it because it can start leaking in the rain season.",And it can easily catch a fire if you dont make it properly if you use a candle or a lparafin lamp in the house.,Yes because when making it they use dry grass like he is using and it easily cathes fir.
3716,People are watching the bull trying to drop a man wo got on it.,"This game of of bull riding is very hard, a lot of people fall off.","Yes, the bull gets iritated snd if one is not careful it can step on them when they fall down",One has to have the strength to hold on while on top of it becaue the bulls they use have a lot of strength.,The man in a short is running towards the man who fail off so that he can help him while the other one in a trousers doesnt want to go near by because it can attack him.
3717,A man and woman who are dressed in red are talking while standing.,"And they both have bags, the man has one that is made of material while the woman has one made out of a sack.",It looks like one of them is lost and is asking for directions or they know each other.,The way the woman is pointing it looks like she is showing the man how to move for him to get to wherever he is going.,The way he is holding his head it's like he is the one who is lost and the way he is standing it's like he is worried becasuse he is lost or he has lost something.
3718,"People are passing through stores, the ones on the left ar open while the ones on the right are open.",And it's late because they are using elcectric bulbs for people to see properly.,Those that want to buy something are on the left like the old man while those that are just passing are on the right where stpres are closed.,"Yes, and the pathway has very beautiful decorations to nake it look nice.","Yes and they are a lot, they have been placed from the entrance all the way up to the exist."
3719,"A man, a woman and a girl are sitted near thr fire.",And the fire is very big because it is lighting up the place at night.,Looking at the trees that are besides them it's like they are i the bush or sitted in their backyard.,It's possible because there is also a lamp lighting on the right side.,"Yes there house is just besides the bush, they just came out to get some fresh air at night and get some warmth from the fire as they distruct the wild animals."
3720,Two people are seated in water while two children a boy and a girl are standing.,The boy is jumping on the board that they use to skii on water.,When jumping on the board one has to be good and should know how to swim just in case you dont land properly as you jump.,"Yes when you land on your stomach it reall hurts, it deels like your stomach has been cut open.",It loks like the boy has been taught how to dive because he is not scared for him to dive like that from that hieght without feear.
3721,A baby girl is with her father qwho is putting her on the slide.,She is really excited you can tell by the smile as her father is putting her on the slide.,"These are the games that children like, that's why she is very happy.","Yes, and she is also wearing sun glasses it's like it's sunny where they are.",Yes even her father is wearing so that he canprotect his and the daughters eyes from the sun.
3722,A woman is helping someone put on skirting shoes.,Isnt this the game where you slide usng the same shoes?,"Yes this is it, in English it is called 'Ice Skirting' and if you dont know how to skirt you might end up falling.","I see, a person like me just cant go and start skirting, i would need someone to teach me.","Yes, just like maybe this woman knows so she will teach this person she is helping with the skirting shoes."
3723,A man is writng down somethig on the writig pad as they are learning.,"And this is not a classroom where they are, it is a workshop.","Yes, because if u pay attenyion there are a lot of tools that they use when working.",And whatever he is writing down should be related to the job they are doing.,"That's true, this is a prohibited place not everyone can go in and it has rules if you are not careful things can break or injure you."
3724,A child is climbing up a wall meant for children to play from.,But there should be someone older nearby because the child can fall off.,"Yes I am sure there is one, the child os sctually very clever.","Yes, the children feel nice when they are playing on there own at the park.","To much, but the olders ones are supposed to be nearby to look after them as they play because they can injure themselves you know kids are."
3725,Women are standing in a shop while looking at the items that are found in the shop.,"This other woman on the side is holding money in her hands, she thinks it's enough to get what she wants.","And there is noitice sayong you have to pay before you pack what you have bought, you cant get anything on credit.","Yes, and getting something on credit is ricky that's why they have written the notice in English and chinese.","They want to emphasize, it means that people who go in this shop can read both English and Chinese."
3726,A young girl is in the food shop it looks like she has left the big people she is with behind because she knows the shop very well.,"Yes, and the man wearing a red cap is just looking at her wondering where she has come from.",It's like she usually comes to this shop with her parents and shel likes the food that is in this shop.,"Yes, the food looks nice on pictures and just look at the number of people in the shop.",The food looks nice and it is delicious when you eat because people wouldnt queue up like this if the food wasnt nice.
3727,A man wearing a swimming costume is standig in the water.,This river is quite big and it looks nice together with the rock that the man is ouching.,If we look at what is written on the back of the costume you will find that he is part of the water rescue team.,"Yes, for instance when someone drowns or has been carried by the water?","Yes, there are people that are responsible for making sure that everything is okay at the river because anything can happen even to those that are just on the side of the river."
3728,"A man and a woman are standing, the woman is wearing a football kit.",It looks like there is a game these two are playing.,Yes it is possible because they are in a place that looks like a football field.,Yes the grass is properly cut and there are sits where supporters can sit as they watch.,"Yes, and at the far endthere is a bush because the trees are ext to each other."
3729,People are walking while looking at the boats.,"These are a lot of boats, i am sure this is where they are kept if they are not being used or after they are done using them.",This is a nice plcae it even has bildings besides the river.,There is even a sidewalk where people can walk besides the river.,"And there are buildings as well, i am sure these are not houses but offices."
3730,A lady is in a nice place which has flowers that are nicely cut.,And they look green and fresh.,And the buildings look very nice because they are in between the flowers and the trees.,She is very happy to be in such a nice place.,Yes anone would feel nice being in such a nice place because and it is well kept.
3731,A man is playing a game of cricket.,Is this the ame where someone throws the ball then you hit it with the bat he is holding?,"Yesthis is the game, it is a well known sport but there are a few people thst understand the rules.",The game is usually televised on TV but i have never paid attention to the rules.,"Yes it is a big sport, different countries compete in this sport, you can just tell from the number of people watching."
3732,Road constructers are on a truck that they use to put bitumen on the road.,Constructing a road is not easy because there are a lot of things that are required.,"That's true, and this place has a lot of tree so they have to be careful when demacating where the road will pass.",These people that are constructing the road are qualified engineers.,"Yes, and this is a job that requires team work, one person cant manage because there is need to share ideas."
3733,A young boy wearing a red jumper is looking at doll.,It looks like they are in a store that sells different dolls and it's like he just likes the white one.,This same dool looks like uses electricity for it to function but there is another one that hasbeen made to sit the way dogs sit.,It looks like the woman in a red jumber standing at the end is the mother to boy and she has picked the one that is sitting like a dog but the boy wants the one that looks like a person.,"The shop attendant is explaining to the mother on how to use the  doll because if they dont understand how to use it they ight spoil it, that's why it is important to kow how to use the doll."
3734,"Two people, a man and a lady are sitted in a restuarant.",It looks like they are waiting to be served because in this restuarant you order what you want then they prepare it for you.,It can be the case or maybe they are done eating and they are just chatting while having a drink.,"The way it is looking, it is not an ordinary place and their things are expensive so you really have to have enough money.",Usuall the people that come here are couples that are in love and want to have a good time. 
3735,A lsady is seated while playing with a small fluffy house dog.,I think she is making it to drink water because she is putting water on her hand that is on the mouth of the dog.,"Yes, this is how domestic anials are supposed to be kept, we have to care for them the way she is caring for her dog.","That's true, the lady is taking care of the her dog therefore everyone who has a pet should be taking care of it.","If you pay attention the dog is very clean, it's like the lady cleans it very well."
3736,"People are in a running competition, one is in front leaving the others behind.",By the look of the girl's body you can tell that she has been competing for a long time and she trains very well.,Yes this is a long distance race so if you dont prepare well you might stop halfway because you are tired.,She has really left a lot of people behind some being men yet we say men are faster than women.,For a woman to leave a man in such a race then it means she really takes care of herslf and she trains very well becaue it is not easy  for a woman to leave a man.
3737,A woman is holding a mirror while a child is looking at it to see see how they have been painted on the face while people are watching.,It looks like there are games going on in this place sice there are a lot of people because no one can just draw a child for no reason.,"Yes, and the woman in black is happily looking at the child being painte, it looks likeshe is happy of what is going on.","This woman holding the mirror can be the mother of the child, feom the way she is ooking at the child.","Yes, it is nice when a parent goes with the children to different places where there are games, the children really get excited and happy."
3738,"A man and a woman are playing a game while taking some dinks, the woman is drinkning from the otle while the man is drinking from the cup.","There is another man who is seated alone on the chair behind the woman, it looks like he is  watching something or he is talking to someone.",This same ouse has a chimney section but they havent lit the fire it looks like it is hot because mostly they light the fire when it is cold.,"It looks like they have different games, some are in different languages, some on the table that has a bird doll while others are down where they are sitting.","And the house where they are looks to be very clean, the floor is shinny thats why the man and the woman are seated on it."
3739,"A baby boy is seated with a woman, the baby is lickng an ice cream of different flavors.",This woman seems to be the other of the child and she is happy that her child is eating,And the ice cream is usually cold that's why the child has a straight face because the cheekbones are cold.,"And he has finished eating, this is what children like because it's sweet.","It looks like hetroubled the mother so that she can buy ice cream, then she got so that the child can stop troubling her."
3740,A saloon and baber shop which is at the end on the left is closed but the picture that is on top of the shop is different from the pictures that are found on most saloons and baber shops.,In bewteen is a shop that sales food and other utensils but on the the entrance of the shop is a woman it;s like she is talkingto one of the workers.,At the end on the right is a building that looks like a night club and it looks closed.,And all these buildings are close to the road which has traffic lights.,"These traffic lights help to control traffic and prevent accidents, they also give chance to pedestrains to cross the road."
3741,A man wearing a green jumper and cap is standing with his hands in the pockets.,It looks like he is watching something and he is carried away.,"Behind him is a thick forest, it's like the land is very fertile because the trees are very green.",You are right.,"Yes, and it can be that this man s waiting for someone or he is just here to visit."
3742,A young boy wearing a sky blue top is playing in the water that was meant to decorate the city.,He is very excited to play in the water as it it sprinkles him as he runs.,The people that made this did a good job to make sure that the ater is coming from down and sprinkling in this money.,In as much as it's good that the chud cant drown in this water but with the way he is running he can fall down and injure himself.,And this is a cocrete floor he would hurt himself badly but he is feeling nice to play and it looks like it is hot because they wouldnt allow him to play with water when it is cold.
3743,"A lady dressed i black is seated on a bench, it looks like she is seated in the waiting area. ","Yes amd from the look of things there are a lot of people waiting, it's like the are either waiting for a train, bus or plane because they all have bags.","It could be, and they also sale food if you look at the end, they are selling a lot of different things.","Yes because sometimes you find that the train, bus or plane delays so one can get somthing to eat when they feel hungry.","And it looks like this lady is nit alone, she is talking to someone whos is seated next to her, it's either they are together or they just met."
3744,An old dressed in white is seated next to a monument ehile his dog is sleeping on the grass.,"This is a big monument that has been built, there is a woman seated with a man with the mans head on top.",Yes they have even included a cat as it is moving and on the side of the man's head they have out flowers.,"I can see there are some writings on top but they are not clear, it looks like this monument has a meaning behind it for the people and government of this this place.","That's true, we can say that's the reason why this man is seated next to it maybe he has come to see it but he is tired that's why he is sitting to get some fresh air."
3745,"Two people are seated, they have lit a fire because it is cold as we can see from the snow that is down.",And their clothes can also show that it is cold where they are thats why they are wearing headsocks and gloves.,"TIf you see what the person on the the left is wearing on his legs, he is wearing skirting shoes.","Yes, that's why he has failed to kneal like his friend, he cant manage because of the shoes, it's like he knows how to skirt.","I believe this fire is heloing them to keep warm, but they have something they can use to cook that this guy in black is using."
3746,A young girl wearing aa white top inside and a red top outside is cutting pepper.,What dies she want to cook? it's lke she sees when her mother is cooking and now she wants to try.,That's how children are  but a child is not supposed to be playing with a knife because she can hurt herself.,From the look of things this is a kitchen and none of the older people know what the child is doing.,Yes it is in the kitchen and it's like she is standing on a chair for her to reach the table where she is cutting from.
3747,"A man and a woman wearing warm clothes are standing outside in the snow, the woman has covered her face to sheild herself from the cold.",The reason they are standing in the cold is because they are reading tge notice on the tree.,It is better to wear warm clothes when it's cold because one can get sick due to coldness.,"It's like they are the only ones outside, people have locked themselves in the their houses because it is cold and the snow is a lot and it is covering the ground and the trees.","Even if it is cold today the sun is out, vapour is coming out of the man's mouth and the woman has her hands in her pockets."
3748,"A woman is participating in javeling, besides her is a man observing and recording her as she throws the jave.",She seems to be very powerful and when she throws the jave will go a long distance.,"Yes, this game requires one to have a lot of strength to throw the jave, and you need to have stability in your legs so that you dont fall.",I have seen usually this game is there at Olympics and even men do compete in the game.,Yes even men participate in their own category and the ladies alone. The one who throws the longest distance wins.
3749,A man dressed in black top is holding on to ropes that are pulling him up.,Where are these ropes coming from?,I dont know but maybe they have been tied to a plane or something but this man is fearless becasue he if lets go of the ropes he wouldinjure himself.,I wouldnt dare touch these ropes because I would die out of fear.,"Same with me, the fear i have cant allow me to take part in such games, i can end up breaking my bones."
3750,"A crowd of people are in a place that has a river, some are seated, others are standing while others seem to be playing a game.",What game could these two girls be playing? They look as if they are dancing while competing.,It looks to be a busy place and everyone  is busy doing their own thing.,"You are right, this one is facing in this direction and the other one in that direction, another one is looking at the girls that are dancing.","It looks like people are havung fun in this place, sometimes it's good to have some fun."
3751,Men and women are participating in a running competition while a crowd of people is watching them.,It looks like these people are happy to watch their friends compete.,"Yes my friend, such games entertain people that's one of the reasons they are held. ","Now this competition doesnt seem to be fair, how can they put men and women in the same race?","That's true my friend, it looks like the men are in front and the ladies are behind thats why it looks like it is unfair."
3752,"Three guys are playing together, one of them is taking pictures.",This guy on the left looks like he is doing something down here.,"Yes my friend, I i believe whatever he is doing is what the guy on the left is capturing.","That's how it looks like, and thus guy in the middle is just watching while biting his tongue.","It looks like this guy has no idea of what is going on, he is scared that he might mess things up if he tries to get involved."
3753,Two men are standing on the grass each with their white dog.,"These same dogs really look alike, it's like they are from the same mother.","Yes thats how they look, and one is jumoing up in the air it's like it wants to get something.","And behind these people are black cars that are not moving, could it be that there are a lot of people in this place?","Yes you are right my friend, there are some other people in this area who this man on the right is looking at."
3754,Football players are on the field of play and a lot of fans are seated on the chairs watching them play.,"These players seem to be in one place, is it where the ball is?",Yes that's hoe it looks like my friend because this game involves following the ball that's why they are in one place where the ball is.,"And there are a lot of fans that have come to watch, could it be that people like this game?","Yes you are right my friend, this game brings a lot of people together and they get excited, it is a unique sport."
3755,A man is in the middle kicking frozen water while a lot of people are seated watching him.,It looks like this man is part of the people that learn how to fight.,"That's true my friend, the clothes he is wearing explains it all, and he looks to be very strong.",He is very strong because it hurts to kick frozen water.,"Fighting such a person is bad idea, you can be there hitting him yet he is not feeling anything but when he hits you, you will feel the pain."
3756,School children are running at the ground with their teacher. ,It looks like these children are competing.,"Yes my friend, it looks like it ias a relay.","Yes, i have just seen the boy recieve the button from the girl.",And it looks like the boy will run very fast bcause he has already started going yet he hasnt gotten hold of the button.
3757,"Two men are ridinf horses, in front of them there is a cow.",The cow looks like it is running away from the horses.,"Yes that's how it looks like my friend, but dont these animals we climb on feel the pain?",I believe they do get tired but it looks like that's their job.,"You are right my friend, what else can horses do if we just let them be because their meet is not edible."
3758,A man is in a tree cutting branches.,This man looks like he has been in the bush enough times for him to pronperly cut the branches.,Yes the job of cutting branches is not as easy as it looks.,"That's true my friend, especially the tree he is in because it doesnt have enough supporting branches.","Yes that's true, but it looks like he has experience, he will find a way to balance."
3759,A woman who is a teacher is with a lot of pupils who are playing.,These girls are making a lot of different things and the place they are in seems to have a lot of toys.,Yes my friend it looks like this is a school for children and they are very excited.,"Yes my friend, children like playig in front of elders because they are shown different things.","Yes my friend, if you went and tried to remove them from where they are playing from you can fight."
3760,"Alady is walking in the road while holding a tin in her hands, behind her is a group of people.",This place looks to be crowded it's like something goes on.,The dressing by the people suggests that this place is very hot.,Maybe it is the reason why these people are are in this place maybe there is a swimming pool somewhere.,Yes my friend it is possible because it feels nice to swim when it is hot.
3761,"Two girls want to cross the road, besides the road is a crowd of people that are walking.",This place has a lot of peole i think there is a lot of activity.,Yes my friend it looks like there are a lot of shops where you can buy a lot of different thungs.,That's true because among this crowd of people are some that are related.,Tat's true and it feels good to go shopping as a family.
3762,"A man and a woman are hugging each other, and there is a picture of a man on the wall who is looking on the side.",It looks like these to havent see each other in a long time that's why they are hugging each other in such a manner.,"Yes my friend, if you havent seen someone in a long time you tend to miss them so much to the extent that when you see them you hug them tightly.",And they are a couple but one of them was not around they just came back.,"Yes my friend it could be true, it's like the man on the wall saw them hugging and then he looked away."
3763,"A young boy is playing in the mud alone, behind him are tress.",You can wonder how he put mud on himself especially that he was just alone,"You cant understand how kids play, you might think he is just alone not knowing that he has imaginary friends that he is talking to.",And it looks like he is in the bush because behind him there are a lot of trees.,"Yes, but i want to believe that he come with someone older because he cant be in this place alone."
3764,A man and a woman are in dark place kissing.,"These teo seem to be in love, it is written all over their faces.","You are right my friend, but it looks like they are not yet married.","Yes because they would have come out in the open, they wouldnt have been hiding whe making out.",I believe they will come out soon because everythig starts small.
3765,A man and a woman are taking a walk at night.,"It looks like these two are husban and wife, they are just taking a walk.",So they just decided to take a walk at night?,"Day time is usually busy, maybe they were busy with work.","You are right, thats the reason why they have decided to walk at night, i am sure they are happy."
3766,"Four men, a woman and two dogs are happy to be in a place that has a lot of snow.",It looks like these people are related and went to visit ths place.,"Yes you are right my friend, and movinf as a family feels good.",Yes my friend and they are all old i believe they all have their own places so they missed it each other.,Yes my friend thats the reason why this visit is very nice.
3767,A woman is seated on the chair and the police officer is also seated on the chair while writing in a book.,It looks like this woman has committed an offence and the police officer is questioning her.,You are right because the woman looks like she is a problem you can tell from her dressing.,"The world has changed nowadays, a long time ago it was men that used to be in such places.",Yes my friend but nowadays it is everyone because women have started doing what men do.
3768,American football players are on the pitch lifting their helmets.,It looks like they are paying there respect to someone in the crowd.,"You are right my friend, these people are strong because they hit each other while playing this game.","That's true my friend, thats why this game requires people with big bodies.","Yes my friend, just look at the bodies of the players they all look strong and they wear protective gear."
3769,A man is seated on the table chatting with a a kid who is dressed like a mascot.,It looks like the man has cracked a joke because the kid is laighing.,"There are a lot of different things on the table such as books, it looks like he is teaching the child how to read.","That's right my friend, and it's like the man is imitating the child's actions and dressing.","Yes my friend you are right, that's the reason why the boy is laughing like this."
3770,Two little girls dressed in the same dresses are playing.,These teo girls look like they are watching something.,I see what you are talking about my friend because they have fully concentrated.,"And they look like they are twins, could it be the case?","You are right my friend, that's the reason they are dressed in the same dress, they look very nice."
3771,A group of men and women are singing while holding books.,It looks like they are singing hymns.,Yes my friend they look like they are a church choir and they are singing beautifully.,Yes my friend gospel songs are supposed to be sang with passion and pride.,"You are right my friend, thats why we see them rejoicing while singing."
3772,Two ladies ar on the field playing a game.,The way the lady is rolling in the sand it's like she likes this game.,"Yes my friend, it;s like she was trying to catch the ball then she missed it and fell in the sand.",That's why the field should have some grass so that even if one falls they dont get dirty.,"Ye my friend, moving forward they will renovate the ground, maybe this is just the begining."
3773,A man is walking on the side of the road besides him there are big shops.,This man looks to be disturbed as if  something bad has happened to him.,It's like this man got bored at home so he decided to take a walk.,"You are right, maybe he is going to visit his friend.","That's right, because friends are important in such times, they make you laugh."
3774,Two men are in a boat standing and besides the river there are a lot of people with boats that are not on the river.,It looks like these guys want to go up the hill that is esides there boat.,"Ye my friend, and this same river is in a place that has hills.",Yes and people have built houses on the hills.,"People have a lot of things to do, i am sure they spent a lot of time to build these houses."
3775,"Rugby players are on the field playing, while a crowd of people is watching the game.",Does it mean that this guy pulling his friends leg wants him to fall so that he cant run?,"That's how it looks, because the game of rugby involves tackling each other, when someone has the ball the other team has to try and stop him by tackling the person.",And people enjoy watching this sport because a lot of people are watching.,"Too much, such games bring a lot of different people together because they are fun."
3776,Two women are happy beeing in a restuarant.,This restuarant looks like it has delicious food and the woman in front looks like the cashier.,"Yes boi you are right, it's like this woman behind came to visit the woman in front.","And the woman behind seems to be very happy, it's like she enjoyed the food.","It could be, because nothing makes someone happy than food."
3777,A group of builders is constructing a big building,It seems like this building will be completed soon because there are a lot of builders on site.,"Yes my friend, work becomes easy when you are woring as a team.",This building looks like it will have a lot of shops because it doesnt look like a house.,"You are right my friend, and these constructors look to be very good because they are doing a good job."
3778,Two ladies dressed in white are competing in a fight and on the sides are people seated in chairs watching them.,It's like these ladies are well trained karatekas.,"Yes you are right my friend, it's like they are from different places and they have come to compete.",Yes that's true and the lady on the left has kicked her friend on  the mouth.,"She has really hit her hard, it looks like the lady that has kicked her friend will win the fight."
3779,"A man is climbing up the building using ropes, while there is a car parked right under him on the ground.",It looks like this man is tired because he has gone a distance up.,"Yes my riend he can be tired considering his age, you just know how old people get tired fast.",It looks like whatever he wants to get on top is vey important for him to make himself tired like this.,"You never know maybe he wants to see someone on top, maybe one of his children works from there."
3780,A man is standing on the road while playing a trumpet.,It looks like he is in a very cold place because of the clothes he is wearing. ,It's like this man is part of the people that stand in the streets showing off their talents.,"Yes my friend, they just dont show off their talents but it is a way of them making money.","And he really looks happy when playing his trumpet, it's like he enjoys it."
3781,Two men are standing on rocks on top the sea.,This seems to be a very big ocean with dtrong waves of wind.,"Yes, but it looks like the guy in front wants to jump into the ocean.","Both of them are holding skiing boards, it's like they want to jump and start skiing on the water.",These gys are fearless because once you fall into the ocean that will be the end of you.
3782,A man is on a skirt board behind him is a picture of a woman who looks like a lion behind.,It looks like this man is having a good time because he looks happy.,"Yes, skirt boards are nice, they only become bad when you fall.","What's with the picture on the wall, is there a person who looks like lion behind?",I believe the artist was just painting because there is no such thing.
3783,A group of men and women are standing in one place.,All these people are wearing dark sun glasses and are looking at the sun.,It's like there is something happening to the sun because they all cant just be looking at the sun.,It looks like there is an eclipse of the sun so everyone wants to see what is happening.,"Indeed God's creation is a marvel to watch, these people are excited."
3784,Two ladies are walikng on the road going in different directions and on the side of the road there is a man and a woman who are working.,There seems to be a lot of shops alog this road where people are passing.,"You are right, it looks like the man adn the woman are setting up their goods for sale.",And the two ladies that are passing look like they are just concentrationg on there walk.,"Yes, they are not even paying attention to what is happening on the side, it's like they ar rushing somewhere."
3785,Three guys are in a shop that sales food and different beverages.,It looks like these two men that have red belts work in this shop.,"Yes you are right my friend, and this man wearing a white garment has just come to buy something in this shop.",This man who works in the shop seems to be happy while getting something.,"Yes, he is happy because his business is doing well and he is making money."
3786,A lady is standing facing the the wall while holding a cloth in her hand.,There is soap where she is it's like she wants to start cleaning something.,Yes she seems to be a clean person so it's like she wants her house to be clean as well.,Yes it really feels good to have clean woman because it means the ouse will always be clean.,"And she seems not to be in a hurry, she is taking her time."
3787,A man is climbing up the building using ropes.,This man looks like he is part of the people that cleans windows in people's houses.,"You are right, behind him is a bucket that contains soap and water.","These people are fearless because this is a tall building, if this rope was to cut that would be their death. ","It looks like they are used, it's like they have been doing such jobs for a long time."
3788,A lady is on the field pole vaulting.,This lady looks to be very flexible because the way she is jumping not everyone can do it.,"Yes my friend, the are taught what to do for them to jump that high.",It looks like there are people that are watching and taking pictures in the stadium.,"Yes, they feel nice too see their friends jump this high."
3789,"Two dogs, a white one and a black one are running on the grass.","These dogs look to be very vicious, it's like they are chasing after something.","Yes my friend, they look like they want to bite something.","These dogs are vicious, it's like whatever they are chasing after is also very fast.",You are right because even if you are strong once you see these dogs you have to run for your life.
3790,A group of people is walking on the road and a number of people in this group are wearing the same white caps.,"This road is crowded with people, i guess cars find it difficult to pass.",It's like a lot of people use this road when they knock of from their different work places.,Yes and if you are with a child and you let go of their hand you will easily lose them.,Thats true hence i can only see older people in this road.
3791,Young men and women are singing songs and clapping.,The place where these young men and women are seems to have a lot of flowers.,"Yes my friend you are right, and it looks like these people go to the same church.",It looks like they are youths from the same church that have assembled to have fun.,And such gatherings are not just about having fun but they tend to teach each other on different things.
3792,Four oys with a lot of fruits in papers while one is seated watching what the boys are doing. ,It looks like these boys sre from plucking mangoes so that they can go sale.,These boys are unpredictable you can find that they just stole the mangoes and they are going to sell them.,That's true my frien but what are they looking at behind that's making them laugh?,Maybe there is someone who wants to buy some but they are negotiating that they reduce the price.
3793,A young boy is watering the flowers ate home.,This boy is very smart i am sure he will be a very clean boy when he gros up.,"Yes my friend, i am sure he takes after someone, this boy is growing up well.",And the house where he stays seems to be near a bush because i can see a lot of trees.,"You are right, it could be the reason why they love flowers or maybe the boy thinks he is just playing and not watering the flowers."
3794,"Seven people are on the river in a boat, one of them has come out of the boat and dived into the river.",The person that has dived has no fearr because there are a lot of waves on the river.,He is lucky he is wearing a life jacket otherwise he was going to drown.,And i can tell that his friends on the boat are not aware that he has has jumped off.,Yes unless the one in front is the one looking at him and he is shocked and he has failed to say anything.
3795,"Twwo men are standing on the side of the road chatting, and on the other side of the road there is a lady stading.",It's like these two men work from where they are standing becasue they are calm when chatting.,From what they are wearing it looks like these two men are security guards.,And it looks like they are at the cinemas.,"Yes my friend, and it looks like there are shops on the side, a lot of people are there buying a lot of different thngs."
3796,A young boy is happy while holding a botttle in a building at a school.,This same building seems to be cracked it's like they no longer learn from there.,"Yes you are right, it could be the reason why this boy is playing there.",And the boy seems to be very happy it's like hehas been told something nice.,"That's how it looks like because he cant just be smiling for no reason, we only get happy when you see or hear something nice."
3797,A lot of people are in a shop buying a lot of different things.,The child in front looks like is done getting what he wanted and he just wants to pay now.,This store seems to be very big and you can find whatever you want.,"Yes you are right, stores nowadays will have everything that people may need to buy.","Yes and going with kids in such a store you have to have a lot of money because kids want to get anything they see, you know how kids are."
3798,A white dog is facing upwards while holding a small ball by it's mouth.,"What is the dog doing with the ball, and wont it get chocked?",It's the owner of the dofg told it to go and pick the ball.,"You are right, it's like it wants to give it to him but it can only carry it by the mouth.","Yes my friend, and dogs nowadays are clever because they listen to what people tell them."
3799,Two men are in the center fighting while on the sides there are people who are watching them.,These people look like those that train to fight  from different schools.,Yes it looks like they are from different schools and they are here to compete.,The guy in white seems to be falling down.,You are right it loks like the guy in black is winning the fight.
3800,Four ladies and one guy are working together.,It looks like they are making food to sale.,"Yes, this place looks like they only sale food and beer.",Indeed the drunkards feel goo because they can drink and eat at the same time.,"Yes my friend, it looks like the owner of the business makes a lot of money."
3801,A small girl is playing alone in water besides the river.,This river is quite big even if this girl is not scared.,"For her she is not even paying attention to how big the river is, she is just concentrating on playing.",If a strong wind came she can easily be carried away and that would be her death.,"I am sure she is with someone older who is looking after her,  maybe she has been told to be playing besides the river."
3802,A man is outside cleaning his car that was covered in snow.,The snow was really a lot for the car to be covered every where.,Where ill this car pass even if they clean it because all the roads are covered up.,There are people that have been assigned by the government to clean the roads after the snow is done.,"It is really hard to stay in such places, can you manage such a job?"
3803,Rugby players are in the middle of the pitch and a crowd of people is watching them play.,It looks like the players havent started playing yets they have just assembled in the middle,"Yes, it's like before the the game starts they have to go trough the rules of the game.",There are a lot of people that have come to watch and they are wearing the same things.,"It's like these people enjoy watching rugby, everyine is wearing a jesey of either team."
3804,A guy his holding a lady's hand as they cross the road.,"These two seem to be in love with each other, you can tell by how they are looking at each other.","It looks like they are just from gettng married now theu want to go and have some fun, the clothes they are wearing are that of a bride and groom.",Indeed love is a beautiful thing because these two seem to be very happy.,"What you have said is true, these two are very happy and love is a beautiful thing."
3805,The groom and the bride are in church waiting to be blessed by the priest.,There family and friends have come out to support the two as they get married.,The bride and the groom are very happy but i am sure the are nervous because this day only comes once in a lifetime.,This is such a joyous day not only to the couple but also to the family.,"Yes that's true, there is a lot of joy especially for the parents to the children that are getting married."
3806,Husband and wife are seated together chatting and they are happy.,"And it's not like they are just chatting, they are alos discussing how they will buy things for the house.","Yes you are right, I think thats why the man has a pen and book.","These two seem to love each other very much even if someone who doesnt know them sees them, he or she can tell that they are married.","Yes you are right my friend, people that are in love are eastily seen, you can just tell by how they relate."
3807,A young boy is seated having food by the table while looking up.,"This boy can surprise you, the amount of food he wants to put in his mouth is too much as compared to the size of his mouth.","Kids like playing with food, he wont even eat everything he will just be playing when eating.",He will learn to stop playing with food when he gets choked.,"That's true and the food looks delicious, even an older person can be tempted to play with it."
3808,"A woman is with a baby that is seated next to the fires, the woman is cooking something.",It's like these people left there house for a short period so that they can stay outside for a bit.,"Yes my friend, they like havig such times especially in the summer.",But it looks like they are in winter because the clothes they are wearing are very warm.,"Yes thats it, it's up to you to decide when you can go to such a place."
3809,A is happy eating food by the table and he has food all over himself.,"That's the problem with kids, for them everything is a toy.","Yes he has really messed himself up as if he can bath himslef, the mother will have a job to do when bathing him.",I am sure the mother will be happy because parents feel nice when children are happy.,"Yes you are right, by the time he finishes eating the food his body will be covered in food."
3810,Four men are together chatting and one of them is seated having a hair cut.,They guy getting a hair cut looks like he is not happy.,And the one cutting his hair is laughing at him.,"When guys link up it is usually fun, they tend to laugh so much.",And it looks like even the guys that are standing are waiting to have a hair cut.
3811,A young man is seated playing a violin.,It's like this young man is playing for someone.,"Yes my friend, it's like he is displaying his skills to the people.","Yes you are right my friend, and i think people that enjoys how he plays it give him some money.","Yo are right my friend, even though it's not a must that they give him money, these people enjoy such talents."
3812,Three young men and one lady are standing outside while lifting placards.,It's like these people are in disagreement with their employers.,Yes it's like their employers are taking advantage of them because they are young.,But wont this put them in trouble and risk being fired?,"Even though it is allowed to protest by the government, one risk being fired because they fall out of favor from the employers. "
3813,"A group of people has assembled, among them is a man who has removed is shirt and is waving a flag.",It's like these people are having fun at an event.,"You are right, and this man seems to be the happiest.",But wont he get himself in trouble due to too much exxcitment?,"That usually happens because the police cant arrest everyone, they only arrest the ring leaders."
3814,A child is seated in the sand playing and the sky is clear.,This place looks to have a lot of sand like in the dessert.,You are right but the reason why this place has a lot of sand is because of the big river that is behind the girl.,"I see, ths is a very big river if you look at where it ends it looks like it has met with the skies.","You are right, and the child is really enjoyoing playing in the sand and is not paying attention to the river."
3815,A woman is at the hospital and is being checked by the doctor. ,The woman looks like she is afraid of what the doctor is checking.,Indeed one can be scared because there are a lot of machines.,"Yes my friend, and they are complicated only the doctor knows how they work.","And the hospital is a scary place, before they even tell you what's wrong you will be feeling sick on your own."
3816,A truck that is fully loaded is moving on the road and behind it is a man who is holding on to it.,This truck is overloaded if the police sees it they will stop it.,Yes my friend and it looks like things are now falling off from the sacks on top.,"Yes and it's like the road is in the bush, there are no other cars that are passing.",It's like this vehicle went to get crops from the farm but then the crops were a lot and the vehicle was small.
3817,A young girl is on a swing smiling and behind her is a group of people that are playing a different game.,This place looks like a play park where different games take place.,"Yes you are right, becasue i can see people that are cycling behind.",This is a place where people who are bored or those who are not working can go to to relax.,"You are right, such places are nice especially on weekends."
3818,A white dog is running on the green grass while holding a stick by it's mouth.,It's like the owner threw the stick and the dog went to pick it up.,That's true and this dog seems to be clever it can't fail to pick up a stick.,Dogs nowadays are trained to listen to what people tell them.,"Yes my friend you are right,having a dog nowadys is nice because this dog looks to be very clean."
3819,A small boy is playing while wearing glasses and headsets.,It looks like this chils is about to start dancing it's like the song he is listening to is nice.,Yes kids like dancing to very nice songs.,Though he is just dancing using his hands cant he try to whin his waist.,"He is a small boy, it's like thats the nnly way he can dance using his hands."
3820,Two men dressed in black garment are walking while chatting.,And behind them is a crowd of people who are doing different things.,And these guys look like monks.,"Yes my friend, and they look like they are outside the temple.","You are right my friend, it's like that's where they wre coming from, it's like they stay in a near by place."
3821,Three white dogs and one black sheep are sanding in the yard.,"The way the dog on the left is looking at the sheep, as if it can just jump on it and bite it.",Yes and the owner of the house like keeping animals.,Yes because it looks like there are a lot of different animals.,That's truen it's important to keep some animals at home because we benefit a lot from them.
3822,A man is seated on a bench while reading a book.,It looks like the man want's to be alone in a quiet place.,"Yes, that's why he is reading the book becasue he doesnt want to be disturbed.","You are right, and books are good because they give someone a peace of mind.","That's true, and it's not just abiut the peace of mind but we also learn something."
3823,Two white dogs are playing in the water and one dog is licking the other one's mouth.,What makes dogs to lick themselves?,Maybe the dog being licked has something that the other dog wants to remove.,Could it be somethig from the river such as a fish?,"It is possible, it could be that ome dog caught a fish and the other one wants to have a share."
3824,A group of girls are dancing in the bush.,Out of all the dancing places these girls decided to go in the bush?,"It could be that they are looking for something in this place, or maybe they are taking pictures.",Could it be that they are filming a movie or something?,It looks like they a making a movie so they decided to start dancing before they start shooting.
3825,A young man is showing off his skills on the skirt board.,It looks like this man is an expert in skirting.,"Yes, it looks like he has been skirting for a long time and he is used now.",He is not even afraid of hurting himself because it looks like he jumped from up with it.,"These men are fearless, they want to do someting that others cant do as a way to show off."
3826,A man and a woman are seated in a shelter drinking something.,It looks like they are in a place where they sale warm water and other drinks.,"Yes and it is late, it's like they went for a walk in the city.",It looks like the owner of the shelter is making a lot of money from this business.,"Yes, it loos like this place recieves a lot of people and a lot of people come to sit here."
3827,Basketball players are on the court and a crowd of people is watching them play.,It seems this game brings a lot of people together it it that nice?,"Yes this is a nice sport, and the guy havig the ball wants to drible past the other one.","Yes my friend, he even has a straight face jut to make sure that he scores.",It seems these players feel nice when they are playing and people are cheering them on.
3828,A young man is sleeping on the bench and behind him is green grass.,It looks like this man was waiting for someone and then he fell asleep.,"Yes you are right, but sleeping like this is not advisable what if thieves come and rob him.","That's true, it's just that you never know when sleep catches you.","You are right, it is important that when you are tired you sleep in safe place."
3829,A woman is in the house while holding a cup that has beer.,It looks like this woman is feeling nice because beer excites people.,"Yes you are right and the happiness can be seeing on her face, she seems to be drunk.",Yes even though beer is harmful if you take a lot of it.,"Yes that's true there beer should be taken responsibly when you are happy and not when you are upset,"
3830,A yougn girl is swinging a tyre on her waist.,This young girl has made me miss my childhood because i used to enjoy this game.,"Yes we used to play this game a lot when we were young, i am sure she is very happy.",Yes though this game is best suited for for people that can whin their waists for the tyre to stay longer.,Yes you are right because those that cant whin their waists get tired fast and that makes the tyre to fall off.
3831,A cricket player is in the middle of the of the pitch throwing a ball that they use in the game.,"This man looks to be happy as he throws the the ball, is it going a long distance?","Yes my friend, he has to throw it to someone on the opposing team so that he can hit it with a bat.","My friend, this game sounds a bit scary, cant this ball hit you when it is hit?","No it cant, players that play this game are far apart by the time the ball reaches where you are it wouldnt hurt."
3832,A man is climbing up a mountain with protective ropes all around him. ,This same mountain the man is climbing is besides the river.,"Yes if he wat to fall he would fall into the river, he is fearless.",You can wonder what he wants to achieve when he climbs the mountain.,People nowadays do what pleases them in order to make a name.
3833,Three guys are on the field in a running competition.,The man in front looks like he will win the race.,"Yes you are right, you can just tell by his face, he is very excited.",Do people make moeny out of these races?,"Yes my friend, nowadays people make a lot of money because a lot of people watch these competitions."
3834,A woman is writing on a poster while smiling.,What can make this lady happy because she seems to be very happy as she writes on the poster.,It seems like what is written on the poster is what is making her happy because there is no one to make her happy.,"She looks to be a calm lady, it looks like whatever she is writing on the poster will help a lot of people.","Indeed, most of the times calm people like her do a lot of productive things."
3835,Four men are playing golf.,"They look to be old, is this game just for old people?","No, there is no age limit for this game, it's just most of the people that play this game are rich.","Oh okay, you can just see from there appearance that they are rich people.","Except from the guy wearing a short and a white cap, he looks like he is just a carrier."
3836,A man is in his office reading a newspaper.,"This office looks to be very clean, this man really keeps it well.","Yes my friend, you can just tell from his appearance he is not the type that will let his office get dirty.",And this man looks rich maybe this is his building as well.,"You are right, this man looks very rich, for his office to look this clean you can imagine how his house looks like."
3837,A man is showing off his cycling skills and on the sides people are seated watching him.,It seems this man is an expert in riding bicycles.,Yes maybe that's why people are watxhing him closely because they enjoy his skills.,It seems like this man makes a lot of money from showing off his skills like this.,"Ye s my friend, nowadays nothing is free, everything you do people have to pay you."
3838,A young girl is swimming alone in the river.,This girl looks like she is good at swimming because where she is swimming from is deep.,"Kids of nowadays are very clever, they do thingd that you think they cant.","This girl has really impressed me, because some older people cant manage swimming from wher she is swimming.","Ye my friend but when it comes to swimming age doesnt matter, what makes one to be good is practicing on a daily basis."
3839,"A woman is seated with her kds on the grass, one child is eating a maize cob.",The child's facial expressions look like she doesnt want to eat the maize cob.,Yes and the other one is looking at her as if  they have refused to give her some.,It seems like this child is not yet  able to eat a maize.,I am sure the mother knows the child better than us hebce we wont say much.
3840,A group of children is playing in water while splashing it.,These children are very happy to be playing in the water.,"Yes my friend, and young children enjoy playing in water.","The are not even scared of drowning, it's like they have been swimming for a long time.","Ye my friend, they cant drown because the river is not that deep, i am sure there is one older person who would rescue them before they drown."
3841,"A waoman is with a child in the house, the child is facing elsewhere while the woman is looking at the child.","She is holding a writing pad, could it be that she is a teacher?",Yes it could be even though the child looks to be scared.,"Yes it's like the child hasnt gotten used to the teacher, but why is she teaching the child alone?",It's like the parents hired her to be teaching the child from home privately.
3842,Two young boys are are playing with their toy cars outside.,It's like the boy behind was given a lift by his friend and now he is jumping out the toy car.,Doesnt he know that he can hurt himself if he lands awkwardly.,That's how kids play if there is no one looking afer them.,Indded kids need someone to watch them as they play because you can just find they have burnt themselves.
3843,Two men dressed in white robs are lifting each other while giving out fliers.,It's like these men are communicating something to the people using the fliers they are distributing.,"You are right, that's why they are playing while distributing the fliers so that people can see that it's something fun.","Yes you are right, you can tell by the smile of the lady that has got the flier.",The guy that has lifted the friend seems to be very strong because lifting someone in such a manner is not easy.
3844,"Four people are on the river swimming, ome sre holding on to equipments that are helping to swim.",Indeed these people have no fear because they are right in the middle of the river.,I am sure they are scared a bit that's ehy they have floating boards.,Because where they are when one drowns it's difficult to save them.,It's good that such big river dont have snakes because a lot of people would have been attacked.
3845,"A group of people, men and women  are swimming in the river.","This man down is really strong, he has gone under water and he is not panicking.","Yes my friend, they are used to swimming so he can hold his breath fpr a long time.",These other young ones have failed to hold theor breath for long and they are alrady out.,"Yes my friend, big people have experience and this man has just proved it to them."
3846,Four ladies and one guys are on top of the mountain seated.,On top the mountain is a house it's like there are people that stay here.,"Yes you ar right, and the people that stay here should be strong because you cant manage going up and down the mountain every day.",Indeed they are strong because it's not easy going up and down the mountain.,These people seem to be very happy it's like they came to see the person that stays in this same house.
3847,Two men are in a big truck with snow chains and are driving on the snow.,It looks like thse men ar happy to be driving this vehicle.,"Yes you are right, because walking in snow makes the legs stixk but for them they wont get stuck because they ar not walking.",Could it be that these guys are going somewhere or they are just having fun?,"It looks like they are going somewhere, can they come to such a place just to have fun?"
3848,"A lady wearng a dress and boxing gloves is in the middle, on the sides are people that are watching her.",Now that she is wearing boxing gloves does it mean she is about to start fighting with someone?,It looks like this lady is about ot start doing something else because her attire is not suited for fighting.,"Yes you are right my friend, it looks like she wants to start dancing because the dress suits a dancer.",The way the man on the right is looking at the lady it's like he is happy with what she is doing.
3849,A group of singers is standing in front of the church while people are seated on benches.,The man dressed in black is the choir master?,Yes he looks he is the one because he is the oe standing of the choir.,"The choir is yet to start singing, it's like they are waiting for a signal from him for them to start singing.","Yes you are right my friend, and this choir has a lot of members i believe when they start singing it will be a nice song."
3850,A childi s standing on an uncompleted building behind the child is the mother who is seated on a bench.,And in front of the mother is a car that looks like it doesnt move.,"Yes my friend this vevicle doesnt move, even if it as moving where would it come out from because the yard is fenced.",I am sure the person that bought it has plans for it in the future.,Both the mother and the child seem not to be happy it's like they are not happy yo be in this place.
3851,A man and a woman are in a shop where they sale a lot of different things.,It looks like the lady works in the shop while the man wants to buy something.,This shop seems to be very big and you can find anything you want in it.,"Yes my friend, thats the good part about big stores because you find everything you want and you wont have to go round.","The lady seems to have fully concentrated on her job, it lookslike she is counting the money."
3852,A man is seated on a chair and his dog is looking at him.,The dog is looking at the man as if he has done something.,Yes it is looking at him as if he has done something wrong and it can bite bite him.,The man is also looking at it it's like he is telling it something and it is listening.,"It's not even clear where where the man is sitting, it looks like a car but again like a small house."
3853,A white dog is running with it's mouth open,"The dog looks scary, it's like it os chasing after something.","Yes you are right it's like it has seeing something, if it is a person he should just start running.",If this dog finds you it can eat everything including your bones.,This dog doesnt look it can let you be when it chases after you it has to make sure that it catches you.
3854,An old lady wearing a cap is leaning on the wall while laughing with her eyes wide open.,"This woman can scare you with her looks, she looks like she wants to do something to you.",It is like she is looking at someone who did something wrong to her because the look is not innocent.,Her face looks like she drinks a lot beer.,"Yes that's how she looks, it's like she is a heavy drinker."
3855,A group of men and are having fun.,"These people look to be having fun, is there something happening at this place?","It looks like these people are watching someone in front, because they are all looking in front.","That's true my friend, and a lot of people here look like they are drunk.",Yes su ch places usuually have beer because people want to have fun with their friends.
3856,Two guys and one lady are walking on the side of the road.,The lady looks like she knows the guy that is front.,Yes it looks like the one behind is friends with the guy that is front and he is escorting hm.,The guys are trying to talk to the lady but she is busy on her phone.,"That's how ladies behave, you might think that she is not hearing what you are saying yet she is."
3857,Four guys and one lady are standing outside a big building.,It looks like the building is destroyed and there is nothing inside.,"Yes you are right my friend, you can even wonder what these people want.",These people look like they are students and they have been sent by their lecturer to do a research.,Yes thats true but we just dont know exactly what the research is about and the student look like they are scared.
3858,"The father, mother and children are standing, the parents and the older child are facing in one direction while the youngest child is facing somewhere else.",The people looking in the direction of the youngest child have straight faces as if they have seen something strange.,Ye my friend it's like they have seen something that is not pleasing.,It looks like the parents went to pick up their children from scholl.,"Yes you are right, I am sure the reason they have straight faces is because they have seen something wrong at the school."
3859,A man is seated on the side of the building and he has covered his dog properly.,It looks like this place is very cold and there is snow all over.,"Yes it is very cold, this man is strong for him to sit here like this.","Too much. The way the dog is sleeping though, it has even stuck out it's tongue as if it is dead. ","No it's not it's tongue, it is actually a piece of meat it is eating it just looks like a tongue."
3860,Four young girls wearing the same clothes are standing together.,It looks like these girls are about to start doing something.,"That's true, it looks like there are people watching them as they start.",And these kids are happy it's like they have been told something nice by the audience.,"Yes it is possible because the excitment is too much, and it actually feels good when the audience is cheering you on."
3861,Two ladies are seated on the side of the river resting.,It looks like these ladies are coming from somewhere and they are tired thats why they are resting.,"Yes you are right, these ladies are feeling nice to watch the river.","Places that are near the river are are very peaceful, they are very nice for resting.","Yes you are right my friend, the way these ladies are sitting says it all, they are so peaceful."
3862,Basketball players are on the court and a crowd of people is watching them play.,"The guy in white has thrown the ball, it looks like he is trying to score.",Yes you are right it's like he wants to score so that his team can win.,"The one in red looksl like he has been dribbled, he cant even manage to block the ball.","Yes and there are a lot people watching, it's like this game is very interesting."
3863,A group of men and women are in an elevator.,This elevator seems to be at the top it is a very strong.,Yes it has to be strong for it to mive from the top.,"The people on this elevator are funny, some are are happy while others are screaming out of fear.",Yes if it is your first time being on it it is very scary but for those that are used it is fun.
3864,"Two men are on a boat, one is standing while hthe one is sitting.",Isnt this boat too small to be moving on such a big river?,The boat really looks small and it can be easily be washed away if strong waves start in the middle of the river.,And it's like these guys just started moving because their boat is still on the side.,"Yes and i have seen two big boats on their left, its like they are coming to stop on the side of the river."
3865,"An old man and an old woman are walking on the road, the old woman is looking on the side.",It looks like they are coming from the store to buy household things.,"Ye you are right, it looks like they stay just near by because they are just walking slowly.",This road seems not to be busy as if there are no people.,"Yes thats true, it looks like this is the road that will lead them to the main road that has a lot of people and cars."
3866,Two men and one lady are standing on stage talking to the audience. ,In the audience is a yound boy who is closely looking at wht the lady is wearing.,Yes it's like he is surprised and in the audience there are people that taking pictures of the people on stage.,These people look like magicians that are capable of doing shocking tricks.,Yes and there dressing suggests so and it;s like they are talking about the things that are found in the shop behind them.
3867,A man is by his stand wher he sells things and there are two men and one woman who want buy his goods.,It looks like this man sales  food. ,Yes and that's the reason he has a lot of customers because people buy a lot of food.,Yes this man seems to be a hard worker and he is proud of what gives him money.,Yes that's true because there are a few people in our era that are proud of what they do.
3868,A woman is sitting doen while nursing a child that is crying.,The woman se.ems to be seated in a busy place.,Yes but why is the child crying? ,It's like they went to visit but now the child is hungry.,"It could be and its lke the woman got tired of walking that why she sat down to rest, you know how old people are."
3869,A man dressed in black is carrying a child on his shoulders and in front of him is a woman walking.,It looks like this man is with his wife who is in front of him.,Yes it's like he remained behind because he was looking at something on his left.,The child seems to be enjoying himself on his father's shoulders.,"Yes, children feel nice being lifted especially by their fathers because they are rarely home."
3870,A child is troubling and holding the mother in house.,What could make the child trouble the mother like this?,It's like the mother got something that the child was playing with but the child wants it back.,"I see what you mean, she is troublesome, she is even closing her eyes like it is good thing.","Maybe the child is just hungry, maybe she wants to eat and the other is preparing her food."
3871,A man carrying papers is waliking in the road.,This ma looks like the is from stopping the bus behind him as he is going for work.,"Yes you are right my friend, he is having something for the bus.","This man seems to be a hardworker, he has a serious face.","That's true, most of the people that look serious are hardworkers."
3872,A group of boys and girls with a lady are in are in a bulding looking at things.,This place looks like a measeum that has a lot o;d things.,"Yes you are right my friend, and the kids look to be surprised.","Yes, maybe they have seen things that are there now but they used to be there a long time ago.","Even the lady is also surprised, it's like she is not that old."
3873,Two men are crossing a river by stepping on rocks.,The river seems not to have a lot of water for the rocks to be seen.,This river looks like it only has water during the rain season when it rains.,And besides the river there are a lot of nice tress.,"Yes this is a nice place, i am sure the guys will have a good time."
3874,A group of tong men are competing in a cycling competition and on the sides are people that are cheering them on.,"These men are so close to each other, wont they collide?",Yes and if you dtart from behnd it is very hard to get to the front.,"Yes because there is no enough space to pass, and these men seem to be strong because te cycle for a long distance.",It's like they get used because that's how they make so they try by all means to get used.
3875,Two men are on a motor bike and on the sides are peolple that are watching them.,It looks like these gys are speeding and it's not clear how they are sitting.,"This motor bike looks different, the sit looks to be on the other side.","It's like people are cheering them on, it looks like they are enjoying the game.","Yes you are right, people like goimng to such places to cheer on when there are such games."
3876,A black car is passing in the bush and the road looks to have a lot of mud.,This car looks to be very heavy because it was going to get stuck on the road.,Yes it is very heavy that's the reason they use it to go to such places.,"You are right, by the time it reaches it's destination it will be covered in mud.","That's not a problem my friend, as long as it reaches water to clean it is not a problem."
3877,Two white dogs are playing on the ground.,This place looks to have a lot of stones.,"Yes my friend, it looks like these dogs are chained, it's like the owner is scared that they might attack people.","Yes you are right, because these dos look to be very vicious, they might attack a lot of people if they are set free. ","They are even biting themselves, the rocks behind them dont seem to be stable wont they fall on them?"
3878,"A group of railway workers are working on the rail line, along the the rail line is train that is not moving.",It looks like these workers are at the rail station.,"Yes, it's like the train is about to arrive thats why they are checking if everything is okay.",It's like there are a lot of people that use the train even though it takes long to reach.,"Yes you are right, it is a better alternative for others because it is cheap it passes where cars cant pass."
3879,"A group of four workers is working, these workers are patching up the road.",These workers are doing a good job because a road with potholes damages peopel's cars.,"Yes you are right, by patching up the road they even save people's lives that use these roads.",These workers are taking their time when working and they are working as a team.,Work that is done in a hurry is never ok so it's just okay that they are working at a normal pace. 
3880,A man and a woman are going down the road while riding a bicycle.,This road looks like it passed in the middle of a hill.,These two look like they are brother and sister and they are from the same house.,"Yes thats how it looks like, it's like they left home to go and stretch their legs.","That's true my friend, exercising is very important because it keeps us healthy."
3881,A lady is seated on a bench while the man is standing.,It looks like they are at the train station.,"You are right, it looks like they are going somewhere using a train.",Yiu can wonder why these two are not talking to each other yet they are just the two of them at the station.,"It's not everyone who can talk to anyone, others just want to be alone."
3882,A man standing near a wall is smoking while pressing his phone. ,It looks like this man is waiting for someone but they have taken long.,"You are ight my friend, it like he is trying to call them using his phone.","Guys really like smoking, you can wonder what they get from it.","You never know, maybe they get something from feeling."
3883,An old man is working using machines and the place where he is has a lot of different cars.,This man looks like he his capturing something because the machine he has is used for capturing.,"You are right my friend, it's like he is a camera man.",And it looks like they are shooting a movie because they are in the bush and there are a lot of cars.,"Yes you are right because i have seen others are inside, it looks like they are the one editing what he is filming."
3884,A man is on top of a building working while another one is down watching him as he works.,"It looks like this man doesnt take precautions, he got up the building without any safety belts.","Yes you are right, because anything can happen while he is on top, if he was to fall that would be his death.",And it looks like he is breaking something on top of the building.,"Yes you are right my friend, you can wonder why he is breaking it, maybe it wasnt built properly."
3885,An old man has fallen asleep while sitting on the chair and leaning on the bicycle.,It looks like he was waiting for someone who took long to come so he fell asleep.,"Yes you are right, it seems he was very tired for him to sleep down like this.","Yes, sleep has no time, when it catches you, you just have to sleep.","Yes you are right my friend, for one to sleep then it means they are tired and they need to sleep."
3886,A man wearing warm clothes is snow skirting.,It looks like this man has been skirting from all the way up until where he is.,"Yes you are right, it seems he is enjoying himself.",But the snow looks like it is not that frozen wont it crack and trap him?,It is possible for it to crack is there is a huge movement in the ground.
3887,A young boy is playing on the green grass.,It looks like he is holding a magnifying glass.,"Yes you are right my friend, he thinks it's a toy to play with and he is happy.",We hope someone older sees him fast because the glass is not good for his sight.,"Yes you are right, it's like someone sent him to take it somewhere."
3888,A group of men and women has assembled and most of them have cameras.,It look like there is something happening here that's why everyone wants to take pictures.,"Yes you are right, it looks like there is someone who is coming to addres the people on different issues.","Yes you are right, thats the reason why people want to record so that even those that are not here can watch it later on.","That's true, and the people that are here look to be very happy, it's like whatever is happening here is interesting."
3889,Two men wearing swimming costumes are on the river holding something.,It looks like these people are on the river to fix the boat.,"Yes you are right, this same tool looks like it pumps water from the river to a different place.","It should be, it is very big and a lot of people fetch water from it.",Yes these guys are doing a very good job in fixing this thing.
3890,Rugby players are on the pitch and a crowd of people has come to watch them play.,The guy having the ball looks like he is sprinting and the people on the side are cheering him on.,He is really spriting and the reason is because people are cheering him on.,"The one in white is also running after him, he will tackle him hard when catches up with him.","Yes thats how this game is, it's all about tackling each other and i am sure that he is aware that there is someone chasing after him."
3891,A black dog is jumping to catch something from the air.,It looks like this dog is playing with someone who threw something.,"Yes you are right, dogs feel nice playing with people.","Too much especially games that involve fighting, they really enjoy.",This dog seems to have a lot of strength because it has jumped a great height.
3892,Two ladies are dancing while smiling.,It looks like these ladies are doing a traditional dance.,"Yes you are right my friend, the lothes they are wearing says it all and they are dancing nicely.",It looks like ther is a gathering at this place anf they were just invited to come and dance.,"Yes you are right my friend, it's like the dance they are doing is in line with the gathering."
3893,A man is riding his bicycle and behind him is a group of people that are running.,It looks like these people are not competing ad they run.,"Yes yu are right, it's like they are just exercising.",The man on the bicycle is just busy with his own things and he is not paying attention to the people that are running.,"Yes, it looks like he is also just excercising and the person behind him is looking at him as if he wants to jump on him."
3894,"A group of soldiers is walking while lifting trumpets, in front of them is woman who is yawning.","It's rare for soldiers to be found where there are civilians, it's like they are looking for something.","Yes, it's like there is an event somewhere and they are going there while playing the trumpets in the road.","Yes you are right my friend, these soldiers reallt know how to play the instruments such that wherever they pass, people have to watch.","Yes thats true, these people are unique in everything they do."
3895,A group of people has assembled in one place and they are doing a lot of diferent things while cars are passing.,This place looks like it is a university or college because there are a lot of people.,"Yes you are right my friend, they have all come out at the same time.","The place looks busy, some want to cross the road, others want to get on cars.",Yes and there are others that are standing in groups chatting.
3896,An old woman is lifting her grandchild while smiling.,It looks like they are in the field and behind them is a big paper.,It looks like this woman like farming a lot and the big paper behind her is what she uses to cover herself when it starts raining.,She really looks like she farms a lot and the crops behind really look nice.,"The child is very happy to be lifted by the grandmother, i believe he will also be a farmer when he grows up because there is a lot of money in farming."
3897,A white dog is playing on the grass while holding a small ball by the mouth.,It looks like there is someone playing with the dog by throwing the ball so that it can jump to catch it.,"Dogs feel nice like this, playing with people especially games that involve fighting.","Yes you are right my friend, it wont leavee him alone, it will be following him everywhere he goes.","Indded it will be following him, having a dog is nice because you can play with it when you are bored."
3898,A small girl wearing glasses in the house is looking at an insect that is moving on her hand.,It's like the child is shocked to see an insect moving on her.,"Yes you are right my friend, it's like she doesnt know what to do she is just screaming.","Maybe she is feeling nice yet scared at the same time thats why she is not removing it, maybe she wants to be looking at it.","The way she has opened her mouth, cant a different insect enter her."
3899,A man is coming out of a shop and on his left is a woman who is standing outside the shop.,It looks like she is waiting for someone eho is inside the shop.,"Yes you are right my friend, and the man is just busy talking on his phone.",Could it be that this is the man that the woman is waiting for? ,"I think he is the one, maybe he is trying to call her. I believe they will see each other since they are both outside even though they are looking in different directions."
3900,A man is on top of a tall building and is talking to a woman who is passing in the road.,It looks like the man knows this woman.,"You never know, maybe he doesnt know her and he is telling her to stop so that he can get to know her.","That's true, the lady is also not busy, she is looking upwards and responding to what he is saying.","The building where this man is looks very big, i am sure they have demacated it into smaller rooms"
3901,A ladydressed in white is playing tennis.,It looks like the lady hit the ball with a lot of power.,"You are right, it looks like she really takes care of her body for her to be playing this good.",And there are a lot of people who have come to watch this match maybe the peoplecheering her on are giving her the confidence to play better.,"Yes you are right my friend, such games bring a lot of different people together, it's like cheering her on gives her the confidence to play."
3902,A lady wearing swimming glasses is swimming.,This lady is swimming with her head out of the water in order for her to catch a breath.,"That's right, it's like she is in a swimming competition","Yesthat's how it looks like, these people have strong hands and legs because they swim for long distances.",Yes its like they learn how to swim at a tender age so there hands and legs get used
3903,"Two men with parachutes, one has alread landed while the other one is just landing.",It looks like these guys jumped of a plane and they landed in this place.,"Yes you are right my friend, maybe they have been sent to do something important in this area.",They could be soldiers because they are the ones that like going in different places without people knowing.,Yes it could be that because soldiers have a lot of things to do maybe ths place is neart to where they want to go.
3904,Two white dogs are fighting on the grass and jumping up and down.,"These dogs look to be very vicious, i dont know why they are fighting.","Indded you cant know why dogs fight, nless we could listen to them then we were going to know which one was wrong.",This place looks to be a bush because there are a lot of trees.,"Yes you are right, it looks like these dogs are with the owner of the field which is fenced."
3905,A young boy is jumping into the river with no clothes on.,This kid doesnt listen and he has no fear because this is a very big river were he is playing from.,"Indded it is a very big river, and it seems to have strong waves.",It is important to keep away children from certan areas to avoid them from drowning.,"You are right my friend, for him he doesnt even know what we are talking about, all he wants is to play."
3906,A man and a woman are standing on the side of the road talking.,It looks like these two work at the same company and are talking about the papers.,"Yes you are right, it looks like the man is asking for help from the woman, maybe he is not going for work tomorrow.",Yes you are right my friend and the place where these people are seems to have nice trees.,Yes and it looks to be a quiet place that doesnt have a lot of people.
3907,A man is standing on a ladder in the house while fixing something and his daughter also wants to climb up the ladder.,"Children dont listen, she is not even scared of falling off the ladder.",She cant be scared because most of the things children do is just an imitation of what big people do.,Yes and it's like the man doesnt know that the child is trying to climb up the ladder.,"Yes you are right my friend, if he saw her he was going to stop her, he should just look carefully when going down because he can step on her without knowing."
3908,"A lady is walking in the road while listening to music, the shop that is on her right has a picture of a man holding his head.",It's like the lady is just concentrating on where she is going and she doesnt want to look on the sides.,"It looks like she is rushing somewhere, the picrure on the shop looks like the man is looking at the lady.","Yes you are right my friend, this picture looks like it is looking at the lady as you said.","If this lady saw it she would be scared, and it's like they only sale clothes in this shop."
3909,A man is riding his bicyvle and on his left is a car that is heading in his direction.,"This place looks like it doesnt have a lot of people, it is very quiet.","Yes it looks to be a very clean place, on his right there are trees that have been planted nicely.",The buildings on his left have been built well and they are very big.,This looks like a good place to take walks in.
3910,A black dog is in a bush that has trees that are close to each other and it is carryig a stick by it's mouth.,It looks like this dog is taking the tree to the owner.,Could it be that this dog has been trained to listen to what people say?,"Yes, if you properly train a dog it will e able to listen to what people say.",You are right and it is like the owner sent the dog to go and pick up the stick.
3911,Two white dogs are chasing each other and running into the big river.,These dogs are not of scared of the water that is coming with the strong winds.,"Dogs dont have feear, it's lke something has been thrown on the water and they are running to go and pick it.","People like playing with dogs, out of all the places to throw they decide to throw it on the river.","It looks like he is trying to teach them how to swim, dogs only learn if you constantly teach them"
3912,A woman is with her daughter in the house and she is helping her put on her dress and both are happy.,"It looks like the child is going somewhere important thats why her mother has failed to leave her alone, she wants to make sure that everything is in order.","Indeed a mother's love is greater than anything, i am sure she is telling her wise words.","Indeed, even though we children tend to misbehave, God should bless our parents so that we can also come and take care of them as they do.","Yes my friend you are right, our parents have invested a lot of time in order to make sure that we grow up properly."
3913,"Two chldren, a boy and a girl are playing on the road without shoes.",You can wonder why they have taken off their shoes and it's like they are stepping in water.,"I dont know why kids love playing in water, they really love water.",I dont even know how to explain it. kids are complicated when it comes to playing.,"This place seems to have nice trees, it's lke these people stay near the bush."
3914,A man is walking on top of a building with his hands in his pockets and there is a kite flying in the sky.,It looks like he has a lot on his mind so he is up there for some fresh air.,"Yes you are rigt my friend, it looks like he has a lot of problems and the roof top is quiet for some fresh air.",Problems of the world never finish so sometimes it's better to forget about them and do something else.,"That's true, it's like thats what the man is trying to do, he is trying to forget about them when he is alone."
3915,A small dog is coming out a paper like thing running.,It looks like it is chasing after something.,"Yes because it looks to be very vicious, it's like whatever it is chasing after is running as well.",This place looks to have a lot of grass and trees.,"Yes, and the dog looks to be very clean, it can make you want to have a dog."
3916,A man and a woman dreesed in white are dancing on the grass that has leaves.,"It looks like these two are just practicing, it's like htey have been invited to go and dance somewhere.","Yes you are right my friend, and it looks like they are practicing in the bush.","Yes you are right, it's like they dont want to be seen by a lot of people as they practice they just ant to go and show them at the event.",And they look serious when practicing i am sure this event will be entertaining.
3917,A woman is standing on the grass painting on the wall while looking up.,But how can she paint while looking somewhere else wont she paint somewhere else?,"It's like she is with someone who is distracting her, you know how women pay attention to things.",I am sure she is painting the chicken run because i dont think they would let her paint the house.,"No they cant let her, she sems distructed she can mess up the house."
3918,"Seven men, one lady and a black dog are playing in the bush.",There is a lot od snow in the bush i am sure it is very cold.,Yes the clothes they are wearing says it all and they are all holding sticks in there hands.,Yes it's like they are using the sticks to hit the ball.,"Yes you are right, and the game they are playing seems to be different and they are all happy."
3919,A man dressed in snow is snow skirting.,He is holding sticks in his hands that are helping him blalance so that he doesnt fall.,It looks like he is enjoying what he is doing because he is smiling.,"Yes you are right, he is very happy and it looks like this area has a lot of snow because the trees are not showing.","Yes, maybe that's the reason he is snow skirting because he cant manage walking."
3920,Three ladies are walking on the road and they are happy.,It looks like these ladies are friends and they play together.,"Yes you are right my friend, you can just tell by the happiness.",It's like the lady in the middles has seeing something funny on her phone that made her laugh.,"Yes you are right, and it's like she shared with her friends thats why they are all laughing."
3921,"A man isstanding while leaning to a metal bar and he is smiling, behind him is another man who is coming.",It looks like the man is standing on the bridge that passes over the river.,"Yes you are right my friend, and it looks like the bridge as reduced the distance that people used to walk.","Yes you are right, the world is developng nowadways and things are better than they used to be before.",And it looks like a lot of people use this route it's like it leads to a place that has big buidings.
3922,A man wearing a scuff around his neck isin a shop happy.,It looks like they only sale mwat products in this shop.,"Yes you are right my friend, it's like this man works very hard and he makes a lot of money from this business.","Yes you are right, food business is the best because people eat every day.","Thats's true, thats why this man is very happy because his  business is helping him feed his family."
3923,A woman is walking on the road besides her are bicycles that have been parked.,It looks like this woman is going home from work.,"Yes you are right, and it looks like the road she is using is very busy.","Yes you are right my friend, it looks like this road is in the central business district and it is convenient to use.","Yes you are right, and it is well maintained and they have even planted some trees on the sides."
3924,A small girl is swinging on a swing and behind her there are trees.,The child looks to be enjoying herself.,"Yes you are right my friend, she wouldnt want to get doen from there.","Yes you are right, it looks like the swing is just in the backyard of the house.","Yes you sre right my friend, i am sure she doesnt go a day withouht swinging, she is always on the swing."
3925,"Two dogs, a white one and a black one want to start fighting on the road.",It looks like this is the first time these dogs are meeting and they want to get to know each other.,"It looks like they want to fight, is it a way of getting to know each other?","Thats how dogs behave whe they meet for the first time, they behave as if they want to fight yet they dont.",Indeed some of us whi dont know how to keep dogs wouldnt know what to do when they start looking at each other in such a manner.
3926,Six ladies are seated on the grass and behind them is a man in a tree.,It looks like these ladies are at college or university.,"Yes you are right my friend, and it's like they are having a group discussion.",What could be the reason why the other lady is knealing out of everyone?,It looks like it is her turn to explain something to the rest of the group.
3927,A man is seated on a chair with his legs up while holding his head.,It looks like there is a river nearby.,"Yes, it's like the man didnt have anything to do so he came to pass some time here.","Yes you are right my friend, it looks like he worked for a very long time.","Yes that's true, and he looks to be very happy it's like he really likes this place."
3928,A lady wearing a red dress is very happy and behind her is a group of people.,It looks like the people are enjoying themselves at this event because they are all happpy.,"Yes that's how it looks like, it's like the lady wants to hit someone with the material she is holding.",Indeed they are very happy for them to start hitting themselves with a piece of cloth.,Yes it looks like they are playng a game that onvolves hitting each other with a piece of cloth.
3929,"Two men are in the kitchen, one is cooking while the other one is facing the other way.",It looks like they just knocked off from work and they ant to eat something.,"Yes you are right my friend, it's like these two are brothers and they stay together.",Yes you are right and it's like they usually fight over cooking because men dont like cooking.,"Yes you are right my friend, that's why it is important to have females at home because men only like cooking fast foods."
3930,A white dog is jumping into the river.,You can wonder why it want to jump into the river because most of the dogs dont like water.,It's like the owner of the dog has thrown something on the river and told it to go and pick it.,"Yes you are right, because nowadays dogs are trained to do a lot of things.","Yes you are right my friend, and this dog looks to be clean it can motivate you to start keeping dogs."
3931,A group of people is at the childrens park having fun.,It looks like these people are playing on the jumping castle.,"Yes you are right my friend, it's like the boy wants to slide from the top.",Does it mean that even the big people want to play on the jumping castle?,"No, it's like tey just brought there kids to play."
3932,A young girl is looking up the skies and she wants to cry.,And besides her is a lady that is coming her way who looks happy.,But could be the reason why this girl is crying?,It's like she as seen something in the sky that has made her to be emotional.,I am sure the lady coming has seen that she wants to cry maybe she will comfort her.
3933,A black car is parked on the road and on the side of the road there are two women and a young man.,It looks like the lady with white hair is the owner of the car.,"Yes you are right, it's like she stopped her car so that she can talk to the guy.",It looks like this man is one of the street vendors that ask for help on the side of the road.,Yes thats true. it lookslike this woman wants to help this man.
3934,A man is holding his guitar while talking to people.,It looks like this man is entertaining the people and he has his face painted.,Yes that's how it looks like and it looks like he was singing a song but he just stopped.,"Yes you are right my right, it looks like this how this man makes his money.","You are right because nowadys nothing is free, whatever you do someone has to pay you."
3935,A woman and her two children are on a boat.,This river seems to have a lot of trees by the side.,"Yes you are right, you can wonder how these people are not scared especially the young one.","It is very surprising, and tey are also paddling the boat.",It looks likethese girls have being taught a lot of  things because not everyone can manage paddling the boat on this river.
3936,A man is cooking in a restuarant.,This place looks to have a lot of  different foods and it is very clean.,"Yes you are right, it looks like they are making a lot of money through these foods.",But how is man cooking? I thought only women are supposed to cook.,"No my friend, nowadays things have changed, in such places it's usually men that cook."
3937,A young boy is standing whhile holding a chicken and behind him there are four men.,It looks like they are in a place where they sale chickens.,Yes you are right my friend because it looks confused and there are a lot of chicken runs.,It looks like the boy was sent to buy the chicken he is holding.,"Yes ypu are right my friend, he seems to be clever for hi, to manage to buy a chicken at his age."
3938,The groom and the bride are seated on a tree besdes the river and a man is holding a piece of cloth.,It looks like these two are just from getting married and are now posing for pictures.,"These two people see mto be very happy, it looks like marriage is a good thing.",We wouldnt know if it is a good thing or not but all we can say is that the wedding day brings a lot of joy.,"Yes you are right my friend, it feels nice because it only happens once a lifetime."
3939,Four young men are playing football in sand besides the river.,It looks like these guys are enjoying the game.,"Indeed, a lot of men enjoy the game of football.",What's nice is that even if they seat they have wayer nearby.,"Yes you are right, it is the reason why these men started playing football so that they dont feel how cold the water is."
3940,A group of young boys and girls dressed in red are on top while lifting theor left legs.,It looks like these kids are training how to fight.,"Yes you are right my friend, it's like thy are here to show off their skills to the public.","Thats true, and they look to be very well trained, they will be beating their friends when they grow up","Indeed they ar well trained bt mostly these people that do karate dont even like fightng, they are good people."
3941,A man is in a car with his head and hands out while holding a red flag.,It's like this man went to watch football and his team won.,"You are right my friend, people feel nice when there team wins.",Although some people over celebate and they end up in problems.,"Yes you are rigt my friend, it is important to celebrate responsibly."
3942,A lady is standing in between two white tables while facing down.,It looks like there will be an event in this place.,"Yes you are right, it looks like she is part of the people that were setting up the place.","Yes, from the set up of the place, it looks like the show will be entertaining.",Yes and it looks like like the event will be outside and not inside the building.
3943,"Two lafies and three men are in a club, one man is playing the guitar while the other one is playing drums.",This place looks like a night club.,"Yes you are right, it looks like these people are here to sing for the customers.","That's true, you know it makes sense to drink from a place where there is good music.","You are right, it looks like these singers will make a lot of money tonight because drunk people are not selfish."
3944,"A black dog is running while carrying a small ball by it's mouth, and there are a lot of people in this place.",It looks like the dog went to pick up the ball that was thrown and now it is taking it back.,Yes you are right my friend and this place seems to be besides the river and there is a mountain as well.,"Yes it looks to be a very nice place, thats why there are a lot of people.",The dog is really running fast hence everyone is now watching it.
3945,"A crowd of people is standing in the road, some are entering the buildiong while others are just standing.",It looks like there is something going on in this place.,"Yes tha's true, and it looks like it is outside a church.",It looks like there is a ceremony taking place inside the church because the entrance is well decorated.,"Yes you are right, it looks like all these people are waiting for the ceremony to start so that they can go in."
3946,A mother is walking with her kids whille carrying one her back and the other on in her arms.,The child in the mother's arms is crying with her nouth open.,"You know how kids are, they like crying, it looks like they went for a walk as a family.","Yes you ar right my friend, apart from the child that is crying the others seem to be happy.","Yes you are right, taking walks as a family is really fun because it doesnt happen often."
3947,Eight men wearing skirting shoes are on the road about to start racing.,And behind these men is a crowd of people that is watching them.,It looks like these men are training for the competition.,"Yes you are right my friend, and it is not only the people behind that are watching but even the women in front.",These women seem to surprised by what these men are doing.
3948,A small boy is on the table eating while knealing.,It looks the place where the boy is is near a bush.,"It looks like the child doesnt want to eat, he is just playing with the food.","You know how kids are, i am sure by playing with the food he will eventually eat.","Yes you are right, sometimes its good to leave them and let them do what they want, because if you try to stop him he will start cryng."
3949,Two white dogs are playing on the green grass.,The dog on the left looks like it has squeezed a tin.,"Yes you are right, you can wonder what is coming out of the same tin that the dog has squeezed.",Iy looks like these dogs are from the same mother and they grew up together.,"Yes you are right my friend, thats the reason why they are playing like this."
3950,A group of men and women are walking and they are all wearing ear-like decorations.,And they all seem to be happy it's like what is happening is very entertaining.,It looks like this group is going somewhere to play.,"Yes you are right, it looks like they are a group from school and have been carried to go somewhere.","Yes you are right, thats why they are very happy bcause school trips are fun."